site,pollutant,datetime_utc,evaluation_split,gap_id,original_status,selected_method,filled_value,hour_median,linear_offline,kalman_offline,DeepMVI_random_adapted,DeepMVI_outage_adapted,MPIN_frozen_adapted
32,NO2,2022-01-02T07:00:00Z,train,0032_42602_00104,missing_BF,linear_offline,1.7,3.4,1.7,2.317757828079343,2.585083766136576,3.8118882752737875,5.532840369531797
32,NO2,2022-01-02T08:00:00Z,train,0032_42602_00104,missing_BF,linear_offline,1.5,2.9,1.5,1.928554816785777,1.6472765357416685,3.910573845327079,5.47011779672585
32,NO2,2022-01-04T15:00:00Z,train,0032_42602_00105,missing_BA,linear_offline,14.666666666666668,3.8,14.666666666666668,13.570600101819737,10.237001655025622,12.51323300372394,6.376857658057832
32,NO2,2022-01-04T16:00:00Z,train,0032_42602_00105,missing_BA,linear_offline,9.533333333333333,3.4,9.533333333333333,9.909404282993071,10.860822691034468,11.890324481400185,6.2128753558677925
32,NO2,2022-01-09T07:00:00Z,train,0032_42602_00106,missing_BC,linear_offline,2.16,3.4,2.16,2.533886097755314,3.1743310545501866,3.2588881346458103,5.326861958703214
32,NO2,2022-01-09T08:00:00Z,train,0032_42602_00106,missing_BC,linear_offline,2.12,2.9,2.12,2.459005970715158,3.178581257232259,2.883409898518918,5.085722481338009
32,NO2,2022-01-09T09:00:00Z,train,0032_42602_00106,missing_BC,linear_offline,2.08,3.25,2.08,2.3841258436750024,2.923632016430138,2.3239160918346404,5.007234270517252
32,NO2,2022-01-09T10:00:00Z,train,0032_42602_00106,missing_BC,linear_offline,2.04,3.45,2.04,2.309245716634847,2.6823077326950258,1.9475437367031994,5.109643302120154
32,NO2,2022-01-16T07:00:00Z,train,0032_42602_00107,missing_BF,linear_offline,2.7333333333333334,3.4,2.7333333333333334,2.876294573438291,5.568910210647884,5.631707715990095,5.6120046063514994
32,NO2,2022-01-16T08:00:00Z,train,0032_42602_00107,missing_BF,linear_offline,2.8666666666666667,2.9,2.8666666666666667,3.0100325495222218,5.294896387704312,7.049460527293313,5.516812521362846
32,NO2,2022-01-18T16:00:00Z,train,0032_42602_00108,missing_BA,linear_offline,12.4,3.4,12.4,12.46822785533478,5.780895064878707,5.713971821795646,5.966824928580757
32,NO2,2022-01-23T07:00:00Z,train,0032_42602_00109,missing_BF,linear_offline,11.033333333333333,3.4,11.033333333333333,10.108223207212307,7.051852523415076,7.39901997088823,6.241167448993412
32,NO2,2022-01-23T08:00:00Z,train,0032_42602_00109,missing_BF,linear_offline,10.266666666666667,2.9,10.266666666666667,9.853843241263784,6.700327599608851,7.184755637530159,6.269192905207657
32,NO2,2022-01-26T15:00:00Z,train,0032_42602_00110,missing_AZ,linear_offline,8.6,3.8,8.6,8.112182955486583,6.534471017002144,6.657062967153792,5.9038289068146845
32,NO2,2022-01-26T16:00:00Z,train,0032_42602_00110,missing_AZ,linear_offline,8.6,3.4,8.6,8.272120011230193,6.745224201244872,6.662343615771889,5.9308325557162425
32,NO2,2022-01-26T17:00:00Z,train,0032_42602_00110,missing_AZ,linear_offline,8.6,3.0,8.6,8.432057066973801,6.759821497686947,6.848943037249938,5.941059740226934
32,NO2,2022-01-26T18:00:00Z,train,0032_42602_00110,missing_AZ,linear_offline,8.6,2.8,8.6,8.59199412271741,7.191683383664615,7.261901724323131,6.098948073858379
32,NO2,2022-01-26T20:00:00Z,train,0032_42602_00111,missing_AI,linear_offline,9.8,2.6,9.8,9.063799412665647,7.214238356438465,7.083961383817995,6.251682974419385
32,NO2,2022-01-30T07:00:00Z,train,0032_42602_00112,missing_BF,linear_offline,13.366666666666665,3.4,13.366666666666665,16.35135224564218,6.802408449481377,8.696320288108172,6.825258424795471
32,NO2,2022-01-30T08:00:00Z,train,0032_42602_00112,missing_BF,linear_offline,16.633333333333333,2.9,16.633333333333333,17.17295663985802,6.643267128661957,8.340941420859538,6.82912079197009
32,NO2,2022-02-02T16:00:00Z,train,0032_42602_00113,missing_BA,linear_offline,13.149999999999999,3.4,13.149999999999999,12.879585405849873,4.242367637691643,4.775030653897565,5.938292329304905
32,NO2,2022-02-06T07:00:00Z,train,0032_42602_00114,missing_BC,linear_offline,10.92,3.4,10.92,14.685009358173414,7.552365076295736,10.849466124712512,5.52944962391536
32,NO2,2022-02-06T08:00:00Z,train,0032_42602_00114,missing_BC,linear_offline,12.84,2.9,12.84,15.348056834905554,6.527289183598178,9.608888985325269,6.560802744325298
32,NO2,2022-02-06T09:00:00Z,train,0032_42602_00114,missing_BC,linear_offline,14.760000000000002,3.25,14.760000000000002,16.011104311637695,5.948162708586998,7.810415797767163,6.677254051565395
32,NO2,2022-02-06T10:00:00Z,train,0032_42602_00114,missing_BC,linear_offline,16.68,3.45,16.68,16.674151788369834,5.573909953583721,7.524207977776601,6.588078789220455
32,NO2,2022-02-13T07:00:00Z,train,0032_42602_00115,missing_BF,linear_offline,11.166666666666668,3.4,11.166666666666668,11.006006409135587,6.8945759418462504,6.9156737808607165,6.330027809879674
32,NO2,2022-02-13T08:00:00Z,train,0032_42602_00115,missing_BF,linear_offline,8.933333333333334,2.9,8.933333333333334,9.545240024383558,5.798711860197478,7.107230826613553,6.241178193549802
32,NO2,2022-02-14T16:00:00Z,train,0032_42602_00116,missing_BA,linear_offline,9.45,3.4,9.45,10.929048121978525,4.906597832849344,4.465644247080277,6.517943138667916
32,NO2,2022-02-20T07:00:00Z,train,0032_42602_00117,missing_BF,linear_offline,11.033333333333333,3.4,11.033333333333333,12.064123527628455,7.422946808621953,7.88038469280453,6.042461577113839
32,NO2,2022-02-20T08:00:00Z,train,0032_42602_00117,missing_BF,linear_offline,12.766666666666667,2.9,12.766666666666667,13.551971655497423,7.209523129355834,7.564117214205744,6.021412819232962
32,NO2,2022-02-27T07:00:00Z,train,0032_42602_00118,missing_BF,linear_offline,1.8666666666666667,3.4,1.8666666666666667,1.950296642256137,3.447718641769125,1.792775364378051,5.572915566378941
32,NO2,2022-02-27T08:00:00Z,train,0032_42602_00118,missing_BF,linear_offline,1.6333333333333333,2.9,1.6333333333333333,1.701909528618222,2.775708872046371,2.399259328021824,5.539039871123253
32,NO2,2022-02-28T15:00:00Z,train,0032_42602_00119,missing_BA,linear_offline,19.6,3.8,19.6,18.277198726995188,6.81064238984705,8.83858646653084,7.319494609528261
32,NO2,2022-02-28T16:00:00Z,train,0032_42602_00119,missing_BA,linear_offline,14.4,3.4,14.4,14.734173716325238,7.189592407034674,9.519415196225589,7.406083012476749
32,NO2,2022-03-02T19:00:00Z,train,0032_42602_00120,missing_BA,linear_offline,4.800000000000001,2.5,4.800000000000001,5.156025141850537,6.270623091619615,7.872395556411646,6.971796638838795
32,NO2,2022-03-06T07:00:00Z,train,0032_42602_00121,missing_BC,linear_offline,1.3,3.4,1.3,1.5708960909768082,2.655368980914063,1.7866972118064641,5.130349179717514
32,NO2,2022-03-06T08:00:00Z,train,0032_42602_00121,missing_BC,linear_offline,1.6,2.9,1.6,1.7166808856502223,2.6458302216203906,1.8094392258179508,5.145738994638914
32,NO2,2022-03-06T09:00:00Z,train,0032_42602_00121,missing_BC,linear_offline,1.9,3.25,1.9,1.8624656803236366,2.7034492375866606,1.7961510461264303,5.207469823400953
32,NO2,2022-03-06T10:00:00Z,train,0032_42602_00121,missing_BC,linear_offline,2.2,3.45,2.2,2.008250474997051,2.864463033737275,1.9878064260593482,5.230002447497513
32,NO2,2022-03-10T14:00:00Z,train,0032_42602_00122,missing_AZ,linear_offline,22.714285714285715,4.8,22.714285714285715,19.454960999539946,3.8972476728841636,4.193045826039071,5.890762688169068
32,NO2,2022-03-10T15:00:00Z,train,0032_42602_00122,missing_AZ,linear_offline,19.62857142857143,3.8,19.62857142857143,17.15152185764958,4.385570913344419,4.028112071891586,5.737618355542266
32,NO2,2022-03-10T16:00:00Z,train,0032_42602_00122,missing_AZ,linear_offline,16.542857142857144,3.4,16.542857142857144,14.848082715759213,4.27588480858971,3.9001964948962815,6.017262283055963
32,NO2,2022-03-10T17:00:00Z,train,0032_42602_00122,missing_AZ,linear_offline,13.457142857142857,3.0,13.457142857142857,12.544643573868846,3.995033622720035,3.7060109008681996,6.273284346324511
32,NO2,2022-03-10T18:00:00Z,train,0032_42602_00122,missing_AZ,linear_offline,10.371428571428572,2.8,10.371428571428572,10.24120443197848,3.917188881892361,4.403864251228198,6.201942812719212
32,NO2,2022-03-10T19:00:00Z,train,0032_42602_00122,missing_AZ,linear_offline,7.285714285714285,2.5,7.285714285714285,7.937765290088112,4.053832133108571,3.4580115829649234,6.6013056819623275
32,NO2,2022-03-13T07:00:00Z,train,0032_42602_00123,missing_BF,linear_offline,26.7,3.4,26.7,25.746290092984786,7.376686593845367,9.424253153016602,7.1353189880588905
32,NO2,2022-03-13T08:00:00Z,train,0032_42602_00123,missing_BF,linear_offline,27.3,2.9,27.3,26.17628774576295,6.843595514512869,7.616689211188061,6.866169397705965
32,NO2,2022-03-14T15:00:00Z,train,0032_42602_00124,missing_BA,linear_offline,15.133333333333333,3.8,15.133333333333333,13.256549069549456,4.2442963285418704,5.310895762798829,7.400929407493407
32,NO2,2022-03-14T16:00:00Z,train,0032_42602_00124,missing_BA,linear_offline,8.666666666666666,3.4,8.666666666666666,9.140984538107773,4.913446112244739,4.956155423047338,6.681331567737168
32,NO2,2022-03-20T07:00:00Z,train,0032_42602_00126,missing_BF,linear_offline,7.033333333333333,3.4,7.033333333333333,8.53269776646936,11.161650328057299,10.235877344644976,6.01433065233407
32,NO2,2022-03-20T08:00:00Z,train,0032_42602_00126,missing_BF,linear_offline,8.366666666666667,2.9,8.366666666666667,9.008346637510606,11.01630140747167,11.376711993455958,6.035679656098708
32,NO2,2022-03-23T15:00:00Z,train,0032_42602_00127,missing_BC,linear_offline,7.166666666666668,3.8,7.166666666666668,8.543673699808938,4.523445748592275,6.59420284253694,5.952862678399555
32,NO2,2022-03-23T16:00:00Z,train,0032_42602_00127,missing_AM,linear_offline,5.033333333333334,3.4,5.033333333333334,6.466333868225357,4.868710550019892,5.689951076639074,5.923420745827306
32,NO2,2022-03-23T21:00:00Z,train,0032_42602_00128,missing_BC,linear_offline,2.72,2.9,2.72,3.501660782565186,8.850398258217925,7.880878426659762,5.604530521013726
32,NO2,2022-03-23T22:00:00Z,train,0032_42602_00128,missing_BC,linear_offline,2.94,2.8,2.94,3.9651177414559307,8.181291753588196,7.9320428007985395,5.593074760947179
32,NO2,2022-03-23T23:00:00Z,train,0032_42602_00128,missing_BC,linear_offline,3.16,2.8,3.16,4.428574700346675,8.767585406428427,8.318805915567154,5.673715493216879
32,NO2,2022-03-24T00:00:00Z,train,0032_42602_00128,missing_BC,linear_offline,3.38,3.4,3.38,4.89203165923742,9.029706853511989,8.364709411071592,5.67743472678355
32,NO2,2022-03-27T07:00:00Z,train,0032_42602_00129,missing_BF,linear_offline,5.766666666666667,3.4,5.766666666666667,5.472154850209648,3.677659368856631,3.119007419654621,5.592660021070525
32,NO2,2022-03-27T08:00:00Z,train,0032_42602_00129,missing_BF,linear_offline,5.633333333333334,2.9,5.633333333333334,5.417848514414851,3.6061291608411237,2.9629815044495897,5.6703341490872825
32,NO2,2022-03-28T15:00:00Z,train,0032_42602_00130,missing_BA,linear_offline,3.933333333333333,3.8,3.933333333333333,3.7366360542632653,2.997331249533204,2.4866729129010627,5.692955555453292
32,NO2,2022-03-28T16:00:00Z,train,0032_42602_00130,missing_BA,linear_offline,3.3666666666666663,3.4,3.3666666666666663,3.352225809459897,3.2890598804662927,2.67873194432844,5.730983978775482
32,NO2,2022-04-03T07:00:00Z,train,0032_42602_00131,missing_BC,linear_offline,6.5,3.4,6.5,6.3696435644003575,3.8448030633624066,3.433073725453129,5.281132782881647
32,NO2,2022-04-03T08:00:00Z,train,0032_42602_00131,missing_BC,linear_offline,6.1000000000000005,2.9,6.1000000000000005,6.106400690343243,3.6200295223775196,3.3426202047235853,5.419067744667061
32,NO2,2022-04-03T09:00:00Z,train,0032_42602_00131,missing_BC,linear_offline,5.7,3.25,5.7,5.843157816286129,3.4959166587797568,3.0528063396956426,5.408696024383812
32,NO2,2022-04-03T10:00:00Z,train,0032_42602_00131,missing_BC,linear_offline,5.300000000000001,3.45,5.300000000000001,5.579914942229015,3.424553893931031,2.9386864292792696,5.3230243899647425
32,NO2,2022-04-10T07:00:00Z,train,0032_42602_00132,missing_BF,linear_offline,1.3,3.4,1.3,1.5810853604823838,3.011854967253121,2.1918691039727105,5.127044369063083
32,NO2,2022-04-10T08:00:00Z,train,0032_42602_00132,missing_BF,linear_offline,1.2,2.9,1.2,1.6215411534747868,2.9940759068163927,2.126923160112984,5.104465457417596
32,NO2,2022-04-13T17:00:00Z,train,0032_42602_00134,missing_AZ,linear_offline,3.25,3.0,3.25,3.2859744375265265,4.766617236461953,3.9459019467373393,5.129088714318292
32,NO2,2022-04-13T18:00:00Z,train,0032_42602_00134,missing_AZ,linear_offline,2.8,2.8,2.8,3.023973031566963,4.643667535560745,3.8336349135813057,5.60948315981435
32,NO2,2022-04-13T19:00:00Z,train,0032_42602_00134,missing_AZ,linear_offline,2.35,2.5,2.35,2.7619716256073996,4.423358744559925,3.530626561393563,5.374235653347607
32,NO2,2022-04-17T07:00:00Z,train,0032_42602_00135,missing_BF,linear_offline,2.4666666666666663,3.4,2.4666666666666663,2.55232488045398,3.3075865901148616,3.094330182102622,5.301254650860986
32,NO2,2022-04-17T08:00:00Z,train,0032_42602_00135,missing_BF,linear_offline,2.6333333333333333,2.9,2.6333333333333333,2.5740135776499082,3.5892682872152575,3.4456462317326255,5.416575566301518
32,NO2,2022-04-18T15:00:00Z,train,0032_42602_00136,missing_BA,linear_offline,4.2,3.8,4.2,4.153108159626947,3.6442575515159668,2.915173042075433,5.654998712365772
32,NO2,2022-04-18T17:00:00Z,train,0032_42602_00137,missing_BC,linear_offline,3.66,3.0,3.66,3.692771363533528,3.789150902910661,3.1517449655410315,5.591620015165453
32,NO2,2022-04-18T18:00:00Z,train,0032_42602_00137,missing_BC,linear_offline,3.32,2.8,3.32,3.4369162193468976,3.941762112138505,3.48909016934472,5.550926820982287
32,NO2,2022-04-18T19:00:00Z,train,0032_42602_00137,missing_BC,linear_offline,2.98,2.5,2.98,3.181061075160267,3.978130286607316,3.734247938886876,5.395538713389121
32,NO2,2022-04-18T20:00:00Z,train,0032_42602_00137,missing_BC,linear_offline,2.6399999999999997,2.6,2.6399999999999997,2.9252059309736365,3.8796656246334016,3.698652341000731,5.505806915230814
32,NO2,2022-04-24T07:00:00Z,train,0032_42602_00138,missing_BF,linear_offline,1.3333333333333333,3.4,1.3333333333333333,1.183220180953835,2.2485171558671304,1.2289684348894818,5.021412013521412
32,NO2,2022-04-24T08:00:00Z,train,0032_42602_00138,missing_BF,linear_offline,1.2666666666666666,2.9,1.2666666666666666,1.103022395897858,2.157255128758354,1.1847104896852816,4.930461922373749
32,NO2,2022-04-28T17:00:00Z,train,0032_42602_00139,missing_BA,linear_offline,2.1500000000000004,3.0,2.1500000000000004,2.1168830520285655,2.802630604450012,1.985623132200904,4.920894109799598
32,NO2,2022-05-01T07:00:00Z,train,0032_42602_00140,missing_BC,linear_offline,1.44,3.4,1.44,2.013946722095316,2.3517302241138074,1.7266961706667607,5.033356951751283
32,NO2,2022-05-01T08:00:00Z,train,0032_42602_00140,missing_BC,linear_offline,1.48,2.9,1.48,1.9629582650785846,2.4648581970842574,1.8721509896001698,4.981274089954064
32,NO2,2022-05-01T09:00:00Z,train,0032_42602_00140,missing_BC,linear_offline,1.52,3.25,1.52,1.9119698080618528,2.3425837700630456,1.594296417529435,5.054931978004141
32,NO2,2022-05-01T10:00:00Z,train,0032_42602_00140,missing_BC,linear_offline,1.56,3.45,1.56,1.860981351045121,2.293413241764444,1.46453793422212,4.9202507257629655
32,NO2,2022-05-08T07:00:00Z,train,0032_42602_00141,missing_BF,linear_offline,1.7666666666666666,3.4,1.7666666666666666,1.8004803829492813,2.4626845303483385,1.7860006207265888,4.775528341749549
32,NO2,2022-05-08T08:00:00Z,train,0032_42602_00141,missing_BF,linear_offline,1.0333333333333332,2.9,1.0333333333333332,1.2950278302950773,2.5075510472264666,1.8270080367752404,4.764913923426563
32,NO2,2022-05-10T16:00:00Z,train,0032_42602_00142,missing_BA,linear_offline,1.6666666666666667,3.4,1.6666666666666667,2.0076042575027495,2.765079841126694,1.8333440587001868,4.704015840762972
32,NO2,2022-05-10T17:00:00Z,train,0032_42602_00142,missing_BA,linear_offline,1.5333333333333332,3.0,1.5333333333333332,1.7915402502829794,2.705775219153964,1.8596955560070985,5.096362686596332
32,NO2,2022-05-15T07:00:00Z,train,0032_42602_00143,missing_BF,linear_offline,2.2333333333333334,3.4,2.2333333333333334,2.176332866850526,3.139520410975668,2.1916820627350737,5.398261469934794
32,NO2,2022-05-15T08:00:00Z,train,0032_42602_00143,missing_BF,linear_offline,3.0666666666666664,2.9,3.0666666666666664,2.6393377675042227,2.970671856218381,2.0332856405210586,5.215794963561265
32,NO2,2022-05-22T07:00:00Z,train,0032_42602_00144,missing_BF,linear_offline,1.9666666666666666,3.4,1.9666666666666666,1.8814646691984525,2.7827538627801545,1.8741878136659063,5.529014426403339
32,NO2,2022-05-22T08:00:00Z,train,0032_42602_00144,missing_BF,linear_offline,1.5333333333333332,2.9,1.5333333333333332,1.5864952219460298,2.4377805396782852,1.5712566503712688,5.866325075713679
32,NO2,2022-05-24T17:00:00Z,train,0032_42602_00145,missing_BA,linear_offline,3.1,3.0,3.1,4.1256601483226065,3.743553068546405,3.570181313418289,5.979289301644745
32,NO2,2022-05-24T18:00:00Z,train,0032_42602_00145,missing_BA,linear_offline,3.0,2.8,3.0,3.6691299191956963,3.5385881917220887,3.4788283443842274,5.826500785747354
32,NO2,2022-05-29T07:00:00Z,train,0032_42602_00146,missing_BC,linear_offline,1.7600000000000002,3.4,1.7600000000000002,1.7998055669546824,1.8806868090221762,1.23799798816672,5.261839341689089
32,NO2,2022-05-29T08:00:00Z,train,0032_42602_00146,missing_BC,linear_offline,1.32,2.9,1.32,1.5120434016539468,1.934091552102942,1.298917731855993,5.077218207933564
32,NO2,2022-05-29T09:00:00Z,train,0032_42602_00146,missing_BC,linear_offline,0.8799999999999999,3.25,0.8799999999999999,1.224281236353211,2.0327616499950323,1.3574925835587157,5.131382891998681
32,NO2,2022-05-29T10:00:00Z,train,0032_42602_00146,missing_BC,linear_offline,0.43999999999999995,3.45,0.43999999999999995,0.9365190710524751,2.0849045523733585,1.4397460307643266,5.057451576477591
32,NO2,2022-06-05T07:00:00Z,train,0032_42602_00148,missing_BF,linear_offline,2.8666666666666667,3.4,2.8666666666666667,3.1850194105985663,2.7993214529948,2.232447425417371,5.16144083147788
32,NO2,2022-06-05T08:00:00Z,train,0032_42602_00148,missing_BF,linear_offline,2.5333333333333337,2.9,2.5333333333333337,3.0092315796428055,2.7711908290626095,2.243130093162547,5.048256299162594
32,NO2,2022-06-09T15:00:00Z,train,0032_42602_00149,missing_BA,linear_offline,3.4,3.8,3.4,3.2289231030206484,2.741356376356321,1.9956312137176906,4.932263913415026
32,NO2,2022-06-09T16:00:00Z,train,0032_42602_00149,missing_BA,linear_offline,3.1,3.4,3.1,2.9365720987270962,2.962684095128715,2.1544904254645347,5.13185719969596
32,NO2,2022-06-12T07:00:00Z,train,0032_42602_00150,missing_BF,linear_offline,1.2666666666666666,3.4,1.2666666666666666,1.5517056303447903,2.326376509291495,1.6199423842855545,4.984791900694369
32,NO2,2022-06-12T08:00:00Z,train,0032_42602_00150,missing_BF,linear_offline,1.0333333333333334,2.9,1.0333333333333334,1.3312047831256408,2.302091748895309,1.571372863493183,4.938630879662376
32,NO2,2022-08-07T07:00:00Z,train,0032_42602_00152,missing_BF,linear_offline,1.4,3.4,1.4,1.4411486104001687,2.5179909739536797,1.5722179873205935,5.072905514911528
32,NO2,2022-08-07T08:00:00Z,train,0032_42602_00152,missing_BF,linear_offline,0.9999999999999999,2.9,0.9999999999999999,1.1902816978746285,2.514893791106929,1.5772399070208198,5.055607595709943
32,NO2,2022-08-14T07:00:00Z,train,0032_42602_00153,missing_BF,linear_offline,3.466666666666667,3.4,3.466666666666667,3.5475276385513954,2.8478639834615196,2.2337347092293425,4.90864540147147
32,NO2,2022-08-14T08:00:00Z,train,0032_42602_00153,missing_BF,linear_offline,3.2333333333333334,2.9,3.2333333333333334,3.4303448433951997,2.638823739376709,2.094375234157744,5.019833853078851
32,NO2,2022-08-18T15:00:00Z,train,0032_42602_00154,missing_BA,linear_offline,3.4,3.8,3.4,3.506870310745314,3.476427752617352,2.7874701213401987,4.603489857134753
32,NO2,2022-08-18T16:00:00Z,train,0032_42602_00154,missing_BA,linear_offline,2.9,3.4,2.9,3.0484672886697664,3.4636128491456977,2.7973535660028617,5.08035076185995
32,NO2,2022-08-21T07:00:00Z,train,0032_42602_00155,missing_BC,linear_offline,1.46,3.4,1.46,1.624973480564794,2.5178280005223566,1.633704355935648,5.021269153899651
32,NO2,2022-08-21T08:00:00Z,train,0032_42602_00155,missing_BC,linear_offline,1.52,2.9,1.52,1.6428441440428618,2.4723285003381816,1.7101774037163513,5.080439082113476
32,NO2,2022-08-21T09:00:00Z,train,0032_42602_00155,missing_BC,linear_offline,1.58,3.25,1.58,1.6607148075209295,2.30960709332962,1.5590879674991331,5.099136200426391
32,NO2,2022-08-21T10:00:00Z,train,0032_42602_00155,missing_BC,linear_offline,1.64,3.45,1.64,1.6785854709989971,2.255567303987981,1.5460260251869604,5.124832838510446
32,NO2,2022-08-22T15:00:00Z,train,0032_42602_00156,missing_BA,linear_offline,2.3,3.8,2.3,2.563642870587347,4.820161572819338,4.336415341468312,5.025436752432197
32,NO2,2022-08-22T16:00:00Z,train,0032_42602_00156,missing_BA,linear_offline,2.1,3.4,2.1,2.4320611139722224,4.884519574553405,4.800379039419908,5.070738423844119
32,NO2,2022-08-22T17:00:00Z,train,0032_42602_00156,missing_BA,linear_offline,1.9,3.0,1.9,2.3004793573570974,5.094876069774214,4.836029993260574,5.204456791919849
32,NO2,2022-08-22T19:00:00Z,train,0032_42602_00157,missing_BC,linear_offline,2.04,2.5,2.04,2.50621344486882,6.131845971504354,5.999578720236429,5.249666017168593
32,NO2,2022-08-22T20:00:00Z,train,0032_42602_00157,missing_BC,linear_offline,2.38,2.6,2.38,2.8435292889956676,6.720596130782913,6.3049599002573355,5.351649736251353
32,NO2,2022-08-22T21:00:00Z,train,0032_42602_00157,missing_BC,linear_offline,2.7199999999999998,2.9,2.7199999999999998,3.1808451331225154,6.752751235756534,6.540497251877255,5.35685053132636
32,NO2,2022-08-22T22:00:00Z,train,0032_42602_00157,missing_BC,linear_offline,3.0599999999999996,2.8,3.0599999999999996,3.518160977249363,6.080102594710833,6.54830536398408,5.363683295582328
32,NO2,2022-08-28T07:00:00Z,train,0032_42602_00158,missing_BF,linear_offline,1.8333333333333333,3.4,1.8333333333333333,1.8484868598170108,2.4686832591590906,1.5835779919005937,4.939810717910447
32,NO2,2022-08-28T08:00:00Z,train,0032_42602_00158,missing_BF,linear_offline,1.3666666666666667,2.9,1.3666666666666667,1.6672282840145467,2.4954294684895446,1.5821208581412094,4.937190206563381
32,NO2,2022-09-04T07:00:00Z,train,0032_42602_00159,missing_BF,linear_offline,3.433333333333333,3.4,3.433333333333333,3.2967686153202878,2.9185798400591176,2.2120757465019656,5.149627578531126
32,NO2,2022-09-04T08:00:00Z,train,0032_42602_00159,missing_BF,linear_offline,3.466666666666667,2.9,3.466666666666667,3.2553101391652914,2.9441785307671218,2.2020408465724293,5.111435837951807
32,NO2,2022-09-06T16:00:00Z,train,0032_42602_00160,missing_BA,linear_offline,3.3000000000000003,3.4,3.3000000000000003,3.4213719016271753,4.214160856343761,3.0391255109354063,5.558357294165673
32,NO2,2022-09-06T17:00:00Z,train,0032_42602_00160,missing_BA,linear_offline,2.9,3.0,2.9,3.1414156937509574,4.376689720901814,2.9527207109665103,5.484686770517282
32,NO2,2022-09-06T23:00:00Z,train,0032_42602_00161,missing_BC,linear_offline,3.64,2.8,3.64,3.4723028096598134,4.79564945760994,3.7609185065403445,5.523090565661513
32,NO2,2022-09-07T00:00:00Z,train,0032_42602_00161,missing_BC,linear_offline,3.58,3.4,3.58,3.4340634649790664,4.4091085402674715,3.444755035247415,5.417105573779123
32,NO2,2022-09-07T01:00:00Z,train,0032_42602_00161,missing_BC,linear_offline,3.52,4.35,3.52,3.3958241202983195,4.266714974384245,3.564159892104441,5.410658668032232
32,NO2,2022-09-07T02:00:00Z,train,0032_42602_00161,missing_BC,linear_offline,3.46,4.5,3.46,3.3575847756175725,4.122024308301291,3.758258670116892,5.2265549061559975
32,NO2,2022-09-11T07:00:00Z,train,0032_42602_00162,missing_BF,linear_offline,2.533333333333333,3.4,2.533333333333333,2.8818876783762235,3.4215146457323353,2.9885174469482765,5.131518015539841
32,NO2,2022-09-11T08:00:00Z,train,0032_42602_00162,missing_BF,linear_offline,2.966666666666667,2.9,2.966666666666667,2.918596706458991,3.306282286925569,2.7039051506034,5.222849925243378
32,NO2,2022-09-18T07:00:00Z,train,0032_42602_00163,missing_BC,linear_offline,3.7800000000000002,3.4,3.7800000000000002,3.793782521832277,3.523398827244699,2.631781843075166,5.182718233518736
32,NO2,2022-09-18T08:00:00Z,train,0032_42602_00163,missing_BC,linear_offline,4.359999999999999,2.9,4.359999999999999,4.100964800131964,3.3521104845788265,2.4975766606385186,5.103348969074
32,NO2,2022-09-18T09:00:00Z,train,0032_42602_00163,missing_BC,linear_offline,4.9399999999999995,3.25,4.9399999999999995,4.40814707843165,2.918666140336042,2.1755305017438484,5.054999582752946
32,NO2,2022-09-18T10:00:00Z,train,0032_42602_00163,missing_BC,linear_offline,5.52,3.45,5.52,4.7153293567313375,2.830277121649495,2.109194813982416,5.369598130896788
32,NO2,2022-09-21T17:00:00Z,train,0032_42602_00164,missing_BA,linear_offline,4.444444444444445,3.0,4.444444444444445,5.1299308095640574,5.984356907198742,5.802578740085781,5.835860304351328
32,NO2,2022-09-21T18:00:00Z,train,0032_42602_00164,missing_BA,linear_offline,4.588888888888889,2.8,4.588888888888889,5.2647737665782905,6.555928153982292,6.114105118710148,6.208490975165523
32,NO2,2022-09-21T19:00:00Z,train,0032_42602_00164,missing_BA,linear_offline,4.733333333333333,2.5,4.733333333333333,5.399616723592523,6.324614573435725,6.184375892803847,6.399594170856446
32,NO2,2022-09-21T20:00:00Z,train,0032_42602_00164,missing_BC,linear_offline,4.877777777777777,2.6,4.877777777777777,5.534459680606755,6.210588355551073,6.451314511321067,5.134793815892019
32,NO2,2022-09-21T21:00:00Z,train,0032_42602_00164,missing_BC,linear_offline,5.022222222222222,2.9,5.022222222222222,5.669302637620988,6.433400499256081,6.508531938747706,4.9762856502915485
32,NO2,2022-09-21T22:00:00Z,train,0032_42602_00164,missing_BC,linear_offline,5.166666666666666,2.8,5.166666666666666,5.804145594635221,6.046952887641303,5.827343223435666,5.283210522218116
32,NO2,2022-09-21T23:00:00Z,train,0032_42602_00164,missing_BC,linear_offline,5.311111111111111,2.8,5.311111111111111,5.938988551649453,5.812010698488937,5.7116177324688255,5.660552638031091
32,NO2,2022-09-22T00:00:00Z,train,0032_42602_00164,missing_BC,linear_offline,5.455555555555556,3.4,5.455555555555556,6.073831508663686,5.866909665537745,5.43050171477325,5.341894151809731
32,NO2,2022-09-23T13:00:00Z,train,0032_42602_00165,missing_BC,linear_offline,12.04,5.699999999999999,12.04,9.71949063122556,3.837455849746486,4.136408260831687,6.129337805238902
32,NO2,2022-09-23T14:00:00Z,train,0032_42602_00165,missing_BC,linear_offline,9.879999999999999,4.8,9.879999999999999,8.33694560148336,4.016143495637658,4.82318130890363,5.805397832324046
32,NO2,2022-09-23T15:00:00Z,train,0032_42602_00165,missing_BC,linear_offline,7.720000000000001,3.8,7.720000000000001,6.954400571741159,4.284466013017908,5.201542868226887,5.842158935220038
32,NO2,2022-09-23T16:00:00Z,train,0032_42602_00165,missing_BC,linear_offline,5.5600000000000005,3.4,5.5600000000000005,5.571855541998959,4.657771613886295,4.173612447744089,5.312215838996902
32,NO2,2022-09-25T07:00:00Z,train,0032_42602_00166,missing_BF,linear_offline,3.3666666666666667,3.4,3.3666666666666667,3.8599072858516665,3.286478436326261,2.678092428332108,5.2352818067688425
32,NO2,2022-09-25T08:00:00Z,train,0032_42602_00166,missing_BF,linear_offline,4.333333333333333,2.9,4.333333333333333,4.298552204558417,3.515447511690308,2.8174329929844597,5.329717818813446
32,NO2,2022-09-28T15:00:00Z,train,0032_42602_00168,missing_BA,linear_offline,12.544444444444444,3.8,12.544444444444444,15.773234807026164,13.545077623121383,16.482190303641772,7.31237225798847
32,NO2,2022-09-28T16:00:00Z,train,0032_42602_00168,missing_BA,linear_offline,11.38888888888889,3.4,11.38888888888889,14.60606616202463,14.315118834304407,15.591304636958366,6.21690559599145
32,NO2,2022-09-28T17:00:00Z,train,0032_42602_00168,missing_BA,linear_offline,10.233333333333333,3.0,10.233333333333333,13.438897517023097,13.642008306268611,15.031131258571534,6.003075557602662
32,NO2,2022-09-28T18:00:00Z,train,0032_42602_00168,missing_BC,linear_offline,9.077777777777778,2.8,9.077777777777778,12.271728872021564,7.780550744564277,8.382127626326518,6.29378027529001
32,NO2,2022-09-28T19:00:00Z,train,0032_42602_00168,missing_BC,linear_offline,7.9222222222222225,2.5,7.9222222222222225,11.10456022702003,8.0005375426992,9.016347158053136,6.169566799666212
32,NO2,2022-09-28T20:00:00Z,train,0032_42602_00168,missing_BC,linear_offline,6.766666666666667,2.6,6.766666666666667,9.937391582018495,8.372871148018325,9.158631903069246,6.042292887578516
32,NO2,2022-09-28T21:00:00Z,train,0032_42602_00168,missing_BC,linear_offline,5.611111111111111,2.9,5.611111111111111,8.770222937016962,8.409689046639393,9.235635817892064,6.17825360159461
32,NO2,2022-09-28T22:00:00Z,train,0032_42602_00168,missing_BC,linear_offline,4.455555555555556,2.8,4.455555555555556,7.603054292015429,8.841445034269281,9.170092304784152,5.876702984861408
32,NO2,2022-09-29T14:00:00Z,train,0032_42602_00169,missing_AZ,linear_offline,19.5,4.8,19.5,17.134732671786484,11.009601617845583,13.832227869642024,6.7446274915611975
32,NO2,2022-09-29T15:00:00Z,train,0032_42602_00169,missing_AZ,linear_offline,15.200000000000001,3.8,15.200000000000001,13.963323618368912,10.232363444923196,13.312683698918917,6.445509270481786
32,NO2,2022-09-29T16:00:00Z,train,0032_42602_00169,missing_AZ,linear_offline,10.900000000000002,3.4,10.900000000000002,10.791914564951341,10.926921138990808,12.8786228750087,5.74104655668228
32,NO2,2022-09-29T17:00:00Z,train,0032_42602_00169,missing_AZ,linear_offline,6.600000000000001,3.0,6.600000000000001,7.62050551153377,10.66475533837847,12.541194981099034,5.819813008535312
32,NO2,2022-10-02T07:00:00Z,validation,0032_42602_00170,missing_BF,linear_offline,8.3,3.4,8.3,9.404546642821545,6.404383148574138,9.499476050172218,5.799242168522661
32,NO2,2022-10-02T08:00:00Z,validation,0032_42602_00170,missing_BF,linear_offline,10.4,2.9,10.4,10.985038892487925,6.54362245652707,9.492803766610491,6.417756854934523
32,NO2,2022-10-06T17:00:00Z,validation,0032_42602_00171,missing_BA,linear_offline,5.05,3.0,5.05,5.378432988658358,6.278046462651227,6.351651616418543,7.663900448139836
32,NO2,2022-10-09T07:00:00Z,validation,0032_42602_00172,missing_BF,linear_offline,7.433333333333334,3.4,7.433333333333334,7.403887888423648,6.348126929162148,7.0363401345943775,5.9353515657100795
32,NO2,2022-10-09T08:00:00Z,validation,0032_42602_00172,missing_BF,linear_offline,7.366666666666666,2.9,7.366666666666666,7.284309803859022,5.606824440824761,6.537541639305498,5.953979768438308
32,NO2,2022-10-16T07:00:00Z,validation,0032_42602_00173,missing_BC,linear_offline,2.66,3.4,2.66,3.205210899084103,3.1473924746821265,2.697136251990614,5.423450964957242
32,NO2,2022-10-16T08:00:00Z,validation,0032_42602_00173,missing_BC,linear_offline,2.42,2.9,2.42,2.8656895418560815,3.018103313597926,2.5055719858958834,5.463328827281727
32,NO2,2022-10-16T09:00:00Z,validation,0032_42602_00173,missing_BC,linear_offline,2.1799999999999997,3.25,2.1799999999999997,2.5261681846280597,3.1145718948639343,2.298752512682205,5.360278904379276
32,NO2,2022-10-16T10:00:00Z,validation,0032_42602_00173,missing_BC,linear_offline,1.94,3.45,1.94,2.1866468274000384,2.997423222935902,2.2752217622752426,5.251556715267425
32,NO2,2022-10-20T15:00:00Z,validation,0032_42602_00174,missing_AZ,linear_offline,11.54,3.8,11.54,12.578031643666474,6.149952783889202,6.523253700131003,6.148569873525361
32,NO2,2022-10-20T16:00:00Z,validation,0032_42602_00174,missing_AZ,linear_offline,9.58,3.4,9.58,10.808673257201686,6.296850983549816,6.920932768453131,6.046050344904544
32,NO2,2022-10-20T17:00:00Z,validation,0032_42602_00174,missing_AZ,linear_offline,7.619999999999999,3.0,7.619999999999999,9.039314870736899,6.94681580310144,7.480919793253935,6.181912080067173
32,NO2,2022-10-20T18:00:00Z,validation,0032_42602_00174,missing_BA,linear_offline,5.659999999999999,2.8,5.659999999999999,7.269956484272109,7.987230108762629,9.350290033608598,6.258736388885378
32,NO2,2022-10-23T07:00:00Z,validation,0032_42602_00175,missing_BF,linear_offline,2.3666666666666667,3.4,2.3666666666666667,2.533034580136479,2.847466348918639,1.9982215973286386,5.480799218102484
32,NO2,2022-10-23T08:00:00Z,validation,0032_42602_00175,missing_BF,linear_offline,2.433333333333333,2.9,2.433333333333333,2.5239885016207073,2.8685762218362623,1.9859972146761775,5.3762594120327725
32,NO2,2022-10-30T07:00:00Z,validation,0032_42602_00176,missing_BF,linear_offline,8.4,3.4,8.4,9.155360289313569,5.346549424267706,6.578235658133367,5.534031532542303
32,NO2,2022-10-30T08:00:00Z,validation,0032_42602_00176,missing_BF,linear_offline,7.7,2.9,7.7,8.224636619818332,5.539472554409078,6.637385300624729,5.624829566727935
32,NO2,2022-11-06T07:00:00Z,test,0032_42602_00177,missing_BF,linear_offline,7.333333333333333,3.4,7.333333333333333,6.564241588887133,4.149139270807049,4.103261390325044,5.321469588187774
32,NO2,2022-11-06T08:00:00Z,test,0032_42602_00177,missing_BF,linear_offline,6.466666666666666,2.9,6.466666666666666,6.143304839118545,3.823742873273531,3.3137283504602775,5.588062812195282
32,NO2,2022-11-09T17:00:00Z,test,0032_42602_00178,missing_BA,linear_offline,3.1333333333333333,3.0,3.1333333333333333,3.6478365807842144,4.676697075511608,4.130245527112198,5.602609480287648
32,NO2,2022-11-09T18:00:00Z,test,0032_42602_00178,missing_BA,linear_offline,2.8666666666666667,2.8,2.8666666666666667,3.312718741269708,4.88680274980805,4.6010164602537795,5.8361764951567725
32,NO2,2022-11-13T07:00:00Z,test,0032_42602_00179,missing_BC,linear_offline,5.72,3.4,5.72,6.015608084034192,4.498817592173865,4.214168850293715,6.1961780573684075
32,NO2,2022-11-13T08:00:00Z,test,0032_42602_00179,missing_BC,linear_offline,5.24,2.9,5.24,5.593149205977049,4.367855116855715,4.107697087028633,6.037413225804893
32,NO2,2022-11-13T09:00:00Z,test,0032_42602_00179,missing_BC,linear_offline,4.76,3.25,4.76,5.170690327919905,4.385055690376407,4.172785374771414,6.08183672313395
32,NO2,2022-11-13T10:00:00Z,test,0032_42602_00179,missing_BC,linear_offline,4.279999999999999,3.45,4.279999999999999,4.748231449862761,4.354397602955489,3.8058792316889,5.918602156112203
32,NO2,2022-11-20T07:00:00Z,test,0032_42602_00180,missing_BF,linear_offline,2.4333333333333336,3.4,2.4333333333333336,2.3462064948786234,3.374346730831924,2.3423093970710713,5.810367726882232
32,NO2,2022-11-20T08:00:00Z,test,0032_42602_00180,missing_BF,linear_offline,2.2666666666666666,2.9,2.2666666666666666,2.2187485948158137,3.055625023640765,2.202679674917152,5.747495439427547
32,NO2,2022-11-22T15:00:00Z,test,0032_42602_00181,missing_BA,linear_offline,6.25,3.8,6.25,6.037216977449669,6.6843893825293055,5.7701407094532975,5.471909601927669
32,NO2,2022-11-27T07:00:00Z,test,0032_42602_00182,missing_BF,linear_offline,10.366666666666667,3.4,10.366666666666667,10.875616985744522,6.08424646926287,6.547567169981863,5.689008607130771
32,NO2,2022-11-27T08:00:00Z,test,0032_42602_00182,missing_BF,linear_offline,10.233333333333333,2.9,10.233333333333333,10.256652354088938,5.751350930086076,5.413718889605001,5.587065018966126
32,NO2,2022-11-29T16:00:00Z,test,0032_42602_00183,missing_BA,linear_offline,5.6,3.4,5.6,6.662696104018087,7.360938512435699,8.143843278441711,5.5025693225211585
32,NO2,2022-11-29T18:00:00Z,test,0032_42602_00184,missing_BC,linear_offline,5.216666666666667,2.8,5.216666666666667,7.473966426163644,9.677039385682743,12.491643493809068,5.1380159794186975
32,NO2,2022-11-29T19:00:00Z,test,0032_42602_00184,missing_BC,linear_offline,6.633333333333333,2.5,6.633333333333333,8.96904534226671,9.934102467530803,12.978897607930296,5.325238735591154
32,NO2,2022-11-29T20:00:00Z,test,0032_42602_00184,missing_BC,linear_offline,8.05,2.6,8.05,10.464124258369779,9.120689694067527,12.661467998112371,5.142032337575499
32,NO2,2022-11-29T21:00:00Z,test,0032_42602_00184,missing_BC,linear_offline,9.466666666666667,2.9,9.466666666666667,11.959203174472847,8.172241914588493,11.520732371133079,5.327510607572477
32,NO2,2022-11-29T22:00:00Z,test,0032_42602_00184,missing_BC,linear_offline,10.883333333333333,2.8,10.883333333333333,13.454282090575914,7.610362300646933,9.788960873905275,5.663786725329224
32,NO2,2022-12-04T07:00:00Z,test,0032_42602_00185,missing_BF,linear_offline,2.3,3.4,2.3,2.2994600363930338,3.459514617469205,5.2724767963409755,5.359801330336854
32,NO2,2022-12-04T08:00:00Z,test,0032_42602_00185,missing_BF,linear_offline,2.1,2.9,2.1,2.138467452338354,3.5350158416135473,5.3501971152056536,5.306501626039356
32,NO2,2022-12-06T16:00:00Z,test,0032_42602_00186,missing_BA,linear_offline,8.4,3.4,8.4,8.42560181318169,5.461577249699032,5.278141154556872,5.094177673608865
32,NO2,2022-12-11T07:00:00Z,test,0032_42602_00187,missing_BC,linear_offline,10.100000000000001,3.4,10.100000000000001,9.008682100186999,2.5387071663251737,2.3359059852884467,6.348710186661221
32,NO2,2022-12-11T08:00:00Z,test,0032_42602_00187,missing_BC,linear_offline,7.9,2.9,7.9,7.3696886833505095,2.351775265294194,2.1142160460310335,6.006625687968588
32,NO2,2022-12-11T09:00:00Z,test,0032_42602_00187,missing_BC,linear_offline,5.7,3.25,5.7,5.7306952665140205,2.2364478386524893,2.002557928374733,5.829621413216147
32,NO2,2022-12-11T10:00:00Z,test,0032_42602_00187,missing_BC,linear_offline,3.5,3.45,3.5,4.0917018496775315,2.295850966718203,1.9806177161392924,5.393627600633148
32,NO2,2022-12-18T07:00:00Z,test,0032_42602_00188,missing_BF,linear_offline,21.566666666666666,3.4,21.566666666666666,21.989430109754146,6.731657522651722,6.695745261199652,6.721349796946331
32,NO2,2022-12-18T08:00:00Z,test,0032_42602_00188,missing_BF,linear_offline,18.833333333333336,2.9,18.833333333333336,19.327832566267837,6.972506982950849,7.200380113563117,6.908437622979642
32,NO2,2022-12-21T15:00:00Z,test,0032_42602_00189,missing_AZ,linear_offline,11.666666666666666,3.8,11.666666666666666,12.500949807764519,7.953749727225642,7.9658204197435,5.41140382450699
32,NO2,2022-12-21T16:00:00Z,test,0032_42602_00189,missing_BA,linear_offline,12.133333333333333,3.4,12.133333333333333,13.143087129435322,8.825393182761356,8.782133707693365,5.393641009839523
32,NO2,2022-12-21T17:00:00Z,test,0032_42602_00189,missing_BA,linear_offline,12.6,3.0,12.6,13.785224451106126,9.817483631167473,10.040928113505146,6.443765557914368
32,NO2,2022-12-21T18:00:00Z,test,0032_42602_00189,missing_BC,linear_offline,13.066666666666666,2.8,13.066666666666666,14.42736177277693,10.524614347253289,10.824062211322746,6.3011992625426165
32,NO2,2022-12-21T19:00:00Z,test,0032_42602_00189,missing_BC,linear_offline,13.533333333333333,2.5,13.533333333333333,15.069499094447734,10.891676243425232,10.478360493254087,6.0495719377286985
32,NO2,2022-12-21T20:00:00Z,test,0032_42602_00189,missing_BC,linear_offline,14.0,2.6,14.0,15.711636416118537,10.465579800449976,9.9712985745368,5.978852900742409
32,NO2,2022-12-21T21:00:00Z,test,0032_42602_00189,missing_BC,linear_offline,14.466666666666667,2.9,14.466666666666667,16.35377373778934,9.699028765008224,9.329581405404802,5.628588267736365
32,NO2,2022-12-21T22:00:00Z,test,0032_42602_00189,missing_BC,linear_offline,14.933333333333334,2.8,14.933333333333334,16.99591105946014,8.882479612556487,9.364915695679544,5.764895431914836
32,NO2,2022-12-25T07:00:00Z,test,0032_42602_00190,missing_BF,linear_offline,23.0,3.4,23.0,23.536474968231264,7.889552807880973,11.947152010364544,6.98986795120933
32,NO2,2022-12-25T08:00:00Z,test,0032_42602_00190,missing_BF,linear_offline,21.8,2.9,21.8,22.347450985404343,7.022831562562185,10.726360670721874,6.716208397779049
32,NO2,2022-12-27T15:00:00Z,test,0032_42602_00191,missing_AZ,linear_offline,16.52,3.8,16.52,16.602286405692684,6.146046578924511,6.116011203013731,7.058002535579799
32,NO2,2022-12-27T16:00:00Z,test,0032_42602_00191,missing_AZ,linear_offline,14.34,3.4,14.34,14.521046205018049,6.246834815685097,6.307333501698559,7.294724882834856
32,NO2,2022-12-27T17:00:00Z,test,0032_42602_00191,missing_AZ,linear_offline,12.16,3.0,12.16,12.43980600434341,7.2649839507473875,7.089093155862753,7.580247629909994
32,NO2,2022-12-27T18:00:00Z,test,0032_42602_00191,missing_AZ,linear_offline,9.98,2.8,9.98,10.358565803668771,7.957586479377827,9.364617254881257,6.929791784131348
32,O3,2022-01-02T04:00:00Z,train,0032_44201_00523,missing_BF,linear_offline,0.009000000000000001,0.024,0.009000000000000001,0.01107837600767323,0.020946209385074875,0.02355026125939846,0.027625939149780836
32,O3,2022-01-04T16:00:00Z,train,0032_44201_00524,missing_BA,linear_offline,0.0305,0.031,0.0305,0.028187979491341563,0.016876581781621363,0.019017192676128523,0.030656382180212615
32,O3,2022-01-09T04:00:00Z,train,0032_44201_00525,missing_BC,linear_offline,0.016,0.024,0.016,0.014137577020519569,0.019075026994394,0.012640761150184626,0.028013709205817798
32,O3,2022-01-09T05:00:00Z,train,0032_44201_00525,missing_BC,linear_offline,0.016,0.021,0.016,0.013793029267724794,0.019108271710509835,0.012451794217182337,0.029216449681326855
32,O3,2022-01-16T04:00:00Z,train,0032_44201_00526,missing_BF,linear_offline,0.034,0.024,0.034,0.034080149956950266,0.02163856350769762,0.019619846995844147,0.029039354177712688
32,O3,2022-01-18T16:00:00Z,train,0032_44201_00527,missing_BA,linear_offline,0.028499999999999998,0.031,0.028499999999999998,0.02716997228744216,0.030924484155792718,0.0329597022338337,0.029800407339952574
32,O3,2022-01-23T04:00:00Z,train,0032_44201_00528,missing_BF,linear_offline,0.028499999999999998,0.024,0.028499999999999998,0.028544786743609656,0.024018678820629035,0.021905464002442098,0.02897758206629527
32,O3,2022-01-26T15:00:00Z,train,0032_44201_00529,missing_AZ,linear_offline,0.018857142857142857,0.027,0.018857142857142857,0.020074169663103648,0.028107861176652912,0.02424329452258255,0.02778808919638893
32,O3,2022-01-26T16:00:00Z,train,0032_44201_00529,missing_AZ,linear_offline,0.019714285714285712,0.031,0.019714285714285712,0.020937113480534227,0.028247673565665505,0.02651666866751879,0.027865611171017143
32,O3,2022-01-26T17:00:00Z,train,0032_44201_00529,missing_AZ,linear_offline,0.02057142857142857,0.036,0.02057142857142857,0.021800057297964803,0.02816258120334364,0.02698815545524509,0.028217497203114086
32,O3,2022-01-26T18:00:00Z,train,0032_44201_00529,missing_AZ,linear_offline,0.02142857142857143,0.038,0.02142857142857143,0.022663001115395383,0.028275697825181686,0.027535683726093132,0.028866965519737022
32,O3,2022-01-26T19:00:00Z,train,0032_44201_00529,missing_AZ,linear_offline,0.022285714285714284,0.041,0.022285714285714284,0.023525944932825962,0.02725181868421613,0.026749808980207235,0.02828078908794705
32,O3,2022-01-26T20:00:00Z,train,0032_44201_00529,missing_AI,linear_offline,0.023142857142857142,0.043,0.023142857142857142,0.024388888750256542,0.02625304515692248,0.02530150332416931,0.02903142621553004
32,O3,2022-01-30T04:00:00Z,train,0032_44201_00530,missing_BF,linear_offline,0.0125,0.024,0.0125,0.013093633805549629,0.020394904376902098,0.015482072263596,0.023855675920128355
32,O3,2022-02-02T16:00:00Z,train,0032_44201_00531,missing_BA,linear_offline,0.0125,0.031,0.0125,0.012432029222407272,0.02265625171067654,0.02113208003071074,0.027059787325840336
32,O3,2022-02-06T04:00:00Z,train,0032_44201_00532,missing_BC,linear_offline,0.010333333333333333,0.024,0.010333333333333333,0.012833326678599221,0.018683320891067723,0.014120758577532956,0.02535497953285574
32,O3,2022-02-06T05:00:00Z,train,0032_44201_00532,missing_BC,linear_offline,0.017666666666666667,0.021,0.017666666666666667,0.015880772496197636,0.017488185393155588,0.014301268551977053,0.027590174935663497
32,O3,2022-02-13T04:00:00Z,train,0032_44201_00533,missing_BF,linear_offline,0.0195,0.024,0.0195,0.021333669065090044,0.01563179656943236,0.015215086221582871,0.024868291519248725
32,O3,2022-02-14T16:00:00Z,train,0032_44201_00534,missing_BA,linear_offline,0.0325,0.031,0.0325,0.02998494819722905,0.036138571957705395,0.03918626367441201,0.030069536646571398
32,O3,2022-02-20T04:00:00Z,train,0032_44201_00535,missing_BF,linear_offline,0.0305,0.024,0.0305,0.030346696463067358,0.020535276969584668,0.018155944676040814,0.030334893362289228
32,O3,2022-02-27T04:00:00Z,train,0032_44201_00536,missing_BF,linear_offline,0.0135,0.024,0.0135,0.013795660643397965,0.01976442886331693,0.01886236957849423,0.028203577876866184
32,O3,2022-02-28T15:00:00Z,train,0032_44201_00537,missing_BA,linear_offline,0.018666666666666665,0.027,0.018666666666666665,0.020797392280634163,0.03513488950117434,0.03722061091119968,0.03137751859408028
32,O3,2022-02-28T16:00:00Z,train,0032_44201_00537,missing_BA,linear_offline,0.029333333333333333,0.031,0.029333333333333333,0.028645363960394403,0.035152619609068174,0.03785017246570037,0.032878961106756796
32,O3,2022-03-02T19:00:00Z,train,0032_44201_00538,missing_BA,linear_offline,0.0545,0.041,0.0545,0.052534194630039964,0.03653456066205216,0.03940924699481063,0.03468065489144813
32,O3,2022-03-06T04:00:00Z,train,0032_44201_00539,missing_BC,linear_offline,0.025333333333333333,0.024,0.025333333333333333,0.02584245997298077,0.023990040126585073,0.024633823478033542,0.028796551824788758
32,O3,2022-03-06T05:00:00Z,train,0032_44201_00539,missing_BC,linear_offline,0.025666666666666667,0.021,0.025666666666666667,0.025943673059558532,0.024253768388938914,0.024512798534967385,0.028848745042678235
32,O3,2022-03-10T14:00:00Z,train,0032_44201_00540,missing_AZ,linear_offline,0.012285714285714285,0.021,0.012285714285714285,0.014876581907568331,0.03275152513789677,0.03569106110141585,0.027772349153655406
32,O3,2022-03-10T15:00:00Z,train,0032_44201_00540,missing_AZ,linear_offline,0.019571428571428573,0.027,0.019571428571428573,0.02111414127531685,0.036333472204840636,0.04017704420614021,0.028385549247444287
32,O3,2022-03-10T16:00:00Z,train,0032_44201_00540,missing_AZ,linear_offline,0.02685714285714286,0.031,0.02685714285714286,0.027351700643065368,0.0373752245053189,0.039579730480196154,0.029842328665968178
32,O3,2022-03-10T17:00:00Z,train,0032_44201_00540,missing_AZ,linear_offline,0.03414285714285714,0.036,0.03414285714285714,0.03358926001081389,0.03760443531770288,0.03996204646139088,0.031730076783288055
32,O3,2022-03-10T18:00:00Z,train,0032_44201_00540,missing_AZ,linear_offline,0.041428571428571426,0.038,0.041428571428571426,0.03982681937856241,0.03473743427222211,0.03720479863340002,0.03217187866879203
32,O3,2022-03-10T19:00:00Z,train,0032_44201_00540,missing_AZ,linear_offline,0.04871428571428572,0.041,0.04871428571428572,0.046064378746310926,0.036532486577253,0.0377494431756563,0.03452189661945583
32,O3,2022-03-13T04:00:00Z,train,0032_44201_00541,missing_BF,linear_offline,0.019,0.024,0.019,0.0198667769882653,0.015598427897070109,0.016614723338139493,0.02826775927870687
32,O3,2022-03-14T15:00:00Z,train,0032_44201_00542,missing_BA,linear_offline,0.027,0.027,0.027,0.024689858411247496,0.03256859539785365,0.038618537082383254,0.03178519366637685
32,O3,2022-03-14T16:00:00Z,train,0032_44201_00542,missing_BA,linear_offline,0.034,0.031,0.034,0.03117930800232144,0.03311950496814174,0.04231317172542494,0.032213201491276315
32,O3,2022-03-20T04:00:00Z,train,0032_44201_00544,missing_BF,linear_offline,0.0385,0.024,0.0385,0.03645112292137196,0.024375173930057444,0.022695679399280785,0.030171520338911934
32,O3,2022-03-27T04:00:00Z,train,0032_44201_00545,missing_BF,linear_offline,0.0435,0.024,0.0435,0.04093452319622441,0.028505268285266526,0.023932215410564037,0.02998412533697113
32,O3,2022-03-28T15:00:00Z,train,0032_44201_00546,missing_BA,linear_offline,0.037000000000000005,0.027,0.037000000000000005,0.03781650223822819,0.037551201347455744,0.03971990753626466,0.030683663466065207
32,O3,2022-03-28T16:00:00Z,train,0032_44201_00546,missing_BA,linear_offline,0.039,0.031,0.039,0.039819832267899286,0.036822796034546586,0.039515800482573554,0.030737162370965774
32,O3,2022-03-29T12:00:00Z,train,0032_44201_00547,missing_BC,linear_offline,0.0335,0.014,0.0335,0.034910423047643725,0.03677279845714157,0.038378823160443935,0.029841909440705215
32,O3,2022-03-29T13:00:00Z,train,0032_44201_00547,missing_BC,linear_offline,0.035,0.017,0.035,0.03615968134762695,0.03836860288063393,0.04003757597029768,0.030050471717583915
32,O3,2022-03-29T14:00:00Z,train,0032_44201_00547,missing_BC,linear_offline,0.036500000000000005,0.021,0.036500000000000005,0.037408939647610176,0.037388173568412654,0.039982029605002994,0.029846137701751485
32,O3,2022-03-29T15:00:00Z,train,0032_44201_00547,missing_BC,linear_offline,0.038,0.027,0.038,0.0386581979475934,0.036755394825558715,0.03955615958888853,0.029665665945331425
32,O3,2022-03-29T16:00:00Z,train,0032_44201_00547,missing_BC,linear_offline,0.0395,0.031,0.0395,0.03990745624757662,0.037790327786621565,0.04124667662335164,0.031052117516245845
32,O3,2022-04-03T04:00:00Z,train,0032_44201_00548,missing_BC,linear_offline,0.043,0.024,0.043,0.04308471789334827,0.030215595841174645,0.030241218230183716,0.030607623728806092
32,O3,2022-04-03T05:00:00Z,train,0032_44201_00548,missing_BC,linear_offline,0.043,0.021,0.043,0.042920455537244766,0.029989021717820915,0.029941267573889742,0.030105660290156776
32,O3,2022-04-10T04:00:00Z,train,0032_44201_00549,missing_BF,linear_offline,0.046,0.024,0.046,0.04610246453941574,0.034766908797998056,0.03338407386334979,0.03049804007822369
32,O3,2022-04-12T15:00:00Z,train,0032_44201_00550,missing_AZ,linear_offline,0.02783333333333333,0.027,0.02783333333333333,0.02793099471202086,0.03319817702977454,0.03349843964989642,0.027682775816672223
32,O3,2022-04-12T16:00:00Z,train,0032_44201_00550,missing_AZ,linear_offline,0.029666666666666664,0.031,0.029666666666666664,0.029554065163712583,0.034077162557672236,0.03443069101003417,0.02886331126558711
32,O3,2022-04-12T17:00:00Z,train,0032_44201_00550,missing_AZ,linear_offline,0.0315,0.036,0.0315,0.03117713561540431,0.03503032629680455,0.03515150836750701,0.030313962869969922
32,O3,2022-04-12T18:00:00Z,train,0032_44201_00550,missing_AZ,linear_offline,0.03333333333333333,0.038,0.03333333333333333,0.032800206067096035,0.03616731758583517,0.0359958677654864,0.031448333182733934
32,O3,2022-04-12T19:00:00Z,train,0032_44201_00550,missing_AZ,linear_offline,0.035166666666666666,0.041,0.035166666666666666,0.03442327651878776,0.0337787819774607,0.03387528278822568,0.0315888443532624
32,O3,2022-04-17T04:00:00Z,train,0032_44201_00551,missing_BF,linear_offline,0.020999999999999998,0.024,0.020999999999999998,0.021746913358169064,0.020473787687912588,0.01837779318573282,0.02790789923730053
32,O3,2022-04-18T16:00:00Z,train,0032_44201_00552,missing_BA,linear_offline,0.044,0.031,0.044,0.0439743756946752,0.033004470079743865,0.03394519192887516,0.031685384009470796
32,O3,2022-04-18T22:00:00Z,train,0032_44201_00553,missing_BC,linear_offline,0.051666666666666666,0.042,0.051666666666666666,0.04995929340695855,0.030927804350040868,0.030799093355882115,0.03342467957276062
32,O3,2022-04-18T23:00:00Z,train,0032_44201_00553,missing_BC,linear_offline,0.05233333333333333,0.041,0.05233333333333333,0.049642645750879635,0.03144782186321747,0.0316478569105673,0.03311508226164555
32,O3,2022-04-24T04:00:00Z,train,0032_44201_00554,missing_BF,linear_offline,0.0295,0.024,0.0295,0.029931454078825703,0.025004604108395563,0.026061104583403216,0.02844992716794676
32,O3,2022-04-28T17:00:00Z,train,0032_44201_00555,missing_BA,linear_offline,0.0275,0.036,0.0275,0.02725191137432159,0.030407142722671848,0.03456067702949164,0.02860680056300194
32,O3,2022-05-01T04:00:00Z,train,0032_44201_00556,missing_BC,linear_offline,0.023666666666666666,0.024,0.023666666666666666,0.023039695127010783,0.02046397506702565,0.018592588410417586,0.028631753631926937
32,O3,2022-05-01T05:00:00Z,train,0032_44201_00556,missing_BC,linear_offline,0.020333333333333335,0.021,0.020333333333333335,0.02059808083560146,0.02060516472341698,0.018960539433929235,0.028199847295784616
32,O3,2022-05-08T04:00:00Z,train,0032_44201_00557,missing_BF,linear_offline,0.026500000000000003,0.024,0.026500000000000003,0.02780003633430586,0.024999129519667474,0.02046892982515698,0.028107469776075547
32,O3,2022-05-10T16:00:00Z,train,0032_44201_00558,missing_BA,linear_offline,0.029,0.031,0.029,0.028713829580596595,0.030409538700892597,0.03078618532056007,0.027052107494383342
32,O3,2022-05-10T17:00:00Z,train,0032_44201_00558,missing_BA,linear_offline,0.032,0.036,0.032,0.031448165583884295,0.029893113627417315,0.02963099439570575,0.028337343252442335
32,O3,2022-05-15T04:00:00Z,train,0032_44201_00559,missing_BF,linear_offline,0.036000000000000004,0.024,0.036000000000000004,0.036013454036894994,0.02461831148860548,0.023582800210547913,0.02918780555874129
32,O3,2022-05-22T04:00:00Z,train,0032_44201_00560,missing_BF,linear_offline,0.045,0.024,0.045,0.04210306361012756,0.02676793278012313,0.02503671837846135,0.029762191498243298
32,O3,2022-05-24T17:00:00Z,train,0032_44201_00561,missing_BA,linear_offline,0.049,0.036,0.049,0.04674024739360225,0.038994563593469415,0.04447317042438889,0.032116632373636114
32,O3,2022-05-24T18:00:00Z,train,0032_44201_00561,missing_BA,linear_offline,0.053,0.038,0.053,0.05075570755277681,0.03875750425565225,0.04352754313774545,0.03273394822944833
32,O3,2022-05-29T04:00:00Z,train,0032_44201_00562,missing_BC,linear_offline,0.022,0.024,0.022,0.025565705874944646,0.01835225121552094,0.01767832030825437,0.027957599145127885
32,O3,2022-05-29T05:00:00Z,train,0032_44201_00562,missing_BC,linear_offline,0.017,0.021,0.017,0.020413491777463273,0.01882745232598311,0.01769735021087293,0.027891446882615776
32,O3,2022-06-05T04:00:00Z,train,0032_44201_00563,missing_BF,linear_offline,0.041499999999999995,0.024,0.041499999999999995,0.042099075110155856,0.02752669253357152,0.025608658173471226,0.029549000939544247
32,O3,2022-06-09T15:00:00Z,train,0032_44201_00564,missing_BA,linear_offline,0.022333333333333334,0.027,0.022333333333333334,0.022884268494267064,0.032952720965659765,0.03522547445643262,0.02702181263140621
32,O3,2022-06-09T16:00:00Z,train,0032_44201_00564,missing_BA,linear_offline,0.027666666666666666,0.031,0.027666666666666666,0.02776536654182464,0.03235348940962154,0.03486239220731799,0.02856862132984959
32,O3,2022-06-12T04:00:00Z,train,0032_44201_00565,missing_BF,linear_offline,0.0215,0.024,0.0215,0.021149068969313792,0.017348333067535436,0.015805086528988467,0.02833576193736924
32,O3,2022-06-16T13:00:00Z,train,0032_44201_00566,missing_AZ,linear_offline,0.0175,0.017,0.0175,0.018862047699633705,0.03233787703309251,0.03048448781959281,0.025164130996408757
32,O3,2022-06-16T14:00:00Z,train,0032_44201_00566,missing_AZ,linear_offline,0.021,0.021,0.021,0.021923386609035936,0.03219609902099636,0.03124874202095665,0.025818144229911674
32,O3,2022-06-16T15:00:00Z,train,0032_44201_00566,missing_AZ,linear_offline,0.0245,0.027,0.0245,0.024984725518438167,0.03266875466375048,0.03317223787581534,0.027566148810676254
32,O3,2022-06-19T04:00:00Z,train,0032_44201_00567,missing_BF,linear_offline,0.02,0.024,0.02,0.020199265062303313,0.017240196955302444,0.015875956330547655,0.027496762555883132
32,O3,2022-06-26T04:00:00Z,train,0032_44201_00568,missing_BC,linear_offline,0.034666666666666665,0.024,0.034666666666666665,0.035602728177564186,0.02453238013017562,0.026115274772483304,0.028878930243659198
32,O3,2022-06-26T05:00:00Z,train,0032_44201_00568,missing_BC,linear_offline,0.03233333333333333,0.021,0.03233333333333333,0.03342983156757379,0.024975989856428356,0.028194447233567357,0.028487014091235784
32,O3,2022-06-27T14:00:00Z,train,0032_44201_00569,missing_BA,linear_offline,0.027333333333333334,0.021,0.027333333333333334,0.027820975295196844,0.03869643223514768,0.04455990487962651,0.029054848817630912
32,O3,2022-06-27T15:00:00Z,train,0032_44201_00569,missing_BA,linear_offline,0.035666666666666666,0.027,0.035666666666666666,0.03539034792891024,0.039038533143694036,0.04563936824928244,0.031348060653999275
32,O3,2022-07-03T04:00:00Z,train,0032_44201_00570,missing_BF,linear_offline,0.016,0.024,0.016,0.01846074086889009,0.017310855507483944,0.01577094094775785,0.02829930134229713
32,O3,2022-07-10T04:00:00Z,train,0032_44201_00571,missing_BF,linear_offline,0.02,0.024,0.02,0.020679718225860646,0.01906211634027801,0.01780315297770687,0.029668231517738782
32,O3,2022-07-12T15:00:00Z,train,0032_44201_00572,missing_BA,linear_offline,0.018000000000000002,0.027,0.018000000000000002,0.021348528844634958,0.03965503564575557,0.04545698845596638,0.026658770973597628
32,O3,2022-07-17T04:00:00Z,train,0032_44201_00573,missing_BF,linear_offline,0.0195,0.024,0.0195,0.020423903590173535,0.014349560858062554,0.012990735026240926,0.02752032973723268
32,O3,2022-07-24T04:00:00Z,train,0032_44201_00574,missing_BC,linear_offline,0.019333333333333334,0.024,0.019333333333333334,0.02019855541981479,0.018964197016129773,0.017246397386417107,0.02851755250204918
32,O3,2022-07-24T05:00:00Z,train,0032_44201_00574,missing_BC,linear_offline,0.017666666666666667,0.021,0.017666666666666667,0.018462072083288213,0.01941418175975973,0.017893553744458147,0.028450144309610813
32,O3,2022-07-26T13:00:00Z,train,0032_44201_00575,missing_AZ,linear_offline,0.0145,0.017,0.0145,0.01625920930019244,0.030055953289762505,0.03058843713501689,0.025850865841938325
32,O3,2022-07-26T14:00:00Z,train,0032_44201_00575,missing_AZ,linear_offline,0.019000000000000003,0.021,0.019000000000000003,0.020215105124120995,0.02999039603905647,0.030718388891920342,0.02658905060434454
32,O3,2022-07-26T15:00:00Z,train,0032_44201_00575,missing_AZ,linear_offline,0.0235,0.027,0.0235,0.024171000948049547,0.02984819192736328,0.030178294504131918,0.027454586224807783
32,O3,2022-07-31T04:00:00Z,train,0032_44201_00576,missing_BF,linear_offline,0.018000000000000002,0.024,0.018000000000000002,0.01897984913301246,0.020707063741420173,0.01866972585880252,0.0283027091570258
32,O3,2022-08-01T17:00:00Z,train,0032_44201_00577,missing_BA,linear_offline,0.038000000000000006,0.036,0.038000000000000006,0.03680483687818161,0.031760486218499986,0.03213738478796761,0.03096662655166328
32,O3,2022-08-07T04:00:00Z,train,0032_44201_00578,missing_BF,linear_offline,0.019,0.024,0.019,0.01950064573692179,0.019667900118749946,0.018035052418534203,0.028071436808230286
32,O3,2022-08-14T04:00:00Z,train,0032_44201_00579,missing_BF,linear_offline,0.0365,0.024,0.0365,0.03707579677237309,0.025248379779733238,0.022125058603484515,0.030421946655688835
32,O3,2022-08-18T15:00:00Z,train,0032_44201_00580,missing_BA,linear_offline,0.018666666666666668,0.027,0.018666666666666668,0.01949657359528243,0.03311171492910651,0.035359501711402605,0.02580465438586966
32,O3,2022-08-18T16:00:00Z,train,0032_44201_00580,missing_BA,linear_offline,0.025333333333333333,0.031,0.025333333333333333,0.025573965519796495,0.033156225696745055,0.03534220719623385,0.027805520543540966
32,O3,2022-08-21T04:00:00Z,train,0032_44201_00581,missing_BC,linear_offline,0.024333333333333335,0.024,0.024333333333333335,0.024574560233391413,0.02153506877125467,0.019897795309283144,0.029074851711313975
32,O3,2022-08-21T05:00:00Z,train,0032_44201_00581,missing_BC,linear_offline,0.023666666666666666,0.021,0.023666666666666666,0.02415792098858461,0.021045223365089336,0.019823817872250463,0.029131866728984202
32,O3,2022-08-28T04:00:00Z,train,0032_44201_00582,missing_BF,linear_offline,0.021,0.024,0.021,0.021635173104776886,0.01846363986982534,0.01733105775685556,0.02946990223273233
32,O3,2022-09-04T04:00:00Z,train,0032_44201_00583,missing_BF,linear_offline,0.020999999999999998,0.024,0.020999999999999998,0.02002100769696632,0.014946328129004803,0.013550540639537534,0.028745647435424394
32,O3,2022-09-11T04:00:00Z,train,0032_44201_00584,missing_BF,linear_offline,0.041999999999999996,0.024,0.041999999999999996,0.043086633006487594,0.025520703796724005,0.0278412467851462,0.031392466451647456
32,O3,2022-09-18T04:00:00Z,train,0032_44201_00585,missing_BC,linear_offline,0.027,0.024,0.027,0.02793653644921695,0.0211261406060586,0.0182409350145155,0.028987941905998904
32,O3,2022-09-18T05:00:00Z,train,0032_44201_00585,missing_BC,linear_offline,0.026000000000000002,0.021,0.026000000000000002,0.026820057678713885,0.020641922115135436,0.018151271001792202,0.02943717167315972
32,O3,2022-09-21T17:00:00Z,train,0032_44201_00586,missing_AZ,linear_offline,0.045,0.036,0.045,0.043563088075433444,0.04018913954241006,0.044606096912973466,0.030988414698997394
32,O3,2022-09-21T18:00:00Z,train,0032_44201_00586,missing_AZ,linear_offline,0.052000000000000005,0.038,0.052000000000000005,0.04983197884453908,0.038482277742046496,0.040557230234931754,0.03236477379270182
32,O3,2022-09-21T19:00:00Z,train,0032_44201_00586,missing_BA,linear_offline,0.059000000000000004,0.041,0.059000000000000004,0.056100869613644716,0.03802403419526635,0.03661896613654728,0.03387703956249264
32,O3,2022-09-25T04:00:00Z,train,0032_44201_00587,missing_BF,linear_offline,0.0235,0.024,0.0235,0.024146521042888527,0.017993685949484278,0.01860664260455331,0.028862656130636873
32,O3,2022-10-02T04:00:00Z,validation,0032_44201_00588,missing_BF,linear_offline,0.0445,0.024,0.0445,0.04488445383733843,0.05358487635131841,0.057912318107481695,0.031723327496610484
32,O3,2022-10-06T17:00:00Z,validation,0032_44201_00589,missing_BA,linear_offline,0.07200000000000001,0.036,0.07200000000000001,0.06901415819855337,0.04500324574303491,0.05020442889223438,0.03886323195039329
32,O3,2022-10-09T04:00:00Z,validation,0032_44201_00590,missing_BF,linear_offline,0.048,0.024,0.048,0.047832578052633086,0.03145619807562923,0.026465062932402812,0.031004216065155642
32,O3,2022-10-16T04:00:00Z,validation,0032_44201_00591,missing_BC,linear_offline,0.036333333333333336,0.024,0.036333333333333336,0.03599953549142738,0.029116772709980338,0.028806138574698513,0.03005774814565799
32,O3,2022-10-16T05:00:00Z,validation,0032_44201_00591,missing_BC,linear_offline,0.035666666666666666,0.021,0.035666666666666666,0.03535278597902258,0.028434187125213232,0.028637758580985745,0.0298275766723643
32,O3,2022-10-20T15:00:00Z,validation,0032_44201_00592,missing_AZ,linear_offline,0.0282,0.027,0.0282,0.02460205844059736,0.03633503911654707,0.04008261922603702,0.03058184824946804
32,O3,2022-10-20T16:00:00Z,validation,0032_44201_00592,missing_AZ,linear_offline,0.0334,0.031,0.0334,0.02983817334498958,0.0346521349160627,0.038541095853901475,0.030705402292780144
32,O3,2022-10-20T17:00:00Z,validation,0032_44201_00592,missing_AZ,linear_offline,0.0386,0.036,0.0386,0.0350742882493818,0.03274698720446729,0.036570883333976845,0.03151059348098802
32,O3,2022-10-20T18:00:00Z,validation,0032_44201_00592,missing_BA,linear_offline,0.043800000000000006,0.038,0.043800000000000006,0.04031040315377403,0.031064426611570915,0.03378167749062519,0.03211641545020489
32,O3,2022-10-23T04:00:00Z,validation,0032_44201_00593,missing_BF,linear_offline,0.0275,0.024,0.0275,0.02783130628934894,0.026172146683976445,0.025114753200235818,0.029354358861844763
32,O3,2022-10-30T04:00:00Z,validation,0032_44201_00594,missing_BF,linear_offline,0.0135,0.024,0.0135,0.015170158745490301,0.0293377291929871,0.030695679802051252,0.02908247327460584
32,O3,2022-11-06T04:00:00Z,test,0032_44201_00595,missing_BF,linear_offline,0.035500000000000004,0.024,0.035500000000000004,0.03351815737352997,0.022068471704064997,0.022438897924314027,0.02967587801413127
32,O3,2022-11-09T17:00:00Z,test,0032_44201_00596,missing_BA,linear_offline,0.034666666666666665,0.036,0.034666666666666665,0.03321321320137668,0.02844397235788023,0.028643358053449766,0.02944509352482318
32,O3,2022-11-09T18:00:00Z,test,0032_44201_00596,missing_BA,linear_offline,0.036333333333333336,0.038,0.036333333333333336,0.03495515033354416,0.027588051093779507,0.026993938625192244,0.029738162208880044
32,O3,2022-11-13T04:00:00Z,test,0032_44201_00597,missing_BC,linear_offline,0.019,0.024,0.019,0.021413707098939784,0.023959949311302305,0.023118995218374058,0.028793799908825225
32,O3,2022-11-13T05:00:00Z,test,0032_44201_00597,missing_BC,linear_offline,0.02,0.021,0.02,0.02165510168347244,0.024537048566836354,0.02321164465618706,0.029249668645968962
32,O3,2022-11-20T04:00:00Z,test,0032_44201_00598,missing_BF,linear_offline,0.0205,0.024,0.0205,0.02069271118462426,0.02241016102549738,0.020805230105129927,0.02855323924351251
32,O3,2022-11-22T15:00:00Z,test,0032_44201_00599,missing_BA,linear_offline,0.013,0.027,0.013,0.013382506631511757,0.018187336158979623,0.0163838993486895,0.025733097587367314
32,O3,2022-11-22T16:00:00Z,test,0032_44201_00599,missing_BA,linear_offline,0.013,0.031,0.013,0.013712571301200726,0.017466608276966344,0.015982426016904555,0.02523513959404668
32,O3,2022-11-27T04:00:00Z,test,0032_44201_00600,missing_BF,linear_offline,0.005,0.024,0.005,0.006657587204411408,0.013233308671160907,0.012413050033796003,0.025234519812814608
32,O3,2022-12-04T04:00:00Z,test,0032_44201_00601,missing_BF,linear_offline,0.020499999999999997,0.024,0.020499999999999997,0.020403533699582137,0.015311070257010681,0.014356757303805095,0.02876240340653137
32,O3,2022-12-06T16:00:00Z,test,0032_44201_00602,missing_BA,linear_offline,0.012333333333333335,0.031,0.012333333333333335,0.012544220557931474,0.02208302434198032,0.017860164121744394,0.02605332982066596
32,O3,2022-12-06T17:00:00Z,test,0032_44201_00602,missing_BA,linear_offline,0.01666666666666667,0.036,0.01666666666666667,0.017095180620269684,0.021855259976781616,0.017634521852567052,0.02654682931730658
32,O3,2022-12-11T04:00:00Z,test,0032_44201_00603,missing_BC,linear_offline,0.004666666666666667,0.024,0.004666666666666667,0.0057835644442716504,0.020935053322897572,0.020193666648436092,0.02881517646904536
32,O3,2022-12-11T05:00:00Z,test,0032_44201_00603,missing_BC,linear_offline,0.0033333333333333335,0.021,0.0033333333333333335,0.005371181504865807,0.02238955635479057,0.020893209360419565,0.028838817467649047
32,O3,2022-12-18T04:00:00Z,test,0032_44201_00604,missing_BF,linear_offline,0.004,0.024,0.004,0.00598479375012201,0.016905844185088306,0.016361629125037913,0.024269988762127298
32,O3,2022-12-21T15:00:00Z,test,0032_44201_00605,missing_AZ,linear_offline,0.004666666666666667,0.027,0.004666666666666667,0.005376857214059521,0.01691738782876848,0.01543706392510917,0.02524739598614374
32,O3,2022-12-21T16:00:00Z,test,0032_44201_00605,missing_AZ,linear_offline,0.006333333333333333,0.031,0.006333333333333333,0.006804234925675778,0.016379752052022495,0.015127834991008093,0.0252390075526936
32,O3,2022-12-25T04:00:00Z,test,0032_44201_00606,missing_BF,linear_offline,0.007,0.024,0.007,0.006847606595845057,0.01102311642171222,0.01039300841220973,0.0236191739489544
32,O3,2023-01-01T04:00:00Z,test,0032_44201_00607,missing_BF,linear_offline,0.008,0.024,0.008,0.009428534607337955,0.024386446528565,0.027306483607117737,0.02508832258594753
32,PM2.5,2022-01-15T18:00:00Z,train,0032_88101_00808,missing_AM,kalman_offline,2.3427712650207555,10.0,2.75,2.3427712650207555,5.39115072333078,4.545026050144891,9.247597157750834
32,PM2.5,2022-01-15T19:00:00Z,train,0032_88101_00808,missing_AM,kalman_offline,2.153710897729783,10.0,2.5,2.153710897729783,5.383379741386594,4.342688698972686,9.317914712170987
32,PM2.5,2022-01-15T20:00:00Z,train,0032_88101_00808,missing_AM,kalman_offline,1.964650530438811,9.0,2.25,1.964650530438811,4.816230133449974,4.246146386544679,9.330128621177415
32,PM2.5,2022-01-17T13:00:00Z,train,0032_88101_00809,missing_AM,kalman_offline,6.639590664037257,7.0,7.0,6.639590664037257,7.76341214228449,7.170699299311983,8.870117433130412
32,PM2.5,2022-01-17T14:00:00Z,train,0032_88101_00809,missing_AM,kalman_offline,8.060057667863207,10.0,9.0,8.060057667863207,7.655324466803978,6.589747540240707,8.739476446895432
32,PM2.5,2022-01-17T15:00:00Z,train,0032_88101_00809,missing_AM,kalman_offline,9.480524671689155,10.0,11.0,9.480524671689155,7.303230515899281,6.2783583734681745,8.776467121779346
32,PM2.5,2022-01-26T19:00:00Z,train,0032_88101_00810,missing_AI,kalman_offline,13.028865977121216,10.0,13.5,13.028865977121216,8.302418984394993,8.126645485956407,8.41685375843335
32,PM2.5,2022-02-01T21:00:00Z,train,0032_88101_00811,missing_AM,kalman_offline,7.31398092381754,8.0,6.6,7.31398092381754,5.324070973233413,4.496324710080951,9.563558809879595
32,PM2.5,2022-02-01T22:00:00Z,train,0032_88101_00811,missing_AM,kalman_offline,6.146348004968046,7.0,5.2,6.146348004968046,4.855101395188595,3.9164930642212807,9.548369672219021
32,PM2.5,2022-02-01T23:00:00Z,train,0032_88101_00811,missing_AM,kalman_offline,4.978715086118553,7.0,3.8000000000000007,4.978715086118553,4.696346783261585,4.109231361728319,9.352815473409665
32,PM2.5,2022-02-02T00:00:00Z,train,0032_88101_00811,missing_AM,kalman_offline,3.81108216726906,6.0,2.4000000000000004,3.81108216726906,4.633322752833264,3.9870172200956793,9.12617650825855
32,PM2.5,2022-02-03T12:00:00Z,train,0032_88101_00812,missing_AM,kalman_offline,2.274812062885802,7.0,2.0,2.274812062885802,5.6176574048516255,5.702265679345166,8.615300063140273
32,PM2.5,2022-02-03T13:00:00Z,train,0032_88101_00812,missing_AM,kalman_offline,2.9589884886303204,7.0,3.0,2.9589884886303204,5.169590107877951,4.675872379986601,8.682280443284
32,PM2.5,2022-02-03T14:00:00Z,train,0032_88101_00812,missing_AM,kalman_offline,3.6431649143748386,10.0,4.0,3.6431649143748386,5.841421349867241,4.872108332148782,9.012060493744478
32,PM2.5,2022-02-18T18:00:00Z,train,0032_88101_00814,missing_BA,kalman_offline,1.8660093554332784,10.0,1.1428571428571428,1.8660093554332784,5.087079923038489,4.191243858234568,8.676088269611682
32,PM2.5,2022-02-18T19:00:00Z,train,0032_88101_00814,missing_AM,kalman_offline,1.8661827430974447,10.0,1.2857142857142856,1.8661827430974447,5.063339309051021,3.839442356876977,8.748276557747682
32,PM2.5,2022-02-18T20:00:00Z,train,0032_88101_00814,missing_AM,kalman_offline,1.866356130761611,9.0,1.4285714285714286,1.866356130761611,5.406551389015032,4.0896148104581815,8.868787783487026
32,PM2.5,2022-02-18T21:00:00Z,train,0032_88101_00814,missing_AM,kalman_offline,1.8665295184257773,8.0,1.5714285714285714,1.8665295184257773,5.707019714025977,4.226363799402636,8.728335481818819
32,PM2.5,2022-02-18T22:00:00Z,train,0032_88101_00814,missing_AM,kalman_offline,1.8667029060899436,7.0,1.7142857142857142,1.8667029060899436,5.8610802486703655,4.886778188427146,8.787327927527276
32,PM2.5,2022-02-18T23:00:00Z,train,0032_88101_00814,missing_AM,kalman_offline,1.86687629375411,7.0,1.8571428571428572,1.86687629375411,6.053208280491649,4.548038175659461,8.754233671165737
32,PM2.5,2022-03-14T21:00:00Z,train,0032_88101_00816,missing_AM,kalman_offline,8.802826465877377,8.0,10.25,8.802826465877377,5.2835628325960045,5.472963222082234,9.210318121324237
32,PM2.5,2022-03-14T22:00:00Z,train,0032_88101_00816,missing_AM,kalman_offline,6.411870733633167,7.0,7.5,6.411870733633167,4.826551191588427,5.426605251937689,9.378684470212185
32,PM2.5,2022-03-14T23:00:00Z,train,0032_88101_00816,missing_AM,kalman_offline,4.020915001388959,7.0,4.75,4.020915001388959,4.57961979176942,5.071214692338906,9.30206499492408
32,PM2.5,2022-04-04T17:00:00Z,train,0032_88101_00818,missing_AZ,kalman_offline,17.343447447177002,10.0,17.8,17.343447447177002,14.094320106206194,14.508506651454772,8.449923512973513
32,PM2.5,2022-04-04T18:00:00Z,train,0032_88101_00818,missing_AZ,kalman_offline,18.231296115157583,10.0,18.6,18.231296115157583,14.036673373902087,13.516184038795984,8.202643479751755
32,PM2.5,2022-04-04T19:00:00Z,train,0032_88101_00818,missing_AM,kalman_offline,19.11914478313816,10.0,19.4,19.11914478313816,14.257181590267837,11.705406463291368,8.270688208533947
32,PM2.5,2022-04-04T20:00:00Z,train,0032_88101_00818,missing_AM,kalman_offline,20.00699345111874,9.0,20.2,20.00699345111874,13.158649268467592,12.45485905611401,8.402813140374082
32,PM2.5,2022-04-29T00:00:00Z,train,0032_88101_00820,missing_AM,kalman_offline,4.14953707969692,6.0,2.0,4.14953707969692,5.436777884069439,5.2978469489699425,8.617984100094828
32,PM2.5,2022-04-29T01:00:00Z,train,0032_88101_00820,missing_AM,kalman_offline,4.261638501241833,5.0,3.0,4.261638501241833,5.317658047322312,5.008909731406338,8.56215474780783
32,PM2.5,2022-04-29T02:00:00Z,train,0032_88101_00820,missing_AM,kalman_offline,4.373739922786746,6.0,4.0,4.373739922786746,5.602581263826098,5.50215807253355,8.465083091217497
32,PM2.5,2022-04-29T03:00:00Z,train,0032_88101_00820,missing_AM,kalman_offline,4.48584134433166,7.0,5.0,4.48584134433166,5.912148438473969,4.995058733859872,8.267568694287831
32,PM2.5,2022-05-11T13:00:00Z,train,0032_88101_00821,missing_AZ,kalman_offline,10.41072571477886,7.0,9.0,10.41072571477886,9.575001710769985,10.803099821231934,8.034948297333383
32,PM2.5,2022-05-11T14:00:00Z,train,0032_88101_00821,missing_AZ,kalman_offline,11.591545130711324,10.0,9.0,11.591545130711324,9.252281277073969,9.332437400290162,7.922490545125842
32,PM2.5,2022-05-20T10:00:00Z,train,0032_88101_00822,missing_BA,kalman_offline,28.00915575789333,7.0,27.166666666666668,28.00915575789333,20.789937183396127,22.244092766585325,7.916956120882949
32,PM2.5,2022-05-20T11:00:00Z,train,0032_88101_00822,missing_AM,kalman_offline,29.94627972668526,7.0,29.333333333333332,29.94627972668526,20.64694507795502,20.72684187494199,7.993974333833129
32,PM2.5,2022-05-20T12:00:00Z,train,0032_88101_00822,missing_AM,kalman_offline,31.883403695477188,7.0,31.5,31.883403695477188,17.51928878487922,19.776945620380125,7.864823582440879
32,PM2.5,2022-05-20T13:00:00Z,train,0032_88101_00822,missing_AM,kalman_offline,33.82052766426912,7.0,33.666666666666664,33.82052766426912,17.772153870706326,20.37876360222713,7.753276826295668
32,PM2.5,2022-05-20T14:00:00Z,train,0032_88101_00822,missing_AM,kalman_offline,35.75765163306106,10.0,35.83333333333333,35.75765163306106,18.39521689707216,21.101573097922742,7.864841821229838
32,PM2.5,2022-05-26T00:00:00Z,train,0032_88101_00823,missing_AM,kalman_offline,4.917642186296021,6.0,5.5,4.917642186296021,6.043212375935678,4.886305237761719,9.219729860530379
32,PM2.5,2022-05-26T01:00:00Z,train,0032_88101_00823,missing_AM,kalman_offline,4.733639888787933,5.0,5.0,4.733639888787933,5.8357576817922405,4.98459931249483,8.926770151436234
32,PM2.5,2022-05-26T02:00:00Z,train,0032_88101_00823,missing_AM,kalman_offline,4.549637591279844,6.0,4.5,4.549637591279844,5.463130208779382,4.305882403570263,8.910762783967519
32,PM2.5,2022-05-26T03:00:00Z,train,0032_88101_00823,missing_AM,kalman_offline,4.3656352937717555,7.0,4.0,4.3656352937717555,6.1539494975640965,4.783147485972788,8.844918030488076
32,PM2.5,2022-05-26T04:00:00Z,train,0032_88101_00823,missing_AM,kalman_offline,4.181632996263667,7.0,3.5,4.181632996263667,5.613172759180156,4.918254145345893,8.646760401785714
32,PM2.5,2022-06-02T17:00:00Z,train,0032_88101_00824,missing_AM,kalman_offline,6.708088225500652,10.0,6.2,6.708088225500652,6.188341773945063,5.225671658591594,8.555887312925899
32,PM2.5,2022-06-02T18:00:00Z,train,0032_88101_00824,missing_AM,kalman_offline,7.404908833835419,10.0,7.4,7.404908833835419,6.064874816188045,4.835361574862043,8.760893554472172
32,PM2.5,2022-06-02T19:00:00Z,train,0032_88101_00824,missing_AM,kalman_offline,8.101729442170186,10.0,8.6,8.101729442170186,5.952027026430402,5.002497644060248,8.680509551214612
32,PM2.5,2022-06-02T20:00:00Z,train,0032_88101_00824,missing_AM,kalman_offline,8.798550050504954,9.0,9.8,8.798550050504954,5.655259288806928,5.320526778220236,8.874630000396186
32,PM2.5,2022-07-04T10:00:00Z,train,0032_88101_00825,missing_AM,kalman_offline,6.457874619758988,7.0,5.75,6.457874619758988,10.00671547015691,9.535162273317441,8.255883710161225
32,PM2.5,2022-07-04T11:00:00Z,train,0032_88101_00825,missing_AM,kalman_offline,7.2423968746238305,7.0,6.5,7.2423968746238305,10.158796152813576,9.287071138090123,8.246947384905226
32,PM2.5,2022-07-04T12:00:00Z,train,0032_88101_00825,missing_AM,kalman_offline,8.026919129488673,7.0,7.25,8.026919129488673,9.733330960595865,8.833744099324521,8.240241957036705
32,PM2.5,2022-07-07T02:00:00Z,train,0032_88101_00826,missing_AM,kalman_offline,5.705710029993579,6.0,4.75,5.705710029993579,6.27095615048697,5.907950582035792,8.42477232781923
32,PM2.5,2022-07-07T03:00:00Z,train,0032_88101_00826,missing_AM,kalman_offline,5.911509276207524,7.0,5.5,5.911509276207524,6.078076135493305,5.510764474868576,8.127846625512069
32,PM2.5,2022-07-07T04:00:00Z,train,0032_88101_00826,missing_AM,kalman_offline,6.117308522421469,7.0,6.25,6.117308522421469,6.254806226966619,5.356644611749758,8.007950172745403
32,PM2.5,2022-07-07T16:00:00Z,train,0032_88101_00827,missing_AZ,kalman_offline,8.209775480244456,11.0,9.0,8.209775480244456,6.661415079505728,5.7150613428270205,8.552024672850317
32,PM2.5,2022-07-07T17:00:00Z,train,0032_88101_00827,missing_AM,kalman_offline,7.45001483990722,10.0,8.0,7.45001483990722,5.8916660688313955,6.127926938544189,8.617924195106953
32,PM2.5,2022-07-07T18:00:00Z,train,0032_88101_00827,missing_AM,kalman_offline,6.690254199569981,10.0,7.0,6.690254199569981,5.605607435304579,7.2715252114504025,8.610799196476899
32,PM2.5,2022-07-07T19:00:00Z,train,0032_88101_00827,missing_AM,kalman_offline,5.930493559232744,10.0,6.0,5.930493559232744,5.229240171990049,5.5994020542333605,8.674866663828757
32,PM2.5,2022-07-07T20:00:00Z,train,0032_88101_00827,missing_AM,kalman_offline,5.170732918895506,9.0,5.0,5.170732918895506,4.9102345288763525,4.883388708658246,8.752551404935806
32,PM2.5,2022-07-15T00:00:00Z,train,0032_88101_00828,missing_AM,kalman_offline,8.85002610486272,6.0,12.5,8.85002610486272,5.818284083404198,5.630927696128927,8.937907133329052
32,PM2.5,2022-07-15T01:00:00Z,train,0032_88101_00828,missing_AM,kalman_offline,7.101882853770653,5.0,9.0,7.101882853770653,6.596160466151808,5.3978441492376,8.99816932369302
32,PM2.5,2022-07-15T02:00:00Z,train,0032_88101_00828,missing_AM,kalman_offline,5.353739602678588,6.0,5.5,5.353739602678588,6.381011728403817,6.129484363408313,8.961498902027312
32,PM2.5,2022-07-28T17:00:00Z,train,0032_88101_00829,missing_AM,kalman_offline,7.755840551675347,10.0,8.0,7.755840551675347,6.373014543548284,5.312403598972008,8.502488226857418
32,PM2.5,2022-07-28T18:00:00Z,train,0032_88101_00829,missing_AM,kalman_offline,7.051786366592934,10.0,7.0,7.051786366592934,6.404909782971843,5.692578157071483,8.525262237440355
32,PM2.5,2022-07-28T19:00:00Z,train,0032_88101_00829,missing_AM,kalman_offline,6.347732181510521,10.0,6.0,6.347732181510521,6.396235666512291,5.45103181210303,8.531132611790229
32,PM2.5,2022-07-28T20:00:00Z,train,0032_88101_00829,missing_AM,kalman_offline,5.643677996428107,9.0,5.0,5.643677996428107,6.291144183811166,5.244707922875071,8.5735303538562
32,PM2.5,2022-07-29T01:00:00Z,train,0032_88101_00830,missing_AM,kalman_offline,5.162071699022899,5.0,6.0,5.162071699022899,5.7149963540387745,4.580909085471717,8.416785205743812
32,PM2.5,2022-07-29T02:00:00Z,train,0032_88101_00830,missing_AM,kalman_offline,4.741467331211089,6.0,5.0,4.741467331211089,5.443179489352909,4.493469396223181,8.316584234178816
32,PM2.5,2022-07-29T03:00:00Z,train,0032_88101_00830,missing_AM,kalman_offline,4.3208629633992786,7.0,4.0,4.3208629633992786,5.503746733944284,4.644177138317838,8.118577337536935
32,PM2.5,2022-08-04T16:00:00Z,train,0032_88101_00831,missing_AZ,kalman_offline,14.74805082430996,11.0,15.285714285714286,14.74805082430996,13.356346420159042,13.869183010987317,7.981202359812796
32,PM2.5,2022-08-04T17:00:00Z,train,0032_88101_00831,missing_AZ,kalman_offline,14.967187071727759,10.0,15.571428571428571,14.967187071727759,13.235663917516481,13.554844401434684,7.989080678078215
32,PM2.5,2022-08-04T18:00:00Z,train,0032_88101_00831,missing_AM,kalman_offline,15.186323319145558,10.0,15.857142857142858,15.186323319145558,13.336531967546634,13.797888213869074,8.115502634108523
32,PM2.5,2022-08-04T19:00:00Z,train,0032_88101_00831,missing_AM,kalman_offline,15.405459566563357,10.0,16.142857142857142,15.405459566563357,13.548000872391142,13.353913323783619,8.249093692047358
32,PM2.5,2022-08-04T20:00:00Z,train,0032_88101_00831,missing_AM,kalman_offline,15.624595813981156,9.0,16.428571428571427,15.624595813981156,13.961596229307935,13.423305416895024,8.241747652921799
32,PM2.5,2022-08-04T21:00:00Z,train,0032_88101_00831,missing_AM,kalman_offline,15.843732061398955,8.0,16.714285714285715,15.843732061398955,13.699489318509759,13.057892328301214,8.232804461914784
32,PM2.5,2022-08-08T21:00:00Z,train,0032_88101_00832,missing_AM,kalman_offline,3.121383294702998,8.0,3.0,3.121383294702998,5.229942050903104,5.03371364582601,8.731057699686469
32,PM2.5,2022-08-08T22:00:00Z,train,0032_88101_00832,missing_AM,kalman_offline,3.0857323815104865,7.0,3.0,3.0857323815104865,5.740844072254177,5.2048115154121835,9.198684446894156
32,PM2.5,2022-08-08T23:00:00Z,train,0032_88101_00832,missing_AM,kalman_offline,3.050081468317975,7.0,3.0,3.050081468317975,5.299565168674662,4.5508297585765,8.803885786719652
32,PM2.5,2022-08-09T00:00:00Z,train,0032_88101_00832,missing_AM,kalman_offline,3.0144305551254638,6.0,3.0,3.0144305551254638,6.44863130472613,5.330978652500192,7.67155636005402
32,PM2.5,2022-08-11T22:00:00Z,train,0032_88101_00833,missing_AM,kalman_offline,8.684741917644985,7.0,11.0,8.684741917644985,7.519007967763237,6.93683358090793,8.156462551644866
32,PM2.5,2022-08-17T10:00:00Z,train,0032_88101_00834,missing_BA,kalman_offline,11.10936269112021,7.0,12.0,11.10936269112021,9.105755301451367,8.769824507671078,8.820518251992729
32,PM2.5,2022-08-17T11:00:00Z,train,0032_88101_00834,missing_BA,kalman_offline,11.086494751035485,7.0,12.0,11.086494751035485,8.249992948199555,8.01640521409619,8.793935583956705
32,PM2.5,2022-08-22T21:00:00Z,train,0032_88101_00835,missing_AM,kalman_offline,15.284054095380087,8.0,16.833333333333332,15.284054095380087,6.922677974621717,6.365960534687326,9.10232431271449
32,PM2.5,2022-08-22T22:00:00Z,train,0032_88101_00835,missing_AM,kalman_offline,13.541963292104104,7.0,14.666666666666668,13.541963292104104,6.2805296279193445,5.7187751376133935,8.96773331841199
32,PM2.5,2022-08-22T23:00:00Z,train,0032_88101_00835,missing_AM,kalman_offline,11.799872488828122,7.0,12.5,11.799872488828122,5.506692193540588,5.226582340192046,9.259143935881793
32,PM2.5,2022-08-23T00:00:00Z,train,0032_88101_00835,missing_AM,kalman_offline,10.057781685552138,6.0,10.333333333333334,10.057781685552138,5.513138242769569,4.969439734250845,9.066403489551917
32,PM2.5,2022-08-23T01:00:00Z,train,0032_88101_00835,missing_AM,kalman_offline,8.315690882276154,5.0,8.166666666666668,8.315690882276154,5.596772314363179,4.962810039284757,8.10942796435818
32,PM2.5,2022-09-01T17:00:00Z,train,0032_88101_00836,missing_AM,kalman_offline,6.291220498490813,10.0,5.75,6.291220498490813,5.832952681835048,5.289380796632777,8.745408350952887
32,PM2.5,2022-09-01T18:00:00Z,train,0032_88101_00836,missing_AM,kalman_offline,5.460205120954324,10.0,4.5,5.460205120954324,6.162203702595079,5.418690036811846,8.81930228031846
32,PM2.5,2022-09-01T19:00:00Z,train,0032_88101_00836,missing_AM,kalman_offline,4.629189743417836,10.0,3.25,4.629189743417836,5.9741397760929384,5.297462047630525,8.87020443425016
32,PM2.5,2022-09-07T20:00:00Z,train,0032_88101_00837,missing_AM,kalman_offline,11.651131215216871,9.0,14.5,11.651131215216871,7.115626961587424,5.971857621419246,9.232576886119073
32,PM2.5,2022-09-07T21:00:00Z,train,0032_88101_00837,missing_AM,kalman_offline,11.093392882087844,8.0,14.0,11.093392882087844,8.519327188764114,8.05421097416946,9.036016409298167
32,PM2.5,2022-09-07T22:00:00Z,train,0032_88101_00837,missing_AM,kalman_offline,10.535654548958817,7.0,13.5,10.535654548958817,8.07918689923673,7.509810272275801,7.673003199157501
32,PM2.5,2022-09-14T16:00:00Z,train,0032_88101_00838,missing_BA,kalman_offline,10.814915733167913,11.0,7.666666666666667,10.814915733167913,8.530858191390829,8.750317913237827,8.734094955946171
32,PM2.5,2022-09-14T17:00:00Z,train,0032_88101_00838,missing_BA,kalman_offline,10.791758809150483,10.0,8.333333333333334,10.791758809150483,8.521689007113721,8.61778989367963,8.795973716212597
32,PM2.5,2022-09-14T18:00:00Z,train,0032_88101_00838,missing_AM,kalman_offline,10.768601885133053,10.0,9.0,10.768601885133053,7.925741347206276,8.183517751063812,8.782646612155892
32,PM2.5,2022-09-14T19:00:00Z,train,0032_88101_00838,missing_AM,kalman_offline,10.745444961115624,10.0,9.666666666666666,10.745444961115624,7.373996178496451,7.9526163075584675,8.85312192161848
32,PM2.5,2022-09-14T20:00:00Z,train,0032_88101_00838,missing_AM,kalman_offline,10.722288037098194,9.0,10.333333333333332,10.722288037098194,6.424912074146407,7.182579040162076,8.71175789014356
32,PM2.5,2022-09-27T00:00:00Z,train,0032_88101_00839,missing_AM,kalman_offline,5.016755440038422,6.0,6.0,5.016755440038422,4.558124016312715,3.7278603810013617,8.967370455609231
32,PM2.5,2022-09-27T01:00:00Z,train,0032_88101_00839,missing_AM,kalman_offline,4.3946848798114075,5.0,5.0,4.3946848798114075,4.6760191288632855,3.935066440619445,8.75165435001676
32,PM2.5,2022-09-27T02:00:00Z,train,0032_88101_00839,missing_AM,kalman_offline,3.7726143195843935,6.0,4.0,3.7726143195843935,4.8059979632025405,4.329108138641823,8.814850129041114
32,PM2.5,2022-09-29T17:00:00Z,train,0032_88101_00840,missing_AM,kalman_offline,10.86586723485727,10.0,11.25,10.86586723485727,9.352302219213461,9.089107742008117,8.95607569246882
32,PM2.5,2022-09-29T18:00:00Z,train,0032_88101_00840,missing_AM,kalman_offline,9.875493143829257,10.0,10.5,9.875493143829257,7.687384379431302,6.878801947264407,9.234783045838768
32,PM2.5,2022-09-29T19:00:00Z,train,0032_88101_00840,missing_AM,kalman_offline,8.885119052801244,10.0,9.75,8.885119052801244,7.901396337488121,6.915777003875015,9.330163945728446
32,PM2.5,2022-10-07T17:00:00Z,validation,0032_88101_00841,missing_AM,kalman_offline,7.947791081804535,10.0,7.6,7.947791081804535,9.568520022528096,9.281906887888667,9.169605790106985
32,PM2.5,2022-10-07T18:00:00Z,validation,0032_88101_00841,missing_AM,kalman_offline,8.447463981812362,10.0,8.2,8.447463981812362,9.842885181457584,9.337549502230083,9.140596891446553
32,PM2.5,2022-10-07T19:00:00Z,validation,0032_88101_00841,missing_AM,kalman_offline,8.947136881820189,10.0,8.8,8.947136881820189,9.673558465992363,9.747235573892635,9.263141218051732
32,PM2.5,2022-10-07T20:00:00Z,validation,0032_88101_00841,missing_AM,kalman_offline,9.446809781828016,9.0,9.4,9.446809781828016,9.610338106531163,9.982194781069238,9.186319438955056
32,PM2.5,2022-10-31T18:00:00Z,validation,0032_88101_00842,missing_BA,kalman_offline,9.98888680181206,10.0,11.0,9.98888680181206,5.885112892922436,4.754840046942905,9.265474944473516
32,PM2.5,2022-11-01T16:00:00Z,test,0032_88101_00843,missing_AZ,kalman_offline,8.02879105313936,11.0,10.5,8.02879105313936,4.947511259249175,4.812655750096451,8.640194909453177
32,PM2.5,2022-11-15T17:00:00Z,test,0032_88101_00845,missing_BA,kalman_offline,3.860633513275931,10.0,3.0,3.860633513275931,5.863978119702374,5.401538866670004,8.49173604148339
32,PM2.5,2022-11-30T12:00:00Z,test,0032_88101_00846,missing_AM,kalman_offline,2.458479289711358,7.0,0.5,2.458479289711358,4.487534033085061,2.685098083013682,8.662774451569351
32,PM2.5,2022-11-30T13:00:00Z,test,0032_88101_00846,missing_AM,kalman_offline,2.462048265746145,7.0,1.0,2.462048265746145,3.6548901309938895,2.7308946338842848,8.697219872007802
32,PM2.5,2022-11-30T14:00:00Z,test,0032_88101_00846,missing_AM,kalman_offline,2.4656172417809317,10.0,1.5,2.4656172417809317,3.955621346135352,2.9021715371000125,8.634561220077268
32,PM2.5,2022-12-08T18:00:00Z,test,0032_88101_00847,missing_AZ,kalman_offline,15.529706063019512,10.0,16.285714285714285,15.529706063019512,11.317988170997507,11.30839876082995,8.299387676705829
32,PM2.5,2022-12-08T19:00:00Z,test,0032_88101_00847,missing_AM,kalman_offline,15.822599417708172,10.0,16.571428571428573,15.822599417708172,10.251174780327545,10.342507717274515,8.447849741704712
32,PM2.5,2022-12-08T20:00:00Z,test,0032_88101_00847,missing_AM,kalman_offline,16.11549277239683,9.0,16.857142857142858,16.11549277239683,10.775092588475498,10.300208192135297,8.384550452311982
32,PM2.5,2022-12-08T21:00:00Z,test,0032_88101_00847,missing_AM,kalman_offline,16.40838612708549,8.0,17.142857142857142,16.40838612708549,11.436544282416914,10.933815334932143,8.382938520722233
32,PM2.5,2022-12-08T22:00:00Z,test,0032_88101_00847,missing_AM,kalman_offline,16.701279481774147,7.0,17.428571428571427,16.701279481774147,11.684507117197759,10.786895390985958,8.577569878738498
32,PM2.5,2022-12-08T23:00:00Z,test,0032_88101_00847,missing_AM,kalman_offline,16.994172836462806,7.0,17.714285714285715,16.994172836462806,11.31454062060169,10.789221360681402,8.564579248891905
52,NO2,2022-01-02T07:00:00Z,train,0052_42602_00192,missing_BF,linear_offline,-0.39999999999999997,1.0,-0.39999999999999997,-0.27322430338835174,0.4117135647285184,0.0013568876648655248,1.5894625155516637
52,NO2,2022-01-02T08:00:00Z,train,0052_42602_00192,missing_BF,linear_offline,-0.09999999999999998,1.1,-0.09999999999999998,-0.12281721907802834,0.09545495596710585,-0.07116264041055764,1.6306451095923118
52,NO2,2022-01-04T18:00:00Z,train,0052_42602_00193,missing_BA,linear_offline,2.2,0.8,2.2,2.9591682450236183,2.1409385529025573,2.6912889764777894,1.64951208474826
52,NO2,2022-01-09T07:00:00Z,train,0052_42602_00194,missing_BC,linear_offline,1.38,1.0,1.38,1.7204655664368549,1.0861841191128327,2.4657082728956894,1.4823545586343683
52,NO2,2022-01-09T08:00:00Z,train,0052_42602_00194,missing_BC,linear_offline,1.26,1.1,1.26,1.554613162684297,0.9520134474781504,1.8624062204718075,1.5046943234114354
52,NO2,2022-01-09T09:00:00Z,train,0052_42602_00194,missing_BC,linear_offline,1.1400000000000001,1.0,1.1400000000000001,1.388760758931739,0.9131634686275301,0.9638025939086678,1.5270420336549213
52,NO2,2022-01-09T10:00:00Z,train,0052_42602_00194,missing_BC,linear_offline,1.02,1.0,1.02,1.222908355179181,0.7669365380985615,0.559834549659619,1.5285424055801646
52,NO2,2022-01-16T07:00:00Z,train,0052_42602_00195,missing_BF,linear_offline,0.03333333333333333,1.0,0.03333333333333333,0.029542691242601206,0.7047443354247038,0.3072645988710365,1.6211297999993357
52,NO2,2022-01-16T08:00:00Z,train,0052_42602_00195,missing_BF,linear_offline,0.06666666666666667,1.1,0.06666666666666667,0.06158080064396394,0.4720706723428538,0.19517327437431842,1.6181135054774434
52,NO2,2022-01-18T17:00:00Z,train,0052_42602_00196,missing_BA,linear_offline,6.466666666666667,0.9,6.466666666666667,6.611832912173269,2.0369176504058117,2.6714383272405824,1.6609084102148763
52,NO2,2022-01-18T18:00:00Z,train,0052_42602_00196,missing_BA,linear_offline,4.533333333333333,0.8,4.533333333333333,5.0230448683897295,2.4458427969475705,2.860253479025627,1.675561283732836
52,NO2,2022-01-23T07:00:00Z,train,0052_42602_00197,missing_BF,linear_offline,2.033333333333333,1.0,2.033333333333333,2.077338196207117,1.6547383410733314,1.8667996181656747,1.4631340735693288
52,NO2,2022-01-23T08:00:00Z,train,0052_42602_00197,missing_BF,linear_offline,1.8666666666666667,1.1,1.8666666666666667,1.8638480836463058,1.6474920467410081,2.1236751068026045,1.4407299577538746
52,NO2,2022-01-30T07:00:00Z,train,0052_42602_00198,missing_BF,linear_offline,4.5,1.0,4.5,3.4331505074789535,1.4052811163444068,1.3820885496344346,1.5044737815163274
52,NO2,2022-01-30T08:00:00Z,train,0052_42602_00198,missing_BF,linear_offline,3.8,1.1,3.8,3.1488548062838184,1.559804301109764,1.2563505698307906,1.5251685324912063
52,NO2,2022-02-01T15:00:00Z,train,0052_42602_00199,missing_AZ,linear_offline,2.4714285714285715,1.4,2.4714285714285715,2.3664093744199186,2.3538158348258102,2.902352766322654,1.5647096836648016
52,NO2,2022-02-01T16:00:00Z,train,0052_42602_00199,missing_AZ,linear_offline,2.742857142857143,1.15,2.742857142857143,2.7391307225509847,2.5525445541110408,2.937942432527363,1.543750100701709
52,NO2,2022-02-01T17:00:00Z,train,0052_42602_00199,missing_AZ,linear_offline,3.0142857142857142,0.9,3.0142857142857142,3.1118520706820503,2.975119483469058,2.9903400288893662,1.6176226530230855
52,NO2,2022-02-01T18:00:00Z,train,0052_42602_00199,missing_AZ,linear_offline,3.2857142857142856,0.8,3.2857142857142856,3.484573418813116,3.113305819170396,3.2223616062752978,1.5790126308781138
52,NO2,2022-02-01T19:00:00Z,train,0052_42602_00199,missing_AZ,linear_offline,3.557142857142857,0.7,3.557142857142857,3.857294766944182,3.0576009396056483,3.1240162644652463,1.6536493307402336
52,NO2,2022-02-01T20:00:00Z,train,0052_42602_00199,missing_AZ,linear_offline,3.8285714285714283,0.55,3.8285714285714283,4.230016115075248,2.5710580193578974,2.6845736347715725,1.6368180094193874
52,NO2,2022-02-02T19:00:00Z,train,0052_42602_00200,missing_BA,linear_offline,3.0999999999999996,0.7,3.0999999999999996,3.025266982264154,0.5833760074107325,0.2699003607040811,1.3032980178454296
52,NO2,2022-02-06T07:00:00Z,train,0052_42602_00201,missing_BC,linear_offline,2.26,1.0,2.26,2.1798726989074373,1.583015039228129,1.7663972729255606,1.4960900149354557
52,NO2,2022-02-06T08:00:00Z,train,0052_42602_00201,missing_BC,linear_offline,2.2199999999999998,1.1,2.2199999999999998,2.1350467622107923,1.7149124314748503,1.941511877784526,1.454119158230018
52,NO2,2022-02-06T09:00:00Z,train,0052_42602_00201,missing_BC,linear_offline,2.18,1.0,2.18,2.0902208255141477,1.7767952858297344,2.105018644879025,1.4338642349738986
52,NO2,2022-02-06T10:00:00Z,train,0052_42602_00201,missing_BC,linear_offline,2.14,1.0,2.14,2.045394888817503,1.884731945845,2.07383540765707,1.4489250457508687
52,NO2,2022-02-13T07:00:00Z,train,0052_42602_00202,missing_BF,linear_offline,0.6,1.0,0.6,0.6963851160553798,1.5609121778533284,1.5561880750059225,1.5101996864157554
52,NO2,2022-02-13T08:00:00Z,train,0052_42602_00202,missing_BF,linear_offline,1.2,1.1,1.2,1.0933761077615765,1.604351125085594,1.5818552834755835,1.5096397029738504
52,NO2,2022-02-14T18:00:00Z,train,0052_42602_00203,missing_BA,linear_offline,4.0,0.8,4.0,4.8271352939600405,2.3120620793932343,2.3752391579227705,1.638160362487663
52,NO2,2022-02-14T19:00:00Z,train,0052_42602_00203,missing_BA,linear_offline,3.5,0.7,3.5,4.104187306257432,2.5404853414579396,2.615666264142016,1.6052072228486467
52,NO2,2022-02-20T07:00:00Z,train,0052_42602_00204,missing_BF,linear_offline,3.8666666666666667,1.0,3.8666666666666667,3.5547228347564848,2.8420434980177443,3.127518148248707,1.5180818062913073
52,NO2,2022-02-20T08:00:00Z,train,0052_42602_00204,missing_BF,linear_offline,3.933333333333333,1.1,3.933333333333333,3.5986412673556365,2.731355382708405,3.1063212799941877,1.5782287916119409
52,NO2,2022-02-27T07:00:00Z,train,0052_42602_00205,missing_BF,linear_offline,1.2,1.0,1.2,1.225043458465348,0.9727698002514413,1.0900169976340297,1.4920616236433204
52,NO2,2022-02-27T08:00:00Z,train,0052_42602_00205,missing_BF,linear_offline,1.1,1.1,1.1,1.1142427496245189,1.0271342524828266,1.086141550235801,1.5134748692102078
52,NO2,2022-02-28T17:00:00Z,train,0052_42602_00206,missing_BA,linear_offline,5.925,0.9,5.925,5.664636925125103,4.137232683049528,5.031730237359555,1.5312321432421474
52,NO2,2022-02-28T18:00:00Z,train,0052_42602_00206,missing_BA,linear_offline,6.35,0.8,6.35,6.1652066003200865,4.140723446799805,5.102717517529195,1.5702170393703805
52,NO2,2022-02-28T19:00:00Z,train,0052_42602_00206,missing_BA,linear_offline,6.775,0.7,6.775,6.665776275515069,4.4374786756936455,5.292604130844969,1.4892594042394258
52,NO2,2022-03-06T07:00:00Z,train,0052_42602_00207,missing_BC,linear_offline,2.3,1.0,2.3,2.1712418113678713,1.2531645934483764,1.301370400634808,1.4915239526638324
52,NO2,2022-03-06T08:00:00Z,train,0052_42602_00207,missing_BC,linear_offline,2.1,1.1,2.1,2.0215916074558686,1.1919209817302514,1.2725592923666287,1.4594381394151268
52,NO2,2022-03-06T09:00:00Z,train,0052_42602_00207,missing_BC,linear_offline,1.9,1.0,1.9,1.8719414035438657,1.1824550534825529,1.4630210198986269,1.434347985375813
52,NO2,2022-03-06T10:00:00Z,train,0052_42602_00207,missing_BC,linear_offline,1.7,1.0,1.7,1.7222911996318628,1.1564399675164418,1.2677962983614992,1.5067963626139118
52,NO2,2022-03-08T16:00:00Z,train,0052_42602_00208,missing_AZ,linear_offline,1.48,1.15,1.48,1.445772878598753,1.7416094013508014,1.8686038435497443,1.5924344747329198
52,NO2,2022-03-08T17:00:00Z,train,0052_42602_00208,missing_AZ,linear_offline,1.46,0.9,1.46,1.4260527232398124,1.7764621481689369,1.9376947526436727,1.6081999017792334
52,NO2,2022-03-08T18:00:00Z,train,0052_42602_00208,missing_AZ,linear_offline,1.44,0.8,1.44,1.4063325678808716,1.7724239544517164,1.889526533486076,1.5169150570803924
52,NO2,2022-03-08T19:00:00Z,train,0052_42602_00208,missing_AZ,linear_offline,1.42,0.7,1.42,1.386612412521931,1.7151262894047,1.835631265571471,1.5556820990168503
52,NO2,2022-03-13T07:00:00Z,train,0052_42602_00209,missing_BF,linear_offline,4.733333333333333,1.0,4.733333333333333,4.47451749164281,2.652877138517978,3.0360067618321662,1.3721746056747925
52,NO2,2022-03-13T08:00:00Z,train,0052_42602_00209,missing_BF,linear_offline,5.366666666666666,1.1,5.366666666666666,4.942603323469558,2.5273626597979604,2.8670983227849636,1.327438639780369
52,NO2,2022-03-14T17:00:00Z,train,0052_42602_00210,missing_BA,linear_offline,3.033333333333333,0.9,3.033333333333333,4.032590968426006,1.4099829067293956,1.6240039738367027,1.6443824771491027
52,NO2,2022-03-14T18:00:00Z,train,0052_42602_00210,missing_BA,linear_offline,2.166666666666667,0.8,2.166666666666667,2.9807351796629233,1.3569759238613952,1.6170302071926415,1.6836619383230271
52,NO2,2022-03-20T07:00:00Z,train,0052_42602_00211,missing_BF,linear_offline,2.5666666666666664,1.0,2.5666666666666664,2.591751326563749,1.6079500919712648,1.724127536369889,1.5940483709031859
52,NO2,2022-03-20T08:00:00Z,train,0052_42602_00211,missing_BF,linear_offline,2.2333333333333334,1.1,2.2333333333333334,2.3404151582616786,1.6437061677350644,1.7841579061341912,1.5976906016679624
52,NO2,2022-03-23T18:00:00Z,train,0052_42602_00212,missing_BA,linear_offline,0.35,0.8,0.35,0.4686455505310658,0.8779568064824268,0.8976852511882913,1.6616201502554782
52,NO2,2022-03-23T21:00:00Z,train,0052_42602_00213,missing_BC,linear_offline,0.4,0.6,0.4,0.4352572264086232,1.2834889963366123,1.1597316131725215,1.6805400903611483
52,NO2,2022-03-23T22:00:00Z,train,0052_42602_00213,missing_BC,linear_offline,0.4,0.6,0.4,0.4487122990976294,1.1541338927181144,0.9567326853110384,1.6984000364703096
52,NO2,2022-03-23T23:00:00Z,train,0052_42602_00213,missing_BC,linear_offline,0.4,0.7,0.4,0.4621673717866356,1.08217505756588,0.8596851440404777,1.7250822954690281
52,NO2,2022-03-24T00:00:00Z,train,0052_42602_00213,missing_BC,linear_offline,0.4,0.9,0.4,0.4756224444756418,1.3791904778611694,1.319845481496287,1.7532548995401518
52,NO2,2022-03-27T07:00:00Z,train,0052_42602_00214,missing_BF,linear_offline,1.8666666666666667,1.0,1.8666666666666667,1.8426775220622802,1.3361147995254508,1.4530155890513914,1.611080236520402
52,NO2,2022-03-27T08:00:00Z,train,0052_42602_00214,missing_BF,linear_offline,1.6333333333333333,1.1,1.6333333333333333,1.6223874487328644,1.3960575121531718,1.5060102428721835,1.5748531665385876
52,NO2,2022-03-28T17:00:00Z,train,0052_42602_00215,missing_BA,linear_offline,1.6333333333333333,0.9,1.6333333333333333,1.8118050564242507,1.3793441022779402,1.3416416008098915,1.599755322516888
52,NO2,2022-03-28T18:00:00Z,train,0052_42602_00215,missing_BA,linear_offline,1.5666666666666667,0.8,1.5666666666666667,1.6690836003069638,1.4004941592469347,1.3661329381664165,1.6328300078831977
52,NO2,2022-04-03T07:00:00Z,train,0052_42602_00216,missing_BC,linear_offline,2.02,1.0,2.02,2.0108300686498515,1.8650586379703382,1.8715123113956995,1.4595863486074045
52,NO2,2022-04-03T08:00:00Z,train,0052_42602_00216,missing_BC,linear_offline,1.94,1.1,1.94,1.9886770786896375,1.9258333259974605,2.00208524687755,1.4397945139207082
52,NO2,2022-04-03T09:00:00Z,train,0052_42602_00216,missing_BC,linear_offline,1.8599999999999999,1.0,1.8599999999999999,1.9665240887294237,1.8961629345400561,1.9195155254775638,1.4334924233435256
52,NO2,2022-04-03T10:00:00Z,train,0052_42602_00216,missing_BC,linear_offline,1.78,1.0,1.78,1.9443710987692098,1.7900307894930576,2.0246479100411325,1.5339242953123768
52,NO2,2022-04-10T07:00:00Z,train,0052_42602_00217,missing_BF,linear_offline,0.6666666666666667,1.0,0.6666666666666667,0.6984584478291959,0.8374226059391787,0.9760193403652055,1.6331769007933763
52,NO2,2022-04-10T08:00:00Z,train,0052_42602_00217,missing_BF,linear_offline,0.2333333333333334,1.1,0.2333333333333334,0.3966508946172689,0.7428722650372915,0.7644907099665235,1.6509762803676316
52,NO2,2022-04-14T16:00:00Z,train,0052_42602_00218,missing_BA,linear_offline,3.2,1.15,3.2,2.4132094486694284,0.9384958888064677,0.8384331968715948,1.3847277331351397
52,NO2,2022-04-14T17:00:00Z,train,0052_42602_00218,missing_BA,linear_offline,2.7,0.9,2.7,2.0811724445292823,0.9612848909788116,0.7297638888366684,1.388322602404416
52,NO2,2022-04-14T18:00:00Z,train,0052_42602_00218,missing_AZ,linear_offline,2.2,0.8,2.2,1.7491354403891366,1.110080085838519,0.9874493444739904,1.3584335748779033
52,NO2,2022-04-14T19:00:00Z,train,0052_42602_00218,missing_AZ,linear_offline,1.7000000000000002,0.7,1.7000000000000002,1.4170984362489907,1.202989005592168,1.314839381557361,1.3509309116555381
52,NO2,2022-04-14T20:00:00Z,train,0052_42602_00218,missing_AZ,linear_offline,1.2000000000000002,0.55,1.2000000000000002,1.0850614321088445,1.4146091373576535,1.3570547342007433,1.2932974013354774
52,NO2,2022-04-14T21:00:00Z,train,0052_42602_00218,missing_AZ,linear_offline,0.7000000000000002,0.6,0.7000000000000002,0.7530244279686986,1.7254073682099254,1.6123042220479518,1.3320064105987575
52,NO2,2022-04-17T07:00:00Z,train,0052_42602_00219,missing_BF,linear_offline,0.8999999999999999,1.0,0.8999999999999999,1.222256721171564,1.5569517085347153,1.49133583876914,1.4332774432749107
52,NO2,2022-04-17T08:00:00Z,train,0052_42602_00219,missing_BF,linear_offline,1.5,1.1,1.5,1.628670958765543,1.5214210161518258,1.483614727707395,1.4421510198070293
52,NO2,2022-04-18T16:00:00Z,train,0052_42602_00220,missing_BC,linear_offline,2.6,1.15,2.6,2.574981174365301,1.8896054162214735,1.7135819513586719,1.311109580531262
52,NO2,2022-04-18T17:00:00Z,train,0052_42602_00220,missing_BC,linear_offline,2.5,0.9,2.5,2.478662477691031,1.8409161192589052,1.901569761091475,1.357658546210939
52,NO2,2022-04-18T18:00:00Z,train,0052_42602_00220,missing_BC,linear_offline,2.4000000000000004,0.8,2.4000000000000004,2.382343781016761,1.7485569895834092,1.8482446844617366,1.3587244477250766
52,NO2,2022-04-18T19:00:00Z,train,0052_42602_00220,missing_BC,linear_offline,2.3000000000000003,0.7,2.3000000000000003,2.286025084342491,1.7709900493394028,1.8140065656235733,1.3773235574983425
52,NO2,2022-04-18T20:00:00Z,train,0052_42602_00220,missing_BC,linear_offline,2.2,0.55,2.2,2.1897063876682212,1.7153075691123314,1.7497206981602504,1.3591423901181103
52,NO2,2022-04-18T21:00:00Z,train,0052_42602_00220,missing_BC,linear_offline,2.1,0.6,2.1,2.0933876909939513,1.6811973016973618,1.647038514450102,1.3181691799314608
52,NO2,2022-04-18T22:00:00Z,train,0052_42602_00220,missing_BC,linear_offline,2.0,0.6,2.0,1.9970689943196813,1.6465335230473015,1.5872669750415203,1.3069794438313371
52,NO2,2022-04-18T23:00:00Z,train,0052_42602_00220,missing_BC,linear_offline,1.9,0.7,1.9,1.9007502976454114,1.5711338339812282,1.5630656273003662,1.3325732427069332
52,NO2,2022-04-20T15:00:00Z,train,0052_42602_00221,missing_AZ,linear_offline,2.325,1.4,2.325,2.343877361362082,1.5177330890006846,1.4916625187023336,1.4861565385216926
52,NO2,2022-04-20T16:00:00Z,train,0052_42602_00221,missing_AZ,linear_offline,2.05,1.15,2.05,2.1129789042722513,1.4477917000771348,1.3589222771695948,1.4709814361015763
52,NO2,2022-04-20T17:00:00Z,train,0052_42602_00221,missing_AZ,linear_offline,1.775,0.9,1.775,1.8820804471824206,1.463314918900664,1.413927275166628,1.554220321425528
52,NO2,2022-04-24T07:00:00Z,train,0052_42602_00222,missing_BF,linear_offline,0.7666666666666666,1.0,0.7666666666666666,1.0906731591349612,1.0912396800326907,1.0531336429854337,1.4861936632158115
52,NO2,2022-04-24T08:00:00Z,train,0052_42602_00222,missing_BF,linear_offline,1.2333333333333332,1.1,1.2333333333333332,1.3912292035211906,0.9917577202474732,0.889181958729904,1.5040632959163789
52,NO2,2022-04-28T19:00:00Z,train,0052_42602_00223,missing_BA,linear_offline,1.0,0.7,1.0,1.066558772362505,1.3935373332784269,1.4617856392329056,1.5531204661642342
52,NO2,2022-05-01T07:00:00Z,train,0052_42602_00224,missing_BC,linear_offline,1.46,1.0,1.46,1.7076697604590358,1.1461635510167958,1.180482232178702,1.4815812385141693
52,NO2,2022-05-01T08:00:00Z,train,0052_42602_00224,missing_BC,linear_offline,1.42,1.1,1.42,1.6298084346029753,1.1028916793872747,1.070287742092412,1.4726011601538171
52,NO2,2022-05-01T09:00:00Z,train,0052_42602_00224,missing_BC,linear_offline,1.3800000000000001,1.0,1.3800000000000001,1.5519471087469148,1.1096388753552162,1.0795581430899623,1.4035975534558283
52,NO2,2022-05-01T10:00:00Z,train,0052_42602_00224,missing_BC,linear_offline,1.34,1.0,1.34,1.474085782890854,1.1738948287709379,1.1546682334793312,1.4840432399236374
52,NO2,2022-05-08T07:00:00Z,train,0052_42602_00225,missing_BF,linear_offline,1.3,1.0,1.3,1.2996857970759688,1.0806753589238958,1.1698447621016201,1.405779099809628
52,NO2,2022-05-08T08:00:00Z,train,0052_42602_00225,missing_BF,linear_offline,1.1,1.1,1.1,1.0717255452234595,1.1328390870880023,1.1485128317773894,1.4000154765684765
52,NO2,2022-05-10T13:00:00Z,train,0052_42602_00226,missing_BA,linear_offline,3.8500000000000005,1.8,3.8500000000000005,3.0925855169393763,0.4205053409644497,0.11744702242794491,1.3174140601780742
52,NO2,2022-05-10T14:00:00Z,train,0052_42602_00226,missing_BA,linear_offline,3.3000000000000003,1.7,3.3000000000000003,2.667511778199575,0.49471615658691936,0.25708197411882905,1.2845025699862624
52,NO2,2022-05-10T15:00:00Z,train,0052_42602_00226,missing_BA,linear_offline,2.75,1.4,2.75,2.242438039459774,0.3899574514717976,0.48099287730133655,1.3083406488308695
52,NO2,2022-05-10T16:00:00Z,train,0052_42602_00226,missing_BC,linear_offline,2.2,1.15,2.2,1.8173643007199725,0.28014700794822467,0.4274091440663963,1.2766360586989556
52,NO2,2022-05-10T17:00:00Z,train,0052_42602_00226,missing_BC,linear_offline,1.6500000000000004,0.9,1.6500000000000004,1.3922905619801709,0.1972110204552473,0.46584785543973517,1.2908445073490205
52,NO2,2022-05-10T18:00:00Z,train,0052_42602_00226,missing_BC,linear_offline,1.1,0.8,1.1,0.9672168232403693,0.12888930490670347,0.11953990534007697,1.3060926791017695
52,NO2,2022-05-10T19:00:00Z,train,0052_42602_00226,missing_BC,linear_offline,0.5499999999999998,0.7,0.5499999999999998,0.5421430845005677,0.09946326459514498,0.2618733184168931,1.2658600515417922
52,NO2,2022-05-15T07:00:00Z,train,0052_42602_00227,missing_BF,linear_offline,0.03333333333333333,1.0,0.03333333333333333,0.12394117911358504,0.5789278783035389,0.253217530920105,1.5734029071587206
52,NO2,2022-05-15T08:00:00Z,train,0052_42602_00227,missing_BF,linear_offline,0.06666666666666667,1.1,0.06666666666666667,0.12915509554594198,0.5219910496458102,0.2329753638478853,1.5548991647012944
52,NO2,2022-05-22T07:00:00Z,train,0052_42602_00228,missing_BF,linear_offline,0.33333333333333337,1.0,0.33333333333333337,0.1795842936193437,0.4847987086584875,0.04308133717665519,1.3916086590854841
52,NO2,2022-05-22T08:00:00Z,train,0052_42602_00228,missing_BF,linear_offline,0.2666666666666667,1.1,0.2666666666666667,0.1446557430927705,0.4453544451177691,0.08489706362749527,1.3891081574569593
52,NO2,2022-05-26T14:00:00Z,train,0052_42602_00229,missing_BA,linear_offline,2.3666666666666667,1.7,2.3666666666666667,1.6812228649343033,0.897913211868559,0.8657241908118664,1.5445950422335533
52,NO2,2022-05-26T15:00:00Z,train,0052_42602_00229,missing_BA,linear_offline,1.8333333333333333,1.4,1.8333333333333333,1.4075185653245332,1.0003378683518758,1.0109910918093012,1.5457418173744462
52,NO2,2022-05-29T07:00:00Z,train,0052_42602_00230,missing_BC,linear_offline,0.27999999999999997,1.0,0.27999999999999997,0.10379768557711583,-0.12096973237545439,-0.4039317184415976,1.4482259605396974
52,NO2,2022-05-29T08:00:00Z,train,0052_42602_00230,missing_BC,linear_offline,-0.040000000000000036,1.1,-0.040000000000000036,-0.13335851573574325,-0.10978552733350289,-0.3546220162943172,1.4746893662811595
52,NO2,2022-05-29T09:00:00Z,train,0052_42602_00230,missing_BC,linear_offline,-0.36,1.0,-0.36,-0.37051471704860234,-0.12298384838586784,-0.364435908913725,1.4397841323272282
52,NO2,2022-05-29T10:00:00Z,train,0052_42602_00230,missing_BC,linear_offline,-0.68,1.0,-0.68,-0.6076709183614615,-0.13640955095010532,-0.32456224992496163,1.4887407698011208
52,NO2,2022-06-05T07:00:00Z,train,0052_42602_00231,missing_BF,linear_offline,0.5,1.0,0.5,0.5190776144221858,0.42125571153699726,0.4076991169154922,1.5167658198642135
52,NO2,2022-06-05T08:00:00Z,train,0052_42602_00231,missing_BF,linear_offline,0.3,1.1,0.3,0.3569351111197154,0.41561831804753346,0.25347445002012226,1.5188718933365413
52,NO2,2022-06-09T17:00:00Z,train,0052_42602_00232,missing_BA,linear_offline,0.30000000000000004,0.9,0.30000000000000004,0.48616340303911376,0.3467187082744698,0.03901210003346334,1.3747210932738796
52,NO2,2022-06-09T18:00:00Z,train,0052_42602_00232,missing_BA,linear_offline,0.10000000000000003,0.8,0.10000000000000003,0.29212012460314185,0.47172537214576127,0.15651586901503167,1.4018710597099715
52,NO2,2022-06-12T07:00:00Z,train,0052_42602_00233,missing_BF,linear_offline,-0.06666666666666665,1.0,-0.06666666666666665,0.08746445885580922,-0.12977772532644538,-0.3129869903827138,1.3998810081463697
52,NO2,2022-06-12T08:00:00Z,train,0052_42602_00233,missing_BF,linear_offline,-0.2333333333333333,1.1,-0.2333333333333333,-0.12632094383428427,-0.12352548666886132,-0.17730775882960392,1.371502002938482
52,NO2,2022-06-15T14:00:00Z,train,0052_42602_00234,missing_AZ,linear_offline,-0.2,1.7,-0.2,-0.4032443577819892,-0.14023183068967393,-0.48588867967968574,1.3264235602928918
52,NO2,2022-06-15T15:00:00Z,train,0052_42602_00234,missing_AZ,linear_offline,-0.4,1.4,-0.4,-0.530255850256041,-0.07872264130402673,-0.5411656696342153,1.381215902134495
52,NO2,2022-06-15T16:00:00Z,train,0052_42602_00234,missing_AZ,linear_offline,-0.6000000000000001,1.15,-0.6000000000000001,-0.6572673427300928,0.020719877113492213,-0.37899133734922774,1.4229127832306832
52,NO2,2022-06-15T17:00:00Z,train,0052_42602_00234,missing_AZ,linear_offline,-0.8,0.9,-0.8,-0.7842788352041445,0.19917671798783965,-0.38916107103051667,1.3879558150598696
52,NO2,2022-06-19T07:00:00Z,train,0052_42602_00235,missing_BF,linear_offline,-0.33333333333333337,1.0,-0.33333333333333337,-0.4798536893614288,0.036436885681984776,-0.28652965143018916,1.4356826861816698
52,NO2,2022-06-19T08:00:00Z,train,0052_42602_00235,missing_BF,linear_offline,-0.16666666666666669,1.1,-0.16666666666666669,-0.3763407443323917,-0.023503799856353647,-0.30613704994150104,1.4288586852449479
52,NO2,2022-06-26T07:00:00Z,train,0052_42602_00236,missing_BC,linear_offline,-0.32000000000000006,1.0,-0.32000000000000006,-0.4023476329626615,0.13424383255205496,-0.0977955832204429,1.4669207923694452
52,NO2,2022-06-26T08:00:00Z,train,0052_42602_00236,missing_BC,linear_offline,-0.44000000000000006,1.1,-0.44000000000000006,-0.459754900417466,0.0527588935558827,-0.189659567355853,1.4832578079443781
52,NO2,2022-06-26T09:00:00Z,train,0052_42602_00236,missing_BC,linear_offline,-0.56,1.0,-0.56,-0.5171621678722704,0.13043313618038588,-0.21001571476820668,1.4649612304020372
52,NO2,2022-06-26T10:00:00Z,train,0052_42602_00236,missing_BC,linear_offline,-0.6800000000000002,1.0,-0.6800000000000002,-0.5745694353270749,0.21894605198239048,-0.14003248092811882,1.4641696158001614
52,NO2,2022-06-27T16:00:00Z,train,0052_42602_00237,missing_BA,linear_offline,-0.65,1.15,-0.65,-0.5310426809416042,0.8084493594788223,0.41191453616157947,1.4058692618495179
52,NO2,2022-07-03T07:00:00Z,train,0052_42602_00238,missing_BF,linear_offline,0.06666666666666668,1.0,0.06666666666666668,0.2916989665826456,0.11308866442197463,-0.06666296531620985,1.4332097167707216
52,NO2,2022-07-03T08:00:00Z,train,0052_42602_00238,missing_BF,linear_offline,-0.06666666666666665,1.1,-0.06666666666666665,0.04970546307000001,0.1748228028122356,-0.021935180175365776,1.4344601340958978
52,NO2,2022-07-10T07:00:00Z,train,0052_42602_00239,missing_BF,linear_offline,0.9333333333333333,1.0,0.9333333333333333,1.0057260233862133,0.5416664425266939,0.4208622245294418,1.4856330064906473
52,NO2,2022-07-10T08:00:00Z,train,0052_42602_00239,missing_BF,linear_offline,1.0666666666666667,1.1,1.0666666666666667,0.9850346470569032,0.5323682414461843,0.4205453035837039,1.529245927764212
52,NO2,2022-07-11T15:00:00Z,train,0052_42602_00240,missing_BA,linear_offline,2.533333333333333,1.4,2.533333333333333,2.3449313318223393,0.691439910722377,1.1379578352797537,1.5394843372428875
52,NO2,2022-07-11T16:00:00Z,train,0052_42602_00240,missing_BA,linear_offline,1.5666666666666667,1.15,1.5666666666666667,1.6358597677791953,0.7347014731544672,1.0988833128423963,1.536791435873547
52,NO2,2022-07-17T07:00:00Z,train,0052_42602_00241,missing_BF,linear_offline,1.4666666666666668,1.0,1.4666666666666668,1.2330435014279009,0.6523697899648213,0.38887764991618035,1.326537960530112
52,NO2,2022-07-17T08:00:00Z,train,0052_42602_00241,missing_BF,linear_offline,2.0333333333333337,1.1,2.0333333333333337,1.486538582201572,0.6179900644540831,0.44550931474658917,1.3377587690146266
52,NO2,2022-07-24T07:00:00Z,train,0052_42602_00242,missing_BC,linear_offline,0.22000000000000003,1.0,0.22000000000000003,0.15291393258072655,0.24351113195480734,-0.13692697999418835,1.4612714824902544
52,NO2,2022-07-24T08:00:00Z,train,0052_42602_00242,missing_BC,linear_offline,0.040000000000000036,1.1,0.040000000000000036,0.015279425734517849,0.23655925787607668,-0.14714026713878048,1.4832739160653639
52,NO2,2022-07-24T09:00:00Z,train,0052_42602_00242,missing_BC,linear_offline,-0.14,1.0,-0.14,-0.1223550811116908,0.2016205769473347,-0.17204844646838868,1.4864805036030346
52,NO2,2022-07-24T10:00:00Z,train,0052_42602_00242,missing_BC,linear_offline,-0.31999999999999995,1.0,-0.31999999999999995,-0.2599895879578995,0.1547498687450315,-0.15616069905705343,1.5033914261900685
52,NO2,2022-07-25T18:00:00Z,train,0052_42602_00243,missing_BA,linear_offline,-2.7755575615628914e-17,0.8,-2.7755575615628914e-17,0.03567626801216284,0.36291712161287726,0.3150537187815632,1.4040160605380474
52,NO2,2022-07-25T19:00:00Z,train,0052_42602_00243,missing_BA,linear_offline,-0.20000000000000007,0.7,-0.20000000000000007,-0.13765939684318224,0.48230573621909745,0.30287936745153865,1.4170830189588237
52,NO2,2022-07-26T17:00:00Z,train,0052_42602_00244,missing_AZ,linear_offline,0.6,0.9,0.6,0.5978049230917951,0.4771343416202416,0.3083309637198901,1.3758696276387723
52,NO2,2022-07-26T18:00:00Z,train,0052_42602_00244,missing_AZ,linear_offline,0.5,0.8,0.5,0.45629063289142696,0.4901808047194405,0.29879854694044683,1.428094935882476
52,NO2,2022-07-31T07:00:00Z,train,0052_42602_00245,missing_BF,linear_offline,0.0,1.0,0.0,-0.05986154936305909,0.3701059913988374,-0.043418852619083736,1.4329119228612281
52,NO2,2022-07-31T08:00:00Z,train,0052_42602_00245,missing_BF,linear_offline,0.0,1.1,0.0,-0.07931813945598205,0.33165986667004255,-0.12262986066285064,1.462116489178543
52,NO2,2022-08-07T07:00:00Z,train,0052_42602_00246,missing_BF,linear_offline,0.09999999999999998,1.0,0.09999999999999998,0.010531477010109702,-0.031391146726670316,-0.2815163698031653,1.4448519860962699
52,NO2,2022-08-07T08:00:00Z,train,0052_42602_00246,missing_BF,linear_offline,-0.5,1.1,-0.5,-0.446982618891792,0.03816998918714942,-0.16463509101253093,1.4865420836826317
52,NO2,2022-08-11T13:00:00Z,train,0052_42602_00247,missing_BA,linear_offline,2.7333333333333334,1.8,2.7333333333333334,1.958596237100824,0.4922577025838706,0.35235448009242765,1.5356265409064467
52,NO2,2022-08-11T14:00:00Z,train,0052_42602_00247,missing_BA,linear_offline,2.3666666666666667,1.7,2.3666666666666667,1.7567641108808776,0.5460605931394746,0.3864827886029012,1.4713395865974326
52,NO2,2022-08-14T07:00:00Z,train,0052_42602_00248,missing_BF,linear_offline,2.0,1.0,2.0,1.8867498434693257,1.129596612828657,1.199750904054205,1.5450615840945316
52,NO2,2022-08-14T08:00:00Z,train,0052_42602_00248,missing_BF,linear_offline,2.6,1.1,2.6,2.3414133792486176,1.6120867443156335,0.8055463937326195,1.5564470791121616
52,NO2,2022-08-21T07:00:00Z,train,0052_42602_00249,missing_BC,linear_offline,1.56,1.0,1.56,1.8985078802413706,1.6795157441793511,1.86251226620493,1.554093317036112
52,NO2,2022-08-21T08:00:00Z,train,0052_42602_00249,missing_BC,linear_offline,1.72,1.1,1.72,2.035943207101726,1.708673137230894,1.8622829734373538,1.5334670382447306
52,NO2,2022-08-21T09:00:00Z,train,0052_42602_00249,missing_BC,linear_offline,1.8800000000000001,1.0,1.8800000000000001,2.1733785339620812,1.7123521596679623,1.7927007557939565,1.5249908834454509
52,NO2,2022-08-21T10:00:00Z,train,0052_42602_00249,missing_BC,linear_offline,2.04,1.0,2.04,2.310813860822437,1.7091370511152801,1.7476749885138905,1.5404280903326206
52,NO2,2022-08-24T16:00:00Z,train,0052_42602_00250,missing_BA,linear_offline,2.8,1.15,2.8,2.9261945962225475,2.4621605189753453,2.901119832643401,1.5974082425961955
52,NO2,2022-08-28T07:00:00Z,train,0052_42602_00251,missing_BF,linear_offline,1.7,1.0,1.7,1.7169769327263507,1.4448310853568156,1.234605750357772,1.5701784088384347
52,NO2,2022-08-28T08:00:00Z,train,0052_42602_00251,missing_BF,linear_offline,1.6,1.1,1.6,1.611364576260335,1.4217127028786367,1.4571438724124524,1.5881518719530139
52,NO2,2022-09-04T07:00:00Z,train,0052_42602_00252,missing_BF,linear_offline,2.4,1.0,2.4,2.3696367676066648,1.0565320293767098,1.0867002739864469,1.4871786042279345
52,NO2,2022-09-04T08:00:00Z,train,0052_42602_00252,missing_BF,linear_offline,2.4,1.1,2.4,2.2766910728483607,0.9176171577513156,0.9820172082637105,1.4724185555984821
52,NO2,2022-09-11T07:00:00Z,train,0052_42602_00253,missing_BF,linear_offline,2.033333333333333,1.0,2.033333333333333,2.0425975345817613,0.2798961121995154,0.08503791738115662,1.5729932975509695
52,NO2,2022-09-11T08:00:00Z,train,0052_42602_00253,missing_BF,linear_offline,1.4666666666666666,1.1,1.4666666666666666,1.507989267718954,0.34542102356865767,0.11444113845795267,1.547873634881931
52,NO2,2022-09-12T18:00:00Z,train,0052_42602_00254,missing_BA,linear_offline,0.43333333333333335,0.8,0.43333333333333335,0.496531871967682,1.3594179005236067,0.7703155802654452,1.5401765556887757
52,NO2,2022-09-12T19:00:00Z,train,0052_42602_00254,missing_BA,linear_offline,0.26666666666666666,0.7,0.26666666666666666,0.4124914465098759,1.476468709143059,0.9015841549065171,1.5206574007220452
52,NO2,2022-09-18T07:00:00Z,train,0052_42602_00255,missing_BC,linear_offline,5.02,1.0,5.02,4.3352468942369775,0.45701472658040143,0.2598659207598615,1.5017227026817104
52,NO2,2022-09-18T08:00:00Z,train,0052_42602_00255,missing_BC,linear_offline,4.54,1.1,4.54,3.9048293721766556,0.4386670193281903,0.1564720838843705,1.5055925900633471
52,NO2,2022-09-18T09:00:00Z,train,0052_42602_00255,missing_BC,linear_offline,4.0600000000000005,1.0,4.0600000000000005,3.4744118501163337,0.3578560006764273,0.5855192779732284,1.502883500937367
52,NO2,2022-09-18T10:00:00Z,train,0052_42602_00255,missing_BC,linear_offline,3.58,1.0,3.58,3.0439943280560113,0.19289714258201207,0.29244622798420883,1.5105231374851469
52,NO2,2022-09-25T07:00:00Z,train,0052_42602_00256,missing_BF,linear_offline,0.7,1.0,0.7,0.6260659190052188,0.2757036280218699,-0.01150134570596184,1.5121053965818367
52,NO2,2022-09-25T08:00:00Z,train,0052_42602_00256,missing_BF,linear_offline,0.8,1.1,0.8,0.7759832207340541,0.23098093956290167,0.10160792516178874,1.494007745284162
52,NO2,2022-09-26T15:00:00Z,train,0052_42602_00257,missing_AZ,linear_offline,-0.52,1.4,-0.52,-0.4906820880358578,0.056436497030383226,-0.13639437673815658,1.4165923330153793
52,NO2,2022-09-26T16:00:00Z,train,0052_42602_00257,missing_AZ,linear_offline,-0.64,1.15,-0.64,-0.6238373710206218,0.07724312162035907,-0.17395877550242012,1.3905830242540083
52,NO2,2022-09-26T17:00:00Z,train,0052_42602_00257,missing_AZ,linear_offline,-0.76,0.9,-0.76,-0.7569926540053857,-0.06393230216751622,-0.30921475079247207,1.3625771772430118
52,NO2,2022-09-26T18:00:00Z,train,0052_42602_00257,missing_BA,linear_offline,-0.88,0.8,-0.88,-0.8901479369901497,-0.07171690456456203,-0.30108693320455604,1.3902496404466427
52,NO2,2022-10-02T07:00:00Z,validation,0052_42602_00258,missing_BF,linear_offline,0.6333333333333333,1.0,0.6333333333333333,0.8290072773539331,1.1711981048901907,1.3739074485541796,1.4380513618438906
52,NO2,2022-10-02T08:00:00Z,validation,0052_42602_00258,missing_BF,linear_offline,1.2666666666666666,1.1,1.2666666666666666,1.269032018141257,1.1229746330677122,1.4066953152520807,1.4559103523252002
52,NO2,2022-10-09T07:00:00Z,validation,0052_42602_00259,missing_BF,linear_offline,2.6,1.0,2.6,2.010870683512726,0.7496101943109134,0.3497069855252546,1.4100652210375335
52,NO2,2022-10-09T08:00:00Z,validation,0052_42602_00259,missing_BF,linear_offline,1.6,1.1,1.6,1.392045405049273,0.6834447226969133,0.45465368870138967,1.4156043730879975
52,NO2,2022-10-10T18:00:00Z,validation,0052_42602_00260,missing_BA,linear_offline,0.09999999999999998,0.8,0.09999999999999998,0.46049289954993644,0.46333345376973023,0.04862444205141503,1.4249675134247952
52,NO2,2022-10-16T07:00:00Z,validation,0052_42602_00261,missing_BC,linear_offline,-0.8200000000000001,1.0,-0.8200000000000001,-0.7718687873402572,0.3574479186253181,-0.1237173072412816,1.5420051387236569
52,NO2,2022-10-16T08:00:00Z,validation,0052_42602_00261,missing_BC,linear_offline,-0.74,1.1,-0.74,-0.7052186091536305,0.3115478966530163,-0.19557866835263948,1.5745693016289937
52,NO2,2022-10-16T09:00:00Z,validation,0052_42602_00261,missing_BC,linear_offline,-0.66,1.0,-0.66,-0.6385684309670039,0.33235938625751027,-0.16339358564103268,1.5412470796906657
52,NO2,2022-10-16T10:00:00Z,validation,0052_42602_00261,missing_BC,linear_offline,-0.5800000000000001,1.0,-0.5800000000000001,-0.5719182527803772,0.23439050390420113,-0.19461493214337788,1.613566432689571
52,NO2,2022-10-19T16:00:00Z,validation,0052_42602_00262,missing_AZ,linear_offline,3.1,1.15,3.1,3.0368440956293767,1.7497932824393525,1.7446928504480927,1.5336643609169032
52,NO2,2022-10-19T17:00:00Z,validation,0052_42602_00262,missing_AZ,linear_offline,3.5999999999999996,0.9,3.5999999999999996,3.283518075406819,1.9149705014978884,1.7562267863253582,1.6178037300217787
52,NO2,2022-10-19T18:00:00Z,validation,0052_42602_00262,missing_AZ,linear_offline,4.1,0.8,4.1,3.530192055184261,2.202009543480556,2.1568959742718095,1.6393518204702293
52,NO2,2022-10-19T19:00:00Z,validation,0052_42602_00262,missing_AZ,linear_offline,4.6,0.7,4.6,3.7768660349617034,2.351344639118072,2.5676752125964466,1.6917670814682795
52,NO2,2022-10-23T07:00:00Z,validation,0052_42602_00263,missing_BF,linear_offline,0.09999999999999999,1.0,0.09999999999999999,0.07562991037402696,0.224184398447707,-0.0921778814564087,1.636663190467802
52,NO2,2022-10-23T08:00:00Z,validation,0052_42602_00263,missing_BF,linear_offline,-2.7755575615628914e-17,1.1,-2.7755575615628914e-17,0.012361913270832248,0.29942567047854096,0.00882329494570433,1.635823989942673
52,NO2,2022-10-24T17:00:00Z,validation,0052_42602_00264,missing_BA,linear_offline,0.65,0.9,0.65,0.9828864667913808,0.3607975969545758,0.1644905544793127,1.582855188751112
52,NO2,2022-10-30T07:00:00Z,validation,0052_42602_00265,missing_BF,linear_offline,0.19999999999999996,1.0,0.19999999999999996,0.09336590087123647,0.3286695044130361,-0.14750653323177154,1.5712710534532108
52,NO2,2022-10-30T08:00:00Z,validation,0052_42602_00265,missing_BF,linear_offline,0.5999999999999999,1.1,0.5999999999999999,0.3215230705033028,-0.0908110440442349,-0.28662324504281944,1.5927159071352548
52,NO2,2022-11-06T07:00:00Z,test,0052_42602_00266,missing_BF,linear_offline,2.2,1.0,2.2,2.3813553253521444,1.669114632724264,2.0219031151836013,1.5184149367125
52,NO2,2022-11-06T08:00:00Z,test,0052_42602_00266,missing_BF,linear_offline,2.3,1.1,2.3,2.3778002786517716,1.6363166450586604,2.0642725266200506,1.5276521658402273
52,NO2,2022-11-09T19:00:00Z,test,0052_42602_00267,missing_BA,linear_offline,2.5,0.7,2.5,2.376815984617741,2.1889736791629852,2.57312426052386,1.5352586956746286
52,NO2,2022-11-13T07:00:00Z,test,0052_42602_00268,missing_BC,linear_offline,0.18000000000000002,1.0,0.18000000000000002,0.29647483083615794,1.85763839041058,1.8633153990182612,1.4872482130294071
52,NO2,2022-11-13T08:00:00Z,test,0052_42602_00268,missing_BC,linear_offline,0.4600000000000001,1.1,0.4600000000000001,0.5069929638756295,1.8746585857846372,2.2477499466431987,1.5016863888233445
52,NO2,2022-11-13T09:00:00Z,test,0052_42602_00268,missing_BC,linear_offline,0.7400000000000001,1.0,0.7400000000000001,0.7175110969151012,1.8783257642280278,2.583087810256533,1.487985856376475
52,NO2,2022-11-13T10:00:00Z,test,0052_42602_00268,missing_BC,linear_offline,1.02,1.0,1.02,0.9280292299545728,1.7860201641914386,2.4146050020628076,1.4456104505471374
52,NO2,2022-11-20T07:00:00Z,test,0052_42602_00269,missing_BF,linear_offline,0.7000000000000001,1.0,0.7000000000000001,0.6614034014033955,0.8142630518277209,0.5697737164028629,1.5092443047105917
52,NO2,2022-11-20T08:00:00Z,test,0052_42602_00269,missing_BF,linear_offline,0.6,1.1,0.6,0.5741839823095066,0.7877551514743137,0.5292332029241094,1.533397538037332
52,NO2,2022-11-22T17:00:00Z,test,0052_42602_00270,missing_BA,linear_offline,1.85,0.9,1.85,1.7568923034073445,2.252331921566474,1.8472675115457116,1.427137845630547
52,NO2,2022-11-27T07:00:00Z,test,0052_42602_00271,missing_BF,linear_offline,1.1666666666666667,1.0,1.1666666666666667,0.8950620281295243,0.9560556374572964,0.6211522080570435,1.6080285258511562
52,NO2,2022-11-27T08:00:00Z,test,0052_42602_00271,missing_BF,linear_offline,1.3333333333333333,1.1,1.3333333333333333,0.9584746975390653,0.864074024220864,0.550897112572348,1.6282066224196803
52,NO2,2022-12-04T07:00:00Z,test,0052_42602_00272,missing_BF,linear_offline,0.4666666666666667,1.0,0.4666666666666667,0.40387755472751075,0.7442637750230918,1.556814445625103,1.441536536619156
52,NO2,2022-12-04T08:00:00Z,test,0052_42602_00272,missing_BF,linear_offline,0.23333333333333334,1.1,0.23333333333333334,0.2231827995806716,0.5310147249070952,1.009837098782286,1.406473624069689
52,NO2,2022-12-06T19:00:00Z,test,0052_42602_00273,missing_BA,linear_offline,2.466666666666667,0.7,2.466666666666667,2.819982579909123,1.91523384936709,1.773962660085103,1.4811184684873633
52,NO2,2022-12-06T20:00:00Z,test,0052_42602_00273,missing_BA,linear_offline,2.2333333333333334,0.55,2.2333333333333334,2.6456963524733874,1.809871129532834,1.7329041094354518,1.4859923153232935
52,NO2,2022-12-11T07:00:00Z,test,0052_42602_00274,missing_BC,linear_offline,0.7,1.0,0.7,0.6465753924368867,1.5893241956597306,1.3120817436406707,1.3923851501526459
52,NO2,2022-12-11T08:00:00Z,test,0052_42602_00274,missing_BC,linear_offline,0.8,1.1,0.8,0.7412293915317,1.5387351394863396,1.2379290186082184,1.444961861580404
52,NO2,2022-12-11T09:00:00Z,test,0052_42602_00274,missing_BC,linear_offline,0.9,1.0,0.9,0.8358833906265133,1.7510622403927731,1.289355812906541,1.5112455016459942
52,NO2,2022-12-11T10:00:00Z,test,0052_42602_00274,missing_BC,linear_offline,1.0,1.0,1.0,0.9305373897213266,1.352522538801017,1.2950809504078458,1.4752135281578342
52,NO2,2022-12-18T07:00:00Z,test,0052_42602_00275,missing_BF,linear_offline,3.066666666666667,1.0,3.066666666666667,3.2099788356521115,2.4232092435724413,2.327436046521375,1.3058734204266367
52,NO2,2022-12-18T08:00:00Z,test,0052_42602_00275,missing_BF,linear_offline,3.433333333333333,1.1,3.433333333333333,3.5770162219046124,2.3732456603072185,2.32395425988122,1.3679594036168534
52,NO2,2022-12-21T18:00:00Z,test,0052_42602_00277,missing_BA,linear_offline,4.8,0.8,4.8,4.957054955109028,3.13357868216755,3.708948079986352,1.4681270263856885
52,NO2,2022-12-21T19:00:00Z,test,0052_42602_00277,missing_BC,linear_offline,6.3,0.7,6.3,6.090739183880176,3.255022997074944,3.9445468330470934,1.4963292838786355
52,NO2,2022-12-21T20:00:00Z,test,0052_42602_00277,missing_BC,linear_offline,7.8,0.55,7.8,7.224423412651325,4.179045397824714,3.358111959707313,1.534839348798237
52,NO2,2022-12-21T21:00:00Z,test,0052_42602_00277,missing_BC,linear_offline,9.3,0.6,9.3,8.358107641422475,3.6709469882522665,3.666597665273258,1.6054626795484666
52,NO2,2022-12-21T22:00:00Z,test,0052_42602_00277,missing_BC,linear_offline,10.8,0.6,10.8,9.491791870193625,3.4125262204206672,4.138471176745372,1.610869766725663
52,NO2,2022-12-21T23:00:00Z,test,0052_42602_00277,missing_BC,linear_offline,12.3,0.7,12.3,10.625476098964775,3.4307864732452344,3.7617344141750717,1.7027196336314454
52,NO2,2022-12-25T07:00:00Z,test,0052_42602_00278,missing_BF,linear_offline,4.5,1.0,4.5,4.152987724309057,1.860170572550311,1.9778105619383808,1.2153073961020262
52,NO2,2022-12-25T08:00:00Z,test,0052_42602_00278,missing_BF,linear_offline,5.1,1.1,5.1,4.662377451624551,1.9707478350288492,2.1553645951186193,1.2126635502957415
52,NO2,2022-12-27T19:00:00Z,test,0052_42602_00279,missing_AZ,linear_offline,9.299999999999999,0.7,9.299999999999999,8.892369518570431,3.5705977237955535,4.222136684748677,1.5815730402374955
52,NO2,2022-12-27T20:00:00Z,test,0052_42602_00279,missing_AZ,linear_offline,7.8999999999999995,0.55,7.8999999999999995,7.927077261619096,4.0077656117010685,4.370053744487903,1.6741817335743923
52,NO2,2022-12-27T21:00:00Z,test,0052_42602_00279,missing_AZ,linear_offline,6.5,0.6,6.5,6.96178500466776,4.338944988321543,5.0995084612862405,1.6268340078027665
52,O3,2022-01-02T04:00:00Z,train,0052_44201_00608,missing_BF,linear_offline,0.009000000000000001,0.023,0.009000000000000001,0.009926919333651313,0.019348345460075488,0.021133200473395557,0.031007626946940564
52,O3,2022-01-04T18:00:00Z,train,0052_44201_00609,missing_BA,linear_offline,0.043333333333333335,0.042,0.043333333333333335,0.04072416448893032,0.026278316271580688,0.026711561451424243,0.031323213303084844
52,O3,2022-01-04T19:00:00Z,train,0052_44201_00609,missing_BA,linear_offline,0.04466666666666667,0.0445,0.04466666666666667,0.04233176963585633,0.025236329246768805,0.024263000705114408,0.03205462079031384
52,O3,2022-01-09T04:00:00Z,train,0052_44201_00610,missing_BC,linear_offline,0.017666666666666667,0.023,0.017666666666666667,0.015556129352480479,0.020671745444567055,0.014449076035701346,0.029846632167154403
52,O3,2022-01-09T05:00:00Z,train,0052_44201_00610,missing_BC,linear_offline,0.01633333333333333,0.02,0.01633333333333333,0.015156680228908261,0.0202624189585111,0.014256828139546174,0.029290920624338888
52,O3,2022-01-10T15:00:00Z,train,0052_44201_00611,missing_BC,linear_offline,0.02825,0.028,0.02825,0.02920465954516139,0.02954905998777483,0.028255108667905537,0.02884933219862242
52,O3,2022-01-10T16:00:00Z,train,0052_44201_00611,missing_BC,linear_offline,0.0305,0.033,0.0305,0.030935335263705736,0.029963632886599003,0.025897716371708394,0.029765246646895824
52,O3,2022-01-10T17:00:00Z,train,0052_44201_00611,missing_BC,linear_offline,0.03275,0.039,0.03275,0.03266601098225008,0.029500098785073262,0.024280565532390254,0.03070418332642712
52,O3,2022-01-16T04:00:00Z,train,0052_44201_00612,missing_BF,linear_offline,0.0345,0.023,0.0345,0.03464882456152649,0.023810237690341005,0.0219927903315935,0.0283688878428418
52,O3,2022-01-18T17:00:00Z,train,0052_44201_00613,missing_BA,linear_offline,0.039,0.039,0.039,0.03699694270012003,0.03104433212026328,0.0330655254252302,0.03140458846505789
52,O3,2022-01-18T18:00:00Z,train,0052_44201_00613,missing_BA,linear_offline,0.043000000000000003,0.042,0.043000000000000003,0.04096391159011888,0.030340361965792543,0.0309548658425038,0.03260529573449705
52,O3,2022-01-23T04:00:00Z,train,0052_44201_00614,missing_BF,linear_offline,0.019000000000000003,0.023,0.019000000000000003,0.020359367128940323,0.019677170175961232,0.017762774443774002,0.02841733636926341
52,O3,2022-01-30T04:00:00Z,train,0052_44201_00615,missing_BF,linear_offline,0.01,0.023,0.01,0.01187768200874156,0.02051422511315246,0.014077449000671427,0.028447990538218403
52,O3,2022-02-01T15:00:00Z,train,0052_44201_00616,missing_AZ,linear_offline,0.01011111111111111,0.028,0.01011111111111111,0.009496891556553602,0.023879189972142677,0.028177254263643366,0.02752466709080243
52,O3,2022-02-01T16:00:00Z,train,0052_44201_00616,missing_AZ,linear_offline,0.014222222222222221,0.033,0.014222222222222221,0.012567391587516033,0.024632106910110693,0.02855752187442409,0.029362566531210124
52,O3,2022-02-01T17:00:00Z,train,0052_44201_00616,missing_AZ,linear_offline,0.018333333333333333,0.039,0.018333333333333333,0.015637891618478464,0.02337784236074226,0.024306623212140284,0.029845819983402435
52,O3,2022-02-01T18:00:00Z,train,0052_44201_00616,missing_AZ,linear_offline,0.02244444444444444,0.042,0.02244444444444444,0.018708391649440895,0.021667320758557908,0.020153730410082817,0.030083154200661662
52,O3,2022-02-01T19:00:00Z,train,0052_44201_00616,missing_AZ,linear_offline,0.026555555555555554,0.0445,0.026555555555555554,0.021778891680403326,0.02034075584700506,0.01710873722866633,0.030024362455304873
52,O3,2022-02-01T20:00:00Z,train,0052_44201_00616,missing_AZ,linear_offline,0.03066666666666666,0.046,0.03066666666666666,0.024849391711365756,0.019187157353920133,0.016289366709865735,0.031247530725258547
52,O3,2022-02-01T21:00:00Z,train,0052_44201_00616,missing_BC,linear_offline,0.034777777777777776,0.047,0.034777777777777776,0.027919891742328187,0.017985195084022493,0.014800982778402378,0.031508717013696154
52,O3,2022-02-01T22:00:00Z,train,0052_44201_00616,missing_BC,linear_offline,0.03888888888888888,0.046,0.03888888888888888,0.030990391773290618,0.018894276830493852,0.014294762064490164,0.03161729173869138
52,O3,2022-02-02T18:00:00Z,train,0052_44201_00617,missing_AZ,linear_offline,0.015666666666666666,0.042,0.015666666666666666,0.014324067761006119,0.02109093207678745,0.018311268262605925,0.028649939910436913
52,O3,2022-02-02T19:00:00Z,train,0052_44201_00617,missing_BA,linear_offline,0.015333333333333332,0.0445,0.015333333333333332,0.014305910568866822,0.020071047749976895,0.01711302367555207,0.028183483242189784
52,O3,2022-02-06T04:00:00Z,train,0052_44201_00618,missing_BC,linear_offline,0.005333333333333333,0.023,0.005333333333333333,0.006953398303988417,0.015907639404779482,0.013112881685252726,0.03028421087699975
52,O3,2022-02-06T05:00:00Z,train,0052_44201_00618,missing_BC,linear_offline,0.0036666666666666666,0.02,0.0036666666666666666,0.004979686402026789,0.014943418621094957,0.013874703452960411,0.028039146654102023
52,O3,2022-02-08T17:00:00Z,train,0052_44201_00619,missing_BA,linear_offline,0.0415,0.039,0.0415,0.035249472303521615,0.029896574287725103,0.028135566401856233,0.029239389448601296
52,O3,2022-02-08T18:00:00Z,train,0052_44201_00619,missing_BA,linear_offline,0.043,0.042,0.043,0.03757832569693281,0.026354884718235577,0.024503612848913454,0.029231603313699117
52,O3,2022-02-08T19:00:00Z,train,0052_44201_00619,missing_BA,linear_offline,0.0445,0.0445,0.0445,0.03990717909034401,0.025011044540570626,0.022808705420506746,0.030760722850927378
52,O3,2022-02-08T21:00:00Z,train,0052_44201_00620,missing_BC,linear_offline,0.04533333333333333,0.047,0.04533333333333333,0.04080091836092163,0.023130476143944985,0.019288694918681834,0.030388332834001767
52,O3,2022-02-08T22:00:00Z,train,0052_44201_00620,missing_BC,linear_offline,0.04466666666666667,0.046,0.04466666666666667,0.039365804238088054,0.018251053665481923,0.025046720830099733,0.030901243940997747
52,O3,2022-02-09T15:00:00Z,train,0052_44201_00621,missing_AZ,linear_offline,0.024333333333333332,0.028,0.024333333333333332,0.024895247910088205,0.03722589738027316,0.04068143602962029,0.031114172742757143
52,O3,2022-02-09T16:00:00Z,train,0052_44201_00621,missing_AZ,linear_offline,0.03766666666666666,0.033,0.03766666666666666,0.03489448473919575,0.035012355774406076,0.03846105089283447,0.03149802867552028
52,O3,2022-02-13T04:00:00Z,train,0052_44201_00622,missing_BF,linear_offline,0.022,0.023,0.022,0.02258795590255025,0.01904446537907621,0.017868639888563572,0.029627433718807095
52,O3,2022-02-14T18:00:00Z,train,0052_44201_00623,missing_BA,linear_offline,0.04533333333333333,0.042,0.04533333333333333,0.042617310396154996,0.03354849320061584,0.0348275667854965,0.030919055130678358
52,O3,2022-02-14T19:00:00Z,train,0052_44201_00623,missing_BA,linear_offline,0.04766666666666667,0.0445,0.04766666666666667,0.04524707452650747,0.03457959743398254,0.03547775354337311,0.03139680739159069
52,O3,2022-02-20T04:00:00Z,train,0052_44201_00624,missing_BF,linear_offline,0.0125,0.023,0.0125,0.014227011381467633,0.01781663564521741,0.015951577368682933,0.026751538312773902
52,O3,2022-02-27T04:00:00Z,train,0052_44201_00625,missing_BF,linear_offline,0.015,0.023,0.015,0.015258399878406456,0.019455651648216374,0.01863805145457948,0.029821823602473343
52,O3,2022-02-28T17:00:00Z,train,0052_44201_00626,missing_BA,linear_offline,0.044000000000000004,0.039,0.044000000000000004,0.04191819258855039,0.03378219448464019,0.03797652231215157,0.03125712956012888
52,O3,2022-02-28T18:00:00Z,train,0052_44201_00626,missing_BA,linear_offline,0.046,0.042,0.046,0.044278712296661235,0.03077498797572223,0.035355073305346464,0.031361297658584635
52,O3,2022-02-28T19:00:00Z,train,0052_44201_00626,missing_BA,linear_offline,0.048,0.0445,0.048,0.04663923200477209,0.02799775082534223,0.03263615330251341,0.03146227564051201
52,O3,2022-03-06T04:00:00Z,train,0052_44201_00627,missing_BC,linear_offline,0.026333333333333334,0.023,0.026333333333333334,0.026908361130072778,0.02487202504877907,0.026106494208248506,0.030819533194115012
52,O3,2022-03-06T05:00:00Z,train,0052_44201_00627,missing_BC,linear_offline,0.026666666666666665,0.02,0.026666666666666665,0.026998678095370446,0.02530070740384564,0.026158893714353957,0.030808335887454574
52,O3,2022-03-08T16:00:00Z,train,0052_44201_00628,missing_AZ,linear_offline,0.0342,0.033,0.0342,0.034858508453260204,0.03219662158501406,0.03545012799585842,0.03123667112224802
52,O3,2022-03-08T17:00:00Z,train,0052_44201_00628,missing_AZ,linear_offline,0.0354,0.039,0.0354,0.03592306500706625,0.03164493753194597,0.03429676633084725,0.03164326737611168
52,O3,2022-03-08T18:00:00Z,train,0052_44201_00628,missing_AZ,linear_offline,0.0366,0.042,0.0366,0.036987621560872284,0.030928085790045686,0.033360534576333374,0.031787791825832495
52,O3,2022-03-08T19:00:00Z,train,0052_44201_00628,missing_AZ,linear_offline,0.0378,0.0445,0.0378,0.03805217811467833,0.029918418970250438,0.031332567776582845,0.0322667561238599
52,O3,2022-03-13T04:00:00Z,train,0052_44201_00629,missing_BF,linear_offline,0.016,0.023,0.016,0.017393241175119863,0.015374616156221236,0.016838572425412424,0.031161421120550488
52,O3,2022-03-14T17:00:00Z,train,0052_44201_00630,missing_BA,linear_offline,0.043,0.039,0.043,0.04059973347358782,0.03747056667618275,0.04300525147243326,0.03083186002472963
52,O3,2022-03-14T18:00:00Z,train,0052_44201_00630,missing_BA,linear_offline,0.043,0.042,0.043,0.04204110309266995,0.03623917557542548,0.04179334148177531,0.030985123218498233
52,O3,2022-03-20T04:00:00Z,train,0052_44201_00631,missing_BF,linear_offline,0.035,0.023,0.035,0.034458841829133856,0.024708082109503277,0.02194462948301099,0.027209263417148445
52,O3,2022-03-27T04:00:00Z,train,0052_44201_00632,missing_BF,linear_offline,0.048,0.023,0.048,0.043045662182852495,0.027390321539941753,0.02065869777144562,0.0293139319087723
52,O3,2022-03-28T17:00:00Z,train,0052_44201_00633,missing_BA,linear_offline,0.04533333333333334,0.039,0.04533333333333334,0.04572588797392075,0.037723868190590044,0.03997963770158542,0.033397096734691066
52,O3,2022-03-28T18:00:00Z,train,0052_44201_00633,missing_BA,linear_offline,0.048666666666666664,0.042,0.048666666666666664,0.04840033793275566,0.03669899211181523,0.038985195207366874,0.03415380315725485
52,O3,2022-04-03T04:00:00Z,train,0052_44201_00634,missing_BC,linear_offline,0.03133333333333334,0.023,0.03133333333333334,0.030983283023850387,0.026594331084081078,0.025639194987639554,0.027220557244196798
52,O3,2022-04-03T05:00:00Z,train,0052_44201_00634,missing_BC,linear_offline,0.029666666666666668,0.02,0.029666666666666668,0.02882413388175257,0.027311634588479922,0.02700935180219284,0.02744778789558157
52,O3,2022-04-10T04:00:00Z,train,0052_44201_00635,missing_BF,linear_offline,0.048,0.023,0.048,0.04789665240560647,0.031860543715099894,0.030653777554871062,0.03005372225054559
52,O3,2022-04-14T16:00:00Z,train,0052_44201_00636,missing_BA,linear_offline,0.04428571428571429,0.033,0.04428571428571429,0.0440482256781726,0.03606361158144474,0.03585328235623059,0.031701107218569606
52,O3,2022-04-14T17:00:00Z,train,0052_44201_00636,missing_BA,linear_offline,0.046571428571428576,0.039,0.046571428571428576,0.046084900938563406,0.034950188640459234,0.036138367798962644,0.031928101159588405
52,O3,2022-04-14T18:00:00Z,train,0052_44201_00636,missing_AZ,linear_offline,0.04885714285714286,0.042,0.04885714285714286,0.04812157619895421,0.03513878194514614,0.038182800976891425,0.032386773576258
52,O3,2022-04-14T19:00:00Z,train,0052_44201_00636,missing_AZ,linear_offline,0.05114285714285714,0.0445,0.05114285714285714,0.05015825145934502,0.03585005245446915,0.038182471395079035,0.03287719602140879
52,O3,2022-04-14T20:00:00Z,train,0052_44201_00636,missing_AZ,linear_offline,0.053428571428571436,0.046,0.053428571428571436,0.05219492671973583,0.03639847094031538,0.03558353235522914,0.033555683027853174
52,O3,2022-04-14T21:00:00Z,train,0052_44201_00636,missing_AZ,linear_offline,0.055714285714285716,0.047,0.055714285714285716,0.05423160198012664,0.03636382247520978,0.03452944073211042,0.03414321181029806
52,O3,2022-04-17T04:00:00Z,train,0052_44201_00637,missing_BF,linear_offline,0.020999999999999998,0.023,0.020999999999999998,0.021092826280968424,0.020929601779621606,0.017836214688198133,0.031109981874596997
52,O3,2022-04-20T15:00:00Z,train,0052_44201_00638,missing_AZ,linear_offline,0.02,0.028,0.02,0.020961249945108666,0.02938232566710976,0.029067840114218868,0.029051377502689893
52,O3,2022-04-20T16:00:00Z,train,0052_44201_00638,missing_AZ,linear_offline,0.022,0.033,0.022,0.022631204040316995,0.029562723037223116,0.02885045877988185,0.029005138998882053
52,O3,2022-04-20T17:00:00Z,train,0052_44201_00638,missing_AZ,linear_offline,0.024,0.039,0.024,0.02430115813552532,0.02967757058691658,0.028523307397940737,0.02895916580843319
52,O3,2022-04-20T18:00:00Z,train,0052_44201_00638,missing_AZ,linear_offline,0.026000000000000002,0.042,0.026000000000000002,0.025971112230733645,0.029311373765369186,0.02802892643980754,0.029196294625598623
52,O3,2022-04-24T04:00:00Z,train,0052_44201_00639,missing_BF,linear_offline,0.0295,0.023,0.0295,0.030126329631039176,0.0221864596670224,0.02205895340960002,0.030913090288413013
52,O3,2022-04-28T19:00:00Z,train,0052_44201_00640,missing_BA,linear_offline,0.033,0.0445,0.033,0.03242351293845775,0.028785502559847638,0.0300248754258543,0.030304089427452482
52,O3,2022-05-01T04:00:00Z,train,0052_44201_00641,missing_BC,linear_offline,0.018666666666666665,0.023,0.018666666666666665,0.020658640198281782,0.02031459552606203,0.018699218072310137,0.029908326233492676
52,O3,2022-05-01T05:00:00Z,train,0052_44201_00641,missing_BC,linear_offline,0.018333333333333333,0.02,0.018333333333333333,0.019566608808310102,0.020600695139113924,0.019038254174406105,0.03032323795419077
52,O3,2022-05-08T04:00:00Z,train,0052_44201_00642,missing_BF,linear_offline,0.027,0.023,0.027,0.028992140034888456,0.02594366078260257,0.020791829048743212,0.032464548056930664
52,O3,2022-05-10T13:00:00Z,train,0052_44201_00643,missing_BA,linear_offline,0.020749999999999998,0.017,0.020749999999999998,0.02290101035639315,0.03166130032726891,0.03366862530040154,0.029679905909472958
52,O3,2022-05-10T14:00:00Z,train,0052_44201_00643,missing_BA,linear_offline,0.0235,0.022,0.0235,0.02525656537891225,0.03120468049904378,0.0325484864237418,0.03038646645928131
52,O3,2022-05-10T15:00:00Z,train,0052_44201_00643,missing_BA,linear_offline,0.026250000000000002,0.028,0.026250000000000002,0.02761212040143135,0.03083121369125397,0.0317802053233424,0.03126327484843651
52,O3,2022-05-15T04:00:00Z,train,0052_44201_00644,missing_BF,linear_offline,0.037000000000000005,0.023,0.037000000000000005,0.03711029859569329,0.02508649476321919,0.023879159368117242,0.03039850325790102
52,O3,2022-05-22T04:00:00Z,train,0052_44201_00645,missing_BF,linear_offline,0.041499999999999995,0.023,0.041499999999999995,0.039687740645999316,0.02558173899028527,0.02400401390444335,0.02940973145418026
52,O3,2022-05-26T14:00:00Z,train,0052_44201_00646,missing_BA,linear_offline,0.027333333333333334,0.022,0.027333333333333334,0.028607876548895208,0.04488678507293805,0.053302886417972165,0.02842059922920609
52,O3,2022-05-26T15:00:00Z,train,0052_44201_00646,missing_BA,linear_offline,0.04466666666666667,0.028,0.04466666666666667,0.041740509380416735,0.04545369215679715,0.05493282479619553,0.0347522935953643
52,O3,2022-05-29T04:00:00Z,train,0052_44201_00647,missing_BC,linear_offline,0.026,0.023,0.026,0.02910341167522743,0.019294285567882326,0.016370865700434008,0.030949056492229232
52,O3,2022-05-29T05:00:00Z,train,0052_44201_00647,missing_BC,linear_offline,0.019999999999999997,0.02,0.019999999999999997,0.02316558858091592,0.019659146759135,0.017475158754385104,0.030461499996352774
52,O3,2022-06-05T04:00:00Z,train,0052_44201_00648,missing_BF,linear_offline,0.0445,0.023,0.0445,0.04475372603582096,0.0279577067528444,0.02596076513700339,0.030315305155382076
52,O3,2022-06-09T17:00:00Z,train,0052_44201_00649,missing_BA,linear_offline,0.03666666666666667,0.039,0.03666666666666667,0.034768656601564876,0.033713733750570136,0.036690206402359184,0.03082938721947437
52,O3,2022-06-09T18:00:00Z,train,0052_44201_00649,missing_BA,linear_offline,0.04133333333333333,0.042,0.04133333333333333,0.03977943826029768,0.0325650634472428,0.03504289906262276,0.0325379871242769
52,O3,2022-06-12T04:00:00Z,train,0052_44201_00650,missing_BF,linear_offline,0.0225,0.023,0.0225,0.02275891006658245,0.018046725183409103,0.01646753110434624,0.030991410462400767
52,O3,2022-06-15T14:00:00Z,train,0052_44201_00651,missing_AZ,linear_offline,0.019,0.022,0.019,0.019856665065137794,0.030092161907009914,0.029326482148772603,0.028788875123450727
52,O3,2022-06-15T15:00:00Z,train,0052_44201_00651,missing_AZ,linear_offline,0.021,0.028,0.021,0.021643014783064345,0.030329567808313338,0.029403182075029084,0.029393049376476566
52,O3,2022-06-15T16:00:00Z,train,0052_44201_00651,missing_AZ,linear_offline,0.023,0.033,0.023,0.023429364500990896,0.030124612414550233,0.029732373686096693,0.029435345610977038
52,O3,2022-06-15T17:00:00Z,train,0052_44201_00651,missing_AZ,linear_offline,0.025,0.039,0.025,0.025215714218917447,0.029476872860484525,0.029295367977773743,0.029866077847208895
52,O3,2022-06-19T04:00:00Z,train,0052_44201_00652,missing_BF,linear_offline,0.020499999999999997,0.023,0.020499999999999997,0.02093339092373035,0.018087973759723434,0.016400755945830993,0.02924871096391806
52,O3,2022-06-26T04:00:00Z,train,0052_44201_00653,missing_BC,linear_offline,0.034999999999999996,0.023,0.034999999999999996,0.0364089053010289,0.024499392318390194,0.027774639358073405,0.029552174359340246
52,O3,2022-06-26T05:00:00Z,train,0052_44201_00653,missing_BC,linear_offline,0.033,0.02,0.033,0.034158783990664715,0.02530248949978836,0.02892517385852709,0.029662443487974532
52,O3,2022-06-27T16:00:00Z,train,0052_44201_00654,missing_BA,linear_offline,0.0445,0.033,0.0445,0.041500892320779574,0.04455912613500585,0.0552479803418279,0.031822731970842066
52,O3,2022-07-03T04:00:00Z,train,0052_44201_00655,missing_BF,linear_offline,0.0155,0.023,0.0155,0.018317205880457838,0.018472026970742853,0.01666681321804018,0.030453058464475095
52,O3,2022-07-10T04:00:00Z,train,0052_44201_00656,missing_BF,linear_offline,0.020499999999999997,0.023,0.020499999999999997,0.021763189946177083,0.01609501514008518,0.014660302194276368,0.029453162068081257
52,O3,2022-07-11T15:00:00Z,train,0052_44201_00657,missing_BA,linear_offline,0.03,0.028,0.03,0.029737504338971262,0.042874842540906025,0.04602310406243043,0.03011600032408464
52,O3,2022-07-11T16:00:00Z,train,0052_44201_00657,missing_BA,linear_offline,0.038,0.033,0.038,0.037342493707930094,0.04248164767207317,0.04499501597347827,0.03140242452504396
52,O3,2022-07-17T04:00:00Z,train,0052_44201_00658,missing_BF,linear_offline,0.02,0.023,0.02,0.021087374843909594,0.014495700562206951,0.012959360593715927,0.031013935495953115
52,O3,2022-07-24T04:00:00Z,train,0052_44201_00659,missing_BC,linear_offline,0.021666666666666667,0.023,0.021666666666666667,0.022190868134822534,0.020201358748622732,0.017965260092684388,0.029469384585145298
52,O3,2022-07-24T05:00:00Z,train,0052_44201_00659,missing_BC,linear_offline,0.019333333333333334,0.02,0.019333333333333334,0.02005404940653571,0.020774572145046372,0.018857775173940286,0.029660721658420368
52,O3,2022-07-25T18:00:00Z,train,0052_44201_00660,missing_BA,linear_offline,0.04033333333333333,0.042,0.04033333333333333,0.03776566974205645,0.030988633264800208,0.031418582979643214,0.03141381310686337
52,O3,2022-07-25T19:00:00Z,train,0052_44201_00660,missing_BA,linear_offline,0.04066666666666667,0.0445,0.04066666666666667,0.038675722609395224,0.03004437536920005,0.029723705566722994,0.0321842761565686
52,O3,2022-07-26T17:00:00Z,train,0052_44201_00661,missing_AZ,linear_offline,0.033666666666666664,0.039,0.033666666666666664,0.03177105633718447,0.03209226279993828,0.032863622665296584,0.029822119872981123
52,O3,2022-07-26T18:00:00Z,train,0052_44201_00661,missing_AZ,linear_offline,0.03933333333333333,0.042,0.03933333333333333,0.03632571596402339,0.03130324688376677,0.031942397476947645,0.030764877935919317
52,O3,2022-07-31T04:00:00Z,train,0052_44201_00662,missing_BF,linear_offline,0.019999999999999997,0.023,0.019999999999999997,0.020764871055151648,0.021451286472171247,0.019267573432819117,0.02943999530410315
52,O3,2022-08-07T04:00:00Z,train,0052_44201_00663,missing_BF,linear_offline,0.019999999999999997,0.023,0.019999999999999997,0.020391501940543073,0.019787007552421285,0.0178931325255359,0.030103083542025844
52,O3,2022-08-11T13:00:00Z,train,0052_44201_00664,missing_BA,linear_offline,0.011666666666666667,0.017,0.011666666666666667,0.015950937452167857,0.03630296048524001,0.04386998751521612,0.027067564425222145
52,O3,2022-08-11T14:00:00Z,train,0052_44201_00664,missing_BA,linear_offline,0.018333333333333333,0.022,0.018333333333333333,0.020872343728393417,0.03956286737488102,0.0487298257715557,0.02771235781215454
52,O3,2022-08-14T04:00:00Z,train,0052_44201_00665,missing_BF,linear_offline,0.037,0.023,0.037,0.03466055183486461,0.02040744437258676,0.017744781160142047,0.02788271158851252
52,O3,2022-08-21T04:00:00Z,train,0052_44201_00666,missing_BC,linear_offline,0.025666666666666667,0.023,0.025666666666666667,0.025977736483092276,0.02058557957553531,0.018524266629669293,0.029925593613182838
52,O3,2022-08-21T05:00:00Z,train,0052_44201_00666,missing_BC,linear_offline,0.024333333333333332,0.02,0.024333333333333332,0.024989820395496812,0.020797841562663563,0.01904310373535987,0.029891272611149405
52,O3,2022-08-24T16:00:00Z,train,0052_44201_00667,missing_BA,linear_offline,0.028999999999999998,0.033,0.028999999999999998,0.02936078796652665,0.03471066176248528,0.039042231694157103,0.029446352231017447
52,O3,2022-08-28T04:00:00Z,train,0052_44201_00668,missing_BF,linear_offline,0.0235,0.023,0.0235,0.0234771531343386,0.018196720691215633,0.016120976770278454,0.029873252960972457
52,O3,2022-09-04T04:00:00Z,train,0052_44201_00669,missing_BF,linear_offline,0.017,0.023,0.017,0.017218358616685907,0.012751413303343045,0.01105131543222233,0.02905939022508809
52,O3,2022-09-11T04:00:00Z,train,0052_44201_00670,missing_BF,linear_offline,0.025,0.023,0.025,0.027938913777417154,0.020480673684650962,0.020840915080556223,0.026817515412471998
52,O3,2022-09-12T18:00:00Z,train,0052_44201_00671,missing_BA,linear_offline,0.06033333333333333,0.042,0.06033333333333333,0.06029301545126954,0.04151935917947158,0.05006524419225171,0.03445184822768131
52,O3,2022-09-12T19:00:00Z,train,0052_44201_00671,missing_BA,linear_offline,0.06166666666666667,0.0445,0.06166666666666667,0.06253541124999451,0.03593903342300988,0.045635431101448624,0.035493845139947564
52,O3,2022-09-18T04:00:00Z,train,0052_44201_00672,missing_BC,linear_offline,0.027666666666666666,0.023,0.027666666666666666,0.028323773726546563,0.02003847659195168,0.017021288815553225,0.02930205707607182
52,O3,2022-09-18T05:00:00Z,train,0052_44201_00672,missing_BC,linear_offline,0.024333333333333335,0.02,0.024333333333333335,0.026071333063955593,0.01992600821096642,0.01736163571160019,0.02908490503650999
52,O3,2022-09-22T17:00:00Z,train,0052_44201_00673,missing_AZ,linear_offline,0.059333333333333335,0.039,0.059333333333333335,0.055245496409298885,0.03684385932662094,0.04359842905172696,0.03546627609217214
52,O3,2022-09-22T18:00:00Z,train,0052_44201_00673,missing_AZ,linear_offline,0.06366666666666668,0.042,0.06366666666666668,0.05951073376310044,0.03639635596674215,0.03865697503869129,0.03455041013950828
52,O3,2022-09-25T04:00:00Z,train,0052_44201_00674,missing_BF,linear_offline,0.027,0.023,0.027,0.02621064966900445,0.017828368757738564,0.017344391991175843,0.02861715122841552
52,O3,2022-09-26T18:00:00Z,train,0052_44201_00675,missing_BA,linear_offline,0.0525,0.042,0.0525,0.05140783788671747,0.03743183045494117,0.038633132148720536,0.034445029650814085
52,O3,2022-10-02T04:00:00Z,validation,0052_44201_00676,missing_BF,linear_offline,0.0235,0.023,0.0235,0.025883869879179126,0.04444759376636778,0.050937950464920535,0.025393543067097877
52,O3,2022-10-09T04:00:00Z,validation,0052_44201_00677,missing_BF,linear_offline,0.0505,0.023,0.0505,0.04885513934548036,0.024647230006987875,0.024264811521757922,0.024832991262244013
52,O3,2022-10-10T18:00:00Z,validation,0052_44201_00678,missing_BA,linear_offline,0.06033333333333333,0.042,0.06033333333333333,0.05728592254333103,0.04206245633154117,0.04634931660703738,0.03274273488149819
52,O3,2022-10-10T19:00:00Z,validation,0052_44201_00678,missing_BA,linear_offline,0.06166666666666667,0.0445,0.06166666666666667,0.05899567419076464,0.04077429900107983,0.04718564081426742,0.03352991608634479
52,O3,2022-10-16T04:00:00Z,validation,0052_44201_00679,missing_BC,linear_offline,0.04033333333333333,0.023,0.04033333333333333,0.03937265013586384,0.02872927966930286,0.02874955530698563,0.030092597190417854
52,O3,2022-10-16T05:00:00Z,validation,0052_44201_00679,missing_BC,linear_offline,0.03866666666666667,0.02,0.03866666666666667,0.03789539226034427,0.028352421935494698,0.02846318449518525,0.030260235918888462
52,O3,2022-10-19T16:00:00Z,validation,0052_44201_00680,missing_AZ,linear_offline,0.0358,0.033,0.0358,0.03180277886192115,0.03220273344430929,0.036006521890733376,0.029420879558984418
52,O3,2022-10-19T17:00:00Z,validation,0052_44201_00680,missing_AZ,linear_offline,0.0386,0.039,0.0386,0.03538551401292535,0.02984041578334153,0.03317315507437839,0.030774241590624953
52,O3,2022-10-19T18:00:00Z,validation,0052_44201_00680,missing_AZ,linear_offline,0.0414,0.042,0.0414,0.038968249163929554,0.02652087577305981,0.029016634047397648,0.031044293041276955
52,O3,2022-10-19T19:00:00Z,validation,0052_44201_00680,missing_AZ,linear_offline,0.0442,0.0445,0.0442,0.04255098431493376,0.025817917787876482,0.02552422602236056,0.032044281808859106
52,O3,2022-10-23T04:00:00Z,validation,0052_44201_00681,missing_BF,linear_offline,0.0285,0.023,0.0285,0.028928088136138532,0.02615486198712608,0.025284556953376114,0.029472117053785607
52,O3,2022-10-24T17:00:00Z,validation,0052_44201_00682,missing_BA,linear_offline,0.0295,0.039,0.0295,0.029008502463214417,0.031206091344616396,0.030886132968022947,0.0296176267177099
52,O3,2022-10-30T04:00:00Z,validation,0052_44201_00683,missing_BF,linear_offline,0.014499999999999999,0.023,0.014499999999999999,0.014111101937532898,0.026194944314655706,0.0269139053801553,0.028445399201218472
52,O3,2022-11-06T04:00:00Z,test,0052_44201_00684,missing_BF,linear_offline,0.035500000000000004,0.023,0.035500000000000004,0.032083326471636746,0.015683510589080477,0.01644094986034567,0.028060632798698595
52,O3,2022-11-09T19:00:00Z,test,0052_44201_00685,missing_BA,linear_offline,0.034,0.0445,0.034,0.03400367488632726,0.0266670396568817,0.023493304757077522,0.030343946638833465
52,O3,2022-11-09T20:00:00Z,test,0052_44201_00685,missing_BA,linear_offline,0.034999999999999996,0.046,0.034999999999999996,0.03446685077807738,0.026835638174673108,0.024149599136768916,0.031210210528732345
52,O3,2022-11-13T04:00:00Z,test,0052_44201_00686,missing_BC,linear_offline,0.014333333333333333,0.023,0.014333333333333333,0.016495800246737857,0.020679102652281962,0.01982877215968759,0.02862697253100922
52,O3,2022-11-13T05:00:00Z,test,0052_44201_00686,missing_BC,linear_offline,0.014666666666666666,0.02,0.014666666666666666,0.01619958480344943,0.02179942750725012,0.020196201264089962,0.028717097854685694
52,O3,2022-11-20T04:00:00Z,test,0052_44201_00687,missing_BF,linear_offline,0.021,0.023,0.021,0.020980331248972715,0.021995604489440164,0.021096807108008916,0.02875279391912354
52,O3,2022-11-22T17:00:00Z,test,0052_44201_00688,missing_BA,linear_offline,0.018666666666666665,0.039,0.018666666666666665,0.019883220533065668,0.019128924014319766,0.01869129115889095,0.027653968627440028
52,O3,2022-11-22T18:00:00Z,test,0052_44201_00688,missing_BA,linear_offline,0.019333333333333334,0.042,0.019333333333333334,0.020393642932053903,0.019494855875631552,0.018685458502473936,0.028102041575315307
52,O3,2022-11-27T04:00:00Z,test,0052_44201_00689,missing_BF,linear_offline,0.003,0.023,0.003,0.005903821983888458,0.01417144479190328,0.01286272155634869,0.02821428101464875
52,O3,2022-12-04T04:00:00Z,test,0052_44201_00690,missing_BF,linear_offline,0.02,0.023,0.02,0.02006333516308614,0.015846758110732127,0.014875302535434436,0.029385920109897264
52,O3,2022-12-06T19:00:00Z,test,0052_44201_00691,missing_BA,linear_offline,0.025666666666666667,0.0445,0.025666666666666667,0.02390733815491866,0.020445255881429,0.016484701375109538,0.02855734201692076
52,O3,2022-12-06T20:00:00Z,test,0052_44201_00691,missing_BA,linear_offline,0.029333333333333333,0.046,0.029333333333333333,0.026411189031161797,0.019968621255984052,0.015600203606855654,0.02947175933981137
52,O3,2022-12-11T04:00:00Z,test,0052_44201_00692,missing_BC,linear_offline,0.008666666666666666,0.023,0.008666666666666666,0.009186324244623614,0.020349330624101172,0.019730696145618322,0.029045502236052845
52,O3,2022-12-11T05:00:00Z,test,0052_44201_00692,missing_BC,linear_offline,0.007333333333333334,0.02,0.007333333333333334,0.008841351491600473,0.02304278996109579,0.021594435153240915,0.0263712847092202
52,O3,2022-12-18T04:00:00Z,test,0052_44201_00693,missing_BF,linear_offline,0.007,0.023,0.007,0.008215348625213687,0.017301971986934037,0.016206039011069845,0.03202786439712154
52,O3,2022-12-20T16:00:00Z,test,0052_44201_00694,missing_AZ,linear_offline,0.019857142857142858,0.033,0.019857142857142858,0.018293585412634913,0.019821239802780954,0.02007980803455027,0.028763309462263485
52,O3,2022-12-20T17:00:00Z,test,0052_44201_00694,missing_AZ,linear_offline,0.020714285714285713,0.039,0.020714285714285713,0.019090705113847205,0.02084551227600793,0.019133968499374,0.029293862730553434
52,O3,2022-12-20T18:00:00Z,test,0052_44201_00694,missing_AZ,linear_offline,0.02157142857142857,0.042,0.02157142857142857,0.019887824815059497,0.020195270901716696,0.01876842083628923,0.029252472434059776
52,O3,2022-12-20T19:00:00Z,test,0052_44201_00694,missing_AZ,linear_offline,0.02242857142857143,0.0445,0.02242857142857143,0.020684944516271793,0.018488523952946548,0.01784752970264871,0.02973303802886424
52,O3,2022-12-20T20:00:00Z,test,0052_44201_00694,missing_AZ,linear_offline,0.023285714285714285,0.046,0.023285714285714285,0.02148206421748409,0.016824963521547602,0.01572588727685551,0.029827797979069686
52,O3,2022-12-20T21:00:00Z,test,0052_44201_00694,missing_AZ,linear_offline,0.024142857142857143,0.047,0.024142857142857143,0.022279183918696384,0.016105057027077603,0.013845734153313482,0.030074672648135337
52,O3,2022-12-25T04:00:00Z,test,0052_44201_00695,missing_BF,linear_offline,0.009999999999999998,0.023,0.009999999999999998,0.010397342881884365,0.012687666530852522,0.012853063867583284,0.034082328632926054
52,O3,2023-01-01T04:00:00Z,test,0052_44201_00696,missing_BF,linear_offline,0.0055,0.023,0.0055,0.007136669702211726,0.022925944733641963,0.024137400372229972,0.03416524765027458
59,NO2,2022-01-02T07:00:00Z,train,0059_42602_00280,missing_BF,linear_offline,1.4666666666666668,4.0,1.4666666666666668,2.1206126198189414,3.1660053396545718,3.182723083298534,4.811156261409576
59,NO2,2022-01-02T08:00:00Z,train,0059_42602_00280,missing_BF,linear_offline,1.3333333333333333,4.0,1.3333333333333333,1.8884446766125933,2.9135727765521393,3.289034917913536,4.806003639103222
59,NO2,2022-01-09T07:00:00Z,train,0059_42602_00281,missing_BC,linear_offline,8.22,4.0,8.22,7.823500246730235,3.9156603813021027,4.088626286869687,5.0718813283588045
59,NO2,2022-01-09T08:00:00Z,train,0059_42602_00281,missing_BC,linear_offline,8.74,4.0,8.74,8.107597764672706,3.619073865759252,3.8368727506488636,5.1228202728782115
59,NO2,2022-01-09T09:00:00Z,train,0059_42602_00281,missing_BC,linear_offline,9.260000000000002,4.4,9.260000000000002,8.391695282615176,3.6271566378860345,3.6136233679270955,5.293706735263615
59,NO2,2022-01-09T10:00:00Z,train,0059_42602_00281,missing_BC,linear_offline,9.780000000000001,4.6,9.780000000000001,8.675792800557646,3.4911715552214213,3.4997747176754666,5.1323959900055725
59,NO2,2022-01-11T17:00:00Z,train,0059_42602_00282,missing_BA,linear_offline,3.3499999999999996,2.1,3.3499999999999996,4.294609171265449,4.430400084903323,4.341546539393355,4.39563662496971
59,NO2,2022-01-11T21:00:00Z,train,0059_42602_00283,missing_BC,linear_offline,4.3,1.6,4.3,4.221362112067616,7.338487700259636,4.9393218885611585,4.384406762239112
59,NO2,2022-01-11T22:00:00Z,train,0059_42602_00283,missing_BC,linear_offline,4.7,1.7,4.7,4.568176316144452,7.496610850382534,5.025424414611492,4.402450527622436
59,NO2,2022-01-11T23:00:00Z,train,0059_42602_00283,missing_BC,linear_offline,5.1,1.8,5.1,4.914990520221289,7.792811197953311,5.358970163027312,4.396058243696726
59,NO2,2022-01-12T00:00:00Z,train,0059_42602_00283,missing_BC,linear_offline,5.5,2.2,5.5,5.261804724298125,7.298710615450341,6.676606200960377,4.219462500400114
59,NO2,2022-01-15T08:00:00Z,train,0059_42602_00285,missing_BF,linear_offline,7.6499999999999995,4.0,7.6499999999999995,6.784131765852706,3.1094931202649283,2.301355332358712,4.822237910999624
59,NO2,2022-01-16T07:00:00Z,train,0059_42602_00286,missing_BF,linear_offline,2.333333333333333,4.0,2.333333333333333,2.5831675605505646,5.482719607140298,5.500087504252254,4.565667438420841
59,NO2,2022-01-16T08:00:00Z,train,0059_42602_00286,missing_BF,linear_offline,2.3666666666666667,4.0,2.3666666666666667,2.7026674738645124,5.762240857592417,8.660376045099959,4.5793829416106355
59,NO2,2022-01-20T15:00:00Z,train,0059_42602_00287,missing_AZ,linear_offline,2.2,2.8,2.2,2.1208139514970537,2.9305901794076874,2.225332266029024,4.5325271511300445
59,NO2,2022-01-20T16:00:00Z,train,0059_42602_00287,missing_AZ,linear_offline,2.4,2.45,2.4,2.250322079987534,2.753247071767895,2.18542630992189,4.4560650008167135
59,NO2,2022-01-23T07:00:00Z,train,0059_42602_00288,missing_BF,linear_offline,4.1,4.0,4.1,3.9487721802107614,4.6401829186624814,4.943049940488626,4.509103492143484
59,NO2,2022-01-23T08:00:00Z,train,0059_42602_00288,missing_BF,linear_offline,4.0,4.0,4.0,3.8750983692831307,4.7422308895727525,4.675567231309085,4.319925926612814
59,NO2,2022-01-27T14:00:00Z,train,0059_42602_00289,missing_BA,linear_offline,11.100000000000001,3.4,11.100000000000001,9.793036177009126,4.800947447309524,5.626054961636707,4.498306396176045
59,NO2,2022-01-30T07:00:00Z,train,0059_42602_00290,missing_BF,linear_offline,6.566666666666666,4.0,6.566666666666666,7.181803661873753,6.245501684309634,9.33987590072324,4.545004925026747
59,NO2,2022-01-30T08:00:00Z,train,0059_42602_00290,missing_BF,linear_offline,8.633333333333333,4.0,8.633333333333333,8.206210828109125,5.731287071790916,7.118140820228655,4.6087703540134815
59,NO2,2022-02-06T07:00:00Z,train,0059_42602_00291,missing_BC,linear_offline,8.56,4.0,8.56,10.825340640461768,4.986844071482395,8.103585447497071,5.554690585291896
59,NO2,2022-02-06T08:00:00Z,train,0059_42602_00291,missing_BC,linear_offline,8.82,4.0,8.82,10.532816267957346,4.890420321967544,9.983361356696982,4.735674395074621
59,NO2,2022-02-06T09:00:00Z,train,0059_42602_00291,missing_BC,linear_offline,9.08,4.4,9.08,10.240291895452923,4.699848508716303,5.905458637467614,4.539548481575313
59,NO2,2022-02-06T10:00:00Z,train,0059_42602_00291,missing_BC,linear_offline,9.34,4.6,9.34,9.947767522948501,4.818390890946425,5.576355678736657,4.569622613004709
59,NO2,2022-02-08T18:00:00Z,train,0059_42602_00292,missing_BA,linear_offline,5.15,1.9,5.15,7.092078549865335,8.18755542855305,11.454540634223495,4.714671699357553
59,NO2,2022-02-10T17:00:00Z,train,0059_42602_00293,missing_BA,linear_offline,20.42857142857143,2.1,20.42857142857143,21.113961271455132,9.945162536524897,10.083880374449926,4.659892693017508
59,NO2,2022-02-10T18:00:00Z,train,0059_42602_00293,missing_BC,linear_offline,17.557142857142857,1.9,17.557142857142857,19.734884143464733,11.027180817234196,12.68023242652561,4.188016937564124
59,NO2,2022-02-10T19:00:00Z,train,0059_42602_00293,missing_BC,linear_offline,14.685714285714287,1.8,14.685714285714287,18.355807015474333,11.310710158281752,15.225192923814388,3.83967536693579
59,NO2,2022-02-10T20:00:00Z,train,0059_42602_00293,missing_BC,linear_offline,11.814285714285715,1.7,11.814285714285715,16.976729887483934,9.104140122956816,14.429985371431892,3.7698862824185495
59,NO2,2022-02-10T21:00:00Z,train,0059_42602_00293,missing_BC,linear_offline,8.942857142857143,1.6,8.942857142857143,15.597652759493533,6.669050656623025,12.3802806904717,3.9946937146719836
59,NO2,2022-02-10T22:00:00Z,train,0059_42602_00293,missing_BC,linear_offline,6.071428571428573,1.7,6.071428571428573,14.218575631503134,6.959454917241143,11.238240788594219,3.8973226793657476
59,NO2,2022-02-13T07:00:00Z,train,0059_42602_00294,missing_BF,linear_offline,9.9,4.0,9.9,8.643985752999114,6.211164841139242,7.226161871745454,4.529723197078781
59,NO2,2022-02-13T08:00:00Z,train,0059_42602_00294,missing_BF,linear_offline,6.2,4.0,6.2,6.637094640781694,5.163553896348893,5.595610269485841,4.501331229983468
59,NO2,2022-02-20T07:00:00Z,train,0059_42602_00295,missing_BF,linear_offline,12.066666666666666,4.0,12.066666666666666,12.023836747208323,5.077021427704556,4.969026351111976,5.074782939206702
59,NO2,2022-02-20T08:00:00Z,train,0059_42602_00295,missing_BF,linear_offline,14.033333333333333,4.0,14.033333333333333,13.010077937163421,5.06160778132887,4.670417135890924,4.761392022618919
59,NO2,2022-02-27T07:00:00Z,train,0059_42602_00296,missing_BF,linear_offline,3.3333333333333335,4.0,3.3333333333333335,3.3756569804639804,2.727431192865037,2.500610573924245,4.902434449040965
59,NO2,2022-02-27T08:00:00Z,train,0059_42602_00296,missing_BF,linear_offline,3.0666666666666664,4.0,3.0666666666666664,3.071644466080249,2.523443238354623,2.4015818256432038,4.853553729274942
59,NO2,2022-03-02T14:00:00Z,train,0059_42602_00297,missing_AL,linear_offline,14.333333333333334,3.4,14.333333333333334,11.626944295458884,3.6319346861779067,4.460394860895424,5.15459875323362
59,NO2,2022-03-02T15:00:00Z,train,0059_42602_00297,missing_AZ,linear_offline,10.666666666666668,2.8,10.666666666666668,9.255271734264785,3.830860391794985,3.758084674074179,4.7105784284759356
59,NO2,2022-03-06T07:00:00Z,train,0059_42602_00298,missing_BC,linear_offline,2.86,4.0,2.86,2.649107064047366,2.305947431407681,1.5967068449559916,4.649803599535628
59,NO2,2022-03-06T08:00:00Z,train,0059_42602_00298,missing_BC,linear_offline,3.12,4.0,3.12,2.7363667819777437,2.2750412105604005,1.6003057283046558,4.668079615671979
59,NO2,2022-03-06T09:00:00Z,train,0059_42602_00298,missing_BC,linear_offline,3.38,4.4,3.38,2.823626499908122,2.3590312580814423,1.6508690583262076,4.591500336658881
59,NO2,2022-03-06T10:00:00Z,train,0059_42602_00298,missing_BC,linear_offline,3.6399999999999997,4.6,3.6399999999999997,2.9108862178384998,2.4527397175925043,1.8051168538040385,4.619798734570814
59,NO2,2022-03-13T07:00:00Z,train,0059_42602_00299,missing_BF,linear_offline,21.266666666666666,4.0,21.266666666666666,21.331516315793035,5.284914799397509,5.489607309792306,5.0274317299998135
59,NO2,2022-03-13T08:00:00Z,train,0059_42602_00299,missing_BF,linear_offline,18.233333333333334,4.0,18.233333333333334,18.67933565022586,5.291452305074072,6.236689681978467,5.044015548569551
59,NO2,2022-03-20T07:00:00Z,train,0059_42602_00300,missing_BF,linear_offline,5.0,4.0,5.0,5.616441476992181,3.214621182081782,3.4889092470863368,4.4576090781430775
59,NO2,2022-03-20T08:00:00Z,train,0059_42602_00300,missing_BF,linear_offline,5.1000000000000005,4.0,5.1000000000000005,5.818236026952865,3.197068822131742,3.15976258805369,4.304336884468442
59,NO2,2022-03-22T17:00:00Z,train,0059_42602_00301,missing_BA,linear_offline,2.7,2.1,2.7,2.9830949060877217,3.0943902068167324,3.1526551947693795,3.898983513790673
59,NO2,2022-03-27T07:00:00Z,train,0059_42602_00302,missing_BF,linear_offline,6.033333333333333,4.0,6.033333333333333,5.9220149395818265,3.709349621980455,3.7378863649051746,4.702500960956352
59,NO2,2022-03-27T08:00:00Z,train,0059_42602_00302,missing_BF,linear_offline,4.766666666666667,4.0,4.766666666666667,5.087509334917927,3.051119327479503,2.863764242897865,4.757957089721832
59,NO2,2022-04-03T07:00:00Z,train,0059_42602_00303,missing_BC,linear_offline,2.84,4.0,2.84,2.622817325880403,2.646543420842507,2.1225888434638893,4.628351870212658
59,NO2,2022-04-03T08:00:00Z,train,0059_42602_00303,missing_BC,linear_offline,3.08,4.0,3.08,2.790649696243423,2.6458553640516196,2.089503553151409,4.902367189222888
59,NO2,2022-04-03T09:00:00Z,train,0059_42602_00303,missing_BC,linear_offline,3.32,4.4,3.32,2.958482066606443,2.5966800388503977,2.0219182124193695,4.831742968157883
59,NO2,2022-04-03T10:00:00Z,train,0059_42602_00303,missing_BC,linear_offline,3.5599999999999996,4.6,3.5599999999999996,3.126314436969463,2.5769101115503363,2.0099577073998085,4.955079637652529
59,NO2,2022-04-04T15:00:00Z,train,0059_42602_00304,missing_AZ,linear_offline,2.625,2.8,2.625,2.2633591020153245,3.221815975969472,3.5469348495428243,4.154362317045703
59,NO2,2022-04-04T16:00:00Z,train,0059_42602_00304,missing_AZ,linear_offline,2.45,2.45,2.45,2.152937109241093,3.124385707431183,3.1941901019180636,4.200555022336373
59,NO2,2022-04-04T17:00:00Z,train,0059_42602_00304,missing_AZ,linear_offline,2.275,2.1,2.275,2.042515116466862,3.392262016606894,3.0457324477736156,4.087985088990729
59,NO2,2022-04-06T17:00:00Z,train,0059_42602_00305,missing_BA,linear_offline,1.35,2.1,1.35,1.899427711417931,1.8747460011627148,3.1701436393121862,5.027139205531361
59,NO2,2022-04-10T07:00:00Z,train,0059_42602_00306,missing_BF,linear_offline,1.7,4.0,1.7,1.8601706845746924,2.7075930395837666,2.0223067586391537,4.617986435494795
59,NO2,2022-04-10T08:00:00Z,train,0059_42602_00306,missing_BF,linear_offline,1.9000000000000001,4.0,1.9000000000000001,2.091906567476216,2.684564466998195,1.9624504256868862,4.565914478901822
59,NO2,2022-04-17T07:00:00Z,train,0059_42602_00307,missing_BF,linear_offline,3.2,4.0,3.2,2.9256286074867353,2.569698521288188,1.8341944994425274,4.761107153135287
59,NO2,2022-04-17T08:00:00Z,train,0059_42602_00307,missing_BF,linear_offline,2.9,4.0,2.9,2.7429708620851923,2.5952843047250074,1.8207782095428726,4.668563143159721
59,NO2,2022-04-19T22:00:00Z,train,0059_42602_00308,missing_BC,linear_offline,3.2399999999999998,1.7,3.2399999999999998,3.2296860546721704,3.0619364899120027,2.4862544302573015,4.450960259325603
59,NO2,2022-04-19T23:00:00Z,train,0059_42602_00308,missing_BC,linear_offline,3.1799999999999997,1.8,3.1799999999999997,3.1224815868546676,2.9790346393592237,2.42748807795908,4.496118408281929
59,NO2,2022-04-20T00:00:00Z,train,0059_42602_00308,missing_BC,linear_offline,3.12,2.2,3.12,3.015277119037165,2.9657085742321048,2.515976729665952,4.421641537405472
59,NO2,2022-04-20T01:00:00Z,train,0059_42602_00308,missing_BC,linear_offline,3.06,2.8,3.06,2.9080726512196624,3.1594606992348755,2.7007420511307973,4.365846582661417
59,NO2,2022-04-24T07:00:00Z,train,0059_42602_00309,missing_BF,linear_offline,2.0666666666666664,4.0,2.0666666666666664,2.00222228840952,2.229362801337234,1.5176907538820155,4.539148712999143
59,NO2,2022-04-24T08:00:00Z,train,0059_42602_00309,missing_BF,linear_offline,2.433333333333333,4.0,2.433333333333333,2.1926643631081806,2.223316998374919,1.4850207650760674,4.621633292559005
59,NO2,2022-04-25T17:00:00Z,train,0059_42602_00310,missing_BA,linear_offline,3.0333333333333337,2.1,3.0333333333333337,2.8046313565535193,3.265025764068625,2.3528099107099596,4.792184236216554
59,NO2,2022-04-25T18:00:00Z,train,0059_42602_00310,missing_BA,linear_offline,2.8666666666666667,1.9,2.8666666666666667,2.90061436176941,3.2925300502058077,2.420759123341781,4.540068760422214
59,NO2,2022-05-01T07:00:00Z,train,0059_42602_00311,missing_BC,linear_offline,3.84,4.0,3.84,3.7417620447734876,2.3367680353373657,1.7748566244912571,4.937382650513564
59,NO2,2022-05-01T08:00:00Z,train,0059_42602_00311,missing_BC,linear_offline,3.78,4.0,3.78,3.6588080046584017,2.3954182994191946,1.808821569175842,5.014467976047417
59,NO2,2022-05-01T09:00:00Z,train,0059_42602_00311,missing_BC,linear_offline,3.72,4.4,3.72,3.5758539645433163,2.302225473739973,1.7987104490325438,4.991482063280162
59,NO2,2022-05-01T10:00:00Z,train,0059_42602_00311,missing_BC,linear_offline,3.66,4.6,3.66,3.492899924428231,2.2573711273486663,1.8103228380434082,4.9156447046525935
59,NO2,2022-05-03T16:00:00Z,train,0059_42602_00312,missing_BA,linear_offline,2.3,2.45,2.3,2.609411385824196,2.9759117028337223,2.417198291956493,4.476459979923381
59,NO2,2022-05-03T17:00:00Z,train,0059_42602_00312,missing_BA,linear_offline,2.1999999999999997,2.1,2.1999999999999997,2.49265592042069,2.8738920107751404,2.368459672491203,4.418991240452411
59,NO2,2022-05-03T18:00:00Z,train,0059_42602_00312,missing_BC,linear_offline,2.1,1.9,2.1,2.375900455017184,2.6626394013505257,2.229109220675049,4.344252669427444
59,NO2,2022-05-03T19:00:00Z,train,0059_42602_00312,missing_BC,linear_offline,2.0,1.8,2.0,2.259144989613678,2.5806460414233467,2.2041334577761,4.444943534157567
59,NO2,2022-05-03T20:00:00Z,train,0059_42602_00312,missing_BC,linear_offline,1.9,1.7,1.9,2.1423895242101723,2.6408698136469626,2.0983910648474,4.397007461814376
59,NO2,2022-05-03T21:00:00Z,train,0059_42602_00312,missing_BC,linear_offline,1.7999999999999998,1.6,1.7999999999999998,2.0256340588066664,2.6385147538511493,2.002264670616665,4.507041179776846
59,NO2,2022-05-08T07:00:00Z,train,0059_42602_00313,missing_BF,linear_offline,2.6333333333333333,4.0,2.6333333333333333,2.5054089709932894,2.336246901807694,1.6565816093280192,4.678565579240632
59,NO2,2022-05-08T08:00:00Z,train,0059_42602_00313,missing_BF,linear_offline,2.1666666666666665,4.0,2.1666666666666665,2.2778008195691477,2.3558817149096742,1.64704126863536,4.711699131259592
59,NO2,2022-05-09T23:00:00Z,train,0059_42602_00314,missing_BC,linear_offline,1.76,1.8,1.76,1.714918840286992,2.494428318999512,1.8045365613625557,4.261187444404955
59,NO2,2022-05-10T00:00:00Z,train,0059_42602_00314,missing_BC,linear_offline,1.82,2.2,1.82,1.7500649075112757,2.5924263941788,1.8675966912624977,4.294143974899957
59,NO2,2022-05-10T01:00:00Z,train,0059_42602_00314,missing_BC,linear_offline,1.88,2.8,1.88,1.7852109747355596,2.6263526923380813,1.8517441838638922,4.210492047315202
59,NO2,2022-05-10T02:00:00Z,train,0059_42602_00314,missing_BC,linear_offline,1.94,3.0,1.94,1.8203570419598436,2.7108209162895154,1.9047883235289764,4.294283325351774
59,NO2,2022-05-12T17:00:00Z,train,0059_42602_00315,missing_BA,linear_offline,1.8142857142857143,2.1,1.8142857142857143,2.388474817787859,2.8037583776207686,2.1554459706365963,4.6633961770468595
59,NO2,2022-05-12T18:00:00Z,train,0059_42602_00315,missing_BC,linear_offline,1.8285714285714285,1.9,1.8285714285714285,2.310835776972663,2.6842107026511846,2.123044277900545,4.575472805092795
59,NO2,2022-05-12T19:00:00Z,train,0059_42602_00315,missing_BC,linear_offline,1.8428571428571427,1.8,1.8428571428571427,2.233196736157467,2.5847508969725252,1.980331281102007,4.563329918201896
59,NO2,2022-05-12T20:00:00Z,train,0059_42602_00315,missing_BC,linear_offline,1.8571428571428572,1.7,1.8571428571428572,2.155557695342271,2.623958986016964,1.9900250187720259,4.481236894831579
59,NO2,2022-05-12T21:00:00Z,train,0059_42602_00315,missing_BC,linear_offline,1.8714285714285714,1.6,1.8714285714285714,2.0779186545270747,2.7024949683342836,2.0663162325311286,4.32299787945301
59,NO2,2022-05-12T22:00:00Z,train,0059_42602_00315,missing_BC,linear_offline,1.8857142857142857,1.7,1.8857142857142857,2.0002796137118786,2.5638434240641983,2.017502698262942,4.348731039927671
59,NO2,2022-05-15T07:00:00Z,train,0059_42602_00316,missing_BF,linear_offline,4.1,4.0,4.1,4.5885061725031,3.20873442443514,3.1256139237334306,4.611930543559768
59,NO2,2022-05-15T08:00:00Z,train,0059_42602_00316,missing_BF,linear_offline,5.9,4.0,5.9,5.965213245950604,3.060749744304216,2.766480682515249,4.916492419901142
59,NO2,2022-05-18T16:00:00Z,train,0059_42602_00317,missing_BA,linear_offline,1.7625,2.45,1.7625,1.9385951025444823,2.5127574741081555,1.94316580956035,4.67789090009312
59,NO2,2022-05-18T17:00:00Z,train,0059_42602_00317,missing_BA,linear_offline,1.725,2.1,1.725,1.888246048318021,2.4226409118431067,1.8488165609316565,4.697542983361095
59,NO2,2022-05-18T18:00:00Z,train,0059_42602_00317,missing_BC,linear_offline,1.6875,1.9,1.6875,1.8378969940915597,2.4330582313791957,1.8620862913161207,4.555322581119697
59,NO2,2022-05-18T19:00:00Z,train,0059_42602_00317,missing_BC,linear_offline,1.65,1.8,1.65,1.7875479398650984,2.462631741665427,1.887429196205455,4.366158913474088
59,NO2,2022-05-18T20:00:00Z,train,0059_42602_00317,missing_BC,linear_offline,1.6125,1.7,1.6125,1.7371988856386371,2.4507262336241826,1.8390835821744065,4.305948444573605
59,NO2,2022-05-18T21:00:00Z,train,0059_42602_00317,missing_BC,linear_offline,1.575,1.6,1.575,1.6868498314121758,2.396927743513267,1.7702101230258993,4.230160007244654
59,NO2,2022-05-18T22:00:00Z,train,0059_42602_00317,missing_BC,linear_offline,1.5375,1.7,1.5375,1.6365007771857145,2.2147334564644896,1.6410403550985904,4.524134909519868
59,NO2,2022-05-19T18:00:00Z,train,0059_42602_00318,missing_BA,linear_offline,1.4666666666666666,1.9,1.4666666666666666,1.523562724652886,2.4895722344546223,1.6288738343710638,4.372069750878803
59,NO2,2022-05-19T19:00:00Z,train,0059_42602_00318,missing_BA,linear_offline,1.4333333333333333,1.8,1.4333333333333333,1.4921092662940176,2.489473537174616,1.6383041811070895,4.458849111363639
59,NO2,2022-05-20T22:00:00Z,train,0059_42602_00319,missing_BC,linear_offline,2.46,1.7,2.46,2.338661139873554,2.862822456804311,2.0719384101199227,4.383883547742693
59,NO2,2022-05-20T23:00:00Z,train,0059_42602_00319,missing_BC,linear_offline,2.52,1.8,2.52,2.4469490082561247,2.7217968267567243,1.9423286663660795,4.243423494728877
59,NO2,2022-05-21T00:00:00Z,train,0059_42602_00319,missing_BC,linear_offline,2.58,2.2,2.58,2.5552368766386957,2.5019382307089084,1.7981248055337113,4.38692718457108
59,NO2,2022-05-21T01:00:00Z,train,0059_42602_00319,missing_BC,linear_offline,2.64,2.8,2.64,2.6635247450212667,2.509215668704555,1.8188470724015442,4.465644582596604
59,NO2,2022-05-22T07:00:00Z,train,0059_42602_00320,missing_BF,linear_offline,2.5,4.0,2.5,2.516437377872052,2.792907325158387,2.1350779140372196,4.666536095747422
59,NO2,2022-05-22T08:00:00Z,train,0059_42602_00320,missing_BF,linear_offline,2.9,4.0,2.9,2.7728575887623843,2.6620580684256696,1.969223972448766,4.447425570085076
59,NO2,2022-05-29T07:00:00Z,train,0059_42602_00321,missing_BC,linear_offline,3.52,4.0,3.52,3.0135507848394503,1.8296636402721167,1.3993473640970864,4.904305349626988
59,NO2,2022-05-29T08:00:00Z,train,0059_42602_00321,missing_BC,linear_offline,3.04,4.0,3.04,2.6923461810422307,1.857751934862831,1.3906001690160443,4.879350507875872
59,NO2,2022-05-29T09:00:00Z,train,0059_42602_00321,missing_BC,linear_offline,2.56,4.4,2.56,2.371141577245011,1.9158159608838994,1.4453842941626855,4.771881953030435
59,NO2,2022-05-29T10:00:00Z,train,0059_42602_00321,missing_BC,linear_offline,2.08,4.6,2.08,2.0499369734477915,1.9034368842672031,1.4583011520430311,4.895159575093631
59,NO2,2022-06-01T16:00:00Z,train,0059_42602_00322,missing_BA,linear_offline,1.8555555555555554,2.45,1.8555555555555554,1.995077693235151,2.5761579907117342,2.166159530653186,4.5804257939418775
59,NO2,2022-06-01T17:00:00Z,train,0059_42602_00322,missing_BA,linear_offline,1.8111111111111111,2.1,1.8111111111111111,1.9299912425400412,2.755699342438896,2.0426865578366034,4.497723205245165
59,NO2,2022-06-01T18:00:00Z,train,0059_42602_00322,missing_BA,linear_offline,1.7666666666666666,1.9,1.7666666666666666,1.8649047918449315,2.517717606990401,1.7429444048622251,4.449020185175298
59,NO2,2022-06-01T19:00:00Z,train,0059_42602_00322,missing_BC,linear_offline,1.722222222222222,1.8,1.722222222222222,1.7998183411498219,2.4525494577756244,1.7219887724377507,4.3337643926412905
59,NO2,2022-06-01T20:00:00Z,train,0059_42602_00322,missing_BC,linear_offline,1.6777777777777778,1.7,1.6777777777777778,1.7347318904547122,2.46099996645472,1.8801119225606486,4.3637505289053795
59,NO2,2022-06-01T21:00:00Z,train,0059_42602_00322,missing_BC,linear_offline,1.6333333333333333,1.6,1.6333333333333333,1.6696454397596026,2.469823414102996,1.8654428906792275,4.145329397798258
59,NO2,2022-06-01T22:00:00Z,train,0059_42602_00322,missing_BC,linear_offline,1.588888888888889,1.7,1.588888888888889,1.604558989064493,2.1736576997645094,1.6732822593165588,4.615014573439122
59,NO2,2022-06-01T23:00:00Z,train,0059_42602_00322,missing_BC,linear_offline,1.5444444444444445,1.8,1.5444444444444445,1.5394725383693832,2.4308116791351964,1.834041102465168,4.391801440414887
59,NO2,2022-06-05T07:00:00Z,train,0059_42602_00323,missing_BF,linear_offline,5.4,4.0,5.4,5.362939677025302,3.203245131437198,3.776494838245479,4.670936076973487
59,NO2,2022-06-05T08:00:00Z,train,0059_42602_00323,missing_BF,linear_offline,5.9,4.0,5.9,6.0177816605757375,2.9969224808769956,2.880055982920595,4.785612636129446
59,NO2,2022-06-06T16:00:00Z,train,0059_42602_00324,missing_BA,linear_offline,1.75,2.45,1.75,1.7222535786602153,2.474540519797274,1.9764077669407922,4.442382793094874
59,NO2,2022-06-07T17:00:00Z,train,0059_42602_00325,missing_BC,linear_offline,1.52,2.1,1.52,1.6113366221503502,2.3200673853488265,2.040688829759367,4.483360967318462
59,NO2,2022-06-07T18:00:00Z,train,0059_42602_00325,missing_BC,linear_offline,1.54,1.9,1.54,1.6116784001533275,2.3766759237707653,1.9805851590451562,4.54269104793446
59,NO2,2022-06-07T19:00:00Z,train,0059_42602_00325,missing_BC,linear_offline,1.56,1.8,1.56,1.612020178156305,2.405739894484916,1.8244805466669654,4.438230149630752
59,NO2,2022-06-07T20:00:00Z,train,0059_42602_00325,missing_BC,linear_offline,1.58,1.7,1.58,1.6123619561592824,2.399198672796304,1.816650166078512,4.28275079343983
59,NO2,2022-06-09T18:00:00Z,train,0059_42602_00326,missing_BA,linear_offline,1.3,1.9,1.3,1.3631619446397014,2.6107864665076868,2.046233119735626,4.3509490531991375
59,NO2,2022-06-09T19:00:00Z,train,0059_42602_00326,missing_BA,linear_offline,1.3,1.8,1.3,1.3303783679203496,2.633744286223856,1.94687409230372,4.3873519247482164
59,NO2,2022-06-12T07:00:00Z,train,0059_42602_00327,missing_BF,linear_offline,2.8666666666666667,4.0,2.8666666666666667,2.814090204477755,2.248743439215102,1.6334906077400344,4.8887637237963535
59,NO2,2022-06-12T08:00:00Z,train,0059_42602_00327,missing_BF,linear_offline,3.333333333333333,4.0,3.333333333333333,2.921860531313921,2.218362216550023,1.5178994451186552,5.0085245120569155
59,NO2,2022-06-17T13:00:00Z,train,0059_42602_00328,missing_BA,linear_offline,4.85,4.3,4.85,5.337754732623776,2.294644809161174,2.0787416849781897,4.8343298327852775
59,NO2,2022-06-17T14:00:00Z,train,0059_42602_00328,missing_BA,linear_offline,3.7,3.4,3.7,4.260123327232581,1.7285152787186506,1.3288198336655817,4.887729000241468
59,NO2,2022-06-17T15:00:00Z,train,0059_42602_00328,missing_BA,linear_offline,2.5500000000000003,2.8,2.5500000000000003,3.1824919218413847,1.6384367684169776,1.1077724110432317,4.868970943022195
59,NO2,2022-06-21T17:00:00Z,train,0059_42602_00329,missing_BC,linear_offline,1.6142857142857143,2.1,1.6142857142857143,1.9821616092894845,2.5087027104013897,1.998321833192798,4.156441760227885
59,NO2,2022-06-21T18:00:00Z,train,0059_42602_00329,missing_BA,linear_offline,1.5285714285714285,1.9,1.5285714285714285,1.8579975268142994,2.4058541990155256,1.8718231347259011,4.730189858572102
59,NO2,2022-06-21T19:00:00Z,train,0059_42602_00329,missing_BC,linear_offline,1.4428571428571428,1.8,1.4428571428571428,1.7338334443391143,2.3186373152721083,1.885815555133544,4.3047489902046125
59,NO2,2022-06-21T20:00:00Z,train,0059_42602_00329,missing_BC,linear_offline,1.3571428571428572,1.7,1.3571428571428572,1.6096693618639293,2.3821881074029254,1.9756015409667644,4.296200824728884
59,NO2,2022-06-21T21:00:00Z,train,0059_42602_00329,missing_BC,linear_offline,1.2714285714285714,1.6,1.2714285714285714,1.4855052793887444,2.5058944457761494,2.0338751500673644,4.109703544368506
59,NO2,2022-06-21T22:00:00Z,train,0059_42602_00329,missing_BC,linear_offline,1.1857142857142857,1.7,1.1857142857142857,1.3613411969135596,2.684687838598203,2.2005592487474375,4.011205739888945
59,NO2,2022-06-22T15:00:00Z,train,0059_42602_00330,missing_BF,linear_offline,2.175,2.8,2.175,2.701320540469153,2.4845255928118894,2.289713066610979,4.731213081069697
59,NO2,2022-06-22T16:00:00Z,train,0059_42602_00330,missing_BF,linear_offline,2.05,2.45,2.05,2.3891458974408915,2.372081743755049,1.8578223904512696,4.6140891563786415
59,NO2,2022-06-22T17:00:00Z,train,0059_42602_00330,missing_BF,linear_offline,1.925,2.1,1.925,2.07697125441263,2.4254288127223216,1.8582201523809334,4.583506748821261
59,NO2,2022-06-23T12:00:00Z,train,0059_42602_00331,missing_AZ,linear_offline,8.025,5.7,8.025,6.674157423025469,2.2954106049241148,1.7544215310345264,5.200072112911955
59,NO2,2022-06-23T13:00:00Z,train,0059_42602_00331,missing_AZ,linear_offline,5.95,4.3,5.95,5.298102488798942,2.7630980710678035,2.0461576103708015,4.8854767996591555
59,NO2,2022-06-23T14:00:00Z,train,0059_42602_00331,missing_AZ,linear_offline,3.875,3.4,3.875,3.9220475545724147,2.7587164469412575,2.0627797781848782,4.687357092410367
59,NO2,2022-06-23T17:00:00Z,train,0059_42602_00332,missing_BA,linear_offline,1.3142857142857143,2.1,1.3142857142857143,1.8017982990498576,2.958294535633558,2.093899149483257,4.601044913605276
59,NO2,2022-06-23T18:00:00Z,train,0059_42602_00332,missing_BC,linear_offline,1.2285714285714284,1.9,1.2285714285714284,1.687666291634467,2.7328165861661047,2.0157665774339155,4.381573897614111
59,NO2,2022-06-23T19:00:00Z,train,0059_42602_00332,missing_BC,linear_offline,1.1428571428571428,1.8,1.1428571428571428,1.573534284219076,2.49544561445789,2.01947367105343,4.463587695607557
59,NO2,2022-06-23T20:00:00Z,train,0059_42602_00332,missing_BC,linear_offline,1.0571428571428572,1.7,1.0571428571428572,1.4594022768036852,2.6577509131805743,2.1219303661289075,4.370847480195834
59,NO2,2022-06-23T21:00:00Z,train,0059_42602_00332,missing_BC,linear_offline,0.9714285714285714,1.6,0.9714285714285714,1.3452702693882943,2.71571267455007,2.20305848981073,4.293450083970154
59,NO2,2022-06-23T22:00:00Z,train,0059_42602_00332,missing_BC,linear_offline,0.8857142857142857,1.7,0.8857142857142857,1.2311382619729034,2.6821990023686464,2.2739778365526213,4.343882164446155
59,NO2,2022-06-26T07:00:00Z,train,0059_42602_00333,missing_BC,linear_offline,3.54,4.0,3.54,3.285370408833031,3.4069311971287974,2.6565347367573637,4.691947226617965
59,NO2,2022-06-26T08:00:00Z,train,0059_42602_00333,missing_BC,linear_offline,3.58,4.0,3.58,3.3319701493422946,3.237256897873593,2.4341578736645673,4.665923511161238
59,NO2,2022-06-26T09:00:00Z,train,0059_42602_00333,missing_BC,linear_offline,3.62,4.4,3.62,3.3785698898515584,3.1172316410355445,2.4576002613518515,4.9118741787074125
59,NO2,2022-06-26T10:00:00Z,train,0059_42602_00333,missing_BC,linear_offline,3.66,4.6,3.66,3.425169630360822,2.932376243438645,2.105232688950007,4.866767050596511
59,NO2,2022-06-27T16:00:00Z,train,0059_42602_00334,missing_AZ,linear_offline,7.366666666666667,2.45,7.366666666666667,6.148968322644858,3.497959520110049,2.9256096827794162,4.9457111996772305
59,NO2,2022-06-27T17:00:00Z,train,0059_42602_00334,missing_AZ,linear_offline,4.233333333333333,2.1,4.233333333333333,4.270325144001043,4.071535381295821,2.9715357270454903,4.396641063026402
59,NO2,2022-07-03T07:00:00Z,train,0059_42602_00335,missing_BF,linear_offline,2.8000000000000003,4.0,2.8000000000000003,2.9555485000323616,2.67543645500243,2.1301264023029263,4.678163683247565
59,NO2,2022-07-03T08:00:00Z,train,0059_42602_00335,missing_BF,linear_offline,2.9,4.0,2.9,3.2002966527297287,2.483065794638784,1.9260358858599758,4.757236629305882
59,NO2,2022-07-10T07:00:00Z,train,0059_42602_00336,missing_BF,linear_offline,4.666666666666667,4.0,4.666666666666667,4.948159525708172,3.6345280166662657,3.755889477116689,5.1072237243895025
59,NO2,2022-07-10T08:00:00Z,train,0059_42602_00336,missing_BF,linear_offline,5.933333333333334,4.0,5.933333333333334,5.94885895516098,3.456286674594127,3.065585316462598,5.165972276990011
59,NO2,2022-07-15T12:00:00Z,train,0059_42602_00337,missing_BA,linear_offline,5.550000000000001,5.7,5.550000000000001,5.88780994274238,2.6685261589971683,2.063400500837448,5.019329077208572
59,NO2,2022-07-17T07:00:00Z,train,0059_42602_00338,missing_BF,linear_offline,3.7,4.0,3.7,3.501599928613949,3.2178315192106623,2.528683855826284,5.102524492713177
59,NO2,2022-07-17T08:00:00Z,train,0059_42602_00338,missing_BF,linear_offline,3.8,4.0,3.8,3.730686534767722,2.8687240784991466,2.239775661658865,5.217266063499923
59,NO2,2022-07-21T13:00:00Z,train,0059_42602_00339,missing_AZ,linear_offline,3.275,4.3,3.275,2.9879864698419967,2.017091558689904,1.466636315708143,4.893223309855676
59,NO2,2022-07-21T14:00:00Z,train,0059_42602_00339,missing_AZ,linear_offline,2.65,3.4,2.65,2.5381498933204028,2.07012053702583,1.5657123316624406,4.784570201849561
59,NO2,2022-07-21T15:00:00Z,train,0059_42602_00339,missing_AZ,linear_offline,2.025,2.8,2.025,2.088313316798809,2.1077117149077558,1.6084280387996341,4.758611665244163
59,NO2,2022-07-24T07:00:00Z,train,0059_42602_00340,missing_BC,linear_offline,2.36,4.0,2.36,2.2554807683009623,2.3919742994527087,1.721142116252636,4.619077865393539
59,NO2,2022-07-24T08:00:00Z,train,0059_42602_00340,missing_BC,linear_offline,2.62,4.0,2.62,2.4588125191544243,2.238316606688169,1.5317051730809852,4.805248842735945
59,NO2,2022-07-24T09:00:00Z,train,0059_42602_00340,missing_BC,linear_offline,2.88,4.4,2.88,2.662144270007887,2.117325483998492,1.3962752626164079,4.896149595023574
59,NO2,2022-07-24T10:00:00Z,train,0059_42602_00340,missing_BC,linear_offline,3.1399999999999997,4.6,3.1399999999999997,2.8654760208613492,2.1044419215861008,1.4319727607584531,4.906101168189573
59,NO2,2022-07-31T07:00:00Z,train,0059_42602_00341,missing_BF,linear_offline,5.133333333333333,4.0,5.133333333333333,5.057405942442744,3.3260395604537374,3.0717106420827496,5.1249868193828085
59,NO2,2022-07-31T08:00:00Z,train,0059_42602_00341,missing_BF,linear_offline,4.666666666666667,4.0,4.666666666666667,5.129438921277447,3.1835291606320797,2.4861805559377785,5.149769498295721
59,NO2,2022-08-07T07:00:00Z,train,0059_42602_00342,missing_BF,linear_offline,3.8333333333333335,4.0,3.8333333333333335,3.5401047355168593,3.399866612303285,2.433518719592237,4.981400559752889
59,NO2,2022-08-07T08:00:00Z,train,0059_42602_00342,missing_BF,linear_offline,4.166666666666667,4.0,4.166666666666667,3.839973047402931,3.113360894245417,2.134941759355765,4.995301566264141
59,NO2,2022-08-08T12:00:00Z,train,0059_42602_00343,missing_BA,linear_offline,8.7,5.7,8.7,7.663947356380796,2.344451559129665,2.110574233308903,4.78166909266329
59,NO2,2022-08-14T07:00:00Z,train,0059_42602_00344,missing_BF,linear_offline,7.366666666666666,4.0,7.366666666666666,7.446103862574474,3.281823030370423,3.446087707926004,5.16844896186017
59,NO2,2022-08-14T08:00:00Z,train,0059_42602_00344,missing_BF,linear_offline,7.133333333333334,4.0,7.133333333333334,7.154232637199998,2.94321912067452,2.467497190560678,5.161487236248158
59,NO2,2022-08-21T07:00:00Z,train,0059_42602_00345,missing_BC,linear_offline,2.18,4.0,2.18,2.1768620335785003,2.4826467771202028,1.8847399926062463,4.80671168803893
59,NO2,2022-08-21T08:00:00Z,train,0059_42602_00345,missing_BC,linear_offline,2.36,4.0,2.36,2.3396693282465924,2.396544102429387,1.7871227343416813,4.914326746659377
59,NO2,2022-08-21T09:00:00Z,train,0059_42602_00345,missing_BC,linear_offline,2.54,4.4,2.54,2.5024766229146844,2.391919748395838,1.6641331403723583,4.86487247901374
59,NO2,2022-08-21T10:00:00Z,train,0059_42602_00345,missing_BC,linear_offline,2.7199999999999998,4.6,2.7199999999999998,2.6652839175827765,2.482798093130815,1.7632379925801516,4.85174581509314
59,NO2,2022-08-28T07:00:00Z,train,0059_42602_00346,missing_BF,linear_offline,6.833333333333333,4.0,6.833333333333333,6.105956618765792,3.1295572070787436,2.5370509771950127,5.207578568730146
59,NO2,2022-08-28T08:00:00Z,train,0059_42602_00346,missing_BF,linear_offline,6.666666666666667,4.0,6.666666666666667,6.094358623719144,2.809382784816792,2.173289071369305,5.195465409935635
59,NO2,2022-08-31T13:00:00Z,train,0059_42602_00347,missing_AZ,linear_offline,4.0,4.3,4.0,3.6532986437106767,2.440876720729094,2.700717525451278,4.704547601042176
59,NO2,2022-08-31T14:00:00Z,train,0059_42602_00347,missing_AZ,linear_offline,3.3,3.4,3.3,3.114092964788175,2.460034100603092,2.820357357519663,4.667412981690551
59,NO2,2022-09-04T07:00:00Z,train,0059_42602_00348,missing_BF,linear_offline,3.5333333333333337,4.0,3.5333333333333337,3.6422032155172723,4.124679593165369,4.10511088791773,5.039729797553854
59,NO2,2022-09-04T08:00:00Z,train,0059_42602_00348,missing_BF,linear_offline,4.466666666666667,4.0,4.466666666666667,4.284081399690498,3.904564369325488,3.9754578526235225,5.182378284383232
59,NO2,2022-09-07T18:00:00Z,train,0059_42602_00349,missing_BA,linear_offline,2.75,1.9,2.75,3.1182506026057486,6.368031384627843,6.779382621712502,4.593706533012035
59,NO2,2022-09-11T07:00:00Z,train,0059_42602_00350,missing_BF,linear_offline,7.066666666666667,4.0,7.066666666666667,6.524363036687794,3.581790373674936,3.1238149279805443,5.030266303990357
59,NO2,2022-09-11T08:00:00Z,train,0059_42602_00350,missing_BF,linear_offline,6.733333333333333,4.0,6.733333333333333,6.206396436150242,3.3245973018575,3.122794511072045,5.126192070730596
59,NO2,2022-09-18T07:00:00Z,train,0059_42602_00351,missing_BC,linear_offline,3.88,4.0,3.88,3.6702629251382684,2.9847954985176646,2.2736824879150124,4.932934472611231
59,NO2,2022-09-18T08:00:00Z,train,0059_42602_00351,missing_BC,linear_offline,3.86,4.0,3.86,3.795100733801444,2.743816873672351,2.0073996047056686,4.954251895968741
59,NO2,2022-09-18T09:00:00Z,train,0059_42602_00351,missing_BC,linear_offline,3.84,4.4,3.84,3.91993854246462,2.644599797900696,1.8649024338869036,4.944567374008603
59,NO2,2022-09-18T10:00:00Z,train,0059_42602_00351,missing_BC,linear_offline,3.82,4.6,3.82,4.044776351127796,2.646181035347544,2.032649163372346,4.994146666879609
59,NO2,2022-09-21T13:00:00Z,train,0059_42602_00352,missing_BA,linear_offline,7.25,4.3,7.25,6.559040369092893,2.3866443490514038,3.267407133229741,5.261195643132857
59,NO2,2022-09-25T07:00:00Z,train,0059_42602_00353,missing_BF,linear_offline,5.366666666666666,4.0,5.366666666666666,6.580699487627371,3.669499406054048,3.6768080585509013,5.2896277431582925
59,NO2,2022-09-25T08:00:00Z,train,0059_42602_00353,missing_BF,linear_offline,5.933333333333334,4.0,5.933333333333334,6.410625932648409,3.2568752118820785,3.474480418223726,5.171886793246656
59,NO2,2022-10-02T07:00:00Z,validation,0059_42602_00354,missing_BF,linear_offline,12.666666666666664,4.0,12.666666666666664,11.208236810347557,4.87011387684793,5.221950988529862,5.047907327987872
59,NO2,2022-10-02T08:00:00Z,validation,0059_42602_00354,missing_BF,linear_offline,8.433333333333332,4.0,8.433333333333332,8.6279058108782,4.907898510317097,5.174847934607568,4.652031850420289
59,NO2,2022-10-05T08:00:00Z,validation,0059_42602_00355,missing_BF,linear_offline,15.95,4.0,15.95,17.04519248952593,6.209300294933821,8.833340650063327,5.00400636164771
59,NO2,2022-10-05T12:00:00Z,validation,0059_42602_00356,missing_BF,linear_offline,21.4,5.7,21.4,16.590285517472456,3.948390346542512,5.635431500518272,4.442709950795617
59,NO2,2022-10-06T08:00:00Z,validation,0059_42602_00357,missing_BF,linear_offline,7.6,4.0,7.6,9.18752631079564,7.150250583058182,8.810769890162122,4.881966357397244
59,NO2,2022-10-06T11:00:00Z,validation,0059_42602_00358,missing_AL,linear_offline,16.3,5.3,16.3,14.336687268030046,5.902497867707906,5.470627703934705,4.595622899005471
59,NO2,2022-10-06T12:00:00Z,validation,0059_42602_00358,missing_AL,linear_offline,19.0,5.7,19.0,16.07367602169937,6.453010634556176,6.162856238588196,4.0231795482316395
59,NO2,2022-10-06T13:00:00Z,validation,0059_42602_00358,missing_BA,linear_offline,21.7,4.3,21.7,17.810664775368693,5.025569896483188,5.94063366431565,4.846011488260724
59,NO2,2022-10-09T07:00:00Z,validation,0059_42602_00359,missing_BF,linear_offline,9.033333333333333,4.0,9.033333333333333,7.923385161314693,3.926379441016524,3.5744916800903725,4.734105513367834
59,NO2,2022-10-09T08:00:00Z,validation,0059_42602_00359,missing_BF,linear_offline,7.2666666666666675,4.0,7.2666666666666675,6.814827852229514,3.597218661138093,3.051379299682411,4.662247762103353
59,NO2,2022-10-11T13:00:00Z,validation,0059_42602_00360,missing_AZ,linear_offline,3.2333333333333334,4.3,3.2333333333333334,2.9992464179378424,2.633230881999245,2.8218147774450575,4.594791236928972
59,NO2,2022-10-11T14:00:00Z,validation,0059_42602_00360,missing_AZ,linear_offline,3.1666666666666665,3.4,3.1666666666666665,2.8896004485210933,3.047470203647944,3.22163017536705,4.635488294841096
59,NO2,2022-10-16T07:00:00Z,validation,0059_42602_00361,missing_BC,linear_offline,5.96,4.0,5.96,4.823299069263866,3.025397983923157,2.3441988703103718,4.839480968686812
59,NO2,2022-10-16T08:00:00Z,validation,0059_42602_00361,missing_BC,linear_offline,5.5200000000000005,4.0,5.5200000000000005,4.573513670544791,2.706530557418879,2.038017463017991,4.846078227837114
59,NO2,2022-10-16T09:00:00Z,validation,0059_42602_00361,missing_BC,linear_offline,5.08,4.4,5.08,4.323728271825717,2.6320444336724216,1.9400859787746105,4.905666357619786
59,NO2,2022-10-16T10:00:00Z,validation,0059_42602_00361,missing_BC,linear_offline,4.640000000000001,4.6,4.640000000000001,4.073942873106642,2.6455075453238868,2.037390200184216,5.016947745207576
59,NO2,2022-10-17T12:00:00Z,validation,0059_42602_00362,missing_BA,linear_offline,3.05,5.7,3.05,3.5275003355522943,4.580525057913721,4.512666293015158,4.834466804989383
59,NO2,2022-10-21T17:00:00Z,validation,0059_42602_00363,missing_BA,linear_offline,3.1333333333333333,2.1,3.1333333333333333,3.8582806182317997,3.5844205670028155,3.5512539703467154,5.165167909022008
59,NO2,2022-10-21T18:00:00Z,validation,0059_42602_00363,missing_BA,linear_offline,2.7666666666666666,1.9,2.7666666666666666,3.2120850734620623,3.708190374861827,5.332539655731644,4.38590897868975
59,NO2,2022-10-23T07:00:00Z,validation,0059_42602_00364,missing_BF,linear_offline,2.6,4.0,2.6,2.9495509128298956,3.5607879194986514,3.212397669112483,4.565515267727458
59,NO2,2022-10-23T08:00:00Z,validation,0059_42602_00364,missing_BF,linear_offline,3.9000000000000004,4.0,3.9000000000000004,3.8668301626248374,3.534719054495536,3.0010976433741305,4.7159393611276945
59,NO2,2022-10-25T16:00:00Z,validation,0059_42602_00365,missing_BF,linear_offline,6.449999999999999,2.45,6.449999999999999,5.5999496825488375,5.825029867253306,5.051202538831938,5.072862132578868
59,NO2,2022-10-30T07:00:00Z,validation,0059_42602_00366,missing_BF,linear_offline,16.3,4.0,16.3,16.77600080340421,9.227077098195533,10.277631458969323,5.5404115117148365
59,NO2,2022-10-30T08:00:00Z,validation,0059_42602_00366,missing_BF,linear_offline,16.599999999999998,4.0,16.599999999999998,17.04519624062619,10.125638836883443,10.377440569780534,5.464684983146613
59,NO2,2022-11-03T18:00:00Z,test,0059_42602_00367,missing_BA,linear_offline,1.65,1.9,1.65,1.8187232733294367,3.17242586527185,3.086882078793119,4.611103972419776
59,NO2,2022-11-03T21:00:00Z,test,0059_42602_00368,missing_BC,linear_offline,1.7833333333333334,1.6,1.7833333333333334,1.803649351745232,2.912534820066772,2.9299262023748733,4.488506826482888
59,NO2,2022-11-03T22:00:00Z,test,0059_42602_00368,missing_BC,linear_offline,2.066666666666667,1.7,2.066666666666667,1.9535897874198227,2.8354546226295456,2.885335544198524,4.515521063531184
59,NO2,2022-11-03T23:00:00Z,test,0059_42602_00368,missing_BC,linear_offline,2.35,1.8,2.35,2.1035302230944133,2.65005089029478,2.7944986701580072,4.660267777983647
59,NO2,2022-11-04T00:00:00Z,test,0059_42602_00368,missing_BC,linear_offline,2.6333333333333337,2.2,2.6333333333333337,2.253470658769004,2.7473233026412505,2.82581558465688,4.662651859833559
59,NO2,2022-11-04T01:00:00Z,test,0059_42602_00368,missing_BC,linear_offline,2.916666666666667,2.8,2.916666666666667,2.4034110944435945,2.6164909909234737,2.7295985197321637,4.594412389500635
59,NO2,2022-11-06T07:00:00Z,test,0059_42602_00369,missing_BF,linear_offline,12.366666666666667,4.0,12.366666666666667,10.660334354658895,4.928170247884179,4.935695506723335,5.10946782406555
59,NO2,2022-11-06T08:00:00Z,test,0059_42602_00369,missing_BF,linear_offline,11.333333333333334,4.0,11.333333333333334,10.016184877454439,4.978758921107901,4.168824627176871,4.703704967440104
59,NO2,2022-11-08T17:00:00Z,test,0059_42602_00370,missing_BA,linear_offline,2.0,2.1,2.0,2.1055235506550503,3.1916043520942834,2.5598595618673166,4.693568634155057
59,NO2,2022-11-08T20:00:00Z,test,0059_42602_00371,missing_BC,linear_offline,2.2,1.7,2.2,2.312225912965961,3.2778301011041435,2.9182598568690663,4.63147879216108
59,NO2,2022-11-08T21:00:00Z,test,0059_42602_00371,missing_BC,linear_offline,2.3000000000000003,1.6,2.3000000000000003,2.4191766647378046,3.1362466233278465,2.8102935050496214,4.691038531611702
59,NO2,2022-11-08T22:00:00Z,test,0059_42602_00371,missing_BC,linear_offline,2.4000000000000004,1.7,2.4000000000000004,2.526127416509649,3.1671565601871756,2.8915142317516906,4.575691185830851
59,NO2,2022-11-08T23:00:00Z,test,0059_42602_00371,missing_BC,linear_offline,2.5,1.8,2.5,2.6330781682814925,3.229116007318373,2.6994490275784253,4.488748292945795
59,NO2,2022-11-09T00:00:00Z,test,0059_42602_00371,missing_BC,linear_offline,2.6,2.2,2.6,2.7400289200533368,3.1112843867127538,2.855627514276139,4.511714074217777
59,NO2,2022-11-10T18:00:00Z,test,0059_42602_00372,missing_BC,linear_offline,2.1199999999999997,1.9,2.1199999999999997,3.1691600146773142,5.803298331513119,6.423596764147546,4.406327665953287
59,NO2,2022-11-10T19:00:00Z,test,0059_42602_00372,missing_BC,linear_offline,1.94,1.8,1.94,3.447248699380046,5.561870515131392,6.6245756407416225,4.277408803159488
59,NO2,2022-11-10T20:00:00Z,test,0059_42602_00372,missing_BC,linear_offline,1.7599999999999998,1.7,1.7599999999999998,3.7253373840827777,5.4466405488811205,5.30560005478534,4.231562318711371
59,NO2,2022-11-10T21:00:00Z,test,0059_42602_00372,missing_BC,linear_offline,1.5799999999999998,1.6,1.5799999999999998,4.003426068785509,4.9809215657998465,5.027766394044895,4.260889494558912
59,NO2,2022-11-13T07:00:00Z,test,0059_42602_00373,missing_BC,linear_offline,4.64,4.0,4.64,4.599463166629048,3.500948680201807,2.5143785472041627,4.66713359332469
59,NO2,2022-11-13T08:00:00Z,test,0059_42602_00373,missing_BC,linear_offline,4.9799999999999995,4.0,4.9799999999999995,4.867054886128557,3.0720229357352995,2.0953724739402184,4.77714746778282
59,NO2,2022-11-13T09:00:00Z,test,0059_42602_00373,missing_BC,linear_offline,5.32,4.4,5.32,5.134646605628065,2.7817172237567065,2.0515288828260854,4.757281370090945
59,NO2,2022-11-13T10:00:00Z,test,0059_42602_00373,missing_BC,linear_offline,5.66,4.6,5.66,5.402238325127573,2.7451295177683392,2.0065151938381423,4.835247316160035
59,NO2,2022-11-14T18:00:00Z,test,0059_42602_00374,missing_BA,linear_offline,6.033333333333333,1.9,6.033333333333333,5.950282805228697,5.730118014400481,5.618202582256927,4.3382578873105535
59,NO2,2022-11-14T19:00:00Z,test,0059_42602_00374,missing_BA,linear_offline,8.066666666666666,1.8,8.066666666666666,7.311141041259491,5.583150481087453,5.902782216949852,4.3054677040949
59,NO2,2022-11-14T21:00:00Z,test,0059_42602_00375,missing_BC,linear_offline,9.68,1.6,9.68,8.604856790611368,5.046858632227684,5.0363870217555675,4.103391600623283
59,NO2,2022-11-14T22:00:00Z,test,0059_42602_00375,missing_BC,linear_offline,9.26,1.7,9.26,8.53771430393245,4.658386992805575,4.473519518169518,4.210828049124621
59,NO2,2022-11-14T23:00:00Z,test,0059_42602_00375,missing_BC,linear_offline,8.84,1.8,8.84,8.470571817253532,4.114827553382088,3.8583389631287925,4.481758288482094
59,NO2,2022-11-15T00:00:00Z,test,0059_42602_00375,missing_BC,linear_offline,8.42,2.2,8.42,8.403429330574614,3.8928702280495586,3.756276016689967,5.095341329943199
59,NO2,2022-11-15T16:00:00Z,test,0059_42602_00376,missing_AZ,linear_offline,2.6666666666666665,2.45,2.6666666666666665,2.918428285665616,4.800232449431286,4.822856980026832,4.60136523384385
59,NO2,2022-11-15T17:00:00Z,test,0059_42602_00376,missing_AL,linear_offline,2.933333333333333,2.1,2.933333333333333,3.21024084590635,4.941897642312528,4.9409767773668065,4.498069017326392
59,NO2,2022-11-15T18:00:00Z,test,0059_42602_00376,missing_AZ,linear_offline,3.2,1.9,3.2,3.502053406147084,4.878707749271855,4.892781290222515,4.635766364022681
59,NO2,2022-11-15T19:00:00Z,test,0059_42602_00376,missing_AZ,linear_offline,3.466666666666667,1.8,3.466666666666667,3.793865966387818,4.773490131564634,4.937120002781981,4.744379822180239
59,NO2,2022-11-15T20:00:00Z,test,0059_42602_00376,missing_AZ,linear_offline,3.7333333333333334,1.7,3.7333333333333334,4.085678526628552,4.602909162529733,4.659481990075886,4.69817715797728
59,NO2,2022-11-15T21:00:00Z,test,0059_42602_00376,missing_AZ,linear_offline,4.0,1.6,4.0,4.377491086869286,4.787025779771284,4.814166379809287,4.4413643085126395
59,NO2,2022-11-15T22:00:00Z,test,0059_42602_00376,missing_AZ,linear_offline,4.266666666666667,1.7,4.266666666666667,4.66930364711002,4.846318913937491,4.826902713824319,4.676411880847693
59,NO2,2022-11-15T23:00:00Z,test,0059_42602_00376,missing_AL,linear_offline,4.533333333333333,1.8,4.533333333333333,4.961116207350754,4.851617798478071,4.73984067630296,4.563455370768652
59,NO2,2022-11-17T16:00:00Z,test,0059_42602_00377,missing_BA,linear_offline,7.066666666666666,2.45,7.066666666666666,6.615116224782302,4.689499823922748,4.488281784793235,4.789535016906987
59,NO2,2022-11-17T17:00:00Z,test,0059_42602_00377,missing_BA,linear_offline,5.033333333333333,2.1,5.033333333333333,5.161879124906676,4.952913908670583,4.671619637389796,4.599016937189965
59,NO2,2022-11-20T07:00:00Z,test,0059_42602_00378,missing_BF,linear_offline,2.3666666666666667,4.0,2.3666666666666667,2.4475376864038374,3.757978619090317,3.675802357050114,4.981578816850853
59,NO2,2022-11-20T08:00:00Z,test,0059_42602_00378,missing_BF,linear_offline,2.7333333333333334,4.0,2.7333333333333334,2.599601488935625,3.893298015356574,3.5620847333833128,4.984128892958967
59,NO2,2022-11-27T07:00:00Z,test,0059_42602_00379,missing_BF,linear_offline,7.766666666666667,4.0,7.766666666666667,8.154567297539042,5.8253993874914025,6.591383329282147,4.555522428247662
59,NO2,2022-11-27T08:00:00Z,test,0059_42602_00379,missing_BF,linear_offline,9.133333333333333,4.0,9.133333333333333,9.396120709626063,5.514731861813674,4.74159697507741,4.742745891682544
59,NO2,2022-11-28T13:00:00Z,test,0059_42602_00380,missing_BA,linear_offline,7.65,4.3,7.65,7.550526916611261,3.437872348489333,4.090248883530633,4.141418926839332
59,NO2,2022-11-29T19:00:00Z,test,0059_42602_00381,missing_BA,linear_offline,2.5,1.8,2.5,3.010864911257033,7.544627077105609,10.256119613861438,4.180903821621259
59,NO2,2022-12-01T17:00:00Z,test,0059_42602_00382,missing_AZ,linear_offline,4.616666666666666,2.1,4.616666666666666,4.958098520913772,5.755708554332722,5.881373825617397,4.465276102841882
59,NO2,2022-12-01T18:00:00Z,test,0059_42602_00382,missing_AZ,linear_offline,5.133333333333333,1.9,5.133333333333333,5.338778910927544,5.754421179118664,5.874011811187527,4.397665493227913
59,NO2,2022-12-01T19:00:00Z,test,0059_42602_00382,missing_AZ,linear_offline,5.65,1.8,5.65,5.719459300941315,5.811338592462068,5.845539726872451,4.498366446930748
59,NO2,2022-12-01T20:00:00Z,test,0059_42602_00382,missing_AZ,linear_offline,6.166666666666666,1.7,6.166666666666666,6.100139690955086,5.740568183483077,5.686903469805905,4.447700034734973
59,NO2,2022-12-01T21:00:00Z,test,0059_42602_00382,missing_AZ,linear_offline,6.683333333333334,1.6,6.683333333333334,6.480820080968856,5.694514011121574,5.647250351158546,4.440802150209953
59,NO2,2022-12-04T07:00:00Z,test,0059_42602_00383,missing_BF,linear_offline,5.733333333333333,4.0,5.733333333333333,5.85895691894155,4.758904895754904,4.73632878479635,5.162187704519288
59,NO2,2022-12-04T08:00:00Z,test,0059_42602_00383,missing_BF,linear_offline,5.666666666666666,4.0,5.666666666666666,5.84566114733257,4.784680084325832,4.883833579131339,5.279028933593759
59,NO2,2022-12-05T18:00:00Z,test,0059_42602_00384,missing_BA,linear_offline,4.3,1.9,4.3,5.724900782230526,6.824334773540922,7.037923714060627,4.278059402548927
59,NO2,2022-12-05T19:00:00Z,test,0059_42602_00384,missing_BC,linear_offline,5.0,1.8,5.0,6.466065907359814,6.9273414383995675,6.988119342339846,4.440822365315496
59,NO2,2022-12-05T20:00:00Z,test,0059_42602_00384,missing_BC,linear_offline,5.699999999999999,1.7,5.699999999999999,7.207231032489103,6.771528458646938,6.758420151825858,4.33551303643092
59,NO2,2022-12-05T21:00:00Z,test,0059_42602_00384,missing_BC,linear_offline,6.3999999999999995,1.6,6.3999999999999995,7.948396157618391,6.276126082803161,6.484576521862294,4.326490912198475
59,NO2,2022-12-05T22:00:00Z,test,0059_42602_00384,missing_BC,linear_offline,7.1,1.7,7.1,8.689561282747679,6.067642496916555,6.386585284145175,4.326268936218762
59,NO2,2022-12-06T18:00:00Z,test,0059_42602_00385,missing_BA,linear_offline,2.4333333333333336,1.9,2.4333333333333336,2.930376705923209,3.813160431846381,3.3485747952797587,4.369847501353601
59,NO2,2022-12-06T19:00:00Z,test,0059_42602_00385,missing_BC,linear_offline,2.666666666666667,1.8,2.666666666666667,3.1138899672383986,3.678362763671724,3.5073201544600465,4.682747922931051
59,NO2,2022-12-06T20:00:00Z,test,0059_42602_00385,missing_BC,linear_offline,2.9000000000000004,1.7,2.9000000000000004,3.297403228553588,3.4779058381299697,3.1810080694179423,4.71410365117577
59,NO2,2022-12-06T21:00:00Z,test,0059_42602_00385,missing_BC,linear_offline,3.1333333333333333,1.6,3.1333333333333333,3.4809164898687777,3.450241763474704,3.0577033576269126,4.6471507756943735
59,NO2,2022-12-06T22:00:00Z,test,0059_42602_00385,missing_BC,linear_offline,3.3666666666666667,1.7,3.3666666666666667,3.664429751183967,3.2910351728789653,2.7983683764647607,4.647380982640774
59,NO2,2022-12-11T07:00:00Z,test,0059_42602_00386,missing_BC,linear_offline,3.46,4.0,3.46,3.4869395535521384,2.8287707060782745,2.17695781574448,4.704988236460849
59,NO2,2022-12-11T08:00:00Z,test,0059_42602_00386,missing_BC,linear_offline,3.0199999999999996,4.0,3.0199999999999996,3.1004723821534856,2.651842454023569,2.1456863852330796,4.587156169933784
59,NO2,2022-12-11T09:00:00Z,test,0059_42602_00386,missing_BC,linear_offline,2.5799999999999996,4.4,2.5799999999999996,2.714005210754833,2.3379036486193665,1.917941519775602,4.662637218746088
59,NO2,2022-12-11T10:00:00Z,test,0059_42602_00386,missing_BC,linear_offline,2.1399999999999997,4.6,2.1399999999999997,2.32753803935618,2.1676591644754506,1.8289632463212282,4.81094247923643
59,NO2,2022-12-18T07:00:00Z,test,0059_42602_00388,missing_BF,linear_offline,7.7,4.0,7.7,7.878484574146921,4.058470328854984,4.3810208807010635,4.4267583001955595
59,NO2,2022-12-18T08:00:00Z,test,0059_42602_00388,missing_BF,linear_offline,6.4,4.0,6.4,6.81983175428428,3.832490829241354,3.5687246523519307,4.312375733332812
59,NO2,2022-12-19T17:00:00Z,test,0059_42602_00389,missing_BA,linear_offline,3.6375,2.1,3.6375,3.8659855073034177,3.5991217052283355,2.770745921144438,4.301772984795506
59,NO2,2022-12-19T18:00:00Z,test,0059_42602_00389,missing_BA,linear_offline,3.575,1.9,3.575,3.8151857731922725,3.357767614525649,2.5799289997384816,4.287499931157965
59,NO2,2022-12-19T19:00:00Z,test,0059_42602_00389,missing_BA,linear_offline,3.5125,1.8,3.5125,3.7643860390811272,3.3919952069418167,2.681479879717034,4.498739348739808
59,NO2,2022-12-19T20:00:00Z,test,0059_42602_00389,missing_BC,linear_offline,3.45,1.7,3.45,3.713586304969982,3.3910742305157338,2.6605796901923218,4.568464183408731
59,NO2,2022-12-19T21:00:00Z,test,0059_42602_00389,missing_BC,linear_offline,3.3875,1.6,3.3875,3.6627865708588367,3.2550283538940086,2.6948038638774054,4.611056295985194
59,NO2,2022-12-19T22:00:00Z,test,0059_42602_00389,missing_BC,linear_offline,3.325,1.7,3.325,3.6119868367476915,3.20976569209882,2.6787440030064973,4.6233012245669425
59,NO2,2022-12-19T23:00:00Z,test,0059_42602_00389,missing_BC,linear_offline,3.2625,1.8,3.2625,3.5611871026365463,3.174089598186174,2.815214099563671,4.577845999027405
59,NO2,2022-12-25T07:00:00Z,test,0059_42602_00390,missing_BF,linear_offline,13.200000000000001,4.0,13.200000000000001,13.303141347858423,7.271903899094889,8.47576694478163,4.856939016251062
59,NO2,2022-12-25T08:00:00Z,test,0059_42602_00390,missing_BF,linear_offline,12.5,4.0,12.5,12.902126421627163,6.599506234339053,7.322610518541028,5.034676764370398
59,NO2,2022-12-28T14:00:00Z,test,0059_42602_00391,missing_BA,linear_offline,14.514285714285714,3.4,14.514285714285714,12.640875074888497,4.580004110184651,5.351284558268266,4.406477161117995
59,NO2,2022-12-28T15:00:00Z,test,0059_42602_00391,missing_BA,linear_offline,12.528571428571428,2.8,12.528571428571428,11.141207160981551,4.661524942019752,5.1716824125839915,4.3552322030064
59,NO2,2022-12-28T16:00:00Z,test,0059_42602_00391,missing_BC,linear_offline,10.542857142857143,2.45,10.542857142857143,9.641539247074604,4.520362116807338,4.743020950894369,4.126535072301391
59,NO2,2022-12-28T17:00:00Z,test,0059_42602_00391,missing_BC,linear_offline,8.557142857142857,2.1,8.557142857142857,8.141871333167657,4.816674204860411,5.1898418945825044,3.8545509347668636
59,NO2,2022-12-28T18:00:00Z,test,0059_42602_00391,missing_BC,linear_offline,6.571428571428571,1.9,6.571428571428571,6.64220341926071,4.777671091040564,5.188329700639516,3.9190489383688254
59,NO2,2022-12-28T19:00:00Z,test,0059_42602_00391,missing_BC,linear_offline,4.585714285714285,1.8,4.585714285714285,5.142535505353765,4.865644814957886,5.6173288735041,3.9864414923957927
59,NO2,2022-12-30T16:00:00Z,test,0059_42602_00393,missing_BC,linear_offline,7.66,2.45,7.66,9.199513859605302,7.209057216927008,8.49190989568194,4.674312231849998
59,NO2,2022-12-30T17:00:00Z,test,0059_42602_00393,missing_BC,linear_offline,6.92,2.1,6.92,8.28340005231377,6.931506641984413,8.160100936977317,4.402886564476199
59,NO2,2022-12-30T18:00:00Z,test,0059_42602_00393,missing_BC,linear_offline,6.180000000000001,1.9,6.180000000000001,7.367286245022235,6.405562809036029,8.819629457447508,4.310374883805455
59,NO2,2022-12-30T19:00:00Z,test,0059_42602_00393,missing_BC,linear_offline,5.44,1.8,5.44,6.451172437730702,7.011773394073409,10.816026905089588,4.240868885086064
59,NO2,2022-12-31T16:00:00Z,test,0059_42602_00394,missing_BC,linear_offline,5.46,2.45,5.46,6.318372484207597,8.90190612613326,10.816170194514175,4.795052551596497
59,NO2,2022-12-31T17:00:00Z,test,0059_42602_00394,missing_BC,linear_offline,4.82,2.1,4.82,5.609455040602578,8.611088644975357,10.463687128457865,4.14206016187841
59,NO2,2022-12-31T18:00:00Z,test,0059_42602_00394,missing_BC,linear_offline,4.18,1.9,4.18,4.900537596997559,6.648959665881979,8.217906625840778,4.025160034012971
59,NO2,2022-12-31T19:00:00Z,test,0059_42602_00394,missing_BC,linear_offline,3.54,1.8,3.54,4.19162015339254,7.424677180991902,9.990993153601567,3.980598806652045
59,O3,2022-01-02T04:00:00Z,train,0059_44201_00697,missing_BF,linear_offline,0.0185,0.023,0.0185,0.01802316145308808,0.02374901905686719,0.02660093329315387,0.026910521891432622
59,O3,2022-01-09T04:00:00Z,train,0059_44201_00698,missing_BC,linear_offline,0.011666666666666667,0.023,0.011666666666666667,0.010281441952954336,0.019100379622419693,0.014755984085861335,0.025391032411964026
59,O3,2022-01-09T05:00:00Z,train,0059_44201_00698,missing_BC,linear_offline,0.009333333333333332,0.021,0.009333333333333332,0.009183468016210576,0.017922242200961905,0.013439950844379163,0.025215114413015275
59,O3,2022-01-11T17:00:00Z,train,0059_44201_00699,missing_BA,linear_offline,0.028999999999999998,0.032,0.028999999999999998,0.027686116539314593,0.025147365826097043,0.025605281199204206,0.025642270952819644
59,O3,2022-01-12T19:00:00Z,train,0059_44201_00701,missing_BC,linear_offline,0.027,0.037,0.027,0.02677378068751806,0.020663159900057928,0.023404842590879972,0.02614445854995697
59,O3,2022-01-12T20:00:00Z,train,0059_44201_00701,missing_BC,linear_offline,0.03,0.038,0.03,0.028132576157725513,0.02093862589608781,0.02099037988550831,0.027837789995500364
59,O3,2022-01-12T21:00:00Z,train,0059_44201_00701,missing_BC,linear_offline,0.033,0.0395,0.033,0.029491371627932965,0.018368009150135894,0.020910161515427732,0.028052854982929098
59,O3,2022-01-13T13:00:00Z,train,0059_44201_00702,missing_BC,linear_offline,0.008,0.016,0.008,0.010792077815647753,0.03249378913108465,0.03349749589816264,0.023982494949675793
59,O3,2022-01-13T14:00:00Z,train,0059_44201_00702,missing_BC,linear_offline,0.014,0.02,0.014,0.01586026387989422,0.031063334864860175,0.035005410383971376,0.025704200377266832
59,O3,2022-01-13T15:00:00Z,train,0059_44201_00702,missing_BC,linear_offline,0.020000000000000004,0.025,0.020000000000000004,0.020928449944140684,0.029121210239307752,0.03410809473668212,0.02567397735169345
59,O3,2022-01-14T04:00:00Z,train,0059_44201_00703,missing_BF,linear_offline,0.0135,0.023,0.0135,0.013267956225932024,0.017806914890939815,0.01391216895008618,0.02329645705823615
59,O3,2022-01-16T04:00:00Z,train,0059_44201_00704,missing_BF,linear_offline,0.0335,0.023,0.0335,0.03348973177854819,0.020753339047650816,0.018362464423221203,0.02875138700767755
59,O3,2022-01-19T18:00:00Z,train,0059_44201_00705,missing_AZ,linear_offline,0.035500000000000004,0.035,0.035500000000000004,0.03533964267765245,0.02963716413427312,0.031078592478525686,0.028344755864727438
59,O3,2022-01-23T04:00:00Z,train,0059_44201_00706,missing_BF,linear_offline,0.03,0.023,0.03,0.03019992717577255,0.025608464379939553,0.02430273093689308,0.02696121999370779
59,O3,2022-01-27T14:00:00Z,train,0059_44201_00707,missing_BA,linear_offline,0.0125,0.02,0.0125,0.014833194363826633,0.029194714657414796,0.029618024710133407,0.024936641539671057
59,O3,2022-01-30T04:00:00Z,train,0059_44201_00708,missing_BF,linear_offline,0.031,0.023,0.031,0.026708018643584977,0.02089677039796805,0.01507412366132672,0.028765825181435455
59,O3,2022-02-06T04:00:00Z,train,0059_44201_00709,missing_BC,linear_offline,0.011333333333333334,0.023,0.011333333333333334,0.01279136634897083,0.019460701594108523,0.016551224865651075,0.02678215042741128
59,O3,2022-02-06T05:00:00Z,train,0059_44201_00709,missing_BC,linear_offline,0.016666666666666666,0.021,0.016666666666666666,0.014806573309980255,0.0198287211382798,0.016996053759397094,0.025885628824812497
59,O3,2022-02-08T18:00:00Z,train,0059_44201_00710,missing_BA,linear_offline,0.037000000000000005,0.035,0.037000000000000005,0.034709938896802,0.02728816873106734,0.02698023542021323,0.029165702241698545
59,O3,2022-02-13T04:00:00Z,train,0059_44201_00711,missing_BF,linear_offline,0.029,0.023,0.029,0.029869767367949558,0.018273663514819946,0.016045420696974056,0.0290007495421843
59,O3,2022-02-20T04:00:00Z,train,0059_44201_00712,missing_BF,linear_offline,0.026500000000000003,0.023,0.026500000000000003,0.027053991548595255,0.01993801713648606,0.018313956423282957,0.026477223262322044
59,O3,2022-02-23T13:00:00Z,train,0059_44201_00713,missing_BA,linear_offline,0.02,0.016,0.02,0.019242931503585057,0.01731999807535837,0.01629364588107722,0.02560531892625517
59,O3,2022-02-27T04:00:00Z,train,0059_44201_00714,missing_BF,linear_offline,0.013999999999999999,0.023,0.013999999999999999,0.013743068176212554,0.01860320355714431,0.01883372106391738,0.026191591027887318
59,O3,2022-03-02T18:00:00Z,train,0059_44201_00715,missing_AZ,linear_offline,0.05,0.035,0.05,0.04829674569613379,0.037397761066206764,0.04176500602776188,0.027192769978043322
59,O3,2022-03-06T04:00:00Z,train,0059_44201_00717,missing_BC,linear_offline,0.024666666666666667,0.023,0.024666666666666667,0.024631849014346004,0.02228773186182984,0.021994667293847185,0.026211789631144955
59,O3,2022-03-06T05:00:00Z,train,0059_44201_00717,missing_BC,linear_offline,0.024333333333333335,0.021,0.024333333333333335,0.024347222073053974,0.022259683001265757,0.02180972155647491,0.0260941079859311
59,O3,2022-03-08T17:00:00Z,train,0059_44201_00718,missing_BA,linear_offline,0.025,0.032,0.025,0.025509168927177518,0.02814521090820794,0.030240575812822433,0.026233994561063255
59,O3,2022-03-13T04:00:00Z,train,0059_44201_00719,missing_BF,linear_offline,0.0115,0.023,0.0115,0.014057077642606046,0.02117842781063948,0.021343830726595753,0.024155459996956466
59,O3,2022-03-20T04:00:00Z,train,0059_44201_00720,missing_BF,linear_offline,0.039,0.023,0.039,0.03853515604714595,0.026042200266615932,0.024296622289848115,0.028262001526173704
59,O3,2022-03-22T17:00:00Z,train,0059_44201_00721,missing_BA,linear_offline,0.0315,0.032,0.0315,0.031316097252261095,0.03247399507468103,0.03415090083107781,0.027320287201303944
59,O3,2022-03-27T04:00:00Z,train,0059_44201_00722,missing_BF,linear_offline,0.035,0.023,0.035,0.035917823232236946,0.024036502947504316,0.0253874678849434,0.026526303124927608
59,O3,2022-04-03T04:00:00Z,train,0059_44201_00723,missing_BC,linear_offline,0.048666666666666664,0.023,0.048666666666666664,0.046797611244181914,0.02734252912672375,0.029648049172280637,0.02956479152769514
59,O3,2022-04-03T05:00:00Z,train,0059_44201_00723,missing_BC,linear_offline,0.04633333333333333,0.021,0.04633333333333333,0.04446187731755668,0.02736677622922649,0.029306119608220924,0.02918419832033753
59,O3,2022-04-04T17:00:00Z,train,0059_44201_00724,missing_AZ,linear_offline,0.028,0.032,0.028,0.02844314270348329,0.030284278577847806,0.03539800246565015,0.026367181397182915
59,O3,2022-04-04T18:00:00Z,train,0059_44201_00724,missing_AZ,linear_offline,0.03,0.035,0.03,0.03005081067455365,0.03062850311708557,0.03628995104803759,0.026976170304344568
59,O3,2022-04-06T17:00:00Z,train,0059_44201_00725,missing_BA,linear_offline,0.043,0.032,0.043,0.041718829041243896,0.03321610017118546,0.03835899532544498,0.030313319837514383
59,O3,2022-04-10T04:00:00Z,train,0059_44201_00726,missing_BF,linear_offline,0.041,0.023,0.041,0.040865247222248095,0.03190033781201939,0.030009532426491257,0.02764133254349693
59,O3,2022-04-17T04:00:00Z,train,0059_44201_00727,missing_BF,linear_offline,0.015,0.023,0.015,0.015596680058077468,0.014636034219278426,0.014101524049603829,0.02567767125846227
59,O3,2022-04-20T15:00:00Z,train,0059_44201_00728,missing_BC,linear_offline,0.0195,0.025,0.0195,0.018707813301668416,0.027641294032642965,0.02888974046414568,0.02584652395268027
59,O3,2022-04-20T16:00:00Z,train,0059_44201_00728,missing_BC,linear_offline,0.020999999999999998,0.029,0.020999999999999998,0.020249765907950922,0.0277298583370459,0.0287045907289798,0.026518735977264025
59,O3,2022-04-20T17:00:00Z,train,0059_44201_00728,missing_BC,linear_offline,0.0225,0.032,0.0225,0.02179171851423343,0.02771564130024049,0.028178966586146697,0.026568613855828586
59,O3,2022-04-24T04:00:00Z,train,0059_44201_00729,missing_BF,linear_offline,0.0265,0.023,0.0265,0.026958395710531515,0.022286163419777377,0.022265777017321426,0.026146509605642052
59,O3,2022-05-01T04:00:00Z,train,0059_44201_00730,missing_BC,linear_offline,0.01566666666666667,0.023,0.01566666666666667,0.017179924394506815,0.01720203467909351,0.015900771212290915,0.026083667416476965
59,O3,2022-05-01T05:00:00Z,train,0059_44201_00730,missing_BC,linear_offline,0.014333333333333333,0.021,0.014333333333333333,0.015323759550816985,0.017720067010595357,0.01653478966636141,0.02623038864924434
59,O3,2022-05-08T04:00:00Z,train,0059_44201_00731,missing_BF,linear_offline,0.0215,0.023,0.0215,0.022987011398506327,0.01963248027717147,0.017237981765707518,0.02597849589415308
59,O3,2022-05-09T20:00:00Z,train,0059_44201_00732,missing_BC,linear_offline,0.039,0.038,0.039,0.03741229909653142,0.02559775993014277,0.02389849007956557,0.027956527475606015
59,O3,2022-05-09T21:00:00Z,train,0059_44201_00732,missing_BC,linear_offline,0.037000000000000005,0.0395,0.037000000000000005,0.035896858145194124,0.02456052855024983,0.022221557569359795,0.027803879020060943
59,O3,2022-05-15T04:00:00Z,train,0059_44201_00733,missing_BF,linear_offline,0.0295,0.023,0.0295,0.03013566975065808,0.018462094771870653,0.018205361040449813,0.02568320490762793
59,O3,2022-05-18T16:00:00Z,train,0059_44201_00734,missing_BA,linear_offline,0.034,0.029,0.034,0.033482394774589364,0.030251679479612846,0.033138154620784864,0.027154857413968222
59,O3,2022-05-18T17:00:00Z,train,0059_44201_00734,missing_BA,linear_offline,0.037,0.032,0.037,0.036404292034652536,0.030989564580776216,0.03288252239384383,0.027683346944611144
59,O3,2022-05-18T22:00:00Z,train,0059_44201_00735,missing_BC,linear_offline,0.040499999999999994,0.039,0.040499999999999994,0.03945027848166048,0.028635156547587668,0.02858907028989901,0.028171989694394117
59,O3,2022-05-18T23:00:00Z,train,0059_44201_00735,missing_BC,linear_offline,0.038,0.039,0.038,0.037284918051511455,0.028796229526769034,0.029080951400148384,0.02869660712065663
59,O3,2022-05-19T00:00:00Z,train,0059_44201_00735,missing_BC,linear_offline,0.035500000000000004,0.035,0.035500000000000004,0.03511955762136243,0.02808883122701463,0.028596136221672157,0.02772281445626376
59,O3,2022-05-19T17:00:00Z,train,0059_44201_00736,missing_AZ,linear_offline,0.0384,0.032,0.0384,0.03731457508828045,0.030921305581345704,0.03181847157451589,0.028479000416866088
59,O3,2022-05-19T18:00:00Z,train,0059_44201_00736,missing_AZ,linear_offline,0.040799999999999996,0.035,0.040799999999999996,0.03902303368406601,0.030703559674142723,0.030622156611957486,0.026930056091015647
59,O3,2022-05-19T19:00:00Z,train,0059_44201_00736,missing_AZ,linear_offline,0.0432,0.037,0.0432,0.040731492279851574,0.030721980507693904,0.030681336455487804,0.02717737125371141
59,O3,2022-05-19T20:00:00Z,train,0059_44201_00736,missing_AZ,linear_offline,0.0456,0.038,0.0456,0.042439950875637136,0.03083129406308732,0.031340799454027804,0.02915328993742272
59,O3,2022-05-19T22:00:00Z,train,0059_44201_00737,missing_BC,linear_offline,0.04466666666666667,0.039,0.04466666666666667,0.04200527753863096,0.030582646670435913,0.030839196469419898,0.0276214662204569
59,O3,2022-05-19T23:00:00Z,train,0059_44201_00737,missing_BC,linear_offline,0.04133333333333333,0.039,0.04133333333333333,0.03986214560583922,0.03071658334475696,0.031192959159593466,0.027161644795219275
59,O3,2022-05-20T14:00:00Z,train,0059_44201_00738,missing_BA,linear_offline,0.0366,0.02,0.0366,0.0367793850579812,0.03159412374691455,0.033544853484314,0.02796648992523139
59,O3,2022-05-20T15:00:00Z,train,0059_44201_00738,missing_BA,linear_offline,0.0372,0.025,0.0372,0.0375458548633211,0.030997718640124676,0.03345423498901399,0.024716878855100773
59,O3,2022-05-20T16:00:00Z,train,0059_44201_00738,missing_BA,linear_offline,0.0378,0.029,0.0378,0.038312324668660996,0.031081551282589482,0.03361770076198755,0.025765982237736268
59,O3,2022-05-20T17:00:00Z,train,0059_44201_00738,missing_BA,linear_offline,0.0384,0.032,0.0384,0.039078794474000894,0.030678752204749967,0.034079601930099984,0.02604646729013687
59,O3,2022-05-20T19:00:00Z,train,0059_44201_00739,missing_BC,linear_offline,0.042666666666666665,0.037,0.042666666666666665,0.04145699836402149,0.03070156776945722,0.032597634876764245,0.027594511235356778
59,O3,2022-05-20T20:00:00Z,train,0059_44201_00739,missing_BC,linear_offline,0.04633333333333334,0.038,0.04633333333333334,0.043068732448702185,0.030259599443132584,0.03218630760427857,0.027193432761858403
59,O3,2022-05-22T04:00:00Z,train,0059_44201_00740,missing_BF,linear_offline,0.026,0.023,0.026,0.028877314095601948,0.025677489416166745,0.025199985552055562,0.028319308916595405
59,O3,2022-05-26T16:00:00Z,train,0059_44201_00742,missing_BA,linear_offline,0.05366666666666666,0.029,0.05366666666666666,0.049426809446642135,0.03756912004889106,0.0458458380870963,0.027081174824376355
59,O3,2022-05-26T17:00:00Z,train,0059_44201_00742,missing_BA,linear_offline,0.05633333333333333,0.032,0.05633333333333333,0.053123329267840455,0.039251067644199035,0.04701629047691962,0.029806337874199087
59,O3,2022-05-26T19:00:00Z,train,0059_44201_00743,missing_BC,linear_offline,0.06,0.037,0.06,0.05833621799927588,0.03789377752107342,0.042766451261923064,0.03109200324331385
59,O3,2022-05-26T20:00:00Z,train,0059_44201_00743,missing_BC,linear_offline,0.061,0.038,0.061,0.05985258690951298,0.03866116789327816,0.03934384316534946,0.02958457450634972
59,O3,2022-05-29T04:00:00Z,train,0059_44201_00744,missing_BC,linear_offline,0.015,0.023,0.015,0.017992359115092664,0.016964751802870243,0.015679595801197092,0.02609371211316359
59,O3,2022-05-29T05:00:00Z,train,0059_44201_00744,missing_BC,linear_offline,0.011,0.021,0.011,0.014349374899417369,0.017628716965830574,0.0160018671680395,0.025850049812086332
59,O3,2022-06-01T16:00:00Z,train,0059_44201_00745,missing_BA,linear_offline,0.020666666666666667,0.029,0.020666666666666667,0.019908072090080987,0.02873407729325629,0.02696888887900051,0.026371011685673386
59,O3,2022-06-01T17:00:00Z,train,0059_44201_00745,missing_BA,linear_offline,0.021333333333333333,0.032,0.021333333333333333,0.020912912463390835,0.029243090560421122,0.028069855565447957,0.026141244226115835
59,O3,2022-06-05T04:00:00Z,train,0059_44201_00746,missing_BF,linear_offline,0.039,0.023,0.039,0.03828059124872009,0.02136919542766653,0.01973379444367469,0.026061757928035365
59,O3,2022-06-06T16:00:00Z,train,0059_44201_00747,missing_BA,linear_offline,0.028999999999999998,0.029,0.028999999999999998,0.028578841201736163,0.030885573361260202,0.03337847656249891,0.02698686425118118
59,O3,2022-06-06T20:00:00Z,train,0059_44201_00748,missing_BC,linear_offline,0.03766666666666667,0.038,0.03766666666666667,0.03637805976978073,0.0262725271524999,0.026403571646011977,0.028282986649613033
59,O3,2022-06-06T21:00:00Z,train,0059_44201_00748,missing_BC,linear_offline,0.03933333333333333,0.0395,0.03933333333333333,0.03758453290337184,0.026208200858484923,0.025441631598300853,0.02858519704900425
59,O3,2022-06-07T12:00:00Z,train,0059_44201_00749,missing_AZ,linear_offline,0.0165,0.0115,0.0165,0.017676441142626884,0.0305558176163508,0.031045122209385254,0.02482187292442592
59,O3,2022-06-12T04:00:00Z,train,0059_44201_00750,missing_BF,linear_offline,0.0165,0.023,0.0165,0.01768718117603518,0.015279512652999068,0.01356457677514088,0.025334541326237938
59,O3,2022-06-17T13:00:00Z,train,0059_44201_00751,missing_BA,linear_offline,0.012249999999999999,0.016,0.012249999999999999,0.012502844466120017,0.02774965626021098,0.0270005620446272,0.024941386160485423
59,O3,2022-06-17T14:00:00Z,train,0059_44201_00751,missing_BA,linear_offline,0.0155,0.02,0.0155,0.0159573688612255,0.02751711068930743,0.026960197653330777,0.024258983860871556
59,O3,2022-06-17T15:00:00Z,train,0059_44201_00751,missing_BA,linear_offline,0.01875,0.025,0.01875,0.019411893256330984,0.02772760924047,0.026797954508526976,0.025870338395928134
59,O3,2022-06-21T18:00:00Z,train,0059_44201_00752,missing_BA,linear_offline,0.0495,0.035,0.0495,0.048630812850170825,0.031229791630073982,0.032519764153423183,0.02837631699877895
59,O3,2022-06-22T09:00:00Z,train,0059_44201_00753,missing_BC,linear_offline,0.010333333333333333,0.016,0.010333333333333333,0.011439453550841683,0.02205181050366758,0.02120412149995527,0.025052015668858896
59,O3,2022-06-22T10:00:00Z,train,0059_44201_00753,missing_BC,linear_offline,0.007666666666666666,0.014,0.007666666666666666,0.00994399074759054,0.02260861621088705,0.020925208860875656,0.025002708189862718
59,O3,2022-06-23T16:00:00Z,train,0059_44201_00754,missing_AZ,linear_offline,0.02766666666666667,0.029,0.02766666666666667,0.026340549861090492,0.031932462866201175,0.03322748726113994,0.027723336887088675
59,O3,2022-06-23T17:00:00Z,train,0059_44201_00754,missing_AZ,linear_offline,0.03133333333333334,0.032,0.03133333333333334,0.029795618207796234,0.031894840740326974,0.033277862175312284,0.026849462148665213
59,O3,2022-06-26T04:00:00Z,train,0059_44201_00755,missing_BC,linear_offline,0.034,0.023,0.034,0.03371739090416162,0.018826326979955746,0.01835223777973198,0.02695702620351363
59,O3,2022-06-26T05:00:00Z,train,0059_44201_00755,missing_BC,linear_offline,0.03,0.021,0.03,0.030089699532119207,0.01926968608631998,0.02097498474054342,0.026565637755845303
59,O3,2022-07-03T04:00:00Z,train,0059_44201_00756,missing_BF,linear_offline,0.0135,0.023,0.0135,0.014876436956363438,0.014152273517102132,0.012737305526004439,0.02513512574946664
59,O3,2022-07-10T04:00:00Z,train,0059_44201_00757,missing_BF,linear_offline,0.02,0.023,0.02,0.019975555424155782,0.01288815018958352,0.01227258851949504,0.025804658003853873
59,O3,2022-07-15T12:00:00Z,train,0059_44201_00758,missing_BA,linear_offline,0.0215,0.0115,0.0215,0.02204627014041431,0.02924404366486665,0.0309926437769805,0.026263572882544044
59,O3,2022-07-17T04:00:00Z,train,0059_44201_00759,missing_BF,linear_offline,0.0165,0.023,0.0165,0.01752130421265014,0.01344313287553678,0.011974184894504358,0.025956788940406154
59,O3,2022-07-21T16:00:00Z,train,0059_44201_00760,missing_AZ,linear_offline,0.0235,0.029,0.0235,0.023055122548049128,0.028536026787786252,0.02958937472492341,0.02624671474315668
59,O3,2022-07-24T04:00:00Z,train,0059_44201_00761,missing_BC,linear_offline,0.018333333333333333,0.023,0.018333333333333333,0.01889710259355326,0.016124484054956825,0.014296714823709014,0.0261420560370076
59,O3,2022-07-24T05:00:00Z,train,0059_44201_00761,missing_BC,linear_offline,0.016666666666666666,0.021,0.016666666666666666,0.016975708642263557,0.016904582486435293,0.015191704979756835,0.026080639219721084
59,O3,2022-07-31T04:00:00Z,train,0059_44201_00762,missing_BF,linear_offline,0.0165,0.023,0.0165,0.016858814102777068,0.015441776176680815,0.01378234943615286,0.026020325474520375
59,O3,2022-08-07T04:00:00Z,train,0059_44201_00763,missing_BF,linear_offline,0.019,0.023,0.019,0.019165431960001336,0.015190032866694504,0.014318086100758678,0.026158832660883174
59,O3,2022-08-08T12:00:00Z,train,0059_44201_00764,missing_BA,linear_offline,0.0045000000000000005,0.0115,0.0045000000000000005,0.007762826362074839,0.030002135416331767,0.02877741417904221,0.024812474394930815
59,O3,2022-08-14T04:00:00Z,train,0059_44201_00765,missing_BF,linear_offline,0.0315,0.023,0.0315,0.03246748109097177,0.02233235136284164,0.0187425106405933,0.027469538341134626
59,O3,2022-08-21T04:00:00Z,train,0059_44201_00766,missing_BC,linear_offline,0.023,0.023,0.023,0.02322520908298236,0.018152671085742672,0.016048308436232703,0.02566734282509038
59,O3,2022-08-21T05:00:00Z,train,0059_44201_00766,missing_BC,linear_offline,0.021,0.021,0.021,0.021188150914478288,0.01848907682430097,0.016467455345454372,0.025577290967104368
59,O3,2022-08-22T13:00:00Z,train,0059_44201_00767,missing_BA,linear_offline,0.016,0.016,0.016,0.01642452396070056,0.028359162581858357,0.027268655485151127,0.02516284562178571
59,O3,2022-08-28T04:00:00Z,train,0059_44201_00768,missing_BF,linear_offline,0.0155,0.023,0.0155,0.016031517128497704,0.01368629155706108,0.012259801870907389,0.0259013147084361
59,O3,2022-08-30T17:00:00Z,train,0059_44201_00769,missing_AZ,linear_offline,0.024666666666666667,0.032,0.024666666666666667,0.023502329531638198,0.026361518577283197,0.026458919319924626,0.02783658346141883
59,O3,2022-08-30T18:00:00Z,train,0059_44201_00769,missing_AZ,linear_offline,0.026333333333333334,0.035,0.026333333333333334,0.024794912001165584,0.025129361348698382,0.025288493840670914,0.027516611041022994
59,O3,2022-09-04T04:00:00Z,train,0059_44201_00770,missing_BF,linear_offline,0.0195,0.023,0.0195,0.019921065413785567,0.013694075243366235,0.01173235554286461,0.026149071073839413
59,O3,2022-09-07T18:00:00Z,train,0059_44201_00771,missing_BA,linear_offline,0.0465,0.035,0.0465,0.042143688624063744,0.033225030090994846,0.03193976791014223,0.02840613359637112
59,O3,2022-09-11T04:00:00Z,train,0059_44201_00772,missing_BF,linear_offline,0.0335,0.023,0.0335,0.03412323487865043,0.02364098759416432,0.02472276406603778,0.028034476161218607
59,O3,2022-09-18T04:00:00Z,train,0059_44201_00773,missing_BC,linear_offline,0.024333333333333332,0.023,0.024333333333333332,0.024408700209752526,0.01711790147430575,0.014599089717222735,0.026134505923995837
59,O3,2022-09-18T05:00:00Z,train,0059_44201_00773,missing_BC,linear_offline,0.021666666666666667,0.021,0.021666666666666667,0.02187948188895554,0.017288151009973194,0.015161882843290146,0.02588349437248843
59,O3,2022-09-21T12:00:00Z,train,0059_44201_00774,missing_BA,linear_offline,0.0055,0.0115,0.0055,0.009539044640910262,0.03531361509967691,0.033822809674721954,0.023928976044918004
59,O3,2022-09-21T14:00:00Z,train,0059_44201_00775,missing_BC,linear_offline,0.019333333333333334,0.02,0.019333333333333334,0.021871605450925577,0.03765042905471654,0.03559625989511165,0.027104090350092615
59,O3,2022-09-21T15:00:00Z,train,0059_44201_00775,missing_BC,linear_offline,0.029666666666666668,0.025,0.029666666666666668,0.03027299420457254,0.038650427911078804,0.037499310164595234,0.028469328183364093
59,O3,2022-09-25T04:00:00Z,train,0059_44201_00776,missing_BF,linear_offline,0.013999999999999999,0.023,0.013999999999999999,0.01603072479037191,0.013242795337425737,0.013832852266974468,0.026705839263022044
59,O3,2022-10-02T04:00:00Z,validation,0059_44201_00777,missing_BF,linear_offline,0.0375,0.023,0.0375,0.03774935018850726,0.045406943522608496,0.04732887194856581,0.02851946900170771
59,O3,2022-10-06T11:00:00Z,validation,0059_44201_00778,missing_AL,linear_offline,0.017,0.013,0.017,0.022087128948510594,0.03812724212711885,0.04223654358345253,0.026585163385848883
59,O3,2022-10-06T12:00:00Z,validation,0059_44201_00778,missing_AL,linear_offline,0.018000000000000002,0.0115,0.018000000000000002,0.024178254395486605,0.04005755536402722,0.04491629371461539,0.02469241772212605
59,O3,2022-10-06T13:00:00Z,validation,0059_44201_00778,missing_BA,linear_offline,0.019,0.016,0.019,0.02626937984246262,0.03986679150925456,0.047670210420657985,0.027231314065257264
59,O3,2022-10-09T04:00:00Z,validation,0059_44201_00779,missing_BF,linear_offline,0.0505,0.023,0.0505,0.05110650104044669,0.031891297532747886,0.02667297879261403,0.030284788572331814
59,O3,2022-10-10T18:00:00Z,validation,0059_44201_00780,missing_AZ,linear_offline,0.057666666666666665,0.035,0.057666666666666665,0.05563428496698207,0.03837822546171833,0.04207396235828894,0.02850239129297385
59,O3,2022-10-10T19:00:00Z,validation,0059_44201_00780,missing_AZ,linear_offline,0.058333333333333334,0.037,0.058333333333333334,0.05676684223234999,0.03915680143425354,0.040022744478239065,0.029438598199951618
59,O3,2022-10-11T05:00:00Z,validation,0059_44201_00781,missing_BF,linear_offline,0.046,0.021,0.046,0.04591727366926836,0.029328616217361537,0.02835022607810379,0.029304117043814647
59,O3,2022-10-11T15:00:00Z,validation,0059_44201_00782,missing_BA,linear_offline,0.0416,0.025,0.0416,0.04047558018964521,0.033914827728655145,0.037023706029937,0.029139409935906437
59,O3,2022-10-11T16:00:00Z,validation,0059_44201_00782,missing_BC,linear_offline,0.0432,0.029,0.0432,0.04207846023387837,0.034361753034153064,0.038213267327836635,0.029632636679142725
59,O3,2022-10-11T17:00:00Z,validation,0059_44201_00782,missing_BC,linear_offline,0.0448,0.032,0.0448,0.04368134027811153,0.0338680930046195,0.03708127855478614,0.029247275023359606
59,O3,2022-10-11T18:00:00Z,validation,0059_44201_00782,missing_BC,linear_offline,0.046400000000000004,0.035,0.046400000000000004,0.0452842203223447,0.03416192925278042,0.035895140072325096,0.029541883160712927
59,O3,2022-10-13T16:00:00Z,validation,0059_44201_00783,missing_BA,linear_offline,0.050333333333333334,0.029,0.050333333333333334,0.04998664051987205,0.04105684608050759,0.04280698829889318,0.029878167671074207
59,O3,2022-10-13T17:00:00Z,validation,0059_44201_00783,missing_BA,linear_offline,0.056666666666666664,0.032,0.056666666666666664,0.055304418908492164,0.04218448568748295,0.04453370755750161,0.030807441370253152
59,O3,2022-10-16T04:00:00Z,validation,0059_44201_00784,missing_BC,linear_offline,0.034333333333333334,0.023,0.034333333333333334,0.033520842240494765,0.02234443405183005,0.02324773544585419,0.0265895150600936
59,O3,2022-10-16T05:00:00Z,validation,0059_44201_00784,missing_BC,linear_offline,0.029666666666666668,0.021,0.029666666666666668,0.029868485040212327,0.022862231869474905,0.02280026210530009,0.026203407641884682
59,O3,2022-10-17T12:00:00Z,validation,0059_44201_00785,missing_BA,linear_offline,0.027,0.0115,0.027,0.025447193846520295,0.027895814617918742,0.028979308036386018,0.027077538187479915
59,O3,2022-10-21T17:00:00Z,validation,0059_44201_00786,missing_BA,linear_offline,0.044,0.032,0.044,0.04206282083872068,0.03365384264977332,0.038559911414675595,0.029540957437118796
59,O3,2022-10-23T04:00:00Z,validation,0059_44201_00787,missing_BF,linear_offline,0.029,0.023,0.029,0.02922613735105127,0.022562062075062134,0.021814471193628462,0.027423584075870824
59,O3,2022-10-30T04:00:00Z,validation,0059_44201_00788,missing_BF,linear_offline,0.016,0.023,0.016,0.01679823854274655,0.03357346835514968,0.0374494477530765,0.027405857587268777
59,O3,2022-11-02T05:00:00Z,test,0059_44201_00789,missing_BF,linear_offline,0.0215,0.021,0.0215,0.022443325677362746,0.03051896257234394,0.03019745703328408,0.026530757216097392
59,O3,2022-11-03T13:00:00Z,test,0059_44201_00790,missing_BA,linear_offline,0.014499999999999999,0.016,0.014499999999999999,0.015177931416623939,0.015150784192838919,0.016482539477389667,0.024699811806087685
59,O3,2022-11-04T15:00:00Z,test,0059_44201_00791,missing_BC,linear_offline,0.0135,0.025,0.0135,0.013820735021292677,0.01707837021334263,0.0192162277956607,0.02572771279509281
59,O3,2022-11-04T16:00:00Z,test,0059_44201_00791,missing_BC,linear_offline,0.016,0.029,0.016,0.016127480940750106,0.016102819322064723,0.01997438726770484,0.02619817904884584
59,O3,2022-11-04T17:00:00Z,test,0059_44201_00791,missing_BC,linear_offline,0.0185,0.032,0.0185,0.018434226860207535,0.016619575831300012,0.02030259547197506,0.02656961393620046
59,O3,2022-11-04T18:00:00Z,test,0059_44201_00791,missing_BF,linear_offline,0.020999999999999998,0.035,0.020999999999999998,0.020740972779664964,0.028638758697152194,0.02720474941405013,0.027046430666350093
59,O3,2022-11-04T19:00:00Z,test,0059_44201_00791,missing_BF,linear_offline,0.0235,0.037,0.0235,0.023047718699122394,0.02823696142405115,0.02761995692940401,0.026980406550534453
59,O3,2022-11-06T04:00:00Z,test,0059_44201_00792,missing_BF,linear_offline,0.0245,0.023,0.0245,0.023490721526969162,0.016996313772978288,0.016583672219625624,0.02631647049279211
59,O3,2022-11-08T18:00:00Z,test,0059_44201_00793,missing_BA,linear_offline,0.034,0.035,0.034,0.033064343806474494,0.026479401712121063,0.023240930363718763,0.02799011688280214
59,O3,2022-11-13T04:00:00Z,test,0059_44201_00794,missing_BC,linear_offline,0.027,0.023,0.027,0.02685138674048966,0.020901144227710843,0.019492605511337815,0.027454426201305535
59,O3,2022-11-13T05:00:00Z,test,0059_44201_00794,missing_BC,linear_offline,0.026000000000000002,0.021,0.026000000000000002,0.02544467552955026,0.021093956839013127,0.019777317874574124,0.027124664604000412
59,O3,2022-11-15T16:00:00Z,test,0059_44201_00795,missing_AZ,linear_offline,0.020125,0.029,0.020125,0.020171085376551934,0.02633676226409944,0.025609884526464805,0.026519910009647915
59,O3,2022-11-15T17:00:00Z,test,0059_44201_00795,missing_AL,linear_offline,0.021249999999999998,0.032,0.021249999999999998,0.021014363565376025,0.026041341532051357,0.02482537495622084,0.026631562955722596
59,O3,2022-11-15T18:00:00Z,test,0059_44201_00795,missing_AZ,linear_offline,0.022375,0.035,0.022375,0.021857641754200113,0.025237339930825657,0.02334160703711697,0.026976754289831588
59,O3,2022-11-15T19:00:00Z,test,0059_44201_00795,missing_AZ,linear_offline,0.0235,0.037,0.0235,0.0227009199430242,0.024314058666833845,0.0215666297594731,0.027215424392854192
59,O3,2022-11-15T20:00:00Z,test,0059_44201_00795,missing_AZ,linear_offline,0.024625,0.038,0.024625,0.023544198131848288,0.02330907273326318,0.02076602118917207,0.027415830696614924
59,O3,2022-11-15T21:00:00Z,test,0059_44201_00795,missing_AZ,linear_offline,0.025750000000000002,0.0395,0.025750000000000002,0.024387476320672376,0.02281665633781972,0.020574664570318812,0.02702307244870058
59,O3,2022-11-15T22:00:00Z,test,0059_44201_00795,missing_AZ,linear_offline,0.026875,0.039,0.026875,0.025230754509496463,0.0225592591955414,0.020585647426940475,0.026900431943186247
59,O3,2022-11-17T16:00:00Z,test,0059_44201_00796,missing_BA,linear_offline,0.022,0.029,0.022,0.023514444553959662,0.028550044529616046,0.029671703719716915,0.0267343746039802
59,O3,2022-11-17T17:00:00Z,test,0059_44201_00796,missing_BA,linear_offline,0.022,0.032,0.022,0.02447113534686738,0.027742053998173085,0.02876409078216155,0.026436200894535588
59,O3,2022-11-20T04:00:00Z,test,0059_44201_00797,missing_BF,linear_offline,0.0215,0.023,0.0215,0.021417889754826874,0.024305134181391914,0.02215752734386392,0.027418064430652065
59,O3,2022-11-27T04:00:00Z,test,0059_44201_00798,missing_BF,linear_offline,0.0225,0.023,0.0225,0.02149169189410925,0.015386042140143701,0.013411484791606025,0.02914145116792728
59,O3,2022-11-28T13:00:00Z,test,0059_44201_00799,missing_BA,linear_offline,0.016,0.016,0.016,0.017445510696904837,0.029228727527243956,0.029372496853413914,0.025586122859285472
59,O3,2022-11-30T14:00:00Z,test,0059_44201_00800,missing_AZ,linear_offline,0.024,0.02,0.024,0.024372849803698103,0.021670917779057677,0.02561336555233938,0.02692619314406693
59,O3,2022-11-30T15:00:00Z,test,0059_44201_00800,missing_AZ,linear_offline,0.024999999999999998,0.025,0.024999999999999998,0.02527996762802199,0.02200038508446383,0.024082736873677794,0.027134790920705892
59,O3,2022-12-04T04:00:00Z,test,0059_44201_00801,missing_BF,linear_offline,0.015,0.023,0.015,0.015085477173890851,0.015353762833531915,0.014584781445748362,0.025161644208550424
59,O3,2022-12-11T04:00:00Z,test,0059_44201_00802,missing_BC,linear_offline,0.013,0.023,0.013,0.01537769207252908,0.02080803762817408,0.019548398907888644,0.027360398058457292
59,O3,2022-12-11T05:00:00Z,test,0059_44201_00802,missing_BC,linear_offline,0.013,0.021,0.013,0.015680221646063745,0.021803801022149457,0.02084258139390053,0.02868931388601407
59,O3,2022-12-13T18:00:00Z,test,0059_44201_00803,missing_BA,linear_offline,0.0275,0.035,0.0275,0.02722984219747819,0.028037285624684525,0.02629580756463848,0.028436054492015556
59,O3,2022-12-18T04:00:00Z,test,0059_44201_00804,missing_BF,linear_offline,0.013999999999999999,0.023,0.013999999999999999,0.013530707105970664,0.02113318795568156,0.0198335309715036,0.0260494645528011
59,O3,2022-12-25T04:00:00Z,test,0059_44201_00805,missing_BF,linear_offline,0.013,0.023,0.013,0.013879868486016897,0.015155252078941469,0.01471822777291388,0.02387044748942547
59,O3,2023-01-01T04:00:00Z,test,0059_44201_00806,missing_BF,linear_offline,0.0315,0.023,0.0315,0.029832101997331738,0.028540548599535063,0.02630457717060801,0.02625392593975212
59,PM2.5,2022-01-04T16:00:00Z,train,0059_88101_00848,missing_AZ,kalman_offline,3.228334425137719,6.9,4.525,3.228334425137719,2.927606015918607,4.028332684349461,7.635746142338998
59,PM2.5,2022-01-04T17:00:00Z,train,0059_88101_00848,missing_AZ,kalman_offline,3.014456000234532,7.2,4.15,3.014456000234532,3.032601100942885,4.135894925491359,7.758403570059867
59,PM2.5,2022-01-04T18:00:00Z,train,0059_88101_00848,missing_AM,kalman_offline,2.800577575331345,6.5,3.775,2.800577575331345,4.031325794836255,3.8161727377960313,7.896370018786988
59,PM2.5,2022-01-27T13:00:00Z,train,0059_88101_00850,missing_BA,kalman_offline,4.850874772199692,6.8,3.966666666666667,4.850874772199692,6.671860934474639,6.624951852326591,8.241066591226225
59,PM2.5,2022-01-27T14:00:00Z,train,0059_88101_00850,missing_AM,kalman_offline,5.832696627604104,7.7,5.433333333333334,5.832696627604104,6.796458064286531,6.839913648997113,8.105186623588986
59,PM2.5,2022-02-08T17:00:00Z,train,0059_88101_00851,missing_AZ,kalman_offline,5.892348413293625,7.2,5.7666666666666675,5.892348413293625,4.122566135105664,3.169170910824924,8.013401457963656
59,PM2.5,2022-02-08T18:00:00Z,train,0059_88101_00851,missing_AZ,kalman_offline,4.078519374707258,6.5,3.6333333333333337,4.078519374707258,3.7359233918396355,3.4945413753744665,8.077691611955842
59,PM2.5,2022-03-02T18:00:00Z,train,0059_88101_00852,missing_AZ,kalman_offline,4.9040420757739245,6.5,2.8333333333333335,4.9040420757739245,5.641504366210648,5.012848866355864,7.905065317168463
59,PM2.5,2022-03-02T19:00:00Z,train,0059_88101_00852,missing_AM,kalman_offline,4.839574200074564,6.4,3.7666666666666666,4.839574200074564,5.357947914239411,4.83372533870075,7.942090200569196
59,PM2.5,2022-04-01T16:00:00Z,train,0059_88101_00853,missing_AZ,kalman_offline,5.2382760779146835,6.9,6.0,5.2382760779146835,5.929880236601272,5.394105649031699,7.8209870490997115
59,PM2.5,2022-04-01T17:00:00Z,train,0059_88101_00853,missing_AZ,kalman_offline,5.328167250286098,7.2,6.0,5.328167250286098,6.057906194310913,5.177187624536018,7.9495177322570845
59,PM2.5,2022-04-01T18:00:00Z,train,0059_88101_00853,missing_AM,kalman_offline,5.418058422657513,6.5,6.0,5.418058422657513,5.287219677125298,5.48978860193238,7.858524087384849
59,PM2.5,2022-04-01T19:00:00Z,train,0059_88101_00853,missing_AM,kalman_offline,5.5079495950289274,6.4,6.0,5.5079495950289274,5.751548801194381,6.211113179878044,7.888463002686215
59,PM2.5,2022-04-06T17:00:00Z,train,0059_88101_00854,missing_AM,kalman_offline,6.4969101044892685,7.2,6.366666666666667,6.4969101044892685,5.183700573519789,4.549470710180754,8.04077731286249
59,PM2.5,2022-04-06T18:00:00Z,train,0059_88101_00854,missing_AM,kalman_offline,7.3100467626478896,6.5,8.733333333333334,7.3100467626478896,4.790787766699639,5.136214281291867,8.13991981152408
59,PM2.5,2022-04-27T16:00:00Z,train,0059_88101_00855,missing_BA,kalman_offline,7.292208601263775,6.9,6.38,7.292208601263775,5.501946208301219,4.915799468602729,7.748198762545415
59,PM2.5,2022-04-27T17:00:00Z,train,0059_88101_00855,missing_BA,kalman_offline,6.995883512608343,7.2,6.56,6.995883512608343,5.585592140305193,4.8937323272025415,7.888044477753711
59,PM2.5,2022-04-27T18:00:00Z,train,0059_88101_00855,missing_AM,kalman_offline,6.699558423952912,6.5,6.74,6.699558423952912,5.594602523000895,4.898448305003654,7.90163939437095
59,PM2.5,2022-04-27T19:00:00Z,train,0059_88101_00855,missing_AM,kalman_offline,6.403233335297479,6.4,6.92,6.403233335297479,5.689417565299626,5.002816650370246,7.772520737975448
59,PM2.5,2022-05-03T17:00:00Z,train,0059_88101_00856,missing_AM,kalman_offline,15.424471761862211,7.2,15.533333333333333,15.424471761862211,8.818675146079011,8.497161892650688,7.453244602227985
59,PM2.5,2022-05-03T18:00:00Z,train,0059_88101_00856,missing_AM,kalman_offline,15.08607073352166,6.5,14.866666666666665,15.08607073352166,8.12017432145919,8.511081989996093,7.562389218131755
59,PM2.5,2022-05-18T16:00:00Z,train,0059_88101_00857,missing_BA,kalman_offline,10.211384829980918,6.9,12.866666666666667,10.211384829980918,8.137441951520303,7.917706979911216,7.573056274420853
59,PM2.5,2022-05-18T17:00:00Z,train,0059_88101_00857,missing_AM,kalman_offline,10.73434712795796,7.2,12.833333333333334,10.73434712795796,8.081555252397258,7.447429305922438,7.569978578190222
59,PM2.5,2022-06-09T16:00:00Z,train,0059_88101_00858,missing_AZ,kalman_offline,11.426934245901027,6.9,15.025,11.426934245901027,7.36875109532372,7.400206711071766,7.618913491507631
59,PM2.5,2022-06-09T17:00:00Z,train,0059_88101_00858,missing_AM,kalman_offline,11.120217046448449,7.2,13.75,11.120217046448449,7.591960423942468,7.288035409342396,7.72611847675727
59,PM2.5,2022-06-09T18:00:00Z,train,0059_88101_00858,missing_AM,kalman_offline,10.81349984699587,6.5,12.475,10.81349984699587,7.795063601445591,7.7827078291409135,7.840064032737936
59,PM2.5,2022-06-23T09:00:00Z,train,0059_88101_00859,missing_AN,kalman_offline,12.765547135411026,6.0,11.6,12.765547135411026,11.23557509797866,12.635785787614513,7.586222850974409
59,PM2.5,2022-06-23T10:00:00Z,train,0059_88101_00859,missing_AN,kalman_offline,13.240759094286227,5.8,11.1,13.240759094286227,10.439571727593329,12.145399533655814,7.643553146792269
59,PM2.5,2022-08-02T16:00:00Z,train,0059_88101_00861,missing_AM,kalman_offline,8.118472775437162,6.9,8.933333333333334,8.118472775437162,7.0678205723236704,6.398364701750321,7.65541367094343
59,PM2.5,2022-08-02T17:00:00Z,train,0059_88101_00861,missing_AM,kalman_offline,7.678284858867354,7.2,8.766666666666666,7.678284858867354,6.5397057339625695,6.435742959638899,7.728086039235811
59,PM2.5,2022-08-09T14:00:00Z,train,0059_88101_00862,missing_BA,kalman_offline,4.374300909470646,7.7,4.8,4.374300909470646,4.687485450246241,4.42481676422816,7.256890305947551
59,PM2.5,2022-08-09T15:00:00Z,train,0059_88101_00862,missing_BA,kalman_offline,5.069208710763257,8.4,4.9,5.069208710763257,4.906279312252325,4.2463260721787695,7.463463697120652
59,PM2.5,2022-08-11T02:00:00Z,train,0059_88101_00863,missing_AM,kalman_offline,11.22969280956453,4.9,15.4,11.22969280956453,3.9824671523062154,4.358724305098782,7.440955647228758
59,PM2.5,2022-09-02T16:00:00Z,train,0059_88101_00864,missing_AZ,kalman_offline,5.071983551104518,6.9,5.5,5.071983551104518,5.210227853401857,4.370509296643782,7.568639946100692
59,PM2.5,2022-09-02T17:00:00Z,train,0059_88101_00864,missing_AZ,kalman_offline,5.152251060347517,7.2,5.4,5.152251060347517,5.316271250990342,4.276090681465915,7.80295809227813
59,PM2.5,2022-09-02T18:00:00Z,train,0059_88101_00864,missing_AM,kalman_offline,5.232518569590516,6.5,5.3,5.232518569590516,5.02717415374744,4.246935666982598,7.648354658364293
59,PM2.5,2022-10-10T16:00:00Z,validation,0059_88101_00865,missing_AZ,kalman_offline,9.779622683376486,6.9,10.024999999999999,9.779622683376486,7.164517548080843,7.501035310861068,7.93278302140338
59,PM2.5,2022-10-10T17:00:00Z,validation,0059_88101_00865,missing_AZ,kalman_offline,9.911739028774166,7.2,10.35,9.911739028774166,6.746407140044474,7.140910417807485,7.9011383836415545
59,PM2.5,2022-10-10T18:00:00Z,validation,0059_88101_00865,missing_AM,kalman_offline,10.043855374171848,6.5,10.675,10.043855374171848,6.9462856562845365,7.169973897821041,7.880112696864032
59,PM2.5,2022-10-21T15:00:00Z,validation,0059_88101_00866,missing_BA,kalman_offline,6.331166961831498,8.4,8.75,6.331166961831498,4.086313151125278,3.3808748042657397,7.772730095690887
59,PM2.5,2022-10-21T16:00:00Z,validation,0059_88101_00866,missing_AM,kalman_offline,5.944391146626167,6.9,7.6,5.944391146626167,3.9755855889645053,3.2799861022387464,7.893969167751788
59,PM2.5,2022-10-21T17:00:00Z,validation,0059_88101_00866,missing_AM,kalman_offline,5.557615331420837,7.2,6.45,5.557615331420837,3.8439009194416403,2.9743802252163087,7.84776321511028
59,PM2.5,2022-11-03T14:00:00Z,test,0059_88101_00867,missing_AZ,kalman_offline,6.917932230307432,7.7,5.5,6.917932230307432,7.946178914842089,7.122753922323041,7.407925610026046
59,PM2.5,2022-11-11T20:00:00Z,test,0059_88101_00868,missing_AM,kalman_offline,5.946738465496652,6.8,7.35,5.946738465496652,3.1484915500953257,1.7135530064789126,7.702155781264742
59,PM2.5,2022-11-15T20:00:00Z,test,0059_88101_00869,missing_AZ,kalman_offline,-0.47295381714949136,6.8,-2.4000000000000004,-0.47295381714949136,3.801409113640829,3.1279821139172945,8.168135383265188
59,PM2.5,2022-12-05T17:00:00Z,test,0059_88101_00870,missing_AZ,kalman_offline,12.804799809997371,7.2,12.149999999999999,12.804799809997371,5.430646666556895,6.447454418810686,7.395697233510449
59,PM2.5,2022-12-13T16:00:00Z,test,0059_88101_00871,missing_BA,kalman_offline,8.747740002110156,6.9,8.3,8.747740002110156,4.141981348610825,3.6280601632633487,7.187593616505959
59,PM2.5,2022-12-13T17:00:00Z,test,0059_88101_00871,missing_AM,kalman_offline,11.007402393630464,7.2,11.9,11.007402393630464,3.952875134547903,3.3379357082776195,7.151120416402689
59,SO2,2022-01-02T00:00:00Z,train,0059_42401_00909,missing_BF,linear_offline,0.26666666666666666,0.0,0.26666666666666666,0.22998337506033767,0.21847281200808466,0.13114261793810128,0.02419825767200959
59,SO2,2022-01-02T01:00:00Z,train,0059_42401_00909,missing_BF,linear_offline,0.33333333333333337,0.0,0.33333333333333337,0.24855178963426755,0.1959502100032956,0.10890265624995865,0.017581202041750035
59,SO2,2022-01-02T12:00:00Z,train,0059_42401_00910,missing_AM,linear_offline,-0.3,-0.1,-0.3,-0.286920144435257,-0.231390457525675,-0.1130665874878017,-0.009702237637340225
59,SO2,2022-01-09T00:00:00Z,train,0059_42401_00911,missing_BF,linear_offline,0.0,0.0,0.0,0.0023938474134886497,-0.07961196908431079,-0.05590271235421153,0.04266773590571867
59,SO2,2022-01-09T01:00:00Z,train,0059_42401_00911,missing_BC,linear_offline,0.0,0.0,0.0,0.0017659528198691193,-0.06711014612109195,-0.0696258929339629,0.03843511265748783
59,SO2,2022-01-09T02:00:00Z,train,0059_42401_00911,missing_BC,linear_offline,0.0,0.3,0.0,0.0011380582262495885,-0.10040578599649264,-0.07439636188827493,0.03509424731329686
59,SO2,2022-01-09T03:00:00Z,train,0059_42401_00911,missing_BC,linear_offline,0.0,0.0,0.0,0.0005101636326300578,-0.0868050436009961,-0.07385286877772596,0.012042855911185474
59,SO2,2022-01-11T17:00:00Z,train,0059_42401_00912,missing_BA,linear_offline,0.05,0.0,0.05,0.056968992820632204,-0.012190140290791747,-0.018373282918787738,0.009498303243206746
59,SO2,2022-01-13T02:00:00Z,train,0059_42401_00914,missing_BF,linear_offline,0.05,0.3,0.05,0.07167866164567802,0.009277025249960486,0.01037521420274726,0.008954098068616174
59,SO2,2022-01-14T02:00:00Z,train,0059_42401_00915,missing_BF,linear_offline,0.4,0.3,0.4,0.38230132776075154,0.1258227465601595,0.16306131420388198,0.03464094898134932
59,SO2,2022-01-16T00:00:00Z,train,0059_42401_00916,missing_BF,linear_offline,-0.13333333333333336,0.0,-0.13333333333333336,-0.09999866051110202,0.008117815682667087,-4.0094356487349256e-05,-0.0026988545259413153
59,SO2,2022-01-16T01:00:00Z,train,0059_42401_00916,missing_BF,linear_offline,-0.06666666666666668,0.0,-0.06666666666666668,-0.06180243749466083,0.000995488206987534,-0.004236946617433476,0.0051172351039147175
59,SO2,2022-01-17T09:00:00Z,train,0059_42401_00917,missing_AM,linear_offline,0.05,-0.1,0.05,0.10193835361139991,0.17444330596900398,0.22103066063049515,0.002704704838497737
59,SO2,2022-01-19T16:00:00Z,train,0059_42401_00918,missing_AZ,linear_offline,0.25,0.0,0.25,0.3162506433503373,0.21414703114006783,0.2945450362258451,0.03225035560843202
59,SO2,2022-01-19T17:00:00Z,train,0059_42401_00918,missing_AZ,linear_offline,0.4,0.0,0.4,0.44978031162935905,0.20712702910870973,0.2831060465988192,0.042311883947094966
59,SO2,2022-01-19T18:00:00Z,train,0059_42401_00918,missing_AZ,linear_offline,0.5499999999999999,0.0,0.5499999999999999,0.5833099799083808,0.194369837063173,0.25512985249986425,0.0343486671538869
59,SO2,2022-01-24T17:00:00Z,train,0059_42401_00919,missing_BF,linear_offline,0.06666666666666668,0.0,0.06666666666666668,0.06314963527209627,-0.0003084412151954548,-0.009770599877654971,0.03157868483191367
59,SO2,2022-01-24T18:00:00Z,train,0059_42401_00919,missing_BF,linear_offline,0.03333333333333334,0.0,0.03333333333333334,0.03907933954550159,-0.0035238431260353528,-0.01326173938087603,0.02466709659704874
59,SO2,2022-01-25T01:00:00Z,train,0059_42401_00920,missing_BF,linear_offline,0.05,0.0,0.05,0.030984625175672357,-0.0453520348960358,-0.04615845560778096,0.01894003098769132
59,SO2,2022-01-27T14:00:00Z,train,0059_42401_00921,missing_BA,linear_offline,0.0,-0.1,0.0,0.07144079694710445,0.13903793492338945,0.17264536881792097,0.01077727256995485
59,SO2,2022-01-30T00:00:00Z,train,0059_42401_00922,missing_BF,linear_offline,0.13333333333333333,0.0,0.13333333333333333,0.11695608396551743,0.07821494683456032,0.0636211779328791,0.004147899050240199
59,SO2,2022-01-30T01:00:00Z,train,0059_42401_00922,missing_BF,linear_offline,0.26666666666666666,0.0,0.26666666666666666,0.1944720131914338,0.04511862759829581,0.05690153597276561,0.00543413634099902
59,SO2,2022-02-06T00:00:00Z,train,0059_42401_00923,missing_BF,linear_offline,0.0,0.0,0.0,0.013137521183880896,-0.0227351028211854,-0.012795237171743482,0.021842903284506852
59,SO2,2022-02-06T01:00:00Z,train,0059_42401_00923,missing_BC,linear_offline,0.0,0.0,0.0,0.010295332069715174,-0.00984532363264013,0.0013107351228717617,0.020687669408112334
59,SO2,2022-02-06T02:00:00Z,train,0059_42401_00923,missing_BC,linear_offline,0.0,0.3,0.0,0.0074531429555494515,-0.004832001963086061,-0.012936084666866663,0.007719673667688243
59,SO2,2022-02-06T03:00:00Z,train,0059_42401_00923,missing_BC,linear_offline,0.0,0.0,0.0,0.004610953841383729,-0.003135377406610188,-0.02253317946520754,0.0020412657678394964
59,SO2,2022-02-08T18:00:00Z,train,0059_42401_00924,missing_BA,linear_offline,0.04999999999999999,0.0,0.04999999999999999,0.2056189165471227,0.10408338226254314,0.1464844305770835,0.01753883832359749
59,SO2,2022-02-13T00:00:00Z,train,0059_42401_00925,missing_BC,linear_offline,0.0,0.0,0.0,-0.0002284538665054145,-0.03492545710487861,-0.016444931647719683,0.0017713443882118405
59,SO2,2022-02-13T01:00:00Z,train,0059_42401_00925,missing_BC,linear_offline,0.0,0.0,0.0,-0.00044452329784850687,-0.007102226843639536,-0.00593869066882906,0.008510869918222327
59,SO2,2022-02-14T16:00:00Z,train,0059_42401_00926,missing_BF,linear_offline,0.36666666666666664,0.0,0.36666666666666664,0.6139329118350998,0.07061705981790883,0.07804187434923308,0.03642898271300331
59,SO2,2022-02-14T17:00:00Z,train,0059_42401_00926,missing_BF,linear_offline,0.43333333333333335,0.0,0.43333333333333335,0.5737613456340762,0.05895782141663938,0.04711834078176186,0.018323481743404008
59,SO2,2022-02-20T00:00:00Z,train,0059_42401_00927,missing_BF,linear_offline,0.09999999999999999,0.0,0.09999999999999999,0.15621196753573652,0.20160633930175115,0.24195624212894784,0.006582549595339987
59,SO2,2022-02-20T01:00:00Z,train,0059_42401_00927,missing_BF,linear_offline,0.19999999999999998,0.0,0.19999999999999998,0.24823939168480888,0.17774314169203986,0.21069034489642235,0.019097478987324338
59,SO2,2022-02-23T13:00:00Z,train,0059_42401_00928,missing_BA,linear_offline,0.0,-0.1,0.0,0.03183075394718002,-0.007675533543608032,-0.0029235905313435735,0.010849939933095763
59,SO2,2022-02-23T14:00:00Z,train,0059_42401_00928,missing_BA,linear_offline,0.0,-0.1,0.0,0.026890619648090218,0.0005288806205614718,0.0021296149091837068,0.011389670153493925
59,SO2,2022-02-23T15:00:00Z,train,0059_42401_00928,missing_BC,linear_offline,0.0,-0.1,0.0,0.021950485349000418,-0.009184170123862512,-0.006444289900015308,0.003968422080860744
59,SO2,2022-02-23T16:00:00Z,train,0059_42401_00928,missing_BC,linear_offline,0.0,0.0,0.0,0.017010351049910617,-0.007434274787815423,-0.003745134419328366,0.003322833719107198
59,SO2,2022-02-27T00:00:00Z,train,0059_42401_00929,missing_BF,linear_offline,-0.03333333333333333,0.0,-0.03333333333333333,-0.03476403545638553,-0.10915859996538277,-0.09731895563762213,-0.0023935222833718177
59,SO2,2022-02-27T01:00:00Z,train,0059_42401_00929,missing_BF,linear_offline,-0.06666666666666667,0.0,-0.06666666666666667,-0.05624939112146238,-0.11416138185942468,-0.08029081165527101,-0.004278097985170383
59,SO2,2022-03-02T16:00:00Z,train,0059_42401_00930,missing_AZ,linear_offline,0.09999999999999998,0.0,0.09999999999999998,0.10824635192398202,0.0378473590375031,0.04689161795399068,0.042078687065796226
59,SO2,2022-03-02T17:00:00Z,train,0059_42401_00930,missing_AZ,linear_offline,0.29999999999999993,0.0,0.29999999999999993,0.21118252613088617,0.031857222595676776,0.04533038480422736,0.07478330150971074
59,SO2,2022-03-06T00:00:00Z,train,0059_42401_00931,missing_BF,linear_offline,0.0,0.0,0.0,0.02402871819638728,-0.02133835441886839,-0.0372398780407951,-0.004314020388371989
59,SO2,2022-03-06T01:00:00Z,train,0059_42401_00931,missing_BC,linear_offline,0.0,0.0,0.0,0.01871667024449692,-0.024719144457253345,-0.04118179909788567,0.002618274996208157
59,SO2,2022-03-06T02:00:00Z,train,0059_42401_00931,missing_BC,linear_offline,0.0,0.3,0.0,0.013404622292606562,-0.023535409603745866,-0.039824907866448364,0.00973902385864608
59,SO2,2022-03-06T03:00:00Z,train,0059_42401_00931,missing_BC,linear_offline,0.0,0.0,0.0,0.008092574340716203,-0.027779673462127875,-0.04170654528099485,0.0050365140509240946
59,SO2,2022-03-08T17:00:00Z,train,0059_42401_00932,missing_BA,linear_offline,-0.06666666666666668,0.0,-0.06666666666666668,-0.03465536431026654,0.009571212053350266,0.04122570391344639,0.01566369747035
59,SO2,2022-03-08T18:00:00Z,train,0059_42401_00932,missing_AM,linear_offline,-0.03333333333333334,0.0,-0.03333333333333334,0.013815096252653786,0.005908037468448784,0.009733270053804265,0.017849693154811393
59,SO2,2022-03-13T00:00:00Z,train,0059_42401_00933,missing_BF,linear_offline,0.16666666666666666,0.0,0.16666666666666666,0.17574920498167096,0.09878042035942806,-0.11024345817900012,0.003911874374385489
59,SO2,2022-03-13T01:00:00Z,train,0059_42401_00933,missing_BF,linear_offline,0.3333333333333333,0.0,0.3333333333333333,0.25826097287714855,0.10230455625556488,0.003251829884891036,0.01885319600551601
59,SO2,2022-03-14T15:00:00Z,train,0059_42401_00934,missing_BA,linear_offline,0.0,-0.1,0.0,0.09510785994608148,0.0021165655171571495,0.01522414115594073,0.049071749340914156
59,SO2,2022-03-14T16:00:00Z,train,0059_42401_00934,missing_BC,linear_offline,0.1,0.0,0.1,0.12006458091307642,0.0017600147945386066,0.011480564719170718,0.022722699331112435
59,SO2,2022-03-14T17:00:00Z,train,0059_42401_00934,missing_BC,linear_offline,0.20000000000000004,0.0,0.20000000000000004,0.14502130188007137,0.011413614329972918,0.03142353262496647,0.023525989416467837
59,SO2,2022-03-16T16:00:00Z,train,0059_42401_00935,missing_AZ,linear_offline,0.2,0.0,0.2,0.13548296917546176,0.0060275128115190625,-0.008449987081440069,0.06398569333734215
59,SO2,2022-03-16T17:00:00Z,train,0059_42401_00935,missing_AZ,linear_offline,0.2,0.0,0.2,0.13942641514067558,0.007272002278598093,-0.0025451090547084654,0.04789381535395239
59,SO2,2022-03-20T00:00:00Z,train,0059_42401_00936,missing_BF,linear_offline,0.09999999999999998,0.0,0.09999999999999998,0.0841272035289047,0.06324321925038948,0.03094481278826974,0.027563437547827616
59,SO2,2022-03-20T01:00:00Z,train,0059_42401_00936,missing_BF,linear_offline,0.29999999999999993,0.0,0.29999999999999993,0.1879340588673204,0.06576196164302159,0.06974371736322044,0.0321542044550459
59,SO2,2022-03-22T17:00:00Z,train,0059_42401_00937,missing_BA,linear_offline,0.25,0.0,0.25,0.2167285027961347,0.0739519258179333,0.07617516163330545,0.0010345627212698001
59,SO2,2022-03-27T00:00:00Z,train,0059_42401_00938,missing_BF,linear_offline,0.16666666666666669,0.0,0.16666666666666669,0.1888678105489279,0.04997703236942217,0.08066400516684646,0.010649362951081598
59,SO2,2022-03-27T01:00:00Z,train,0059_42401_00938,missing_BF,linear_offline,0.23333333333333334,0.0,0.23333333333333334,0.2335975678575129,0.04504664365294194,0.0791597657866649,0.02504701959413586
59,SO2,2022-04-03T00:00:00Z,train,0059_42401_00939,missing_BF,linear_offline,0.08,0.0,0.08,0.08927868189876237,-0.022289230007648576,-0.014275622406531761,0.008526679581490566
59,SO2,2022-04-03T01:00:00Z,train,0059_42401_00939,missing_BC,linear_offline,0.060000000000000005,0.0,0.060000000000000005,0.06950155923910616,-0.040668204492439325,-0.030429971732604845,-0.011710514004754712
59,SO2,2022-04-03T02:00:00Z,train,0059_42401_00939,missing_BC,linear_offline,0.04000000000000001,0.3,0.04000000000000001,0.04972443657944994,-0.04301067420387915,-0.002847462086805105,-0.005677974967716102
59,SO2,2022-04-03T03:00:00Z,train,0059_42401_00939,missing_BC,linear_offline,0.020000000000000004,0.0,0.020000000000000004,0.02994731391979373,-0.04844766783969632,-0.03248596662161107,0.002660497017708747
59,SO2,2022-04-04T11:00:00Z,train,0059_42401_00940,missing_AM,linear_offline,-0.05,-0.1,-0.05,-0.04263753848623281,0.01532940181827271,0.002669341037259792,0.01033947186171709
59,SO2,2022-04-06T15:00:00Z,train,0059_42401_00941,missing_AZ,linear_offline,0.2333333333333333,-0.1,0.2333333333333333,0.20856369622381687,-0.011681096347496252,-0.016555931791766208,0.02356215633591361
59,SO2,2022-04-06T16:00:00Z,train,0059_42401_00941,missing_AZ,linear_offline,0.4666666666666666,0.0,0.4666666666666666,0.3031482855680365,-0.016770774608544647,0.005737092990602178,0.023204255147009294
59,SO2,2022-04-10T00:00:00Z,train,0059_42401_00942,missing_BF,linear_offline,0.0,0.0,0.0,0.02783932482486865,0.04475500841236786,0.04210479198833246,0.013592704220927511
59,SO2,2022-04-10T01:00:00Z,train,0059_42401_00942,missing_BF,linear_offline,0.0,0.0,0.0,0.03937924849406042,0.03430970210922022,0.0370554599306521,0.009390703818807128
59,SO2,2022-04-15T18:00:00Z,train,0059_42401_00943,missing_AM,linear_offline,0.03333333333333333,0.0,0.03333333333333333,0.038264333906748854,0.06346682372873713,0.0669789691211851,0.04835191807201963
59,SO2,2022-04-15T19:00:00Z,train,0059_42401_00943,missing_AM,linear_offline,0.06666666666666667,0.0,0.06666666666666667,0.061898877507304,0.06893541827564142,0.06922227368402828,0.058585248230004536
59,SO2,2022-04-17T00:00:00Z,train,0059_42401_00944,missing_BF,linear_offline,0.16666666666666669,0.0,0.16666666666666669,0.13189807866108832,-0.022329811519536107,-0.04808419597736318,0.031283996719069326
59,SO2,2022-04-17T01:00:00Z,train,0059_42401_00944,missing_BF,linear_offline,0.23333333333333334,0.0,0.23333333333333334,0.152042357101244,-0.017211511557873448,-0.035752679089746775,0.03261896333497318
59,SO2,2022-04-24T00:00:00Z,train,0059_42401_00945,missing_BF,linear_offline,0.06666666666666667,0.0,0.06666666666666667,0.04377950932145023,-0.08627444130499315,-0.12518255358692015,0.005243434132159322
59,SO2,2022-04-24T01:00:00Z,train,0059_42401_00945,missing_BF,linear_offline,0.13333333333333333,0.0,0.13333333333333333,0.07214219665141697,-0.09592741062282743,-0.12986641263677118,0.0024494257872655417
59,SO2,2022-05-01T00:00:00Z,train,0059_42401_00946,missing_BF,linear_offline,-0.08,0.0,-0.08,-0.07872468966556256,-0.10878001106529311,-0.1526762956514432,-0.03101966306709355
59,SO2,2022-05-01T01:00:00Z,train,0059_42401_00946,missing_BC,linear_offline,-0.060000000000000005,0.0,-0.060000000000000005,-0.07115531099425058,-0.12199017405701117,-0.15632641777507655,0.008101947703809235
59,SO2,2022-05-01T02:00:00Z,train,0059_42401_00946,missing_BC,linear_offline,-0.04000000000000001,0.3,-0.04000000000000001,-0.06358593232293859,-0.12264047677379868,-0.15184958111451274,0.009741982607508552
59,SO2,2022-05-01T03:00:00Z,train,0059_42401_00946,missing_BC,linear_offline,-0.020000000000000004,0.0,-0.020000000000000004,-0.056016553651626604,-0.12601159256279099,-0.15029950772705636,0.010695598005920029
59,SO2,2022-05-08T00:00:00Z,train,0059_42401_00947,missing_BF,linear_offline,0.13333333333333333,0.0,0.13333333333333333,0.09391325112817994,-0.07351185557895747,-0.10674680631793985,0.02913410759230305
59,SO2,2022-05-08T01:00:00Z,train,0059_42401_00947,missing_BF,linear_offline,0.26666666666666666,0.0,0.26666666666666666,0.14681180463763244,-0.08407405701610514,-0.1048075776547882,0.023383347438113405
59,SO2,2022-05-15T00:00:00Z,train,0059_42401_00948,missing_BF,linear_offline,0.033333333333333326,0.0,0.033333333333333326,0.018951046018443635,-0.06574985826232982,-0.08671086290069059,0.0002919249414339922
59,SO2,2022-05-15T01:00:00Z,train,0059_42401_00948,missing_BF,linear_offline,0.16666666666666666,0.0,0.16666666666666666,0.07693367274822863,-0.09055541124625473,-0.10989776336377427,-0.00477231442249638
59,SO2,2022-05-18T16:00:00Z,train,0059_42401_00949,missing_BA,linear_offline,0.05,0.0,0.05,0.011833009259451507,0.016961816818262594,0.009992551396028847,0.006357585187211745
59,SO2,2022-05-19T01:00:00Z,train,0059_42401_00950,missing_BC,linear_offline,0.13333333333333333,0.0,0.13333333333333333,0.09232744047773479,-0.06145519541139491,-0.06148079697831553,0.006276461296266559
59,SO2,2022-05-19T02:00:00Z,train,0059_42401_00950,missing_BC,linear_offline,0.26666666666666666,0.3,0.26666666666666666,0.14934566394278243,-0.08781560161496337,-0.08752038150024886,0.016601616767430903
59,SO2,2022-05-19T18:00:00Z,train,0059_42401_00951,missing_BA,linear_offline,0.06666666666666667,0.0,0.06666666666666667,0.04698851016247572,0.032266589850115865,0.020793619626714475,0.04223178901938229
59,SO2,2022-05-19T19:00:00Z,train,0059_42401_00951,missing_BA,linear_offline,0.13333333333333333,0.0,0.13333333333333333,0.07990152904191941,0.027005827972270212,0.024613802286625575,0.048883072831503116
59,SO2,2022-05-22T00:00:00Z,train,0059_42401_00952,missing_BF,linear_offline,0.39999999999999997,0.0,0.39999999999999997,0.31869032959359406,-0.04057444939362994,-0.06931142253619299,0.019298529655619043
59,SO2,2022-05-22T01:00:00Z,train,0059_42401_00952,missing_BF,linear_offline,0.7999999999999999,0.0,0.7999999999999999,0.5055467470385457,-0.07590280293773452,-0.09990091622171682,0.030063520997944616
59,SO2,2022-05-23T16:00:00Z,train,0059_42401_00953,missing_BF,linear_offline,-0.13333333333333336,0.0,-0.13333333333333336,-0.13013355615621353,-0.05850213487661349,-0.09975577792689475,0.021729198115566704
59,SO2,2022-05-23T17:00:00Z,train,0059_42401_00953,missing_BF,linear_offline,-0.06666666666666668,0.0,-0.06666666666666668,-0.08659858285733198,-0.035398652306769904,-0.10762266964302837,0.020557717720522107
59,SO2,2022-05-23T19:00:00Z,train,0059_42401_00954,missing_BF,linear_offline,0.0,0.0,0.0,-0.0425922458180193,-0.07636032454606667,-0.12730117328068763,0.0016701453555423799
59,SO2,2022-05-23T20:00:00Z,train,0059_42401_00954,missing_BF,linear_offline,0.0,0.0,0.0,-0.04212088207758817,-0.0730873999330164,-0.11037274281809162,0.006914546129719769
59,SO2,2022-05-24T21:00:00Z,train,0059_42401_00955,missing_BF,linear_offline,0.0,0.0,0.0,-0.01220912976539221,-0.038550419632375786,-0.07009374356322019,0.02463344543260048
59,SO2,2022-05-24T22:00:00Z,train,0059_42401_00955,missing_BF,linear_offline,0.0,0.0,0.0,-0.005063643920799998,-0.05797887420641866,-0.09358242822563165,0.0219622722272031
59,SO2,2022-05-25T15:00:00Z,train,0059_42401_00956,missing_BF,linear_offline,-0.16,-0.1,-0.16,-0.1096312764682987,-0.09059930549286448,-0.050557746857286784,-0.005073322103709841
59,SO2,2022-05-25T16:00:00Z,train,0059_42401_00956,missing_BF,linear_offline,-0.12000000000000001,0.0,-0.12000000000000001,-0.06854958926117702,-0.06882527922724657,-0.01984310791645347,-0.005850249450238092
59,SO2,2022-05-25T17:00:00Z,train,0059_42401_00956,missing_BF,linear_offline,-0.08000000000000002,0.0,-0.08000000000000002,-0.027467902054055332,-0.09132863094898021,-0.06532363473325102,-0.0027881060243037485
59,SO2,2022-05-25T18:00:00Z,train,0059_42401_00956,missing_BF,linear_offline,-0.04000000000000001,0.0,-0.04000000000000001,0.013613785153066355,-0.09926244850037917,-0.10820911576610914,0.0077659291841370645
59,SO2,2022-05-27T10:00:00Z,train,0059_42401_00957,missing_AM,linear_offline,-0.3,-0.1,-0.3,-0.28695296032563355,-0.1474070381129634,-0.16687806102126274,-0.021338196864468383
59,SO2,2022-05-27T11:00:00Z,train,0059_42401_00957,missing_AM,linear_offline,-0.3,-0.1,-0.3,-0.2824695698381323,-0.14104992678110506,-0.15364614324537745,-0.018963624932486867
59,SO2,2022-05-29T00:00:00Z,train,0059_42401_00958,missing_BF,linear_offline,-0.08,0.0,-0.08,-0.11241303099330709,-0.0820936677774919,-0.13254541036198186,0.002576656080673829
59,SO2,2022-05-29T01:00:00Z,train,0059_42401_00958,missing_BC,linear_offline,-0.060000000000000005,0.0,-0.060000000000000005,-0.09857972404145329,-0.08383982886964271,-0.13484987877060445,-0.0051025392371864715
59,SO2,2022-05-29T02:00:00Z,train,0059_42401_00958,missing_BC,linear_offline,-0.04000000000000001,0.3,-0.04000000000000001,-0.08474641708959949,-0.07985378439590601,-0.12061991730166675,-0.004801167339308059
59,SO2,2022-05-29T03:00:00Z,train,0059_42401_00958,missing_BC,linear_offline,-0.020000000000000004,0.0,-0.020000000000000004,-0.07091311013774569,-0.08195461067327789,-0.11917085879238638,-0.008205605883901866
59,SO2,2022-06-05T00:00:00Z,train,0059_42401_00959,missing_BF,linear_offline,0.19999999999999998,0.0,0.19999999999999998,0.13309107438418274,-0.018005031224267373,-0.035973541712302104,-0.00647633380496739
59,SO2,2022-06-05T01:00:00Z,train,0059_42401_00959,missing_BF,linear_offline,0.39999999999999997,0.0,0.39999999999999997,0.22385689439026904,-0.02457943667382892,-0.034870783681915124,-0.0016339422901326534
59,SO2,2022-06-06T15:00:00Z,train,0059_42401_00960,missing_BA,linear_offline,0.0,-0.1,0.0,0.0024359708245172704,0.02973606566222088,0.020619871908244367,-0.014244363204338157
59,SO2,2022-06-07T03:00:00Z,train,0059_42401_00961,missing_BC,linear_offline,0.6666666666666666,0.0,0.6666666666666666,0.4301852329195864,0.018535130502800486,-0.012044171254587815,-0.013852916228279093
59,SO2,2022-06-07T04:00:00Z,train,0059_42401_00961,missing_BC,linear_offline,0.7333333333333334,-0.1,0.7333333333333334,0.46376907918868926,-0.009995855607961148,0.0007649155272213782,-0.010008887607618873
59,SO2,2022-06-07T13:00:00Z,train,0059_42401_00962,missing_AZ,linear_offline,0.11666666666666665,-0.1,0.11666666666666665,0.11987822369854954,0.09833556858024972,0.0962319840777972,-0.0005319781702288282
59,SO2,2022-06-07T14:00:00Z,train,0059_42401_00962,missing_AZ,linear_offline,0.2333333333333333,-0.1,0.2333333333333333,0.1933618746921234,0.10827970661394119,0.1080229297728284,0.020177815185045377
59,SO2,2022-06-07T15:00:00Z,train,0059_42401_00962,missing_AZ,linear_offline,0.35,-0.1,0.35,0.26684552568569725,0.08477074858795479,0.08251066550459138,0.01613520663554511
59,SO2,2022-06-07T16:00:00Z,train,0059_42401_00962,missing_AZ,linear_offline,0.4666666666666666,0.0,0.4666666666666666,0.34032917667927115,0.15351801911774088,0.13105649911228964,0.023150576158310787
59,SO2,2022-06-07T17:00:00Z,train,0059_42401_00962,missing_AM,linear_offline,0.5833333333333333,0.0,0.5833333333333333,0.41381282767284505,0.11649441296813712,0.16932577536389198,0.023013270567946206
59,SO2,2022-06-08T17:00:00Z,train,0059_42401_00963,missing_BF,linear_offline,0.04,0.0,0.04,0.02888417863917156,-0.015362940105718051,0.007388561842187721,0.0012625541688851914
59,SO2,2022-06-08T18:00:00Z,train,0059_42401_00963,missing_BF,linear_offline,0.08,0.0,0.08,0.049795362545572236,-0.022648036622812676,-0.04602662554435688,0.012683255208543983
59,SO2,2022-06-08T19:00:00Z,train,0059_42401_00963,missing_BF,linear_offline,0.12,0.0,0.12,0.07070654645197293,-0.03675204869515251,-0.007258519785366006,0.02096331185400518
59,SO2,2022-06-08T20:00:00Z,train,0059_42401_00963,missing_BF,linear_offline,0.16,0.0,0.16,0.0916177303583736,-0.0467219356193594,-0.07443749790980406,0.010832621226061222
59,SO2,2022-06-12T00:00:00Z,train,0059_42401_00964,missing_BF,linear_offline,0.06666666666666665,0.0,0.06666666666666665,0.026876378860264158,-0.11000476121682841,-0.14961204672579964,-0.00753678131738884
59,SO2,2022-06-12T01:00:00Z,train,0059_42401_00964,missing_BF,linear_offline,0.2333333333333333,0.0,0.2333333333333333,0.10515435017904821,-0.1188955928401247,-0.14848307328018034,-0.034609251562547586
59,SO2,2022-06-16T11:00:00Z,train,0059_42401_00965,missing_AM,linear_offline,-0.25,-0.1,-0.25,-0.2677422395472,-0.14730392796588349,-0.1965843906791107,0.009839356853655763
59,SO2,2022-06-17T13:00:00Z,train,0059_42401_00966,missing_BA,linear_offline,-0.2,-0.1,-0.2,-0.20758292267616746,-0.14070006598200374,-0.18643251819209045,0.03143692679512811
59,SO2,2022-06-17T14:00:00Z,train,0059_42401_00966,missing_BA,linear_offline,-0.2,-0.1,-0.2,-0.2054870544280504,-0.12884499360000862,-0.19369039872120464,0.06375669927081762
59,SO2,2022-06-17T15:00:00Z,train,0059_42401_00966,missing_BA,linear_offline,-0.2,-0.1,-0.2,-0.20339118617993332,-0.13829379696936622,-0.18304695650616243,0.04248132245041683
59,SO2,2022-06-21T17:00:00Z,train,0059_42401_00967,missing_AM,linear_offline,-0.06666666666666668,0.0,-0.06666666666666668,-0.12605484740845735,-0.08959473863841956,-0.13561933353701805,0.013488800163364423
59,SO2,2022-06-21T18:00:00Z,train,0059_42401_00967,missing_BA,linear_offline,0.06666666666666665,0.0,0.06666666666666665,-0.05775237805058259,-0.09637263889563695,-0.15894445627061182,0.005327731874646208
59,SO2,2022-06-22T12:00:00Z,train,0059_42401_00968,missing_BC,linear_offline,0.033333333333333326,-0.1,0.033333333333333326,-0.03714623497840891,-0.09657529886958888,-0.13387151914674766,-0.016369534705752677
59,SO2,2022-06-22T13:00:00Z,train,0059_42401_00968,missing_BC,linear_offline,0.36666666666666664,-0.1,0.36666666666666664,0.1222633740252726,-0.08637936844307577,-0.11030066884165203,-0.014053280409545194
59,SO2,2022-06-22T19:00:00Z,train,0059_42401_00969,missing_BF,linear_offline,-0.16666666666666669,0.0,-0.16666666666666669,-0.1635760152206011,-0.08003686670103628,-0.12032559749780945,-0.007432574427991971
59,SO2,2022-06-22T20:00:00Z,train,0059_42401_00969,missing_BF,linear_offline,-0.13333333333333336,0.0,-0.13333333333333336,-0.1516352425029537,-0.08265541264450922,-0.10810997517144497,0.0027533707326505624
59,SO2,2022-06-23T14:00:00Z,train,0059_42401_00970,missing_AZ,linear_offline,0.0333333333333333,-0.1,0.0333333333333333,0.046863954780595574,-0.04954684099594288,-0.07135407236290252,0.01034624925861869
59,SO2,2022-06-23T15:00:00Z,train,0059_42401_00970,missing_AM,linear_offline,0.2666666666666666,-0.1,0.2666666666666666,0.15597705902186,-0.048831445804181015,-0.06439413743500685,0.006803288680922586
59,SO2,2022-06-26T00:00:00Z,train,0059_42401_00971,missing_BF,linear_offline,-0.08,0.0,-0.08,-0.11403089818039969,-0.14301905394935938,-0.19207622320071688,-0.01969646978558977
59,SO2,2022-06-26T01:00:00Z,train,0059_42401_00971,missing_BC,linear_offline,-0.060000000000000005,0.0,-0.060000000000000005,-0.10117235799618537,-0.14180343786070243,-0.1903126942936666,-0.019241579540353843
59,SO2,2022-06-26T02:00:00Z,train,0059_42401_00971,missing_BC,linear_offline,-0.04000000000000001,0.3,-0.04000000000000001,-0.08831381781197106,-0.1382507621103929,-0.19308712496973868,-0.029078985721926243
59,SO2,2022-06-26T03:00:00Z,train,0059_42401_00971,missing_BC,linear_offline,-0.020000000000000004,0.0,-0.020000000000000004,-0.07545527762775675,-0.16178197418384,-0.19371560742520577,-0.0174118941545889
59,SO2,2022-06-27T09:00:00Z,train,0059_42401_00972,missing_AM,linear_offline,-0.25,-0.1,-0.25,-0.20064633468149268,-0.09488289452025604,-0.12898409981208758,-0.019979093732947865
59,SO2,2022-06-27T17:00:00Z,train,0059_42401_00973,missing_BA,linear_offline,0.2,0.0,0.2,0.1265554461403424,-0.048877623566510355,-0.08167194580269901,0.0013598818648687646
59,SO2,2022-06-27T18:00:00Z,train,0059_42401_00973,missing_BA,linear_offline,0.30000000000000004,0.0,0.30000000000000004,0.17680820042635087,-0.057501668528890826,-0.08404681033570911,-0.0022014327773476425
59,SO2,2022-06-27T19:00:00Z,train,0059_42401_00973,missing_BC,linear_offline,0.4,0.0,0.4,0.22706095471235932,-0.0802014517103735,-0.10103878637553394,0.004429823210522937
59,SO2,2022-06-27T20:00:00Z,train,0059_42401_00973,missing_BC,linear_offline,0.5,0.0,0.5,0.27731370899836777,-0.08739139150834699,-0.10373456262126489,0.009103525116976104
59,SO2,2022-06-28T17:00:00Z,train,0059_42401_00974,missing_BF,linear_offline,-0.16,0.0,-0.16,-0.17622039125569114,-0.06180152862886494,-0.10904368756142958,0.016204129523984555
59,SO2,2022-06-28T18:00:00Z,train,0059_42401_00974,missing_BF,linear_offline,-0.12000000000000001,0.0,-0.12000000000000001,-0.15564091537921987,-0.08555526480763112,-0.11803020585955613,0.015503270260244121
59,SO2,2022-06-28T19:00:00Z,train,0059_42401_00974,missing_BF,linear_offline,-0.08000000000000002,0.0,-0.08000000000000002,-0.13506143950274857,-0.07592674302189144,-0.10003246800723958,0.013090985534151826
59,SO2,2022-06-28T20:00:00Z,train,0059_42401_00974,missing_BF,linear_offline,-0.04000000000000001,0.0,-0.04000000000000001,-0.11448196362627726,-0.07818568025507297,-0.11374425965464759,-0.03193369957252663
59,SO2,2022-07-01T15:00:00Z,train,0059_42401_00975,missing_AM,linear_offline,-0.2,-0.1,-0.2,-0.1573901388140979,-0.04874599811919018,-0.061313339158879474,0.012470081036092892
59,SO2,2022-07-03T00:00:00Z,train,0059_42401_00976,missing_BF,linear_offline,0.3,0.0,0.3,0.2065645122710737,-0.07164328494880637,-0.09564934552226434,-0.014609476087824615
59,SO2,2022-07-03T01:00:00Z,train,0059_42401_00976,missing_BF,linear_offline,0.6,0.0,0.6,0.334475376297583,-0.09675117050321752,-0.0931581771957945,-0.0237778960561619
59,SO2,2022-07-03T14:00:00Z,train,0059_42401_00977,missing_BF,linear_offline,0.024999999999999994,-0.1,0.024999999999999994,-0.0013765037899850924,-0.09448346751614467,-0.10155097322218541,-0.032794269890009276
59,SO2,2022-07-03T15:00:00Z,train,0059_42401_00977,missing_BF,linear_offline,0.15,-0.1,0.15,0.0654452514000182,-0.09988234526412637,-0.10711620386264209,-0.02407734149342205
59,SO2,2022-07-03T16:00:00Z,train,0059_42401_00977,missing_BF,linear_offline,0.275,0.0,0.275,0.1322670065900215,-0.07873040924688954,-0.07781022607369514,-0.02527779348261859
59,SO2,2022-07-10T00:00:00Z,train,0059_42401_00978,missing_BF,linear_offline,0.033333333333333326,0.0,0.033333333333333326,0.0044661961389082655,-0.09200278371883894,-0.1334384532551543,-0.014115647398015518
59,SO2,2022-07-10T01:00:00Z,train,0059_42401_00978,missing_BF,linear_offline,0.16666666666666666,0.0,0.16666666666666666,0.05282870072862461,-0.10891150555830678,-0.13402728929432867,-0.011342751342722682
59,SO2,2022-07-10T07:00:00Z,train,0059_42401_00979,missing_AM,linear_offline,-0.27999999999999997,-0.1,-0.27999999999999997,-0.23404497423325182,-0.08268639152264048,-0.09997889951123719,-0.03764805033718738
59,SO2,2022-07-10T08:00:00Z,train,0059_42401_00979,missing_AM,linear_offline,-0.26,-0.1,-0.26,-0.22420352567414095,-0.07400655184104712,-0.10342109893472619,-0.0382338703349902
59,SO2,2022-07-10T09:00:00Z,train,0059_42401_00979,missing_AM,linear_offline,-0.24,-0.1,-0.24,-0.21436207711503008,-0.06185876384544932,-0.07999420015104995,-0.04203505643581474
59,SO2,2022-07-10T10:00:00Z,train,0059_42401_00979,missing_AM,linear_offline,-0.22,-0.1,-0.22,-0.2045206285559192,-0.07316973745322787,-0.09074724293598797,-0.03840494985946538
59,SO2,2022-07-10T13:00:00Z,train,0059_42401_00980,missing_AM,linear_offline,-0.15,-0.1,-0.15,-0.14387155430670914,-0.041269358421068804,-0.07416014487328255,-0.03634401553771088
59,SO2,2022-07-10T14:00:00Z,train,0059_42401_00980,missing_BF,linear_offline,-0.09999999999999999,-0.1,-0.09999999999999999,-0.10822619717891244,-0.043481094811401486,-0.08454663018504055,-0.021970188486117426
59,SO2,2022-07-10T15:00:00Z,train,0059_42401_00980,missing_BF,linear_offline,-0.04999999999999999,-0.1,-0.04999999999999999,-0.07258084005111573,-0.061520738041797834,-0.08640541198078082,-0.015198424665856147
59,SO2,2022-07-10T16:00:00Z,train,0059_42401_00980,missing_BF,linear_offline,2.7755575615628914e-17,0.0,2.7755575615628914e-17,-0.036935482923319024,-0.04738331215969028,-0.058412504838458834,-0.005950057093400997
59,SO2,2022-07-10T17:00:00Z,train,0059_42401_00980,missing_BF,linear_offline,0.050000000000000044,0.0,0.050000000000000044,-0.0012901257955223178,-0.06019545590609182,-0.07730320373750624,-0.01077485571562196
59,SO2,2022-07-15T12:00:00Z,train,0059_42401_00981,missing_BA,linear_offline,-0.2,-0.1,-0.2,-0.2049501607657208,-0.18904096428467465,-0.21351540748926007,-0.014948745957387839
59,SO2,2022-07-15T20:00:00Z,train,0059_42401_00982,missing_AM,linear_offline,-0.3,0.0,-0.3,-0.26043786956331283,-0.132077788902761,-0.16407446027341788,-0.005145408357115662
59,SO2,2022-07-17T00:00:00Z,train,0059_42401_00983,missing_BF,linear_offline,0.1333333333333333,0.0,0.1333333333333333,0.04588323985355919,-0.10410279794649693,-0.1512916502916722,0.016300012630274557
59,SO2,2022-07-17T01:00:00Z,train,0059_42401_00983,missing_BF,linear_offline,0.3666666666666666,0.0,0.3666666666666666,0.15327566298602702,-0.1090661298557059,-0.150373627864535,0.0045429841006267
59,SO2,2022-07-18T16:00:00Z,train,0059_42401_00984,missing_BF,linear_offline,-0.16,0.0,-0.16,-0.14864368766129257,0.012827118745038729,-0.06214411327931142,0.00507163845132047
59,SO2,2022-07-18T17:00:00Z,train,0059_42401_00984,missing_BF,linear_offline,-0.12000000000000001,0.0,-0.12000000000000001,-0.11941734080286598,0.015063145113065998,-0.05456192850247365,0.0014197729984818325
59,SO2,2022-07-18T18:00:00Z,train,0059_42401_00984,missing_BF,linear_offline,-0.08000000000000002,0.0,-0.08000000000000002,-0.09019099394443938,0.031520183041646124,-0.010238112890340812,0.0101653844805145
59,SO2,2022-07-18T19:00:00Z,train,0059_42401_00984,missing_BF,linear_offline,-0.04000000000000001,0.0,-0.04000000000000001,-0.06096464708601279,-0.007320613611337614,-0.03167766753403207,0.01093477786209696
59,SO2,2022-07-19T15:00:00Z,train,0059_42401_00985,missing_BA,linear_offline,-0.175,-0.1,-0.175,-0.10660291687794968,0.003816478254422781,-0.0018964197359002365,-0.014308737476787788
59,SO2,2022-07-19T16:00:00Z,train,0059_42401_00985,missing_BA,linear_offline,-0.04999999999999999,0.0,-0.04999999999999999,-0.010687150802169032,0.08576116419265363,0.0631622076425313,1.2473042261878717e-06
59,SO2,2022-07-19T17:00:00Z,train,0059_42401_00985,missing_BA,linear_offline,0.07500000000000001,0.0,0.07500000000000001,0.08522861527361164,0.06169673073707355,0.06367512292251268,-0.004161945607627525
59,SO2,2022-07-19T19:00:00Z,train,0059_42401_00986,missing_BC,linear_offline,0.3666666666666667,0.0,0.3666666666666667,0.25820452877456523,0.04805384560881668,0.039419115593490275,-0.003068628564274735
59,SO2,2022-07-19T20:00:00Z,train,0059_42401_00986,missing_BC,linear_offline,0.5333333333333333,0.0,0.5333333333333333,0.3352646761997382,0.037687512937132316,0.05982529548146778,-0.005936327352828955
59,SO2,2022-07-22T16:00:00Z,train,0059_42401_00987,missing_AZ,linear_offline,-0.05714285714285714,0.0,-0.05714285714285714,-0.07893632029800174,0.01737268186258227,0.03206017926297936,-0.007642485996666294
59,SO2,2022-07-22T17:00:00Z,train,0059_42401_00987,missing_AZ,linear_offline,-0.014285714285714277,0.0,-0.014285714285714277,-0.04782478577508782,0.004420245130699132,0.012812638063365352,-0.005913567903591573
59,SO2,2022-07-22T18:00:00Z,train,0059_42401_00987,missing_BF,linear_offline,0.02857142857142858,0.0,0.02857142857142858,-0.016713251252173877,-0.022426361674324838,-0.003696820464874257,0.00045119402439176403
59,SO2,2022-07-22T19:00:00Z,train,0059_42401_00987,missing_BF,linear_offline,0.07142857142857145,0.0,0.07142857142857145,0.014398283270740053,-0.02642986808636881,-0.014782652927364828,-0.00203352480248299
59,SO2,2022-07-22T20:00:00Z,train,0059_42401_00987,missing_BF,linear_offline,0.11428571428571432,0.0,0.11428571428571432,0.045509817793653984,-0.03634958518805918,-0.045275754012499926,-0.009453422408830396
59,SO2,2022-07-22T21:00:00Z,train,0059_42401_00987,missing_BF,linear_offline,0.15714285714285717,0.0,0.15714285714285717,0.07662135231656791,-0.04431893637206233,-0.045647242733784066,-0.010831767638762167
59,SO2,2022-07-24T00:00:00Z,train,0059_42401_00988,missing_BF,linear_offline,-0.08,0.0,-0.08,-0.08408381540423784,-0.10839202619371213,-0.13883625881475153,-0.021110579864323138
59,SO2,2022-07-24T01:00:00Z,train,0059_42401_00988,missing_BC,linear_offline,-0.060000000000000005,0.0,-0.060000000000000005,-0.074172938568509,-0.10438670688298755,-0.1266417692395984,-0.022138073953210647
59,SO2,2022-07-24T02:00:00Z,train,0059_42401_00988,missing_BC,linear_offline,-0.04000000000000001,0.3,-0.04000000000000001,-0.06426206173278015,-0.10658850711531459,-0.12594049255900602,-0.029929648527657796
59,SO2,2022-07-24T03:00:00Z,train,0059_42401_00988,missing_BC,linear_offline,-0.020000000000000004,0.0,-0.020000000000000004,-0.05435118489705131,-0.11478272730518753,-0.13507094600926367,-0.03733778684651377
59,SO2,2022-07-25T16:00:00Z,train,0059_42401_00989,missing_BF,linear_offline,-0.13333333333333336,0.0,-0.13333333333333336,-0.11696942746359597,-0.0752965908990165,-0.09785600743322018,-0.024397721204272742
59,SO2,2022-07-25T17:00:00Z,train,0059_42401_00989,missing_BF,linear_offline,-0.06666666666666668,0.0,-0.06666666666666668,-0.07418667513514421,-0.04250638553883841,-0.08092878011331513,-0.018516194990399325
59,SO2,2022-07-31T00:00:00Z,train,0059_42401_00990,missing_BF,linear_offline,0.06666666666666665,0.0,0.06666666666666665,0.023921156647732103,-0.12045653543502048,-0.1551814187961994,-0.024403914933737954
59,SO2,2022-07-31T01:00:00Z,train,0059_42401_00990,missing_BF,linear_offline,0.2333333333333333,0.0,0.2333333333333333,0.1015136201983982,-0.11994091922246757,-0.15149129013193047,-0.021479375837679893
59,SO2,2022-08-07T00:00:00Z,train,0059_42401_00991,missing_BF,linear_offline,-0.06666666666666668,0.0,-0.06666666666666668,-0.0921111165588154,-0.026631846688694727,-0.07929851358241624,-0.024872483765519947
59,SO2,2022-08-07T01:00:00Z,train,0059_42401_00991,missing_BF,linear_offline,0.06666666666666665,0.0,0.06666666666666665,-0.03181807660200378,-0.021784929065641608,-0.048440993262386926,-0.01568565653247534
59,SO2,2022-08-07T17:00:00Z,train,0059_42401_00993,missing_BF,linear_offline,0.0,0.0,0.0,-0.00321787725987974,0.018024249106891925,0.002048777225013858,-0.012128338042768201
59,SO2,2022-08-07T18:00:00Z,train,0059_42401_00993,missing_BF,linear_offline,0.0,0.0,0.0,-0.0018213309007961732,0.01690069594186506,0.009385048229695186,-0.011842779900480108
59,SO2,2022-08-08T12:00:00Z,train,0059_42401_00994,missing_BA,linear_offline,0.1,-0.1,0.1,0.061584920886804895,-0.011905296258706281,-0.027467093717158053,-0.01784018021399507
59,SO2,2022-08-14T00:00:00Z,train,0059_42401_00995,missing_BF,linear_offline,0.03333333333333333,0.0,0.03333333333333333,-0.01623391324070563,-0.09427108418493518,-0.09865684212532871,-0.001993256353234437
59,SO2,2022-08-14T01:00:00Z,train,0059_42401_00995,missing_BF,linear_offline,0.06666666666666667,0.0,0.06666666666666667,-0.026267163928741913,-0.1085830312343856,-0.12016841959143358,-0.00957543294542806
59,SO2,2022-08-14T04:00:00Z,train,0059_42401_00996,missing_AM,linear_offline,-0.3,-0.1,-0.3,-0.21160182514799986,-0.1168565851800647,-0.14860220896051812,-0.017472796091755262
59,SO2,2022-08-21T00:00:00Z,train,0059_42401_00998,missing_BF,linear_offline,-0.1,0.0,-0.1,-0.11895309281503039,-0.12036450729612806,-0.15721874041956324,-0.006372071669222467
59,SO2,2022-08-21T01:00:00Z,train,0059_42401_00998,missing_BC,linear_offline,-0.1,0.0,-0.1,-0.13016692751421216,-0.12212639108970295,-0.15631217649424478,-0.01039654713959465
59,SO2,2022-08-21T02:00:00Z,train,0059_42401_00998,missing_BC,linear_offline,-0.1,0.3,-0.1,-0.14138076221339396,-0.11850610199401897,-0.15033371953962932,-0.0031745746905547986
59,SO2,2022-08-21T03:00:00Z,train,0059_42401_00998,missing_BC,linear_offline,-0.1,0.0,-0.1,-0.15259459691257576,-0.13312234592855315,-0.14744470384537028,-0.003367456060901086
59,SO2,2022-08-21T06:00:00Z,train,0059_42401_00999,missing_AM,linear_offline,-0.3,-0.1,-0.3,-0.25268366215633303,-0.12261294363085719,-0.15493483183706108,-0.014412897304480757
59,SO2,2022-08-22T13:00:00Z,train,0059_42401_01001,missing_BA,linear_offline,-0.1,-0.1,-0.1,-0.09967256963443698,-0.08155153331787285,-0.10000017958604333,-0.0005823035009843245
59,SO2,2022-08-28T00:00:00Z,train,0059_42401_01002,missing_BF,linear_offline,0.033333333333333326,0.0,0.033333333333333326,0.04196955017606592,0.0363649767495407,-0.013585194471768418,-0.006728478137487757
59,SO2,2022-08-28T01:00:00Z,train,0059_42401_01002,missing_BF,linear_offline,0.16666666666666666,0.0,0.16666666666666666,0.12989941240279473,0.02926340246219974,0.019794082236103544,-0.016723148164199658
59,SO2,2022-08-30T15:00:00Z,train,0059_42401_01004,missing_AZ,linear_offline,0.19999999999999998,-0.1,0.19999999999999998,0.1427682294760752,-0.02980329399117422,-0.0134604093408018,-0.014553450152414316
59,SO2,2022-08-30T16:00:00Z,train,0059_42401_01004,missing_AZ,linear_offline,0.5,0.0,0.5,0.29280042953753593,-0.021041335728600563,0.029732851143228527,-0.0075473456468334674
59,SO2,2022-09-04T00:00:00Z,train,0059_42401_01005,missing_BF,linear_offline,0.1333333333333333,0.0,0.1333333333333333,0.06480899235079222,-0.08239807924759382,-0.11038455325960903,-0.011240596752847984
59,SO2,2022-09-04T01:00:00Z,train,0059_42401_01005,missing_BF,linear_offline,0.3666666666666666,0.0,0.3666666666666666,0.16703192684949292,-0.08004736759948869,-0.10716744791970412,-0.01679870879904979
59,SO2,2022-09-04T14:00:00Z,train,0059_42401_01006,missing_BF,linear_offline,-0.08,-0.1,-0.08,-0.08100051601244934,-0.058582074296087194,-0.0951238831827915,-0.03227550668177829
59,SO2,2022-09-04T15:00:00Z,train,0059_42401_01006,missing_BF,linear_offline,-0.060000000000000005,-0.1,-0.060000000000000005,-0.06895559370029676,-0.06420589880405818,-0.09213514578413316,-0.02288610745970644
59,SO2,2022-09-04T16:00:00Z,train,0059_42401_01006,missing_BF,linear_offline,-0.04000000000000001,0.0,-0.04000000000000001,-0.05691067138814418,-0.028356473982070557,-0.03364149105287314,-0.02767495503247125
59,SO2,2022-09-04T17:00:00Z,train,0059_42401_01006,missing_BF,linear_offline,-0.020000000000000004,0.0,-0.020000000000000004,-0.04486574907599159,-0.0018326245270246563,-0.014690066186508737,-0.014136305439865791
59,SO2,2022-09-05T14:00:00Z,train,0059_42401_01007,missing_BF,linear_offline,-0.08,-0.1,-0.08,-0.07643825341229749,-0.07046866574272787,-0.09435519777292856,-0.020179832361684115
59,SO2,2022-09-05T15:00:00Z,train,0059_42401_01007,missing_BF,linear_offline,-0.060000000000000005,-0.1,-0.060000000000000005,-0.06179161146130657,-0.06114588952408756,-0.07483667118994658,-0.02111807699837023
59,SO2,2022-09-05T16:00:00Z,train,0059_42401_01007,missing_BF,linear_offline,-0.04000000000000001,0.0,-0.04000000000000001,-0.047144969510315646,-0.03975263745854903,-0.02256474968387908,-0.019631328202750493
59,SO2,2022-09-05T17:00:00Z,train,0059_42401_01007,missing_BF,linear_offline,-0.020000000000000004,0.0,-0.020000000000000004,-0.03249832755932472,-0.008953992353176895,-0.007557115042714424,-0.010861224173080369
59,SO2,2022-09-07T18:00:00Z,train,0059_42401_01008,missing_BA,linear_offline,-0.05,0.0,-0.05,-0.06602776785980573,-0.014378382660074022,-0.013238298560012646,0.00779604458230984
59,SO2,2022-09-11T00:00:00Z,train,0059_42401_01009,missing_BF,linear_offline,0.16666666666666666,0.0,0.16666666666666666,0.11157260240855965,-0.075751616190881,-0.09245696599235535,0.025860372699481323
59,SO2,2022-09-11T01:00:00Z,train,0059_42401_01009,missing_BF,linear_offline,0.3333333333333333,0.0,0.3333333333333333,0.1814144967322635,-0.0753992017828029,-0.0824962295003151,0.023501893824071956
59,SO2,2022-09-11T15:00:00Z,train,0059_42401_01010,missing_BF,linear_offline,-0.1,-0.1,-0.1,-0.10510393161157701,-0.08632453951187331,-0.12153990404340141,0.00038878611270066164
59,SO2,2022-09-11T16:00:00Z,train,0059_42401_01010,missing_BF,linear_offline,0.0,0.0,0.0,-0.04990283867829107,-0.06438659937773898,-0.0998670317949101,0.009249457322281331
59,SO2,2022-09-11T17:00:00Z,train,0059_42401_01010,missing_BF,linear_offline,0.10000000000000003,0.0,0.10000000000000003,0.0052982542549948886,-0.06025676707546598,-0.10536078593795059,0.00934046647297631
59,SO2,2022-09-18T00:00:00Z,train,0059_42401_01011,missing_BF,linear_offline,-0.039999999999999994,0.0,-0.039999999999999994,-0.05284020020291046,-0.022915228423614233,-0.08918517086019864,-0.025180733833731136
59,SO2,2022-09-18T01:00:00Z,train,0059_42401_01011,missing_BC,linear_offline,0.020000000000000018,0.0,0.020000000000000018,-0.014631516285030316,-0.021293615107749506,-0.11140489192334296,-0.010904136262391378
59,SO2,2022-09-18T02:00:00Z,train,0059_42401_01011,missing_BC,linear_offline,0.08000000000000004,0.3,0.08000000000000004,0.023577167632849838,-0.019261856996250853,-0.08315970949419411,-0.005407871479755971
59,SO2,2022-09-18T03:00:00Z,train,0059_42401_01011,missing_BC,linear_offline,0.14000000000000004,0.0,0.14000000000000004,0.06178585155072999,-0.029569859755194952,-0.09812165642859828,-0.019595000659663155
59,SO2,2022-09-18T15:00:00Z,train,0059_42401_01012,missing_BF,linear_offline,0.075,-0.1,0.075,0.057403793536564655,0.0067373260759663895,-0.004244241181537699,-0.03176206758457091
59,SO2,2022-09-18T16:00:00Z,train,0059_42401_01012,missing_BF,linear_offline,0.15,0.0,0.15,0.09287564320715175,0.03204938576349836,0.005767228850385344,-0.02656249410643708
59,SO2,2022-09-18T17:00:00Z,train,0059_42401_01012,missing_BF,linear_offline,0.22499999999999998,0.0,0.22499999999999998,0.12834749287773886,0.020245643377328933,0.009077133731894404,-0.025480498472113373
59,SO2,2022-09-21T12:00:00Z,train,0059_42401_01013,missing_BA,linear_offline,0.05,-0.1,0.05,0.08960087128298873,0.03131784636113837,0.06838397787561676,0.00389504674600032
59,SO2,2022-09-24T22:00:00Z,train,0059_42401_01014,missing_BF,linear_offline,0.13999999999999999,0.0,0.13999999999999999,0.11837553791054359,0.022130628311335304,0.048749380761533505,-0.022069969529186825
59,SO2,2022-09-24T23:00:00Z,train,0059_42401_01014,missing_BF,linear_offline,0.27999999999999997,0.0,0.27999999999999997,0.19153564202284487,0.005697978576179649,0.00809467769363748,-0.029137153987944434
59,SO2,2022-09-25T00:00:00Z,train,0059_42401_01014,missing_BF,linear_offline,0.41999999999999993,0.0,0.41999999999999993,0.2646957461351462,0.00013026594238260691,-0.010996369017387708,-0.021838794254994666
59,SO2,2022-09-25T01:00:00Z,train,0059_42401_01014,missing_BF,linear_offline,0.5599999999999999,0.0,0.5599999999999999,0.33785585024744746,0.0009265898724805559,0.013593731393769116,-0.0072321959235985955
59,SO2,2022-10-01T22:00:00Z,validation,0059_42401_01015,missing_BF,linear_offline,0.26,0.0,0.26,0.27061132439022095,0.19253988158415092,0.16687905783983453,0.02436081493575712
59,SO2,2022-10-01T23:00:00Z,validation,0059_42401_01015,missing_BF,linear_offline,0.32,0.0,0.32,0.2940714981444309,0.17829185660556046,0.18446965875324456,0.018175540207958432
59,SO2,2022-10-02T00:00:00Z,validation,0059_42401_01015,missing_BF,linear_offline,0.38,0.0,0.38,0.3175316718986408,0.18339544057703028,0.18859504679374073,0.014390897319134635
59,SO2,2022-10-02T01:00:00Z,validation,0059_42401_01015,missing_BF,linear_offline,0.44,0.0,0.44,0.34099184565285073,0.16832764163975383,0.16214597634002803,0.012523683293752431
59,SO2,2022-10-06T11:00:00Z,validation,0059_42401_01016,missing_AL,linear_offline,0.1,-0.1,0.1,0.1002635673508306,0.08902903888025951,0.09118639649481833,0.031720033636491424
59,SO2,2022-10-06T12:00:00Z,validation,0059_42401_01016,missing_AL,linear_offline,0.2,-0.1,0.2,0.16211087608619365,0.0954347506291174,0.1234525718282509,0.0720923460193878
59,SO2,2022-10-06T13:00:00Z,validation,0059_42401_01016,missing_BA,linear_offline,0.30000000000000004,-0.1,0.30000000000000004,0.2239581848215567,0.11396243600590442,0.15090011157651212,0.04056090823801926
59,SO2,2022-10-09T00:00:00Z,validation,0059_42401_01017,missing_BF,linear_offline,0.09999999999999999,0.0,0.09999999999999999,0.09487105643762009,0.013519909995802177,0.011611412625296049,0.004447493857256195
59,SO2,2022-10-09T01:00:00Z,validation,0059_42401_01017,missing_BF,linear_offline,0.19999999999999998,0.0,0.19999999999999998,0.1402863586887037,0.010444746847176344,0.016683872441200814,0.015212128144480452
59,SO2,2022-10-11T12:00:00Z,validation,0059_42401_01018,missing_AZ,linear_offline,0.16666666666666666,-0.1,0.16666666666666666,0.14719575670294038,0.036202450178208764,0.05280614465310194,-0.014663969448616664
59,SO2,2022-10-11T13:00:00Z,validation,0059_42401_01018,missing_AM,linear_offline,0.3333333333333333,-0.1,0.3333333333333333,0.23814143739871949,0.033214911829919314,0.06278631967501319,-0.01843297352861898
59,SO2,2022-10-16T00:00:00Z,validation,0059_42401_01019,missing_BF,linear_offline,0.08,0.0,0.08,0.058781134244663726,-0.1011030522014485,-0.1346496987438318,-0.019612970045908115
59,SO2,2022-10-16T01:00:00Z,validation,0059_42401_01019,missing_BC,linear_offline,0.060000000000000005,0.0,0.060000000000000005,0.036750659232270874,-0.09816667197145744,-0.12327691470338557,-0.021070642893162912
59,SO2,2022-10-16T02:00:00Z,validation,0059_42401_01019,missing_BC,linear_offline,0.04000000000000001,0.3,0.04000000000000001,0.014720184219878016,-0.10149039048614114,-0.11075099614777087,-0.023214788445892566
59,SO2,2022-10-16T03:00:00Z,validation,0059_42401_01019,missing_BC,linear_offline,0.020000000000000004,0.0,0.020000000000000004,-0.0073102907925148425,-0.10329879579709994,-0.1212619535278565,-0.011982197129036993
59,SO2,2022-10-17T12:00:00Z,validation,0059_42401_01020,missing_BA,linear_offline,-0.1,-0.1,-0.1,-0.1018756561919231,-0.1401179904589024,-0.16194989034334883,-0.015383172546072202
59,SO2,2022-10-21T17:00:00Z,validation,0059_42401_01021,missing_BA,linear_offline,0.10000000000000003,0.0,0.10000000000000003,0.1576701220287411,-0.032548922904460646,-0.06362570574911275,0.011105824647995517
59,SO2,2022-10-23T00:00:00Z,validation,0059_42401_01022,missing_BF,linear_offline,-0.03333333333333334,0.0,-0.03333333333333334,-0.029287545233045775,-0.019712695842629458,-0.03985738453446021,-0.011478534589274208
59,SO2,2022-10-23T01:00:00Z,validation,0059_42401_01022,missing_BF,linear_offline,0.033333333333333326,0.0,0.033333333333333326,0.005478095995091428,-0.013818739200443797,-0.032707991463636586,-0.01133821909602118
59,SO2,2022-10-30T00:00:00Z,validation,0059_42401_01023,missing_BF,linear_offline,0.0,0.0,0.0,0.01715616635868948,0.052972628499883406,0.08663240319379388,0.0056693573871056425
59,SO2,2022-10-30T01:00:00Z,validation,0059_42401_01023,missing_BF,linear_offline,0.0,0.0,0.0,0.013241403671758438,0.04206648376135932,0.0647761539929827,0.000542918308369892
59,SO2,2022-11-03T13:00:00Z,test,0059_42401_01024,missing_BA,linear_offline,0.0,-0.1,0.0,0.009744189731516289,0.009416016877021247,-0.06296061338033496,0.004532323857383365
59,SO2,2022-11-03T19:00:00Z,test,0059_42401_01025,missing_BC,linear_offline,0.16666666666666669,0.0,0.16666666666666669,0.10951360987093929,-0.0708840036950789,-0.11148385737016209,-0.01642640775183314
59,SO2,2022-11-03T20:00:00Z,test,0059_42401_01025,missing_BC,linear_offline,0.23333333333333334,0.0,0.23333333333333334,0.11879810354303708,-0.09859762622485853,-0.11663700754664189,-0.016633411725670972
59,SO2,2022-11-05T01:00:00Z,test,0059_42401_01026,missing_AM,linear_offline,-0.1,0.0,-0.1,-0.10932700365518316,-0.11930633102245995,-0.1792044952448581,0.00866501643701883
59,SO2,2022-11-06T00:00:00Z,test,0059_42401_01027,missing_BF,linear_offline,-0.06666666666666668,0.0,-0.06666666666666668,-0.039736173021194664,0.026154211655494464,0.000348789802870301,0.023823781555608426
59,SO2,2022-11-06T01:00:00Z,test,0059_42401_01027,missing_BF,linear_offline,-0.03333333333333334,0.0,-0.03333333333333334,-0.002458989841107914,0.028931155017322546,0.004561119225915821,0.022399255494105763
59,SO2,2022-11-08T19:00:00Z,test,0059_42401_01028,missing_BA,linear_offline,0.06666666666666665,0.0,0.06666666666666665,0.06670984891037209,0.02676233480862296,0.03556079658413332,-0.016257065418080113
59,SO2,2022-11-08T20:00:00Z,test,0059_42401_01028,missing_BA,linear_offline,0.2333333333333333,0.0,0.2333333333333333,0.14613532862303813,0.029894225725895486,0.051731124381760356,-0.0068420809983759535
59,SO2,2022-11-13T00:00:00Z,test,0059_42401_01029,missing_BF,linear_offline,-0.02,0.0,-0.02,-0.022503841979892712,-0.08223770114535288,-0.10205418151419753,-0.015624500871340138
59,SO2,2022-11-13T01:00:00Z,test,0059_42401_01029,missing_BC,linear_offline,-0.04,0.0,-0.04,-0.03934648236707544,-0.1015089205205108,-0.12145124797790134,-0.01539792741332481
59,SO2,2022-11-13T02:00:00Z,test,0059_42401_01029,missing_BC,linear_offline,-0.06,0.3,-0.06,-0.05618912275425818,-0.08849021272489484,-0.08488215967222439,-0.013907573281954265
59,SO2,2022-11-13T03:00:00Z,test,0059_42401_01029,missing_BC,linear_offline,-0.08,0.0,-0.08,-0.07303176314144091,-0.0786234113938354,-0.08844685048015523,-0.019154582911456445
59,SO2,2022-11-15T16:00:00Z,test,0059_42401_01030,missing_AZ,linear_offline,-0.2875,0.0,-0.2875,-0.2368916519387885,-0.04138170903140111,-0.055108302607765614,-0.006047859498745631
59,SO2,2022-11-15T17:00:00Z,test,0059_42401_01030,missing_AL,linear_offline,-0.275,0.0,-0.275,-0.22276588712693135,-0.03854018882718052,-0.06288094405411841,0.004562659985178228
59,SO2,2022-11-15T18:00:00Z,test,0059_42401_01030,missing_AZ,linear_offline,-0.2625,0.0,-0.2625,-0.2086401223150742,-0.06694155882076233,-0.08423807728499559,-0.00012622443618470758
59,SO2,2022-11-15T19:00:00Z,test,0059_42401_01030,missing_AZ,linear_offline,-0.25,0.0,-0.25,-0.19451435750321705,-0.07166302631051115,-0.10903799104909687,-0.00607386415939095
59,SO2,2022-11-15T20:00:00Z,test,0059_42401_01030,missing_AZ,linear_offline,-0.2375,0.0,-0.2375,-0.18038859269135987,-0.0847352862328412,-0.12231939318355055,-0.005169019009345289
59,SO2,2022-11-15T21:00:00Z,test,0059_42401_01030,missing_AZ,linear_offline,-0.225,0.0,-0.225,-0.16626282787950272,-0.08078621998140226,-0.09632110837602945,-0.00026154525034140924
59,SO2,2022-11-15T22:00:00Z,test,0059_42401_01030,missing_AZ,linear_offline,-0.21250000000000002,0.0,-0.21250000000000002,-0.15213706306764557,-0.07267197194957964,-0.06738471637860034,-0.0028748509753933425
59,SO2,2022-11-17T16:00:00Z,test,0059_42401_01031,missing_BA,linear_offline,0.05,0.0,0.05,0.03144897095052471,-0.006554709957407258,-0.016047939575244786,0.014910638592342294
59,SO2,2022-11-17T17:00:00Z,test,0059_42401_01031,missing_BA,linear_offline,0.1,0.0,0.1,0.06550083641472951,-0.021483515221461896,-0.02722164851587955,0.01132072271112201
59,SO2,2022-11-17T18:00:00Z,test,0059_42401_01031,missing_BA,linear_offline,0.15000000000000002,0.0,0.15000000000000002,0.09955270187893431,-0.00862076888948407,-0.030765300696006852,0.007898685135431313
59,SO2,2022-11-20T00:00:00Z,test,0059_42401_01032,missing_BF,linear_offline,-0.06666666666666668,0.0,-0.06666666666666668,-0.052781602237688546,-0.0008053064079865061,0.0013199755861241225,-0.011017606122812038
59,SO2,2022-11-20T01:00:00Z,test,0059_42401_01032,missing_BF,linear_offline,-0.03333333333333334,0.0,-0.03333333333333334,-0.02360311323783701,-0.005488132146512807,-0.009547432254689146,-0.014716459617751476
59,SO2,2022-11-27T00:00:00Z,test,0059_42401_01033,missing_BF,linear_offline,0.13333333333333336,0.0,0.13333333333333336,0.1554227924690266,0.04426829217833051,0.04593225898154259,0.0022665808368158057
59,SO2,2022-11-27T01:00:00Z,test,0059_42401_01033,missing_BF,linear_offline,0.06666666666666668,0.0,0.06666666666666668,0.127945876188017,0.032152941973684804,0.03865317613174174,0.008340589419632893
59,SO2,2022-11-28T13:00:00Z,test,0059_42401_01034,missing_BA,linear_offline,0.05,-0.1,0.05,0.10649286464468638,0.10129881899700562,0.1345319772989178,0.023017763937587966
59,SO2,2022-11-30T13:00:00Z,test,0059_42401_01035,missing_AZ,linear_offline,0.23333333333333334,-0.1,0.23333333333333334,0.19702971091997296,0.030813434926435294,0.03771239220920616,-0.006364181672255881
59,SO2,2022-11-30T14:00:00Z,test,0059_42401_01035,missing_AZ,linear_offline,0.6666666666666667,-0.1,0.6666666666666667,0.41189657027778803,0.06256670930301375,0.08401738483195227,-0.006015937340375373
59,SO2,2022-12-04T00:00:00Z,test,0059_42401_01036,missing_BF,linear_offline,0.09999999999999999,0.0,0.09999999999999999,0.06170638688198451,0.028012870681572388,-0.03764962588118745,-0.00636863411867686
59,SO2,2022-12-04T01:00:00Z,test,0059_42401_01036,missing_BF,linear_offline,0.19999999999999998,0.0,0.19999999999999998,0.10888337605560142,-0.004381540633419164,-0.03358882696005001,-0.013761534676275007
59,SO2,2022-12-11T00:00:00Z,test,0059_42401_01037,missing_BF,linear_offline,0.0,0.0,0.0,-0.0017681645304233153,-0.05852194990011568,-0.06957024553834483,-0.021726883569285767
59,SO2,2022-12-11T01:00:00Z,test,0059_42401_01037,missing_BC,linear_offline,0.0,0.0,0.0,-0.0028609506648874356,-0.060115688364145395,-0.06495619331850212,-0.006119110918447518
59,SO2,2022-12-11T02:00:00Z,test,0059_42401_01037,missing_BC,linear_offline,0.0,0.3,0.0,-0.0039537367993515565,-0.06267933989926264,-0.05840651777125856,-0.007057998049699896
59,SO2,2022-12-11T03:00:00Z,test,0059_42401_01037,missing_BC,linear_offline,0.0,0.0,0.0,-0.005046522933815678,-0.08044249766541806,-0.06874504516058325,-0.027655213670766468
59,SO2,2022-12-13T18:00:00Z,test,0059_42401_01038,missing_BA,linear_offline,0.2,0.0,0.2,0.1541406981490052,0.03256695810600462,0.027292120686371324,0.024313906693936838
59,SO2,2022-12-18T00:00:00Z,test,0059_42401_01039,missing_BF,linear_offline,-0.09999999999999999,0.0,-0.09999999999999999,-0.07517928951614572,0.06054037147210756,0.04734805100465005,-0.003981854789936354
59,SO2,2022-12-18T01:00:00Z,test,0059_42401_01039,missing_BF,linear_offline,2.7755575615628914e-17,0.0,2.7755575615628914e-17,-0.008989763966123748,0.0881154361609667,0.046728645319552224,0.0184162833311692
59,SO2,2022-12-25T00:00:00Z,test,0059_42401_01040,missing_BF,linear_offline,-0.03333333333333334,0.0,-0.03333333333333334,-0.0012661868884235455,0.04125388159711518,0.12455697497211327,-0.003181322929661593
59,SO2,2022-12-25T01:00:00Z,test,0059_42401_01040,missing_BF,linear_offline,0.033333333333333326,0.0,0.033333333333333326,0.037420793872534316,0.09435663656228477,0.12779259397709952,0.0002078277227289321
59,SO2,2022-12-30T02:00:00Z,test,0059_42401_01041,missing_BF,linear_offline,0.45,0.3,0.45,0.4291553690656937,0.32890577658387005,0.4031897378999401,0.0231101276468908
59,SO2,2023-01-01T00:00:00Z,test,0059_42401_01042,missing_BF,linear_offline,0.5333333333333333,0.0,0.5333333333333333,0.529701169408103,0.48228060620610563,0.5738521401703462,0.04702722523069285
59,SO2,2023-01-01T01:00:00Z,test,0059_42401_01042,missing_BF,linear_offline,0.5666666666666667,0.0,0.5666666666666667,0.5274516319977364,0.4623798076331637,0.5122477641039237,0.05592574632717392
1069,CO,2022-01-02T18:00:00Z,train,1069_42101_00001,missing_BF,linear_offline,0.25,0.2,0.25,0.2500607464237815,0.26978801605548375,0.3139206443429955,0.21904181298221284
1069,CO,2022-01-06T19:00:00Z,train,1069_42101_00002,missing_BA,linear_offline,0.26666666666666666,0.2,0.26666666666666666,0.26697530856928026,0.20618508842889502,0.3281089315812983,0.2181507158663532
1069,CO,2022-01-06T20:00:00Z,train,1069_42101_00002,missing_BA,linear_offline,0.23333333333333334,0.2,0.23333333333333334,0.25566580189265614,0.2001519049176181,0.23441634707474174,0.21838029803519104
1069,CO,2022-01-09T18:00:00Z,train,1069_42101_00003,missing_BC,linear_offline,0.3333333333333333,0.2,0.3333333333333333,0.3373942519961025,0.2510270840327955,0.27889542544392965,0.2172315474405435
1069,CO,2022-01-09T19:00:00Z,train,1069_42101_00003,missing_BC,linear_offline,0.3666666666666667,0.2,0.3666666666666667,0.36097966605374715,0.24637335031155705,0.2802824055651823,0.22023904606377007
1069,CO,2022-01-15T10:00:00Z,train,1069_42101_00004,missing_AI,linear_offline,0.275,0.2,0.275,0.2852070776913284,0.28924587026839277,0.332895679825058,0.2188622940787236
1069,CO,2022-01-15T11:00:00Z,train,1069_42101_00004,missing_AF,linear_offline,0.35,0.2,0.35,0.33401709473478713,0.29694913401242967,0.3347280080122951,0.21522618373524954
1069,CO,2022-01-15T12:00:00Z,train,1069_42101_00004,missing_AM,linear_offline,0.425,0.2,0.425,0.3828271117782459,0.2913149715209902,0.3288521046429147,0.21779557333145702
1069,CO,2022-01-16T18:00:00Z,train,1069_42101_00005,missing_BF,linear_offline,0.4,0.2,0.4,0.3863848906426653,0.36751248992793656,0.40529818918551824,0.21625293102002535
1069,CO,2022-01-20T15:00:00Z,train,1069_42101_00006,missing_BA,linear_offline,0.4,0.2,0.4,0.40951553777481464,0.27937791266225853,0.30642926097439105,0.2199886176077932
1069,CO,2022-01-20T16:00:00Z,train,1069_42101_00006,missing_BA,linear_offline,0.4,0.2,0.4,0.41113656266178134,0.2717609543020435,0.2990899443477043,0.22056033775798578
1069,CO,2022-01-23T18:00:00Z,train,1069_42101_00007,missing_BF,linear_offline,0.4,0.2,0.4,0.39826848627682665,0.2450701112272985,0.2592297762598498,0.2223281818853567
1069,CO,2022-01-24T19:00:00Z,train,1069_42101_00008,missing_BF,linear_offline,0.4,0.2,0.4,0.38369622388097135,0.26489720213228773,0.2503487070428265,0.215760553271988
1069,CO,2022-01-30T18:00:00Z,train,1069_42101_00009,missing_BF,linear_offline,0.2,0.2,0.2,0.21188200616581634,0.21874945672432594,0.25298162820980996,0.21228415213087987
1069,CO,2022-02-01T22:00:00Z,train,1069_42101_00010,missing_BA,linear_offline,0.25,0.1,0.25,0.2473767300245936,0.2032562886835247,0.20867118367684995,0.21720263759893113
1069,CO,2022-02-06T18:00:00Z,train,1069_42101_00011,missing_BC,linear_offline,0.23333333333333334,0.2,0.23333333333333334,0.24193190198457235,0.25224870278513606,0.32907421802973735,0.21556370065149155
1069,CO,2022-02-06T19:00:00Z,train,1069_42101_00011,missing_BC,linear_offline,0.26666666666666666,0.2,0.26666666666666666,0.2505501434451874,0.2737445740769291,0.3175222353361717,0.21633309732829062
1069,CO,2022-02-07T18:00:00Z,train,1069_42101_00012,missing_AZ,linear_offline,0.4285714285714286,0.2,0.4285714285714286,0.4169534745676356,0.29508241627667087,0.33858398611092355,0.22170867761837434
1069,CO,2022-02-07T19:00:00Z,train,1069_42101_00012,missing_AZ,linear_offline,0.45714285714285713,0.2,0.45714285714285713,0.43728810569308324,0.3090704699543156,0.3468347671537728,0.21890596841533136
1069,CO,2022-02-07T20:00:00Z,train,1069_42101_00012,missing_AL,linear_offline,0.4857142857142857,0.2,0.4857142857142857,0.45762273681853094,0.32683566025359806,0.35933760575089185,0.22014701965142683
1069,CO,2022-02-07T21:00:00Z,train,1069_42101_00012,missing_AL,linear_offline,0.5142857142857142,0.1,0.5142857142857142,0.4779573679439786,0.31586912866619477,0.3560634321207317,0.2203170611970587
1069,CO,2022-02-07T22:00:00Z,train,1069_42101_00012,missing_AZ,linear_offline,0.5428571428571428,0.1,0.5428571428571428,0.49829199906942623,0.31482612203310406,0.3517685704502129,0.21606791900287053
1069,CO,2022-02-07T23:00:00Z,train,1069_42101_00012,missing_AZ,linear_offline,0.5714285714285714,0.1,0.5714285714285714,0.5186266301948739,0.32326806879421693,0.3618161103372295,0.21431543170536116
1069,CO,2022-02-13T18:00:00Z,train,1069_42101_00013,missing_BC,linear_offline,0.30000000000000004,0.2,0.30000000000000004,0.3052117513988527,0.2873030704098343,0.22174199462639774,0.2182376781812302
1069,CO,2022-02-15T01:00:00Z,train,1069_42101_00014,missing_BF,linear_offline,0.2,0.2,0.2,0.17791877402326603,0.18368132767375728,0.1932106647438527,0.2249895985033054
1069,CO,2022-02-15T02:00:00Z,train,1069_42101_00014,missing_BF,linear_offline,0.2,0.2,0.2,0.1864326940231369,0.20269498192653346,0.22611728708391826,0.22264728705951115
1069,CO,2022-02-20T18:00:00Z,train,1069_42101_00015,missing_BF,linear_offline,0.15000000000000002,0.2,0.15000000000000002,0.16558646432648794,0.12532984230615016,0.11726440601176938,0.21192963819003138
1069,CO,2022-02-25T17:00:00Z,train,1069_42101_00016,missing_BA,linear_offline,0.2,0.2,0.2,0.23748703376859256,0.18708211958492177,0.207253420424501,0.21708514200614215
1069,CO,2022-02-25T18:00:00Z,train,1069_42101_00016,missing_BF,linear_offline,0.2,0.2,0.2,0.23561370220528702,0.17945931344139912,0.19480688289076478,0.22153370726163454
1069,CO,2022-02-27T18:00:00Z,train,1069_42101_00017,missing_BF,linear_offline,0.25,0.2,0.25,0.2500993224370883,0.2763638008518233,0.19981816261265237,0.217627519642135
1069,CO,2022-02-28T16:00:00Z,train,1069_42101_00018,missing_AZ,linear_offline,0.35000000000000003,0.2,0.35000000000000003,0.41186512075877046,0.1497453735919539,0.12792086614112408,0.21482785681974592
1069,CO,2022-02-28T17:00:00Z,train,1069_42101_00018,missing_AZ,linear_offline,0.30000000000000004,0.2,0.30000000000000004,0.3494997977327182,0.1478024421034252,0.11515248601737076,0.21798092173631356
1069,CO,2022-02-28T18:00:00Z,train,1069_42101_00018,missing_BF,linear_offline,0.25,0.2,0.25,0.287134474706666,0.14729790442748877,0.1150936522958568,0.2195640500139627
1069,CO,2022-03-06T18:00:00Z,train,1069_42101_00019,missing_BC,linear_offline,0.1,0.2,0.1,0.10019447080796248,0.17490092369527238,0.14042305633876007,0.20011697483306123
1069,CO,2022-03-06T19:00:00Z,train,1069_42101_00019,missing_BC,linear_offline,0.1,0.2,0.1,0.10031466034344667,0.16806600336418367,0.1479282949805285,0.2033030538868411
1069,CO,2022-03-13T18:00:00Z,train,1069_42101_00020,missing_BF,linear_offline,0.1,0.2,0.1,0.11158947541408719,0.16682094960195604,0.1905236631598363,0.20990981072766013
1069,CO,2022-03-14T16:00:00Z,train,1069_42101_00021,missing_BA,linear_offline,0.2,0.2,0.2,0.23199762654962075,0.2750851131946069,0.2767277625947257,0.20523618381777087
1069,CO,2022-03-20T18:00:00Z,train,1069_42101_00022,missing_BF,linear_offline,0.15000000000000002,0.2,0.15000000000000002,0.15102899264551836,0.15173384417500216,0.1742744479150513,0.21828588400144314
1069,CO,2022-03-27T18:00:00Z,train,1069_42101_00023,missing_BF,linear_offline,0.15000000000000002,0.2,0.15000000000000002,0.165187984338255,0.1300827226460851,0.14315631366935627,0.21052885185215459
1069,CO,2022-04-03T18:00:00Z,train,1069_42101_00024,missing_BC,linear_offline,0.2,0.2,0.2,0.19666879255730563,0.19909139210788326,0.19121043887318429,0.20899870707511978
1069,CO,2022-04-03T19:00:00Z,train,1069_42101_00024,missing_BC,linear_offline,0.2,0.2,0.2,0.19449136899340763,0.19759176476441215,0.18589421273051537,0.2112972491162166
1069,CO,2022-04-10T18:00:00Z,train,1069_42101_00025,missing_BF,linear_offline,0.15000000000000002,0.2,0.15000000000000002,0.15000001903779114,0.20179329530144746,0.17865256554174797,0.20307853215908142
1069,CO,2022-04-13T16:00:00Z,train,1069_42101_00026,missing_BA,linear_offline,0.325,0.2,0.325,0.3387304096173964,0.25205069230841987,0.2590733754792822,0.21162246106783308
1069,CO,2022-04-13T17:00:00Z,train,1069_42101_00026,missing_BA,linear_offline,0.35,0.2,0.35,0.35709431014621357,0.27440272880332167,0.26677431863569556,0.2136267376070765
1069,CO,2022-04-13T18:00:00Z,train,1069_42101_00026,missing_BA,linear_offline,0.375,0.2,0.375,0.3754582106750307,0.26462432345360853,0.2613487652711688,0.21489685834706304
1069,CO,2022-04-17T18:00:00Z,train,1069_42101_00027,missing_BF,linear_offline,0.35,0.2,0.35,0.3213735555123772,0.2597375461828333,0.2809596466372599,0.20828410746741394
1069,CO,2022-04-20T15:00:00Z,train,1069_42101_00028,missing_AZ,linear_offline,0.2,0.2,0.2,0.19521224951728705,0.19018982761697498,0.17893712272389806,0.20005255536938416
1069,CO,2022-04-20T16:00:00Z,train,1069_42101_00028,missing_AZ,linear_offline,0.2,0.2,0.2,0.19225325698931664,0.1938068302858336,0.18221970604660143,0.2028626858213975
1069,CO,2022-04-24T18:00:00Z,train,1069_42101_00029,missing_BF,linear_offline,0.1,0.2,0.1,0.12147821790452656,0.20219669118960143,0.1599651537326238,0.19794927785756872
1069,CO,2022-04-28T13:00:00Z,train,1069_42101_00030,missing_BA,linear_offline,0.17500000000000002,0.2,0.17500000000000002,0.17639320467238917,0.14622744075764246,0.13172327084186414,0.2107391429175759
1069,CO,2022-04-28T14:00:00Z,train,1069_42101_00030,missing_BA,linear_offline,0.15000000000000002,0.2,0.15000000000000002,0.16180340279049216,0.14525244294250994,0.12837526742395067,0.20773917401616554
1069,CO,2022-04-28T15:00:00Z,train,1069_42101_00030,missing_BA,linear_offline,0.125,0.2,0.125,0.14721360090859514,0.15035626828384563,0.13561733875373327,0.20921343090166858
1069,CO,2022-05-01T18:00:00Z,train,1069_42101_00031,missing_BC,linear_offline,0.2,0.2,0.2,0.19655581328974117,0.1982902872338082,0.1861077579813121,0.2054841673689301
1069,CO,2022-05-01T19:00:00Z,train,1069_42101_00031,missing_BC,linear_offline,0.2,0.2,0.2,0.19442719017459606,0.19832291562207988,0.1872872551431753,0.2049928901936995
1069,CO,2022-05-08T18:00:00Z,train,1069_42101_00032,missing_BF,linear_offline,0.2,0.2,0.2,0.2000097850656454,0.22052588361327502,0.21716108640499152,0.20875067233452765
1069,CO,2022-05-10T18:00:00Z,train,1069_42101_00033,missing_BA,linear_offline,0.2,0.2,0.2,0.2003472418971684,0.20389052697560195,0.19494059943979403,0.20238649002812775
1069,CO,2022-05-15T18:00:00Z,train,1069_42101_00034,missing_BF,linear_offline,0.15000000000000002,0.2,0.15000000000000002,0.15040652705182447,0.17008827359847953,0.16686968194204996,0.20423357539758416
1069,CO,2022-05-18T22:00:00Z,train,1069_42101_00035,missing_AM,linear_offline,0.2,0.1,0.2,0.18873469624898706,0.17730343147453181,0.14221356519693296,0.20448530065252712
1069,CO,2022-05-18T23:00:00Z,train,1069_42101_00035,missing_AM,linear_offline,0.2,0.1,0.2,0.1903080688793758,0.16347202964943494,0.1325161854066797,0.20426215372667886
1069,CO,2022-05-19T00:00:00Z,train,1069_42101_00035,missing_AM,linear_offline,0.2,0.1,0.2,0.1918814415097645,0.16663129519075817,0.1392154049888174,0.20455482565273514
1069,CO,2022-05-19T22:00:00Z,train,1069_42101_00036,missing_AM,linear_offline,0.3,0.1,0.3,0.26124162070119655,0.2132521053050124,0.19378546235399768,0.2010023423888273
1069,CO,2022-05-19T23:00:00Z,train,1069_42101_00036,missing_AM,linear_offline,0.3,0.1,0.3,0.26139692072788057,0.20995779107060925,0.19897200372487403,0.2018558798677153
1069,CO,2022-05-20T00:00:00Z,train,1069_42101_00036,missing_AM,linear_offline,0.3,0.1,0.3,0.2615522207545646,0.20554716754464103,0.20686925226237052,0.19820566378849502
1069,CO,2022-05-20T15:00:00Z,train,1069_42101_00037,missing_BA,linear_offline,0.25,0.2,0.25,0.2527606011769441,0.25558503501235474,0.24767679415354707,0.19885463854325927
1069,CO,2022-05-21T20:00:00Z,train,1069_42101_00038,missing_AM,linear_offline,0.3,0.2,0.3,0.2826029081542791,0.17139583209583564,0.17465074874886782,0.20316850368133368
1069,CO,2022-05-21T21:00:00Z,train,1069_42101_00038,missing_AM,linear_offline,0.3,0.1,0.3,0.2808225959587615,0.16314178467965076,0.14819047750532957,0.20418827518708468
1069,CO,2022-05-21T22:00:00Z,train,1069_42101_00038,missing_AM,linear_offline,0.3,0.1,0.3,0.27904228376324397,0.1557688146572389,0.14302743817812147,0.21172308669550077
1069,CO,2022-05-21T23:00:00Z,train,1069_42101_00038,missing_AM,linear_offline,0.3,0.1,0.3,0.2772619715677264,0.16532402432926296,0.15486707135813793,0.21869454143201872
1069,CO,2022-05-22T00:00:00Z,train,1069_42101_00038,missing_AM,linear_offline,0.3,0.1,0.3,0.27548165937220886,0.1681168320334333,0.16425163008651977,0.22092633245265078
1069,CO,2022-05-22T01:00:00Z,train,1069_42101_00038,missing_AM,linear_offline,0.3,0.2,0.3,0.2737013471766913,0.14231622682335332,0.14361990467417934,0.21738582264085082
1069,CO,2022-05-24T13:00:00Z,train,1069_42101_00039,missing_BA,linear_offline,0.2,0.2,0.2,0.19576556603892395,0.19786857527905433,0.17740863063426737,0.21999745875412777
1069,CO,2022-05-24T14:00:00Z,train,1069_42101_00039,missing_BA,linear_offline,0.2,0.2,0.2,0.1931299050666734,0.18903802028190736,0.16666191622198365,0.20912175184619125
1069,CO,2022-05-25T12:00:00Z,train,1069_42101_00040,missing_BC,linear_offline,0.5333333333333333,0.2,0.5333333333333333,0.4415772504699127,0.23904963914912006,0.2407684828012725,0.20301278055135366
1069,CO,2022-05-25T13:00:00Z,train,1069_42101_00040,missing_BC,linear_offline,0.4666666666666667,0.2,0.4666666666666667,0.42477327747366095,0.25653099623108877,0.2692008586348923,0.20548291688421283
1069,CO,2022-05-25T16:00:00Z,train,1069_42101_00041,missing_BC,linear_offline,0.4,0.2,0.4,0.3894346033982907,0.2501955580100424,0.2574140968262562,0.2161182455281596
1069,CO,2022-05-25T17:00:00Z,train,1069_42101_00041,missing_BC,linear_offline,0.4,0.2,0.4,0.3797345708380148,0.24120263744460227,0.2532636186075404,0.21687564925211444
1069,CO,2022-05-26T11:00:00Z,train,1069_42101_00042,missing_BC,linear_offline,0.25,0.2,0.25,0.2611614214578093,0.22864791591967562,0.24100173110854078,0.2052866054091496
1069,CO,2022-05-26T12:00:00Z,train,1069_42101_00042,missing_BC,linear_offline,0.30000000000000004,0.2,0.30000000000000004,0.29769530867745514,0.23239173187690193,0.23313709389617165,0.2036625792122279
1069,CO,2022-05-26T13:00:00Z,train,1069_42101_00042,missing_BC,linear_offline,0.35000000000000003,0.2,0.35000000000000003,0.334229195897101,0.2355771820319351,0.23553276422975464,0.20456896856176002
1069,CO,2022-05-27T16:00:00Z,train,1069_42101_00043,missing_BC,linear_offline,0.35000000000000003,0.2,0.35000000000000003,0.3315003980819457,0.14976719491590954,0.15103229055990247,0.2113041822373807
1069,CO,2022-05-27T17:00:00Z,train,1069_42101_00043,missing_BC,linear_offline,0.30000000000000004,0.2,0.30000000000000004,0.2845974954040181,0.14013243686520274,0.14470463313265258,0.208606830028158
1069,CO,2022-05-27T18:00:00Z,train,1069_42101_00043,missing_BC,linear_offline,0.25,0.2,0.25,0.23769459272609045,0.13492710531607438,0.15332405121993986,0.20982674246606944
1069,CO,2022-05-29T18:00:00Z,train,1069_42101_00044,missing_BC,linear_offline,0.1,0.2,0.1,0.10000000000031542,0.12479678967851211,0.10510443911120954,0.20221254833522948
1069,CO,2022-05-29T19:00:00Z,train,1069_42101_00044,missing_BC,linear_offline,0.1,0.2,0.1,0.10000000000019495,0.12295169825934565,0.10389289736436862,0.20000320266211566
1069,CO,2022-06-02T14:00:00Z,train,1069_42101_00045,missing_BC,linear_offline,0.125,0.2,0.125,0.16246118217483968,0.1676805810609478,0.136835973893415,0.20427703827308236
1069,CO,2022-06-02T15:00:00Z,train,1069_42101_00045,missing_BC,linear_offline,0.15000000000000002,0.2,0.15000000000000002,0.17877307973605316,0.163434393228314,0.13189541359183576,0.2068546061429386
1069,CO,2022-06-02T16:00:00Z,train,1069_42101_00045,missing_BC,linear_offline,0.17500000000000002,0.2,0.17500000000000002,0.19508497729726668,0.1624547639883026,0.13122949269719897,0.20647661103030374
1069,CO,2022-06-05T18:00:00Z,train,1069_42101_00046,missing_BF,linear_offline,0.1,0.2,0.1,0.10106539134022405,0.1308617624370004,0.12399248180849451,0.20325869946205374
1069,CO,2022-06-07T16:00:00Z,train,1069_42101_00047,missing_BA,linear_offline,0.1,0.2,0.1,0.10238030690683014,0.14211906462866758,0.1287890730489179,0.20800177093161365
1069,CO,2022-06-12T18:00:00Z,train,1069_42101_00048,missing_BF,linear_offline,0.1,0.2,0.1,0.10723889443092315,0.13513985834945763,0.12559134718036366,0.2035818217878926
1069,CO,2022-06-14T16:00:00Z,train,1069_42101_00049,missing_AZ,linear_offline,0.15714285714285714,0.2,0.15714285714285714,0.1714775902046398,0.16683674519838504,0.15321620239765515,0.19447844905186745
1069,CO,2022-06-14T17:00:00Z,train,1069_42101_00049,missing_AZ,linear_offline,0.2142857142857143,0.2,0.2142857142857143,0.20713867588333928,0.15931459941821666,0.1477740977831665,0.1967664509449768
1069,CO,2022-06-14T18:00:00Z,train,1069_42101_00049,missing_AZ,linear_offline,0.27142857142857146,0.2,0.27142857142857146,0.24279976156203878,0.15107038037314316,0.1402142180781955,0.1946847180904203
1069,CO,2022-06-14T19:00:00Z,train,1069_42101_00049,missing_AZ,linear_offline,0.3285714285714286,0.2,0.3285714285714286,0.2784608472407383,0.15085258639941806,0.13473916696967375,0.1931455737235682
1069,CO,2022-06-14T20:00:00Z,train,1069_42101_00049,missing_AZ,linear_offline,0.3857142857142858,0.2,0.3857142857142858,0.31412193291943774,0.1464719604905107,0.12975037647196117,0.19226110807685748
1069,CO,2022-06-14T21:00:00Z,train,1069_42101_00049,missing_AZ,linear_offline,0.44285714285714284,0.1,0.44285714285714284,0.34978301859813726,0.14187601232620833,0.12487292055315265,0.19222644551802717
1069,CO,2022-06-14T23:00:00Z,train,1069_42101_00050,missing_BC,linear_offline,0.3666666666666667,0.1,0.3666666666666667,0.3065492942323731,0.12962472347740525,0.11192640120300558,0.19364193571579738
1069,CO,2022-06-15T00:00:00Z,train,1069_42101_00050,missing_BC,linear_offline,0.23333333333333334,0.1,0.23333333333333334,0.22765448418790937,0.13155335117583436,0.11987692940854942,0.1913222646268847
1069,CO,2022-06-16T16:00:00Z,train,1069_42101_00051,missing_AZ,linear_offline,0.1,0.2,0.1,0.10369612311461353,0.14403145308891613,0.12103880277995248,0.19988852858211473
1069,CO,2022-06-16T17:00:00Z,train,1069_42101_00051,missing_AZ,linear_offline,0.1,0.2,0.1,0.10303876732524964,0.13601190690230888,0.11568083896755277,0.19567923614262123
1069,CO,2022-06-16T18:00:00Z,train,1069_42101_00051,missing_AZ,linear_offline,0.1,0.2,0.1,0.10238141153588576,0.13458139626237886,0.11099116538925423,0.19675816313203567
1069,CO,2022-06-16T19:00:00Z,train,1069_42101_00051,missing_AZ,linear_offline,0.1,0.2,0.1,0.10172405574652187,0.13032092414038177,0.10875903310573636,0.19565509423104208
1069,CO,2022-06-16T20:00:00Z,train,1069_42101_00051,missing_AZ,linear_offline,0.1,0.2,0.1,0.10106669995715799,0.1287396435575001,0.10562867740602547,0.19387140088021726
1069,CO,2022-06-19T18:00:00Z,train,1069_42101_00052,missing_BF,linear_offline,0.1,0.2,0.1,0.10272714225281454,0.12969434110611086,0.118573168679594,0.1997050412787819
1069,CO,2022-06-20T17:00:00Z,train,1069_42101_00053,missing_BA,linear_offline,0.18000000000000002,0.2,0.18000000000000002,0.1745606089054623,0.14361604352838558,0.1423354545493768,0.20446205089963518
1069,CO,2022-06-20T18:00:00Z,train,1069_42101_00053,missing_BC,linear_offline,0.16,0.2,0.16,0.1584823281675588,0.14088685210131466,0.13513753776183413,0.2020292999159167
1069,CO,2022-06-20T19:00:00Z,train,1069_42101_00053,missing_BC,linear_offline,0.14,0.2,0.14,0.14240404742965534,0.14200290849270542,0.1341794958369424,0.2022248337991187
1069,CO,2022-06-20T20:00:00Z,train,1069_42101_00053,missing_BC,linear_offline,0.12000000000000001,0.2,0.12000000000000001,0.12632576669175188,0.14448222235960087,0.13173214367689523,0.20107795649395505
1069,CO,2022-06-26T18:00:00Z,train,1069_42101_00054,missing_BC,linear_offline,0.16666666666666669,0.2,0.16666666666666669,0.1788335619314405,0.1443410175278201,0.17736397882325095,0.20908524159259348
1069,CO,2022-06-26T19:00:00Z,train,1069_42101_00054,missing_BC,linear_offline,0.13333333333333336,0.2,0.13333333333333336,0.14872302798540182,0.12944831494136097,0.16068425313523826,0.20650229106246107
1069,CO,2022-06-27T18:00:00Z,train,1069_42101_00055,missing_BA,linear_offline,0.2,0.2,0.2,0.22183485167846928,0.2358612053814281,0.2646922006415965,0.20978112536860458
1069,CO,2022-06-28T15:00:00Z,train,1069_42101_00056,missing_BA,linear_offline,0.3666666666666667,0.2,0.3666666666666667,0.33215560592715854,0.2865488306803494,0.2855938796221663,0.21013665304304333
1069,CO,2022-06-28T16:00:00Z,train,1069_42101_00056,missing_BA,linear_offline,0.3333333333333333,0.2,0.3333333333333333,0.31990499105711256,0.271669915114477,0.28132373513494846,0.20782063834219291
1069,CO,2022-06-29T18:00:00Z,train,1069_42101_00057,missing_BA,linear_offline,0.2,0.2,0.2,0.23810927049964,0.16433529799575264,0.17923920863041867,0.21332551095175054
1069,CO,2022-06-29T19:00:00Z,train,1069_42101_00057,missing_BA,linear_offline,0.2,0.2,0.2,0.23135200242071546,0.14527102714423445,0.13706413738368467,0.21278485303694294
1069,CO,2022-06-29T22:00:00Z,train,1069_42101_00058,missing_BC,linear_offline,0.23333333333333334,0.1,0.23333333333333334,0.20270186747218077,0.1255062362166422,0.11796866535403512,0.20659354475812713
1069,CO,2022-06-29T23:00:00Z,train,1069_42101_00058,missing_BC,linear_offline,0.16666666666666666,0.1,0.16666666666666666,0.1629715343397043,0.13993919919370384,0.1683973550007547,0.21308107897219578
1069,CO,2022-07-03T18:00:00Z,train,1069_42101_00059,missing_BF,linear_offline,0.1,0.2,0.1,0.08647372814305965,0.11711667818368553,0.09651506678342597,0.20501585718591464
1069,CO,2022-07-11T17:00:00Z,train,1069_42101_00060,missing_BA,linear_offline,0.2,0.2,0.2,0.2025112153263494,0.09987941181838576,0.0740210454272901,0.20682916728004386
1069,CO,2022-07-11T19:00:00Z,train,1069_42101_00061,missing_BF,linear_offline,0.16666666666666669,0.2,0.16666666666666669,0.16407696256126672,0.11080113071369789,0.08835849379779712,0.20208466250636353
1069,CO,2022-07-11T20:00:00Z,train,1069_42101_00061,missing_BF,linear_offline,0.13333333333333336,0.2,0.13333333333333336,0.13929119915999472,0.09787875327512996,0.09452053147137844,0.20612632661634628
1069,CO,2022-07-17T18:00:00Z,train,1069_42101_00062,missing_BF,linear_offline,0.1,0.2,0.1,0.09984472366355607,0.13257576503135837,0.08566382354921807,0.20253675782711886
1069,CO,2022-07-24T18:00:00Z,train,1069_42101_00063,missing_BF,linear_offline,0.1,0.2,0.1,0.08090454934433972,0.12270985987772308,0.08982810828925708,0.20296797760963065
1069,CO,2022-07-28T13:00:00Z,train,1069_42101_00064,missing_AZ,linear_offline,0.1875,0.2,0.1875,0.15100282653527072,0.12958107107912586,0.11354659063005389,0.20504367986147648
1069,CO,2022-07-28T14:00:00Z,train,1069_42101_00064,missing_AZ,linear_offline,0.17500000000000002,0.2,0.17500000000000002,0.14432770573137255,0.12919417159511282,0.1115068038593477,0.20325760742081914
1069,CO,2022-07-28T15:00:00Z,train,1069_42101_00064,missing_AZ,linear_offline,0.1625,0.2,0.1625,0.13765258492747434,0.1287191044069583,0.10897283917888154,0.20409326759967467
1069,CO,2022-07-28T16:00:00Z,train,1069_42101_00064,missing_AZ,linear_offline,0.15000000000000002,0.2,0.15000000000000002,0.13097746412357616,0.13051229461637687,0.11155799329221948,0.20413778046794476
1069,CO,2022-07-28T17:00:00Z,train,1069_42101_00064,missing_AZ,linear_offline,0.1375,0.2,0.1375,0.12430234331967797,0.12724065608193988,0.10808005646812519,0.2043199295332468
1069,CO,2022-07-28T18:00:00Z,train,1069_42101_00064,missing_AZ,linear_offline,0.125,0.2,0.125,0.11762722251577978,0.12778559928355643,0.10690494209675264,0.20383136296036636
1069,CO,2022-07-28T19:00:00Z,train,1069_42101_00064,missing_AZ,linear_offline,0.1125,0.2,0.1125,0.11095210171188159,0.12868298904327125,0.1101898216311591,0.2053406809509985
1069,CO,2022-07-28T22:00:00Z,train,1069_42101_00065,missing_BC,linear_offline,0.1,0.1,0.1,0.1013595421282224,0.12397577942782606,0.10864546081733818,0.19998249288013095
1069,CO,2022-07-28T23:00:00Z,train,1069_42101_00065,missing_BC,linear_offline,0.1,0.1,0.1,0.10084024324437621,0.12660133906684412,0.11125738944166011,0.2033743632044235
1069,CO,2022-07-31T18:00:00Z,train,1069_42101_00066,missing_BF,linear_offline,0.1,0.2,0.1,0.0999777307437581,0.12964825599097402,0.10204705516685338,0.20527848335246726
1069,CO,2022-08-03T14:00:00Z,train,1069_42101_00067,missing_AZ,linear_offline,0.1,0.2,0.1,0.1,0.12514201121379934,0.10352056980557976,0.20046310071499585
1069,CO,2022-08-03T15:00:00Z,train,1069_42101_00067,missing_AZ,linear_offline,0.1,0.2,0.1,0.1,0.12492055110164381,0.10425933570078517,0.201234910607916
1069,CO,2022-08-03T16:00:00Z,train,1069_42101_00067,missing_AZ,linear_offline,0.1,0.2,0.1,0.1,0.1273933273466839,0.10661163152158147,0.20178669125520898
1069,CO,2022-08-07T18:00:00Z,train,1069_42101_00068,missing_BF,linear_offline,0.1,0.2,0.1,0.10000000050829816,0.1371678471746829,0.11276957404053306,0.20377392354150015
1069,CO,2022-08-09T14:00:00Z,train,1069_42101_00069,missing_BA,linear_offline,0.15000000000000002,0.2,0.15000000000000002,0.18328157342448492,0.1383801689509771,0.11334030209076472,0.2092826792351799
1069,CO,2022-08-14T18:00:00Z,train,1069_42101_00070,missing_BF,linear_offline,0.1,0.2,0.1,0.1010190014492186,0.11971505379625665,0.11101879793263682,0.21051627387722038
1069,CO,2022-08-21T18:00:00Z,train,1069_42101_00071,missing_BF,linear_offline,0.05,0.2,0.05,0.06477832241099676,0.1183257920888531,0.08924527028176318,0.20835246242344202
1069,CO,2022-08-28T18:00:00Z,train,1069_42101_00072,missing_BF,linear_offline,0.05,0.2,0.05,0.033688106662779764,0.11287856365589319,0.08059683022362968,0.20440969386017552
1069,CO,2022-09-04T18:00:00Z,train,1069_42101_00073,missing_BF,linear_offline,0.25,0.2,0.25,0.25237876175836654,0.1631067954834869,0.17156002342056786,0.20884464516411605
1069,CO,2022-09-11T18:00:00Z,train,1069_42101_00074,missing_BF,linear_offline,0.3,0.2,0.3,0.30179660083048426,0.18710466243612167,0.15690787216713337,0.21089263808842998
1069,CO,2022-09-15T16:00:00Z,train,1069_42101_00075,missing_BA,linear_offline,0.1,0.2,0.1,0.12402726783404626,0.1087998871483521,0.13968325690452907,0.21161862612615376
1069,CO,2022-09-18T18:00:00Z,train,1069_42101_00076,missing_BF,linear_offline,0.05,0.2,0.05,0.047871401701596136,0.12104809488081472,0.08661187134673962,0.2049174759711192
1069,CO,2022-09-19T14:00:00Z,train,1069_42101_00077,missing_AZ,linear_offline,0.08,0.2,0.08,0.09999990186910968,0.10992211552279199,0.06528734814991266,0.20616209584196343
1069,CO,2022-09-19T15:00:00Z,train,1069_42101_00077,missing_AZ,linear_offline,0.060000000000000005,0.2,0.060000000000000005,0.08541012434804335,0.1078640663125108,0.06105167121416183,0.2089451166140871
1069,CO,2022-09-19T16:00:00Z,train,1069_42101_00077,missing_AZ,linear_offline,0.04000000000000001,0.2,0.04000000000000001,0.07082034682697701,0.11216128757212576,0.07621222616451057,0.21103086174514396
1069,CO,2022-09-19T17:00:00Z,train,1069_42101_00077,missing_AZ,linear_offline,0.020000000000000004,0.2,0.020000000000000004,0.056230569305910666,0.12384342793034007,0.09114569504027198,0.20833318716437377
1069,CO,2022-09-20T14:00:00Z,train,1069_42101_00078,missing_BA,linear_offline,0.15000000000000002,0.2,0.15000000000000002,0.12082984292308568,0.1273087819043161,0.10553482036205905,0.20697510591556925
1069,CO,2022-09-20T15:00:00Z,train,1069_42101_00078,missing_BC,linear_offline,0.1,0.2,0.1,0.09682235013883281,0.12209124776942792,0.10545978152865312,0.20741880373174154
1069,CO,2022-09-20T16:00:00Z,train,1069_42101_00078,missing_BC,linear_offline,0.04999999999999999,0.2,0.04999999999999999,0.07281485735457992,0.0886080252199027,0.16139888199404862,0.20907090489500132
1069,CO,2022-09-25T18:00:00Z,train,1069_42101_00079,missing_BF,linear_offline,0.05,0.2,0.05,0.06352470548518543,0.11483744187155746,0.11981670138438773,0.2095110840470617
1069,CO,2022-10-01T18:00:00Z,validation,1069_42101_00080,missing_BF,linear_offline,0.1,0.2,0.1,0.10804688601211299,0.1325313618547302,0.12161196842222566,0.2144764346597031
1069,CO,2022-10-02T18:00:00Z,validation,1069_42101_00081,missing_BF,linear_offline,0.1,0.2,0.1,0.11356844303271024,0.2043140811405412,0.18716002746416058,0.21637852673116828
1069,CO,2022-10-05T13:00:00Z,validation,1069_42101_00082,missing_BA,linear_offline,0.7333333333333334,0.2,0.7333333333333334,0.6068065234029068,0.15311297037469707,0.1770808817587337,0.21426489067197244
1069,CO,2022-10-05T14:00:00Z,validation,1069_42101_00082,missing_BA,linear_offline,0.4666666666666667,0.2,0.4666666666666667,0.4506095857640383,0.14708772549130136,0.13935233915934142,0.2145578307331533
1069,CO,2022-10-09T18:00:00Z,validation,1069_42101_00083,missing_BF,linear_offline,0.1,0.2,0.1,0.10246479557478728,0.1388605013379413,0.1246763921323977,0.2106340778254026
1069,CO,2022-10-16T18:00:00Z,validation,1069_42101_00084,missing_BF,linear_offline,0.1,0.2,0.1,0.10000001062636076,0.1516874129217954,0.10725125567327445,0.20812805770010034
1069,CO,2022-10-18T13:00:00Z,validation,1069_42101_00085,missing_AZ,linear_offline,0.2777777777777778,0.2,0.2777777777777778,0.24991252057010205,0.19117105347977353,0.18658716408330053,0.21639340579298968
1069,CO,2022-10-18T14:00:00Z,validation,1069_42101_00085,missing_AZ,linear_offline,0.25555555555555554,0.2,0.25555555555555554,0.23695740853952327,0.18623354748102233,0.1860248822894927,0.21712229456524287
1069,CO,2022-10-18T15:00:00Z,validation,1069_42101_00085,missing_AZ,linear_offline,0.23333333333333334,0.2,0.23333333333333334,0.2240022965089445,0.19843043415064293,0.186485255672821,0.21810341561158367
1069,CO,2022-10-18T16:00:00Z,validation,1069_42101_00085,missing_AZ,linear_offline,0.2111111111111111,0.2,0.2111111111111111,0.21104718447836573,0.17508408436127168,0.2072378868692165,0.2158554487301641
1069,CO,2022-10-18T17:00:00Z,validation,1069_42101_00085,missing_AZ,linear_offline,0.18888888888888888,0.2,0.18888888888888888,0.19809207244778695,0.19387987516894958,0.22799438896177388,0.2154023198703832
1069,CO,2022-10-18T18:00:00Z,validation,1069_42101_00085,missing_BA,linear_offline,0.16666666666666669,0.2,0.16666666666666669,0.18513696041720817,0.19681899080383958,0.23849280537352502,0.21707916868684443
1069,CO,2022-10-18T19:00:00Z,validation,1069_42101_00085,missing_BC,linear_offline,0.14444444444444446,0.2,0.14444444444444446,0.17218184838662942,0.19648773667095024,0.20390140838647525,0.2215552019482566
1069,CO,2022-10-18T20:00:00Z,validation,1069_42101_00085,missing_BC,linear_offline,0.12222222222222223,0.2,0.12222222222222223,0.15922673635605067,0.19880244177547635,0.19526817402749672,0.21933901151669022
1069,CO,2022-10-30T18:00:00Z,validation,1069_42101_00086,missing_BF,linear_offline,0.25,0.2,0.25,0.24577395013991102,0.17833740195392464,0.1507302582804068,0.21513040647815243
1069,CO,2022-10-31T16:00:00Z,validation,1069_42101_00087,missing_BA,linear_offline,0.15000000000000002,0.2,0.15000000000000002,0.2759427071347405,0.401110874075871,0.4709001092612024,0.21530942811286521
1069,CO,2022-11-06T18:00:00Z,test,1069_42101_00088,missing_BF,linear_offline,0.15000000000000002,0.2,0.15000000000000002,0.15804077827293087,0.13825802608896098,0.13011605427966078,0.21070146444799223
1069,CO,2022-11-08T17:00:00Z,test,1069_42101_00089,missing_BA,linear_offline,0.1,0.2,0.1,0.09999086875683906,0.11262967575808655,0.09826471184861495,0.21227190932485138
1069,CO,2022-11-08T18:00:00Z,test,1069_42101_00089,missing_BA,linear_offline,0.1,0.2,0.1,0.09998522533820606,0.11354506957261998,0.09263976345509241,0.2139313890792208
1069,CO,2022-11-08T22:00:00Z,test,1069_42101_00090,missing_BC,linear_offline,0.1,0.1,0.1,0.09968941760538544,0.10202354702920503,0.08419656864685429,0.2119951877823187
1069,CO,2022-11-08T23:00:00Z,test,1069_42101_00090,missing_BC,linear_offline,0.1,0.1,0.1,0.0994978558688047,0.10057576361206884,0.07743767193635628,0.21273987215100093
1069,CO,2022-11-10T15:00:00Z,test,1069_42101_00091,missing_AZ,linear_offline,0.1,0.2,0.1,0.10212546339213469,0.1783456556405772,0.13519002399367197,0.20995694766376288
1069,CO,2022-11-10T16:00:00Z,test,1069_42101_00091,missing_AZ,linear_offline,0.1,0.2,0.1,0.10346685852142797,0.18176376908078867,0.1330218541253234,0.20770539508445027
1069,CO,2022-11-10T17:00:00Z,test,1069_42101_00091,missing_AZ,linear_offline,0.1,0.2,0.1,0.10480825365072126,0.1695157807316098,0.12744981122946986,0.21049876221599415
1069,CO,2022-11-10T18:00:00Z,test,1069_42101_00091,missing_AZ,linear_offline,0.1,0.2,0.1,0.10614964878001454,0.1587453924254189,0.11542815817652953,0.20721341710150776
1069,CO,2022-11-10T19:00:00Z,test,1069_42101_00091,missing_AZ,linear_offline,0.1,0.2,0.1,0.10749104390930783,0.13450000506411275,0.1025424323718978,0.20625505585205858
1069,CO,2022-11-10T20:00:00Z,test,1069_42101_00091,missing_AZ,linear_offline,0.1,0.2,0.1,0.10883243903860111,0.1309059657310812,0.09835636530937583,0.20750692268404225
1069,CO,2022-11-10T21:00:00Z,test,1069_42101_00091,missing_AZ,linear_offline,0.1,0.1,0.1,0.11017383416789439,0.12820609853626966,0.10146144805480031,0.20719716323777493
1069,CO,2022-11-13T12:00:00Z,test,1069_42101_00092,missing_AI,linear_offline,0.1875,0.2,0.1875,0.1635133270663437,0.12426073393747893,0.0827304057857251,0.21187357509657162
1069,CO,2022-11-13T13:00:00Z,test,1069_42101_00092,missing_AF,linear_offline,0.17500000000000002,0.2,0.17500000000000002,0.14835368757495745,0.13521826105988088,0.12419509445898506,0.2095898377707389
1069,CO,2022-11-13T14:00:00Z,test,1069_42101_00092,missing_AF,linear_offline,0.1625,0.2,0.1625,0.13319404808357121,0.10814768502172492,0.13201743457424986,0.21299628306724566
1069,CO,2022-11-13T15:00:00Z,test,1069_42101_00092,missing_AF,linear_offline,0.15000000000000002,0.2,0.15000000000000002,0.11803440859218496,0.10946807012840347,0.12457280422100157,0.21440219779407882
1069,CO,2022-11-13T16:00:00Z,test,1069_42101_00092,missing_AI,linear_offline,0.1375,0.2,0.1375,0.10287476910079872,0.08102473488096501,0.10259231525543532,0.21668395457637782
1069,CO,2022-11-13T17:00:00Z,test,1069_42101_00092,missing_BF,linear_offline,0.125,0.2,0.125,0.08771512960941247,0.07320821573549538,0.08653201583145965,0.21993302588369446
1069,CO,2022-11-13T18:00:00Z,test,1069_42101_00092,missing_BF,linear_offline,0.1125,0.2,0.1125,0.07255549011802623,0.07192548655067413,0.07185078898015398,0.21951997103707602
1069,CO,2022-11-16T17:00:00Z,test,1069_42101_00093,missing_BA,linear_offline,0.0,0.2,0.0,0.010524071476517554,0.06449357067751438,0.055745949874395795,0.21512318145534137
1069,CO,2022-11-16T18:00:00Z,test,1069_42101_00093,missing_BA,linear_offline,0.0,0.2,0.0,0.008558286573734855,0.06221232578954411,0.10239223770066794,0.21721768851099146
1069,CO,2022-11-20T18:00:00Z,test,1069_42101_00094,missing_BF,linear_offline,0.1,0.2,0.1,0.10957869468370314,0.2078672438832306,0.17276110545995865,0.21566832210191328
1069,CO,2022-11-27T18:00:00Z,test,1069_42101_00095,missing_BF,linear_offline,0.25,0.2,0.25,0.28485855531324317,0.2889509313817379,0.3491430498126675,0.21622352269084053
1069,CO,2022-11-30T16:00:00Z,test,1069_42101_00096,missing_BA,linear_offline,0.23333333333333334,0.2,0.23333333333333334,0.2513620925466985,0.19696806418273036,0.19387475500686638,0.21632054068228676
1069,CO,2022-11-30T17:00:00Z,test,1069_42101_00096,missing_BA,linear_offline,0.26666666666666666,0.2,0.26666666666666666,0.255362438005837,0.20855639503002307,0.21643767246446355,0.2200472831354563
1069,CO,2022-12-04T18:00:00Z,test,1069_42101_00097,missing_BF,linear_offline,0.2,0.2,0.2,0.2005753165670185,0.2750861906102892,0.3034310227633301,0.2084693473994246
1069,CO,2022-12-11T18:00:00Z,test,1069_42101_00098,missing_BF,linear_offline,0.1,0.2,0.1,0.1000114594941128,0.128978449574623,0.11580558517786924,0.2122046360502917
1069,CO,2022-12-12T15:00:00Z,test,1069_42101_00099,missing_BA,linear_offline,0.1,0.2,0.1,0.11909830056297839,0.19616274471201553,0.161934303961151,0.21224004634048074
1069,CO,2022-12-14T03:00:00Z,test,1069_42101_00100,missing_BC,linear_offline,0.275,0.1,0.275,0.27753413252318515,0.2247027146395517,0.23711397656005917,0.21616797484339853
1069,CO,2022-12-14T04:00:00Z,test,1069_42101_00100,missing_BC,linear_offline,0.25,0.2,0.25,0.25643322305735106,0.24701432488924102,0.2513146760170373,0.2138550126171821
1069,CO,2022-12-14T05:00:00Z,test,1069_42101_00100,missing_BC,linear_offline,0.225,0.2,0.225,0.23533231359151696,0.2541981426444156,0.24482567924774373,0.2173801247694538
1069,CO,2022-12-18T18:00:00Z,test,1069_42101_00101,missing_BF,linear_offline,0.1,0.2,0.1,0.10083862563292761,0.15429328169230214,0.16044677316818592,0.21938865064102359
1069,CO,2022-12-25T18:00:00Z,test,1069_42101_00102,missing_BF,linear_offline,0.3,0.2,0.3,0.29360796589968324,0.31089502709812433,0.2103481165902366,0.2198896586836839
1069,CO,2022-12-28T16:00:00Z,test,1069_42101_00103,missing_AZ,linear_offline,0.575,0.2,0.575,0.6406225805170005,0.1774968568406179,0.274382784425238,0.2187140714194553
1069,CO,2022-12-28T17:00:00Z,test,1069_42101_00103,missing_AZ,linear_offline,0.44999999999999996,0.2,0.44999999999999996,0.5179962610295722,0.17265798312864244,0.28496276754188227,0.2226037224145452
1069,CO,2022-12-28T18:00:00Z,test,1069_42101_00103,missing_AZ,linear_offline,0.325,0.2,0.325,0.3953699415421439,0.16682272416896227,0.255586458566107,0.2164002529890343
1069,NO2,2022-02-13T07:00:00Z,train,1069_42602_00396,missing_BF,linear_offline,22.46666666666667,3.6500000000000004,22.46666666666667,22.39020127802603,10.01041563259735,13.40602663317577,10.08508597690495
1069,NO2,2022-02-13T08:00:00Z,train,1069_42602_00396,missing_BF,linear_offline,21.133333333333333,4.05,21.133333333333333,21.453882865468067,8.87904069163007,10.540738788331076,10.038568953927882
1069,NO2,2022-02-13T09:00:00Z,train,1069_42602_00396,missing_BF,linear_offline,19.8,4.8,19.8,20.517564452910104,8.075834391925552,9.919507671675204,9.637302802865884
1069,NO2,2022-02-13T10:00:00Z,train,1069_42602_00396,missing_BF,linear_offline,18.46666666666667,6.3,18.46666666666667,19.58124604035214,8.053974230243552,9.004496363283724,8.599844610475564
1069,NO2,2022-02-13T11:00:00Z,train,1069_42602_00396,missing_BF,linear_offline,17.133333333333333,7.4,17.133333333333333,18.64492762779418,8.513346259206662,9.01747198774699,8.450333210504063
1069,NO2,2022-02-18T17:00:00Z,train,1069_42602_00399,missing_BC,linear_offline,19.15,3.5,19.15,19.192289681878496,5.860083350157376,6.258020694829179,9.941769889828981
1069,NO2,2022-02-18T18:00:00Z,train,1069_42602_00399,missing_BC,linear_offline,16.8,2.95,16.8,17.010697921291147,6.54841164158846,5.981191997647406,8.687680287445735
1069,NO2,2022-02-18T19:00:00Z,train,1069_42602_00399,missing_BC,linear_offline,14.45,2.8,14.45,14.829106160703798,7.2422428370106875,6.898119514990298,8.672638431017477
1069,NO2,2022-02-18T21:00:00Z,train,1069_42602_00400,missing_BF,linear_offline,10.0,1.6,10.0,11.013437039645547,8.517056108437506,8.957609031983461,8.687121441961501
1069,NO2,2022-02-18T22:00:00Z,train,1069_42602_00400,missing_BF,linear_offline,7.8999999999999995,1.3,7.8999999999999995,9.379359679174645,8.641130475397183,9.168249670431544,8.77476103507958
1069,NO2,2022-02-20T07:00:00Z,train,1069_42602_00401,missing_BF,linear_offline,9.916666666666666,3.6500000000000004,9.916666666666666,11.826366803582559,9.632444555440896,12.028425542893334,9.873350287561566
1069,NO2,2022-02-20T08:00:00Z,train,1069_42602_00401,missing_BF,linear_offline,13.533333333333333,4.05,13.533333333333333,14.463592177489605,8.425160051448476,11.14332177115682,10.007629342213326
1069,NO2,2022-02-20T09:00:00Z,train,1069_42602_00401,missing_BF,linear_offline,17.15,4.8,17.15,17.100817551396652,7.527633060022458,9.975349282028784,9.46910345376317
1069,NO2,2022-02-20T10:00:00Z,train,1069_42602_00401,missing_BF,linear_offline,20.766666666666666,6.3,20.766666666666666,19.7380429253037,7.328037264165571,8.425643299906787,10.8045953091067
1069,NO2,2022-02-20T11:00:00Z,train,1069_42602_00401,missing_BF,linear_offline,24.383333333333333,7.4,24.383333333333333,22.375268299210745,6.889745485398432,7.648117739289055,12.30227102008913
1069,NO2,2022-02-25T16:00:00Z,train,1069_42602_00402,missing_BA,linear_offline,16.96666666666667,4.9,16.96666666666667,16.60990076003304,9.283596679531037,9.92704135119491,10.26958123430485
1069,NO2,2022-02-25T17:00:00Z,train,1069_42602_00402,missing_BA,linear_offline,17.833333333333332,3.5,17.833333333333332,17.065296847953125,8.8416793662883,9.754493026198125,10.370058919947468
1069,NO2,2022-02-27T07:00:00Z,train,1069_42602_00403,missing_BF,linear_offline,6.733333333333333,3.6500000000000004,6.733333333333333,7.467210487528281,9.120990729654455,9.76725760354255,8.223585851496646
1069,NO2,2022-02-27T08:00:00Z,train,1069_42602_00403,missing_BF,linear_offline,6.366666666666666,4.05,6.366666666666666,7.126569198039931,8.698264131305699,8.947043664505047,9.099379088315853
1069,NO2,2022-02-27T09:00:00Z,train,1069_42602_00403,missing_BF,linear_offline,6.0,4.8,6.0,6.785927908551581,9.354176196824827,9.995624898819749,8.111093703577497
1069,NO2,2022-02-27T10:00:00Z,train,1069_42602_00403,missing_BF,linear_offline,5.633333333333334,6.3,5.633333333333334,6.44528661906323,9.185867811047888,9.568809815533719,8.402996330624516
1069,NO2,2022-02-27T11:00:00Z,train,1069_42602_00403,missing_BF,linear_offline,5.2666666666666675,7.4,5.2666666666666675,6.104645329574881,9.253200429572512,9.712441562480407,8.300875938523586
1069,NO2,2022-03-06T07:00:00Z,train,1069_42602_00404,missing_BC,linear_offline,0.43999999999999995,3.6500000000000004,0.43999999999999995,0.5243661657351605,2.1355941892415657,1.164447470006773,6.476950397537066
1069,NO2,2022-03-06T08:00:00Z,train,1069_42602_00404,missing_BC,linear_offline,0.58,4.05,0.58,0.6240179908297427,1.931236040982248,1.0253291647730283,6.292627933339276
1069,NO2,2022-03-06T09:00:00Z,train,1069_42602_00404,missing_BC,linear_offline,0.72,4.8,0.72,0.7236698159243251,2.0018631804989084,1.0941133502876665,5.937660731905896
1069,NO2,2022-03-06T10:00:00Z,train,1069_42602_00404,missing_BC,linear_offline,0.8599999999999999,6.3,0.8599999999999999,0.8233216410189074,2.687423072408385,1.394473736162663,6.423774428097135
1069,NO2,2022-03-13T07:00:00Z,train,1069_42602_00405,missing_BF,linear_offline,19.85,3.6500000000000004,19.85,20.67263976355892,8.998410607523867,11.498142983152874,8.13915945726871
1069,NO2,2022-03-13T08:00:00Z,train,1069_42602_00405,missing_BF,linear_offline,21.900000000000002,4.05,21.900000000000002,21.933587952804995,6.050942159617213,9.957336371400995,7.9785957981303195
1069,NO2,2022-03-13T09:00:00Z,train,1069_42602_00405,missing_BF,linear_offline,23.950000000000003,4.8,23.950000000000003,23.19453614205107,5.376446497488025,8.171456172219717,10.999426930946075
1069,NO2,2022-03-13T10:00:00Z,train,1069_42602_00405,missing_BF,linear_offline,26.0,6.3,26.0,24.455484331297146,6.957738959851908,7.031147900772568,10.740238949396133
1069,NO2,2022-03-13T11:00:00Z,train,1069_42602_00405,missing_BF,linear_offline,28.050000000000004,7.4,28.050000000000004,25.716432520543222,8.080308278568136,6.456161085292842,11.696779178207382
1069,NO2,2022-03-14T15:00:00Z,train,1069_42602_00406,missing_BA,linear_offline,17.3,6.050000000000001,17.3,17.710976617666933,14.405511437556605,14.749758173998835,8.762110829139262
1069,NO2,2022-03-14T16:00:00Z,train,1069_42602_00406,missing_BA,linear_offline,13.8,4.9,13.8,15.348044741477501,14.189207658047803,17.15697566397222,6.871715090518733
1069,NO2,2022-03-14T20:00:00Z,train,1069_42602_00407,missing_BC,linear_offline,19.28,1.9,19.28,19.40301223922949,18.856505062706276,20.846838134131158,6.599799403065366
1069,NO2,2022-03-14T21:00:00Z,train,1069_42602_00407,missing_BC,linear_offline,22.259999999999998,1.6,22.259999999999998,22.469255780586913,19.156691614456257,19.022120060468396,6.749728083006118
1069,NO2,2022-03-14T22:00:00Z,train,1069_42602_00407,missing_BC,linear_offline,25.24,1.3,25.24,25.535499321944336,19.519747827778772,17.86769700455461,7.356778381648613
1069,NO2,2022-03-14T23:00:00Z,train,1069_42602_00407,missing_BC,linear_offline,28.22,1.2,28.22,28.601742863301755,19.33549822818428,16.312475952655024,7.754823331725645
1069,NO2,2022-03-15T15:00:00Z,train,1069_42602_00408,missing_BF,linear_offline,22.46666666666667,6.050000000000001,22.46666666666667,23.665165128450436,9.742903911043355,16.839052826856257,7.604679831320523
1069,NO2,2022-03-15T16:00:00Z,train,1069_42602_00408,missing_BF,linear_offline,20.333333333333332,4.9,20.333333333333332,21.5233264318151,11.560089346109315,18.2998132479614,7.309143017126265
1069,NO2,2022-03-17T19:00:00Z,train,1069_42602_00409,missing_BA,linear_offline,1.942857142857143,2.8,1.942857142857143,2.3837009378485123,7.743326078017177,7.5976143719346965,6.424572328032104
1069,NO2,2022-03-17T20:00:00Z,train,1069_42602_00409,missing_BC,linear_offline,1.1857142857142857,1.9,1.1857142857142857,1.9793980839262844,7.9612412712394836,7.08647158692359,6.419228490072271
1069,NO2,2022-03-17T21:00:00Z,train,1069_42602_00409,missing_BC,linear_offline,0.4285714285714284,1.6,0.4285714285714284,1.5750952300040562,7.967406137140065,7.446240760887444,6.46631333649362
1069,NO2,2022-03-17T22:00:00Z,train,1069_42602_00409,missing_BC,linear_offline,-0.32857142857142874,1.3,-0.32857142857142874,1.170792376081828,8.181016788864778,8.69691691683684,5.9786817470060605
1069,NO2,2022-03-17T23:00:00Z,train,1069_42602_00409,missing_BC,linear_offline,-1.0857142857142859,1.2,-1.0857142857142859,0.7664895221596,8.206052025635548,8.739942424162233,6.2765294100478135
1069,NO2,2022-03-18T00:00:00Z,train,1069_42602_00409,missing_BC,linear_offline,-1.8428571428571434,1.2,-1.8428571428571434,0.362186668237372,6.564055509272639,8.490636444204046,6.9526754391773125
1069,NO2,2022-03-19T17:00:00Z,train,1069_42602_00410,missing_AM,linear_offline,-1.65,3.5,-1.65,-0.20021174968856137,1.7627153069328374,1.7004165915732985,6.801840456939763
1069,NO2,2022-03-19T23:00:00Z,train,1069_42602_00411,missing_AM,linear_offline,-1.4500000000000002,1.2,-1.4500000000000002,-0.11107928916377352,2.9132356826477612,2.0064375162017543,5.807438218869787
1069,NO2,2022-03-20T07:00:00Z,train,1069_42602_00412,missing_BF,linear_offline,5.949999999999999,3.6500000000000004,5.949999999999999,6.438654435995656,4.609592088138855,6.89028136552109,8.225256792988738
1069,NO2,2022-03-20T08:00:00Z,train,1069_42602_00412,missing_BF,linear_offline,9.6,4.05,9.6,9.321724633813806,4.2349204763582335,6.926195157449099,9.187944192011196
1069,NO2,2022-03-20T09:00:00Z,train,1069_42602_00412,missing_BF,linear_offline,13.25,4.8,13.25,12.204794831631956,3.6432044684224167,3.9846074034901595,9.301377204120449
1069,NO2,2022-03-20T10:00:00Z,train,1069_42602_00412,missing_BF,linear_offline,16.9,6.3,16.9,15.087865029450104,3.9493737245647322,3.512642809692557,9.70010350329601
1069,NO2,2022-03-20T11:00:00Z,train,1069_42602_00412,missing_BF,linear_offline,20.55,7.4,20.55,17.97093522726825,3.312275559848237,2.555123853120561,9.739199006196305
1069,NO2,2022-04-05T16:00:00Z,train,1069_42602_00417,missing_BA,linear_offline,10.6,4.9,10.6,12.37212524905144,11.778948070886667,15.521510906304808,5.3066515758333335
1069,NO2,2022-04-05T17:00:00Z,train,1069_42602_00417,missing_BA,linear_offline,11.5,3.5,11.5,13.165784106446841,13.501835779592705,17.889180612375988,6.2925990477286815
1069,NO2,2022-04-05T18:00:00Z,train,1069_42602_00417,missing_BA,linear_offline,12.399999999999999,2.95,12.399999999999999,13.959442963842243,14.352001754739332,20.490737367655022,5.630563623109781
1069,NO2,2022-04-05T19:00:00Z,train,1069_42602_00417,missing_BC,linear_offline,13.3,2.8,13.3,14.753101821237646,15.558815501348292,19.063159486892427,5.063234877436821
1069,NO2,2022-04-05T20:00:00Z,train,1069_42602_00417,missing_BC,linear_offline,14.2,1.9,14.2,15.54676067863305,16.945366446761703,17.131404351905744,4.977846410214606
1069,NO2,2022-04-05T21:00:00Z,train,1069_42602_00417,missing_BC,linear_offline,15.1,1.6,15.1,16.340419536028453,17.832320198729846,16.91808906205512,4.841829534774155
1069,NO2,2022-04-05T22:00:00Z,train,1069_42602_00417,missing_BC,linear_offline,16.0,1.3,16.0,17.134078393423856,18.56295231262525,16.54235961237303,5.776876006765711
1069,NO2,2022-04-05T23:00:00Z,train,1069_42602_00417,missing_BC,linear_offline,16.9,1.2,16.9,17.92773725081926,19.28913135833616,22.920144211178883,6.817248262826555
1069,NO2,2022-04-06T13:00:00Z,train,1069_42602_00418,missing_BF,linear_offline,21.5,6.25,21.5,23.110459108007074,10.3430472308122,11.528540013803578,6.435932179917208
1069,NO2,2022-04-06T14:00:00Z,train,1069_42602_00418,missing_BF,linear_offline,17.7,6.6,17.7,19.903999700809976,10.350426333280621,13.850414316701082,7.027037686569667
1069,NO2,2022-04-06T16:00:00Z,train,1069_42602_00419,missing_BC,linear_offline,13.94,4.9,13.94,16.288621180028652,14.411849617120751,13.78064333627319,7.509211912443146
1069,NO2,2022-04-06T17:00:00Z,train,1069_42602_00419,missing_BC,linear_offline,13.98,3.5,13.98,15.879702066444427,14.632460735607452,15.791418051692268,6.954875706230649
1069,NO2,2022-04-06T18:00:00Z,train,1069_42602_00419,missing_BC,linear_offline,14.02,2.95,14.02,15.470782952860201,15.265615624131819,18.94259146873581,7.573445703481736
1069,NO2,2022-04-06T19:00:00Z,train,1069_42602_00419,missing_BC,linear_offline,14.06,2.8,14.06,15.061863839275977,15.947852109438667,19.86074272106804,7.221783432269437
1069,NO2,2022-04-07T13:00:00Z,train,1069_42602_00420,missing_BF,linear_offline,28.766666666666666,6.25,28.766666666666666,27.006344274235392,13.274087052751373,11.047801480845823,10.185431205107998
1069,NO2,2022-04-07T14:00:00Z,train,1069_42602_00420,missing_BF,linear_offline,21.53333333333333,6.6,21.53333333333333,22.082691891933464,12.651437678638423,12.228374341730134,7.257146445865721
1069,NO2,2022-04-10T07:00:00Z,train,1069_42602_00421,missing_BF,linear_offline,-0.21666666666666656,3.6500000000000004,-0.21666666666666656,0.4060052432723139,2.388762773866799,1.1710739852154015,6.862057131317703
1069,NO2,2022-04-10T08:00:00Z,train,1069_42602_00421,missing_BF,linear_offline,0.4666666666666669,4.05,0.4666666666666669,0.7350828837582196,2.4099668938883783,1.0584294722061394,6.927602224984956
1069,NO2,2022-04-10T09:00:00Z,train,1069_42602_00421,missing_BF,linear_offline,1.1500000000000004,4.8,1.1500000000000004,1.0641605242441254,2.2767776855173967,0.8174350014078806,6.297969819568663
1069,NO2,2022-04-10T10:00:00Z,train,1069_42602_00421,missing_BF,linear_offline,1.833333333333334,6.3,1.833333333333334,1.3932381647300314,2.124096675302372,0.777552040330499,6.495333226141964
1069,NO2,2022-04-10T11:00:00Z,train,1069_42602_00421,missing_BF,linear_offline,2.5166666666666675,7.4,2.5166666666666675,1.722315805215937,2.3460854552528856,1.2745136169821407,6.42214918962631
1069,NO2,2022-04-13T16:00:00Z,train,1069_42602_00423,missing_BA,linear_offline,9.811111111111112,4.9,9.811111111111112,11.254188753602225,10.642411453467805,9.511809918218402,5.438073817574304
1069,NO2,2022-04-13T17:00:00Z,train,1069_42602_00423,missing_BA,linear_offline,12.422222222222222,3.5,12.422222222222222,13.427208632377727,10.58193695549801,11.882854556575975,4.968388064244891
1069,NO2,2022-04-13T18:00:00Z,train,1069_42602_00423,missing_BA,linear_offline,15.033333333333335,2.95,15.033333333333335,15.60022851115323,12.246053376336379,15.099839283319536,4.666803422919101
1069,NO2,2022-04-13T19:00:00Z,train,1069_42602_00423,missing_BC,linear_offline,17.644444444444446,2.8,17.644444444444446,17.77324838992873,11.949269081099025,12.760093375078496,4.686767933877049
1069,NO2,2022-04-13T20:00:00Z,train,1069_42602_00423,missing_BC,linear_offline,20.255555555555556,1.9,20.255555555555556,19.94626826870423,10.43720026888843,12.963247175537566,4.523384154360246
1069,NO2,2022-04-13T21:00:00Z,train,1069_42602_00423,missing_BC,linear_offline,22.866666666666667,1.6,22.866666666666667,22.11928814747973,10.083705192672426,10.994522362451846,4.956544443440025
1069,NO2,2022-04-13T22:00:00Z,train,1069_42602_00423,missing_BC,linear_offline,25.477777777777778,1.3,25.477777777777778,24.292308026255228,10.178129651395945,10.532274523734944,6.195646317386036
1069,NO2,2022-04-13T23:00:00Z,train,1069_42602_00423,missing_BC,linear_offline,28.08888888888889,1.2,28.08888888888889,26.465327905030726,9.833993252781571,9.715852666837725,8.508179898602009
1069,NO2,2022-04-19T16:00:00Z,train,1069_42602_00425,missing_AZ,linear_offline,2.1,4.9,2.1,2.749832560539399,2.366984064402059,1.5544396453232716,7.758872586880965
1069,NO2,2022-04-19T17:00:00Z,train,1069_42602_00425,missing_AZ,linear_offline,2.0,3.5,2.0,2.5343834549200737,2.2165066879753903,1.4946188469373647,7.356105424990998
1069,NO2,2022-04-19T18:00:00Z,train,1069_42602_00425,missing_AZ,linear_offline,1.9000000000000001,2.95,1.9000000000000001,2.3189343493007484,2.2932830795490684,1.4548732876833483,7.830329992529149
1069,NO2,2022-04-21T13:00:00Z,train,1069_42602_00426,missing_BC,linear_offline,3.78,6.25,3.78,3.1617379119186446,3.3805512545241356,2.026892692193706,6.986257840294887
1069,NO2,2022-04-21T14:00:00Z,train,1069_42602_00426,missing_BC,linear_offline,3.26,6.6,3.26,2.778714635956095,2.9310958378393495,1.9685552089463938,6.676474304655876
1069,NO2,2022-04-21T15:00:00Z,train,1069_42602_00426,missing_BC,linear_offline,2.74,6.050000000000001,2.74,2.395691359993545,2.791103677827464,1.8529700887325484,6.338629439247998
1069,NO2,2022-04-21T16:00:00Z,train,1069_42602_00426,missing_BC,linear_offline,2.22,4.9,2.22,2.012668084030995,2.545833095738435,1.5786296526957697,6.479757961782946
1069,NO2,2022-04-21T19:00:00Z,train,1069_42602_00427,missing_BC,linear_offline,0.8,2.8,0.8,1.0991542124545806,2.654231944451876,1.5525326745626353,6.867781556714412
1069,NO2,2022-04-21T20:00:00Z,train,1069_42602_00427,missing_BC,linear_offline,0.8,1.9,0.8,1.0220420847348188,2.1844884199012755,1.6987386238516038,6.880729499134194
1069,NO2,2022-04-21T21:00:00Z,train,1069_42602_00427,missing_BC,linear_offline,0.8,1.6,0.8,0.9449299570150572,1.6070635027490052,1.380147514231096,6.506363105466412
1069,NO2,2022-04-21T22:00:00Z,train,1069_42602_00427,missing_BC,linear_offline,0.8,1.3,0.8,0.8678178292952955,1.1718604024695827,0.9060997734713085,6.472657696537508
1069,NO2,2022-04-21T23:00:00Z,train,1069_42602_00427,missing_BC,linear_offline,0.8,1.2,0.8,0.7907057015755339,1.0443166394699492,0.6869178421321784,6.355125139685123
1069,NO2,2022-04-22T14:00:00Z,train,1069_42602_00428,missing_BA,linear_offline,0.775,6.6,0.775,0.9274675346776322,2.0820954361147868,1.2203929124200554,6.206237968167782
1069,NO2,2022-04-22T15:00:00Z,train,1069_42602_00428,missing_BA,linear_offline,0.55,6.050000000000001,0.55,0.7048657513307287,2.2084088282415655,1.1667281320900438,6.232915325877732
1069,NO2,2022-04-22T16:00:00Z,train,1069_42602_00428,missing_BC,linear_offline,0.32499999999999996,4.9,0.32499999999999996,0.4822639679838252,1.9110655574046165,0.6888841454983581,7.010890337488226
1069,NO2,2022-04-22T17:00:00Z,train,1069_42602_00428,missing_BC,linear_offline,0.09999999999999998,3.5,0.09999999999999998,0.2596621846369218,1.6990800465642062,0.43171581461343944,6.227243987549141
1069,NO2,2022-04-22T18:00:00Z,train,1069_42602_00428,missing_BC,linear_offline,-0.125,2.95,-0.125,0.03706040129001842,1.580122856601955,0.36720461762085943,6.017830662262881
1069,NO2,2022-04-22T19:00:00Z,train,1069_42602_00428,missing_BC,linear_offline,-0.3500000000000001,2.8,-0.3500000000000001,-0.18554138205688475,1.4209506511558576,0.4969816807116203,5.639981242970865
1069,NO2,2022-04-22T20:00:00Z,train,1069_42602_00428,missing_BC,linear_offline,-0.575,1.9,-0.575,-0.40814316540378814,1.2684736618300718,0.6422164489308981,5.649027903931939
1069,NO2,2022-04-24T07:00:00Z,train,1069_42602_00429,missing_BF,linear_offline,-1.0666666666666667,3.6500000000000004,-1.0666666666666667,-0.9469364782630347,2.0975245158634355,0.3624496817941214,6.251104672937798
1069,NO2,2022-04-24T08:00:00Z,train,1069_42602_00429,missing_BF,linear_offline,-0.9333333333333333,4.05,-0.9333333333333333,-0.8339067836072751,1.7294364812216427,0.3364557550285108,6.267598031298389
1069,NO2,2022-04-24T09:00:00Z,train,1069_42602_00429,missing_BF,linear_offline,-0.7999999999999999,4.8,-0.7999999999999999,-0.7208770889515155,1.5218993544126613,0.2113441083947203,5.938953037691556
1069,NO2,2022-04-24T10:00:00Z,train,1069_42602_00429,missing_BF,linear_offline,-0.6666666666666666,6.3,-0.6666666666666666,-0.6078473942957558,1.566319698429787,0.4332178663643118,5.868262792223824
1069,NO2,2022-04-24T11:00:00Z,train,1069_42602_00429,missing_BF,linear_offline,-0.5333333333333333,7.4,-0.5333333333333333,-0.4948176996399962,1.8780438396507781,0.5595619657167665,6.158948580395743
1069,NO2,2022-04-25T15:00:00Z,train,1069_42602_00430,missing_BA,linear_offline,5.833333333333334,6.050000000000001,5.833333333333334,5.897482307590568,6.885499040410433,6.284838121727436,7.109520092216185
1069,NO2,2022-04-25T16:00:00Z,train,1069_42602_00430,missing_BA,linear_offline,8.466666666666667,4.9,8.466666666666667,7.386920692454439,6.707069566062163,5.888463592681043,8.723403720597624
1069,NO2,2022-04-25T18:00:00Z,train,1069_42602_00431,missing_BC,linear_offline,9.68,2.95,9.68,8.142156539500487,5.753281277179097,5.300291016426748,8.123989957669314
1069,NO2,2022-04-25T19:00:00Z,train,1069_42602_00431,missing_BC,linear_offline,8.26,2.8,8.26,7.407954001682667,7.279279914867774,5.918486281432295,7.140429061762748
1069,NO2,2022-04-25T20:00:00Z,train,1069_42602_00431,missing_BC,linear_offline,6.84,1.9,6.84,6.673751463864846,6.648023084201675,5.380290625773521,7.063705497026461
1069,NO2,2022-04-25T21:00:00Z,train,1069_42602_00431,missing_BC,linear_offline,5.42,1.6,5.42,5.939548926047026,5.705634722735526,5.275760367033826,7.445188517946583
1069,NO2,2022-04-28T13:00:00Z,train,1069_42602_00432,missing_BA,linear_offline,1.775,6.25,1.775,1.072663229967235,1.9999853555795921,2.0961260359415395,5.895770416065298
1069,NO2,2022-04-28T14:00:00Z,train,1069_42602_00432,missing_BA,linear_offline,1.55,6.6,1.55,0.9324206654096421,1.820383997214151,1.2962314324569801,6.680529024656444
1069,NO2,2022-04-28T15:00:00Z,train,1069_42602_00432,missing_BA,linear_offline,1.325,6.050000000000001,1.325,0.7921781008520493,1.9167281780038845,0.9883482967527719,6.455405245148974
1069,NO2,2022-04-28T16:00:00Z,train,1069_42602_00432,missing_BC,linear_offline,1.1,4.9,1.1,0.6519355362944564,1.9084559636835934,0.8899030130807555,5.878458697128901
1069,NO2,2022-04-28T17:00:00Z,train,1069_42602_00432,missing_BC,linear_offline,0.875,3.5,0.875,0.5116929717368637,1.7867288778730597,0.9186470581594657,6.59309072000498
1069,NO2,2022-04-28T18:00:00Z,train,1069_42602_00432,missing_BC,linear_offline,0.6499999999999999,2.95,0.6499999999999999,0.3714504071792709,1.8688306310250207,0.9390023055526067,5.785787803152999
1069,NO2,2022-04-28T19:00:00Z,train,1069_42602_00432,missing_BC,linear_offline,0.42500000000000004,2.8,0.42500000000000004,0.23120784262167815,1.665625825343641,0.9456756622919276,5.518854119099285
1069,NO2,2022-05-01T07:00:00Z,train,1069_42602_00433,missing_BC,linear_offline,-0.28,3.6500000000000004,-0.28,-0.15161763082568766,1.0501119777395118,0.005426657624794551,5.327585186015163
1069,NO2,2022-05-01T08:00:00Z,train,1069_42602_00433,missing_BC,linear_offline,-0.45999999999999996,4.05,-0.45999999999999996,-0.2804763000755198,1.0911269424752952,-0.04950076218810473,5.167642567504538
1069,NO2,2022-05-01T09:00:00Z,train,1069_42602_00433,missing_BC,linear_offline,-0.64,4.8,-0.64,-0.409334969325352,0.9192622435958935,-0.35406543567347715,4.916155073369713
1069,NO2,2022-05-01T10:00:00Z,train,1069_42602_00433,missing_BC,linear_offline,-0.82,6.3,-0.82,-0.5381936385751842,0.8342729703074685,-0.4967645156979348,5.330751933720701
1069,NO2,2022-05-04T15:00:00Z,train,1069_42602_00434,missing_BC,linear_offline,-0.12000000000000002,6.050000000000001,-0.12000000000000002,0.07348397417052221,1.3926354663137097,-0.020134245212636515,5.308801732207481
1069,NO2,2022-05-04T16:00:00Z,train,1069_42602_00434,missing_BC,linear_offline,-0.3400000000000001,4.9,-0.3400000000000001,-0.18083657241568307,1.3964993721343868,0.15209998129778324,5.062790663587421
1069,NO2,2022-05-04T17:00:00Z,train,1069_42602_00434,missing_BC,linear_offline,-0.5600000000000002,3.5,-0.5600000000000002,-0.43515711900188836,1.5359455680829779,0.23811248180111289,4.288337777267754
1069,NO2,2022-05-04T18:00:00Z,train,1069_42602_00434,missing_BC,linear_offline,-0.7800000000000001,2.95,-0.7800000000000001,-0.6894776655880936,1.6069224576954761,0.4442943269887252,4.307623476376749
1069,NO2,2022-05-08T07:00:00Z,train,1069_42602_00435,missing_BF,linear_offline,-0.4666666666666667,3.6500000000000004,-0.4666666666666667,-0.535255445245204,2.0176352443445165,0.7452116066175103,4.901406236739009
1069,NO2,2022-05-08T08:00:00Z,train,1069_42602_00435,missing_BF,linear_offline,-0.5333333333333333,4.05,-0.5333333333333333,-0.5845944900001266,1.9774603043924852,0.8041257611537915,4.931698914868559
1069,NO2,2022-05-08T09:00:00Z,train,1069_42602_00435,missing_BF,linear_offline,-0.6000000000000001,4.8,-0.6000000000000001,-0.6339335347550493,1.9911822705781201,0.7719248111099768,4.741608696858168
1069,NO2,2022-05-08T10:00:00Z,train,1069_42602_00435,missing_BF,linear_offline,-0.6666666666666667,6.3,-0.6666666666666667,-0.683272579509972,1.6819797650927404,0.6236744892370076,4.455304153190353
1069,NO2,2022-05-08T11:00:00Z,train,1069_42602_00435,missing_BF,linear_offline,-0.7333333333333334,7.4,-0.7333333333333334,-0.7326116242648947,1.7107253715558075,0.47652338195095645,4.84153729566878
1069,NO2,2022-05-09T13:00:00Z,train,1069_42602_00436,missing_BC,linear_offline,0.94,6.25,0.94,0.36773923296422106,1.2955350550340183,0.23104045158945397,4.983102420304391
1069,NO2,2022-05-09T14:00:00Z,train,1069_42602_00436,missing_BC,linear_offline,0.6799999999999999,6.6,0.6799999999999999,0.21297526571362774,1.2240324993548608,0.09503242399368972,4.554940252664862
1069,NO2,2022-05-09T15:00:00Z,train,1069_42602_00436,missing_BC,linear_offline,0.41999999999999993,6.050000000000001,0.41999999999999993,0.05821129846303441,1.3155207747961413,0.14156896427521115,5.182734648462928
1069,NO2,2022-05-09T16:00:00Z,train,1069_42602_00436,missing_BC,linear_offline,0.15999999999999992,4.9,0.15999999999999992,-0.09655266878755897,1.4366134180965169,0.25190575120569036,4.500232988046218
1069,NO2,2022-05-10T18:00:00Z,train,1069_42602_00437,missing_BA,linear_offline,-1.1,2.95,-1.1,-1.0896548903441954,1.0942481498037697,-0.3353340280110091,4.227430255369781
1069,NO2,2022-05-15T07:00:00Z,train,1069_42602_00438,missing_BF,linear_offline,1.3,3.6500000000000004,1.3,1.3310705949371968,4.38250825080263,2.9947467120515445,6.685251496700105
1069,NO2,2022-05-15T08:00:00Z,train,1069_42602_00438,missing_BF,linear_offline,2.6,4.05,2.6,2.1782737563396157,3.8385635779435328,2.6185930862859594,6.4378381097549395
1069,NO2,2022-05-15T09:00:00Z,train,1069_42602_00438,missing_BF,linear_offline,3.9000000000000004,4.8,3.9000000000000004,3.0254769177420346,3.619612731489152,2.315026918096515,5.982620404102801
1069,NO2,2022-05-15T10:00:00Z,train,1069_42602_00438,missing_BF,linear_offline,5.2,6.3,5.2,3.8726800791444536,3.3647958454449958,2.1642570423337437,5.984792289742575
1069,NO2,2022-05-15T11:00:00Z,train,1069_42602_00438,missing_BF,linear_offline,6.5,7.4,6.5,4.7198832405468725,2.9692167766705153,1.897617353942807,6.235906808189261
1069,NO2,2022-06-09T12:00:00Z,train,1069_42602_00440,missing_BC,linear_offline,4.8,7.8,4.8,4.93946415706595,2.740772973559853,1.6991778933172084,4.699260049651279
1069,NO2,2022-06-09T13:00:00Z,train,1069_42602_00440,missing_BC,linear_offline,3.9000000000000004,6.25,3.9000000000000004,4.081788366664373,2.690839641610949,1.5263888548988094,5.090468673496789
1069,NO2,2022-06-09T14:00:00Z,train,1069_42602_00440,missing_BC,linear_offline,3.0,6.6,3.0,3.2241125762627956,2.7517312894346313,1.5687096574180073,5.026617031279432
1069,NO2,2022-06-09T15:00:00Z,train,1069_42602_00440,missing_BC,linear_offline,2.1,6.050000000000001,2.1,2.366436785861219,2.8983590727305573,1.9507241995961255,5.2624908119654625
1069,NO2,2022-06-14T16:00:00Z,train,1069_42602_00441,missing_AZ,linear_offline,0.6571428571428573,4.9,0.6571428571428573,1.1202461826456445,2.5199981699464526,1.0849313693490368,3.89677953344177
1069,NO2,2022-06-14T17:00:00Z,train,1069_42602_00441,missing_AZ,linear_offline,0.5142857142857143,3.5,0.5142857142857143,0.9225744813103031,2.536852012920331,1.2295509521318868,4.331108258481599
1069,NO2,2022-06-14T18:00:00Z,train,1069_42602_00441,missing_AZ,linear_offline,0.3714285714285715,2.95,0.3714285714285715,0.7249027799749616,2.2530987712908983,1.2254757389616415,3.8295848372019634
1069,NO2,2022-06-14T19:00:00Z,train,1069_42602_00441,missing_AZ,linear_offline,0.22857142857142865,2.8,0.22857142857142865,0.52723107863962,2.2386341066130626,1.2074906730215398,3.656982644444882
1069,NO2,2022-06-14T20:00:00Z,train,1069_42602_00441,missing_AZ,linear_offline,0.08571428571428585,1.9,0.08571428571428585,0.32955937730427864,2.045173380238622,1.1196034703676068,3.3676081589016267
1069,NO2,2022-06-14T21:00:00Z,train,1069_42602_00441,missing_AZ,linear_offline,-0.05714285714285705,1.6,-0.05714285714285705,0.13188767596893713,1.9760050941723062,1.078277790144897,3.337846351453259
1069,NO2,2022-06-19T07:00:00Z,train,1069_42602_00442,missing_BF,linear_offline,1.7666666666666668,3.6500000000000004,1.7666666666666668,1.7132195892032316,4.253812966840139,2.898402531261811,4.8238259924525035
1069,NO2,2022-06-19T08:00:00Z,train,1069_42602_00442,missing_BF,linear_offline,2.2333333333333334,4.05,2.2333333333333334,2.2776995145412755,4.3559012204464,2.4328505430160083,5.000164317743762
1069,NO2,2022-06-26T07:00:00Z,train,1069_42602_00443,missing_BC,linear_offline,1.94,3.6500000000000004,1.94,2.2039690639083984,5.999324744524552,4.649470625293892,5.900679343424188
1069,NO2,2022-06-26T08:00:00Z,train,1069_42602_00443,missing_BC,linear_offline,2.6799999999999997,4.05,2.6799999999999997,2.9346041421983955,5.8098672775245985,4.006740026742353,5.647985549758668
1069,NO2,2022-06-26T09:00:00Z,train,1069_42602_00443,missing_BC,linear_offline,3.42,4.8,3.42,3.6652392204883926,4.825535708322779,3.7054992803210642,5.586106066098827
1069,NO2,2022-06-26T10:00:00Z,train,1069_42602_00443,missing_BC,linear_offline,4.16,6.3,4.16,4.39587429877839,5.183669137000242,3.099724307409353,5.704908288663704
1069,NO2,2022-06-27T18:00:00Z,train,1069_42602_00444,missing_BA,linear_offline,5.35,2.95,5.35,8.39144024620414,11.559178538568073,9.98222561873444,4.672660045524655
1069,NO2,2022-07-03T07:00:00Z,train,1069_42602_00445,missing_BF,linear_offline,2.066666666666667,3.6500000000000004,2.066666666666667,2.0603318756006996,2.244910871725854,1.5323981028252014,5.488374595308418
1069,NO2,2022-07-03T08:00:00Z,train,1069_42602_00445,missing_BF,linear_offline,1.9333333333333333,4.05,1.9333333333333333,2.122909805614491,2.2907296956648757,1.4736265547268061,5.573456120389236
1069,NO2,2022-07-11T17:00:00Z,train,1069_42602_00446,missing_BA,linear_offline,13.899999999999999,3.5,13.899999999999999,13.21436294221611,6.924970576709899,6.351948600798518,5.945406889813438
1069,NO2,2022-07-11T22:00:00Z,train,1069_42602_00447,missing_BF,linear_offline,9.225,1.3,9.225,8.682845264754254,4.0181011797810875,3.3011829649188074,5.841893352520495
1069,NO2,2022-07-11T23:00:00Z,train,1069_42602_00447,missing_BF,linear_offline,7.25,1.2,7.25,7.075615738562047,4.562211359381965,4.131555530809877,6.076995939449819
1069,NO2,2022-07-12T00:00:00Z,train,1069_42602_00447,missing_BF,linear_offline,5.2749999999999995,1.2,5.2749999999999995,5.468386212369839,4.511619123234654,4.1178413715460245,6.236561613753733
1069,NO2,2022-07-12T16:00:00Z,train,1069_42602_00448,missing_BC,linear_offline,9.24,4.9,9.24,8.395770708303473,4.315212324810382,5.200274719861451,6.988332074354704
1069,NO2,2022-07-12T17:00:00Z,train,1069_42602_00448,missing_BC,linear_offline,8.58,3.5,8.58,7.6729136514354135,4.022577668730931,4.498452749649177,6.620597367981231
1069,NO2,2022-07-12T18:00:00Z,train,1069_42602_00448,missing_BC,linear_offline,7.92,2.95,7.92,6.950056594567354,3.450811468717039,3.2598083613195965,7.345927020602249
1069,NO2,2022-07-12T19:00:00Z,train,1069_42602_00448,missing_BC,linear_offline,7.26,2.8,7.26,6.227199537699294,3.65837904252097,3.3415702531433107,5.39604473369903
1069,NO2,2022-07-13T17:00:00Z,train,1069_42602_00449,missing_AZ,linear_offline,4.975,3.5,4.975,4.783681519950173,4.184413075427622,4.002809501855802,6.845180908501383
1069,NO2,2022-07-13T18:00:00Z,train,1069_42602_00449,missing_AZ,linear_offline,3.8499999999999996,2.95,3.8499999999999996,3.879417114321372,4.8674544543702,3.8786409313732877,5.372733785719194
1069,NO2,2022-07-13T19:00:00Z,train,1069_42602_00449,missing_AZ,linear_offline,2.7249999999999996,2.8,2.7249999999999996,2.9751527086925713,6.09386747811307,5.522214348349655,5.830256875373581
1069,NO2,2022-07-17T07:00:00Z,train,1069_42602_00450,missing_BF,linear_offline,2.8,3.6500000000000004,2.8,3.125534068268985,6.019121666894911,5.115424539896109,4.476454405451635
1069,NO2,2022-07-17T08:00:00Z,train,1069_42602_00450,missing_BF,linear_offline,3.3,4.05,3.3,3.824310957398066,6.166786925037995,4.768942811863035,4.836147136639706
1069,NO2,2022-07-24T07:00:00Z,train,1069_42602_00451,missing_BC,linear_offline,1.38,3.6500000000000004,1.38,1.4879086354473572,2.884042999797307,1.5041016545953303,5.615022904379648
1069,NO2,2022-07-24T08:00:00Z,train,1069_42602_00451,missing_BC,linear_offline,1.76,4.05,1.76,1.7363350356708538,2.753505802755698,1.422284073396237,5.475024889176426
1069,NO2,2022-07-24T09:00:00Z,train,1069_42602_00451,missing_BC,linear_offline,2.14,4.8,2.14,1.9847614358943504,2.703451203288446,1.3461905272477646,5.476169253794316
1069,NO2,2022-07-24T10:00:00Z,train,1069_42602_00451,missing_BC,linear_offline,2.52,6.3,2.52,2.233187836117847,2.6561927829728083,1.351725114329807,5.669803684178408
1069,NO2,2022-07-28T13:00:00Z,train,1069_42602_00452,missing_AZ,linear_offline,9.25,6.25,9.25,7.702213568257528,3.1696069268187292,1.9786558043480484,6.505969116147143
1069,NO2,2022-07-28T14:00:00Z,train,1069_42602_00452,missing_AZ,linear_offline,7.9,6.6,7.9,6.810829268847273,3.2225875605699046,2.024324735388854,5.503840367589444
1069,NO2,2022-07-28T15:00:00Z,train,1069_42602_00452,missing_AZ,linear_offline,6.55,6.050000000000001,6.55,5.919444969437019,3.266638897417464,2.2755775014087654,5.165746786665124
1069,NO2,2022-07-28T16:00:00Z,train,1069_42602_00452,missing_AZ,linear_offline,5.2,4.9,5.2,5.028060670026765,3.151288245087807,2.32548559097724,5.095188087829419
1069,NO2,2022-07-28T17:00:00Z,train,1069_42602_00452,missing_AZ,linear_offline,3.8500000000000005,3.5,3.8500000000000005,4.136676370616511,3.1084076862768333,2.5143264412717716,5.101046792280781
1069,NO2,2022-07-31T07:00:00Z,train,1069_42602_00453,missing_BF,linear_offline,3.1333333333333333,3.6500000000000004,3.1333333333333333,2.9808911576542787,3.9523606528385558,2.6658187175301116,5.250202066503655
1069,NO2,2022-07-31T08:00:00Z,train,1069_42602_00453,missing_BF,linear_offline,2.7666666666666666,4.05,2.7666666666666666,3.051894000185924,3.8780744090826347,2.5532663261978783,5.335359448841121
1069,NO2,2022-08-01T19:00:00Z,train,1069_42602_00454,missing_BC,linear_offline,1.5333333333333334,2.8,1.5333333333333334,1.7545070572659813,3.299876086212487,2.109616917242424,4.87754073708192
1069,NO2,2022-08-01T20:00:00Z,train,1069_42602_00454,missing_BC,linear_offline,1.4666666666666668,1.9,1.4666666666666668,1.601914882891979,3.091932999470838,2.094122779812258,4.999419797636477
1069,NO2,2022-08-01T21:00:00Z,train,1069_42602_00454,missing_BC,linear_offline,1.4,1.6,1.4,1.4493227085179763,2.7677209061672334,1.8466157748633885,4.992491544900972
1069,NO2,2022-08-01T22:00:00Z,train,1069_42602_00454,missing_BC,linear_offline,1.3333333333333333,1.3,1.3333333333333333,1.2967305341439739,2.90701981152487,2.3590855414044043,5.192227214773121
1069,NO2,2022-08-01T23:00:00Z,train,1069_42602_00454,missing_BC,linear_offline,1.2666666666666666,1.2,1.2666666666666666,1.1441383597699715,2.884759675216902,2.445364518171229,5.1104058602285
1069,NO2,2022-08-02T18:00:00Z,train,1069_42602_00455,missing_BA,linear_offline,3.1625,2.95,3.1625,3.0179946489297467,3.3552055624971637,2.194356369033823,4.724545368149803
1069,NO2,2022-08-02T19:00:00Z,train,1069_42602_00455,missing_BA,linear_offline,2.725,2.8,2.725,2.6419037169571005,3.3336352978440056,2.1647264985635726,4.854885570531779
1069,NO2,2022-08-02T20:00:00Z,train,1069_42602_00455,missing_BA,linear_offline,2.2875,1.9,2.2875,2.2658127849844543,3.4889727433107454,2.1890903400610844,4.7539112345484575
1069,NO2,2022-08-02T21:00:00Z,train,1069_42602_00455,missing_BC,linear_offline,1.85,1.6,1.85,1.8897218530118083,3.2252616915109926,2.068980327982346,4.532482080774356
1069,NO2,2022-08-02T22:00:00Z,train,1069_42602_00455,missing_BC,linear_offline,1.4125,1.3,1.4125,1.5136309210391623,2.929200056999935,2.2545133855178117,4.25424260776888
1069,NO2,2022-08-02T23:00:00Z,train,1069_42602_00455,missing_BC,linear_offline,0.9750000000000001,1.2,0.9750000000000001,1.137539989066516,2.5151742729773057,2.2678153393115696,4.509898737904609
1069,NO2,2022-08-03T00:00:00Z,train,1069_42602_00455,missing_BC,linear_offline,0.5375000000000001,1.2,0.5375000000000001,0.7614490570938703,2.3513108882323577,1.84152253909276,4.732147748581192
1069,NO2,2022-08-03T16:00:00Z,train,1069_42602_00456,missing_BA,linear_offline,1.58,4.9,1.58,1.8987103044091669,2.908100809960962,1.9240057904891383,4.727307457076304
1069,NO2,2022-08-03T17:00:00Z,train,1069_42602_00456,missing_BA,linear_offline,1.56,3.5,1.56,1.80927880564456,2.8454502626597775,1.8762014061102077,4.579491200054418
1069,NO2,2022-08-03T18:00:00Z,train,1069_42602_00456,missing_BA,linear_offline,1.54,2.95,1.54,1.7198473068799527,2.982974394465621,1.8791690773103014,4.598261121864345
1069,NO2,2022-08-03T19:00:00Z,train,1069_42602_00456,missing_BA,linear_offline,1.52,2.8,1.52,1.6304158081153455,2.873889317327535,1.792757382873182,4.587335334830325
1069,NO2,2022-08-03T22:00:00Z,train,1069_42602_00457,missing_BC,linear_offline,1.38,1.3,1.38,1.2366270504598718,2.3908841747457164,1.723489688669507,3.8069835384121187
1069,NO2,2022-08-03T23:00:00Z,train,1069_42602_00457,missing_BC,linear_offline,1.06,1.2,1.06,0.9807169809828734,2.2488018415420425,1.7983721210188532,3.868316017085762
1069,NO2,2022-08-04T00:00:00Z,train,1069_42602_00457,missing_BC,linear_offline,0.7400000000000001,1.2,0.7400000000000001,0.7248069115058751,1.8557899488802354,1.1971730451943436,4.565276356873609
1069,NO2,2022-08-04T01:00:00Z,train,1069_42602_00457,missing_BC,linear_offline,0.42000000000000015,1.9,0.42000000000000015,0.4688968420288768,1.714784970882489,0.9041449202570755,4.728809508827175
1069,NO2,2022-08-07T07:00:00Z,train,1069_42602_00458,missing_BF,linear_offline,1.1666666666666665,3.6500000000000004,1.1666666666666665,1.2763444550151943,3.093050950670032,1.5844619437284342,5.218035466915681
1069,NO2,2022-08-07T08:00:00Z,train,1069_42602_00458,missing_BF,linear_offline,1.8333333333333333,4.05,1.8333333333333333,1.7865246961012038,3.3351638931289367,1.593174468437235,5.503874457814558
1069,NO2,2022-08-09T14:00:00Z,train,1069_42602_00459,missing_BA,linear_offline,7.199999999999999,6.6,7.199999999999999,8.148476931948677,3.6778747478259035,3.382336437304971,6.968364765916451
1069,NO2,2022-08-10T11:00:00Z,train,1069_42602_00460,missing_BC,linear_offline,0.2666666666666667,7.4,0.2666666666666667,0.5905512837301333,5.15720002892883,5.093958237418016,5.627157202905534
1069,NO2,2022-08-10T12:00:00Z,train,1069_42602_00460,missing_BC,linear_offline,1.2333333333333334,7.8,1.2333333333333334,1.3874937163179393,5.545720859720133,4.651332315908192,7.510929955696655
1069,NO2,2022-08-10T13:00:00Z,train,1069_42602_00460,missing_BC,linear_offline,2.2,6.25,2.2,2.184436148905746,6.0812278115171585,5.282807284980419,6.664741607197998
1069,NO2,2022-08-10T14:00:00Z,train,1069_42602_00460,missing_BC,linear_offline,3.166666666666667,6.6,3.166666666666667,2.9813785814935523,6.364389939052324,5.608585316678146,6.11852485986959
1069,NO2,2022-08-10T15:00:00Z,train,1069_42602_00460,missing_BC,linear_offline,4.133333333333333,6.050000000000001,4.133333333333333,3.778321014081358,6.718663755716092,5.703596335458226,6.254755514851506
1069,NO2,2022-08-10T18:00:00Z,train,1069_42602_00461,missing_BA,linear_offline,4.914285714285715,2.95,4.914285714285715,5.067144531109241,6.149203330050536,5.709078225818239,5.8820574928973945
1069,NO2,2022-08-10T19:00:00Z,train,1069_42602_00461,missing_BC,linear_offline,4.928571428571429,2.8,4.928571428571429,5.286819736292347,6.2602177577917,5.526490329525063,5.336900535200904
1069,NO2,2022-08-10T20:00:00Z,train,1069_42602_00461,missing_BC,linear_offline,4.942857142857143,1.9,4.942857142857143,5.506494941475452,7.003226575134326,5.514460383520332,4.925200042831067
1069,NO2,2022-08-10T21:00:00Z,train,1069_42602_00461,missing_BC,linear_offline,4.957142857142857,1.6,4.957142857142857,5.726170146658558,8.016713614192772,3.7830345046919605,5.170278314413531
1069,NO2,2022-08-10T22:00:00Z,train,1069_42602_00461,missing_BC,linear_offline,4.9714285714285715,1.3,4.9714285714285715,5.945845351841664,6.789497518429251,3.9817544940402616,5.495036762126519
1069,NO2,2022-08-10T23:00:00Z,train,1069_42602_00461,missing_BC,linear_offline,4.985714285714286,1.2,4.985714285714286,6.165520557024769,7.146163571100092,5.052252880565971,5.191667848827435
1069,NO2,2022-08-11T11:00:00Z,train,1069_42602_00462,missing_BC,linear_offline,17.185714285714287,7.4,17.185714285714287,14.522516589070865,8.380716026435277,7.231373715217269,8.053507116090259
1069,NO2,2022-08-11T12:00:00Z,train,1069_42602_00462,missing_BC,linear_offline,16.071428571428573,7.8,16.071428571428573,13.98945698702736,9.87340363486041,9.219408168638783,9.47029374910421
1069,NO2,2022-08-11T13:00:00Z,train,1069_42602_00462,missing_BC,linear_offline,14.957142857142857,6.25,14.957142857142857,13.456397384983855,11.197851037958834,11.314942633845895,7.185760733782568
1069,NO2,2022-08-11T14:00:00Z,train,1069_42602_00462,missing_BC,linear_offline,13.842857142857143,6.6,13.842857142857143,12.92333778294035,10.11070647257865,11.49542825621852,6.661370708487859
1069,NO2,2022-08-11T15:00:00Z,train,1069_42602_00462,missing_BC,linear_offline,12.72857142857143,6.050000000000001,12.72857142857143,12.390278180896846,10.706017047533663,11.347497497677164,7.081968424324324
1069,NO2,2022-08-11T16:00:00Z,train,1069_42602_00462,missing_BA,linear_offline,11.614285714285714,4.9,11.614285714285714,11.857218578853342,9.51437423179309,11.61603270667679,6.348037885975989
1069,NO2,2022-08-17T20:00:00Z,train,1069_42602_00464,missing_BC,linear_offline,4.26,1.9,4.26,4.439835499720878,4.750663164741023,4.574643361858474,6.051276621157894
1069,NO2,2022-08-17T21:00:00Z,train,1069_42602_00464,missing_BC,linear_offline,3.42,1.6,3.42,3.8672826480877287,4.975656308424007,5.102291866189659,6.324155926725476
1069,NO2,2022-08-17T22:00:00Z,train,1069_42602_00464,missing_BC,linear_offline,2.58,1.3,2.58,3.2947297964545794,5.231986956601708,4.723235366674771,6.058829232462922
1069,NO2,2022-08-17T23:00:00Z,train,1069_42602_00464,missing_BC,linear_offline,1.7400000000000002,1.2,1.7400000000000002,2.72217694482143,4.875090925026703,4.511066913633934,7.503008076991335
1069,NO2,2022-08-21T07:00:00Z,train,1069_42602_00465,missing_BC,linear_offline,0.6199999999999999,3.6500000000000004,0.6199999999999999,0.6758580238651832,2.393322536648985,1.2694984504293325,6.486482518917621
1069,NO2,2022-08-21T08:00:00Z,train,1069_42602_00465,missing_BC,linear_offline,0.94,4.05,0.94,0.9179351677581179,2.556325598613549,1.4836006779955904,6.2614061014022955
1069,NO2,2022-08-21T09:00:00Z,train,1069_42602_00465,missing_BC,linear_offline,1.2599999999999998,4.8,1.2599999999999998,1.1600123116510526,2.400584535290675,1.4013937916302979,6.094850890026887
1069,NO2,2022-08-21T10:00:00Z,train,1069_42602_00465,missing_BC,linear_offline,1.5799999999999998,6.3,1.5799999999999998,1.4020894555439871,2.6152085254627018,1.3921181276302832,6.459285025043941
1069,NO2,2022-08-23T15:00:00Z,train,1069_42602_00466,missing_BA,linear_offline,10.02,6.050000000000001,10.02,10.948074524930771,9.51156113764428,10.56763935894631,7.931929662947216
1069,NO2,2022-08-23T16:00:00Z,train,1069_42602_00466,missing_BA,linear_offline,11.34,4.9,11.34,11.564135787103899,10.376337246444615,11.21233365855677,9.090240565908477
1069,NO2,2022-08-23T17:00:00Z,train,1069_42602_00466,missing_BA,linear_offline,12.66,3.5,12.66,12.180197049277027,9.709851746294566,10.581851079358408,8.44913510824124
1069,NO2,2022-08-23T18:00:00Z,train,1069_42602_00466,missing_BA,linear_offline,13.98,2.95,13.98,12.796258311450154,9.607160538096004,11.942493193453632,8.09690032943159
1069,NO2,2022-08-23T20:00:00Z,train,1069_42602_00467,missing_BC,linear_offline,13.450000000000001,1.9,13.450000000000001,12.140700409419694,10.80959720389248,12.572635651093023,7.325175962274757
1069,NO2,2022-08-23T21:00:00Z,train,1069_42602_00467,missing_BC,linear_offline,11.6,1.6,11.6,10.869081245216103,10.401533045573371,10.776457341389005,6.525314082804002
1069,NO2,2022-08-23T22:00:00Z,train,1069_42602_00467,missing_BC,linear_offline,9.75,1.3,9.75,9.597462081012512,10.686860943326248,11.56879562528069,6.84881503872315
1069,NO2,2022-08-23T23:00:00Z,train,1069_42602_00467,missing_BC,linear_offline,7.8999999999999995,1.2,7.8999999999999995,8.325842916808922,9.926929972444153,10.746525082815062,6.820940886003165
1069,NO2,2022-08-24T00:00:00Z,train,1069_42602_00467,missing_BC,linear_offline,6.049999999999999,1.2,6.049999999999999,7.054223752605333,10.009034327903374,9.602078752477322,7.068868490896097
1069,NO2,2022-08-24T07:00:00Z,train,1069_42602_00468,missing_BF,linear_offline,19.55,3.6500000000000004,19.55,15.533709452289752,11.948830852556325,12.569377562402636,8.131484472464747
1069,NO2,2022-08-28T07:00:00Z,train,1069_42602_00469,missing_BF,linear_offline,4.133333333333334,3.6500000000000004,4.133333333333334,3.5442902988237672,2.9820425082355673,1.8397295493901424,6.166864668967408
1069,NO2,2022-08-28T08:00:00Z,train,1069_42602_00469,missing_BF,linear_offline,3.066666666666667,4.05,3.066666666666667,2.9864093126351463,3.294549683711301,1.914550046826684,6.122598641770841
1069,NO2,2022-08-29T14:00:00Z,train,1069_42602_00470,missing_BA,linear_offline,4.675000000000001,6.6,4.675000000000001,4.537652537668535,3.4711177927336783,2.331771203934718,6.830483727669804
1069,NO2,2022-08-29T15:00:00Z,train,1069_42602_00470,missing_BA,linear_offline,4.45,6.050000000000001,4.45,4.23696669097135,3.4536360130177948,2.19545558362074,7.099991646594635
1069,NO2,2022-08-29T16:00:00Z,train,1069_42602_00470,missing_BA,linear_offline,4.2250000000000005,4.9,4.2250000000000005,3.9362808442741652,3.7180538514695516,2.6434375739345217,7.012089871020042
1069,NO2,2022-08-29T17:00:00Z,train,1069_42602_00470,missing_BA,linear_offline,4.0,3.5,4.0,3.6355949975769803,3.6014366561961153,2.5067761069855976,6.643485180800479
1069,NO2,2022-08-29T18:00:00Z,train,1069_42602_00470,missing_BA,linear_offline,3.7750000000000004,2.95,3.7750000000000004,3.3349091508797954,3.7630565918516203,2.699559192549353,7.428822477468722
1069,NO2,2022-08-29T19:00:00Z,train,1069_42602_00470,missing_BA,linear_offline,3.5500000000000003,2.8,3.5500000000000003,3.0342233041826105,4.341493286066847,2.9602911229970643,6.251840540373441
1069,NO2,2022-08-29T20:00:00Z,train,1069_42602_00470,missing_BA,linear_offline,3.325,1.9,3.325,2.7335374574854256,4.305406570821365,2.850999422662479,6.471131248156068
1069,NO2,2022-09-04T07:00:00Z,train,1069_42602_00471,missing_BF,linear_offline,8.733333333333333,3.6500000000000004,8.733333333333333,7.406082315403726,6.868190834588837,6.589450417435678,6.9565729310260735
1069,NO2,2022-09-04T08:00:00Z,train,1069_42602_00471,missing_BF,linear_offline,7.866666666666666,4.05,7.866666666666666,7.2478444517485885,6.7539313296935894,6.239083249489345,6.722690826202014
1069,NO2,2022-09-11T07:00:00Z,train,1069_42602_00472,missing_BF,linear_offline,8.299999999999999,3.6500000000000004,8.299999999999999,8.244790078531073,9.614098029022283,10.806128328313974,7.0119056601948255
1069,NO2,2022-09-11T08:00:00Z,train,1069_42602_00472,missing_BF,linear_offline,7.3999999999999995,4.05,7.3999999999999995,8.302849840360569,9.487916053412171,10.69211291983978,6.913554189699557
1069,NO2,2022-09-15T16:00:00Z,train,1069_42602_00473,missing_BA,linear_offline,1.1,4.9,1.1,3.6070225558590834,1.7843477667295256,0.9792194028822605,6.353125982189778
1069,NO2,2022-09-18T07:00:00Z,train,1069_42602_00474,missing_BC,linear_offline,0.28,3.6500000000000004,0.28,0.12267755063321578,2.886086331458403,1.3242385041194629,5.716279720816118
1069,NO2,2022-09-18T08:00:00Z,train,1069_42602_00474,missing_BC,linear_offline,0.15999999999999998,4.05,0.15999999999999998,0.06988947169510534,2.661384906419343,1.1224483126649965,5.9443240697622635
1069,NO2,2022-09-18T09:00:00Z,train,1069_42602_00474,missing_BC,linear_offline,0.039999999999999925,4.8,0.039999999999999925,0.017101392756994904,2.1514479655351604,0.7658687216528914,6.1320492458764555
1069,NO2,2022-09-18T10:00:00Z,train,1069_42602_00474,missing_BC,linear_offline,-0.08000000000000007,6.3,-0.08000000000000007,-0.035686686181115534,2.407964678682001,1.1149120308380294,6.322925946198709
1069,NO2,2022-09-25T07:00:00Z,train,1069_42602_00475,missing_BF,linear_offline,1.5666666666666669,3.6500000000000004,1.5666666666666669,1.7783122423877624,3.040763051111653,2.5261471617727436,5.079552124653545
1069,NO2,2022-09-25T08:00:00Z,train,1069_42602_00475,missing_BF,linear_offline,2.1333333333333337,4.05,2.1333333333333337,2.2547034129336954,3.6020653736302988,1.7475412532957364,5.565492539710062
1069,NO2,2022-09-25T18:00:00Z,train,1069_42602_00476,missing_AM,linear_offline,-2.05,2.95,-2.05,-1.4987617809824063,5.728499895481606,5.430380356388792,4.834271653796925
1069,NO2,2022-09-25T20:00:00Z,train,1069_42602_00477,missing_AM,linear_offline,-2.14,1.9,-2.14,-1.6622143423197455,5.590036851216104,4.859650265010744,4.793364294466372
1069,NO2,2022-09-25T21:00:00Z,train,1069_42602_00477,missing_AM,linear_offline,-2.18,1.6,-2.18,-1.5707699768721073,5.731157892117678,5.037982087779056,4.0179955261063025
1069,NO2,2022-09-25T22:00:00Z,train,1069_42602_00477,missing_AM,linear_offline,-2.2199999999999998,1.3,-2.2199999999999998,-1.479325611424469,6.742741473530291,5.245296457086522,3.4439283660125057
1069,NO2,2022-09-25T23:00:00Z,train,1069_42602_00477,missing_AM,linear_offline,-2.26,1.2,-2.26,-1.3878812459768308,6.423646069291501,3.1604481064147203,4.889235636026838
1069,NO2,2022-10-02T07:00:00Z,validation,1069_42602_00478,missing_BF,linear_offline,6.699999999999999,3.6500000000000004,6.699999999999999,8.458424928836589,10.089648341994396,16.98162907797801,7.899382996383817
1069,NO2,2022-10-02T08:00:00Z,validation,1069_42602_00478,missing_BF,linear_offline,11.799999999999999,4.05,11.799999999999999,12.47018838603252,10.806042972635824,17.14916666034433,8.914013489252612
1069,NO2,2022-10-05T13:00:00Z,validation,1069_42602_00479,missing_BA,linear_offline,24.166666666666664,6.25,24.166666666666664,22.13197930621859,3.2650228646085733,4.167413503247144,9.416832729432711
1069,NO2,2022-10-05T14:00:00Z,validation,1069_42602_00479,missing_BA,linear_offline,18.43333333333333,6.6,18.43333333333333,17.792984808625455,3.1046156041365514,2.9255612507573074,6.451439589114403
1069,NO2,2022-10-09T07:00:00Z,validation,1069_42602_00480,missing_BF,linear_offline,3.933333333333333,3.6500000000000004,3.933333333333333,4.617886495816476,4.679226187204835,9.974386688573055,6.977373953652971
1069,NO2,2022-10-09T08:00:00Z,validation,1069_42602_00480,missing_BF,linear_offline,7.966666666666667,4.05,7.966666666666667,7.420383204453989,3.9420682673917886,6.445971328338668,8.06466320731685
1069,NO2,2022-10-09T22:00:00Z,validation,1069_42602_00481,missing_AM,linear_offline,-2.15,1.3,-2.15,-1.8902787594072765,2.153461630893484,1.3168167238119661,4.740333956646517
1069,NO2,2022-10-12T15:00:00Z,validation,1069_42602_00483,missing_BA,linear_offline,8.2,6.050000000000001,8.2,9.633481521410914,8.346977893492571,6.292048789858408,7.037540598673823
1069,NO2,2022-10-12T16:00:00Z,validation,1069_42602_00483,missing_BA,linear_offline,8.7,4.9,8.7,9.965547758551443,9.150586249668866,6.5515179507078685,5.057635362788625
1069,NO2,2022-10-12T17:00:00Z,validation,1069_42602_00483,missing_BA,linear_offline,9.2,3.5,9.2,10.297613995691972,9.635048944547398,8.325621538496241,5.070700116275572
1069,NO2,2022-10-12T20:00:00Z,validation,1069_42602_00484,missing_BC,linear_offline,13.24,1.9,13.24,13.644599875584092,10.058629359908387,9.678146796014639,4.321676976507396
1069,NO2,2022-10-12T21:00:00Z,validation,1069_42602_00484,missing_BC,linear_offline,15.080000000000002,1.6,15.080000000000002,15.397773048362655,10.389817198055006,10.414811578601784,4.859199805623918
1069,NO2,2022-10-12T22:00:00Z,validation,1069_42602_00484,missing_BC,linear_offline,16.92,1.3,16.92,17.15094622114122,11.585618500798166,10.308846667869268,4.851937806982228
1069,NO2,2022-10-12T23:00:00Z,validation,1069_42602_00484,missing_BC,linear_offline,18.76,1.2,18.76,18.90411939391978,12.334029057437174,11.27820534178524,6.2833237090170755
1069,NO2,2022-10-14T17:00:00Z,validation,1069_42602_00485,missing_AM,linear_offline,-1.4,3.5,-1.4,1.6789428940908535,1.707203929370638,1.3936618162973264,6.414190358157888
1069,NO2,2022-10-14T22:00:00Z,validation,1069_42602_00486,missing_AM,linear_offline,-2.3,1.3,-2.3,-1.8632109382805915,2.5946726779456686,1.9162800606935928,5.319292803813602
1069,NO2,2022-10-14T23:00:00Z,validation,1069_42602_00486,missing_AM,linear_offline,-2.0,1.2,-2.0,-1.9055402982011547,2.937266168585179,2.604301214810233,6.0231842588749425
1069,NO2,2022-10-15T02:00:00Z,validation,1069_42602_00487,missing_AM,linear_offline,-2.5142857142857142,1.5,-2.5142857142857142,-2.2663363703702784,3.4025256574948797,4.864408713952285,7.246135173038187
1069,NO2,2022-10-15T03:00:00Z,validation,1069_42602_00487,missing_AM,linear_offline,-2.5285714285714285,1.6,-2.5285714285714285,-2.294604064576558,3.329777377330028,7.042144340448716,6.716458300312654
1069,NO2,2022-10-15T04:00:00Z,validation,1069_42602_00487,missing_AM,linear_offline,-2.5428571428571427,2.0,-2.5428571428571427,-2.3228717587828376,2.316595068451808,4.80923498575716,6.421843158292453
1069,NO2,2022-10-15T05:00:00Z,validation,1069_42602_00487,missing_AM,linear_offline,-2.5571428571428574,2.7,-2.5571428571428574,-2.351139452989117,2.549888791604225,5.254832612043332,6.194256164847373
1069,NO2,2022-10-15T06:00:00Z,validation,1069_42602_00487,missing_AM,linear_offline,-2.5714285714285716,3.0,-2.5714285714285716,-2.379407147195397,2.448203114931193,1.6108659941183303,6.960468064533878
1069,NO2,2022-10-15T07:00:00Z,validation,1069_42602_00487,missing_AM,linear_offline,-2.585714285714286,3.6500000000000004,-2.585714285714286,-2.4076748414016764,2.273486807755524,1.9450876020694645,6.893400100657668
1069,NO2,2022-10-15T09:00:00Z,validation,1069_42602_00488,missing_AM,linear_offline,-2.6,4.8,-2.6,-2.300152765422191,1.9570066897848903,1.5444061894489431,5.741174953456263
1069,NO2,2022-10-15T10:00:00Z,validation,1069_42602_00488,missing_AM,linear_offline,-2.6,6.3,-2.6,-2.1643629952364263,2.478012804833157,2.0049099618397275,6.147555549093065
1069,NO2,2022-10-15T15:00:00Z,validation,1069_42602_00489,missing_AM,linear_offline,-1.75,6.050000000000001,-1.75,-1.6199044778214242,3.036241542246199,2.517521033664999,5.824370586465256
1069,NO2,2022-10-15T18:00:00Z,validation,1069_42602_00490,missing_AM,linear_offline,-2.3,2.95,-2.3,-2.1776880982986824,3.052258743435764,1.948978571885653,5.288447655852608
1069,NO2,2022-10-15T23:00:00Z,validation,1069_42602_00491,missing_AM,linear_offline,-2.45,1.2,-2.45,-2.2875804361501175,2.529501275601051,1.5223375829553625,5.041363786064327
1069,NO2,2022-10-16T15:00:00Z,validation,1069_42602_00493,missing_AM,linear_offline,-0.9333333333333333,6.050000000000001,-0.9333333333333333,-0.49997994810164137,3.5030605938972332,3.323420200922881,6.068690805942681
1069,NO2,2022-10-16T16:00:00Z,validation,1069_42602_00493,missing_AM,linear_offline,-1.0666666666666667,4.9,-1.0666666666666667,-0.6274098184263808,4.178595617546343,3.325290739381867,5.81417253465669
1069,NO2,2022-10-16T17:00:00Z,validation,1069_42602_00493,missing_AM,linear_offline,-1.2000000000000002,3.5,-1.2000000000000002,-0.7548396887511202,5.2154783096859605,2.6383685396214176,4.944619500533262
1069,NO2,2022-10-16T18:00:00Z,validation,1069_42602_00493,missing_AM,linear_offline,-1.3333333333333335,2.95,-1.3333333333333335,-0.8822695590758597,3.9000795192790547,2.1778171450077624,5.811534901074932
1069,NO2,2022-10-16T19:00:00Z,validation,1069_42602_00493,missing_AM,linear_offline,-1.4666666666666668,2.8,-1.4666666666666668,-1.009699429400599,3.1230451441567793,1.675382395725432,4.737723972579405
1069,NO2,2022-10-16T21:00:00Z,validation,1069_42602_00494,missing_AM,linear_offline,-1.0250000000000001,1.6,-1.0250000000000001,-0.8016884697754154,3.149940510157494,1.8942905643407366,5.077211609503278
1069,NO2,2022-10-16T22:00:00Z,validation,1069_42602_00494,missing_AM,linear_offline,-0.4500000000000002,1.3,-0.4500000000000002,-0.46624763982549255,3.2462638724891417,2.1059070680115806,4.909492125859435
1069,NO2,2022-10-16T23:00:00Z,validation,1069_42602_00494,missing_AM,linear_offline,0.12499999999999978,1.2,0.12499999999999978,-0.1308068098755697,4.775653381596184,3.010956483978401,4.764291838211362
1069,NO2,2022-10-17T01:00:00Z,validation,1069_42602_00495,missing_AM,linear_offline,0.5,1.9,0.5,0.04470887009862834,2.951528633988859,3.3208355893515606,7.445163275566154
1069,NO2,2022-10-17T02:00:00Z,validation,1069_42602_00495,missing_AM,linear_offline,0.3,1.5,0.3,-0.11521627987709632,2.906314586257222,3.1497390915755163,6.898991938499445
1069,NO2,2022-10-17T03:00:00Z,validation,1069_42602_00495,missing_AM,linear_offline,0.09999999999999998,1.6,0.09999999999999998,-0.275141429852821,3.4563171701884867,3.63639110755247,6.854797019348776
1069,NO2,2022-10-18T17:00:00Z,validation,1069_42602_00496,missing_BA,linear_offline,7.9,3.5,7.9,9.876187054208035,11.921562315694427,17.732576884196195,8.244810529745585
1069,NO2,2022-10-18T23:00:00Z,validation,1069_42602_00497,missing_BC,linear_offline,17.62,1.2,17.62,17.98681549581415,15.443620727223554,16.087962414200184,8.118690749279002
1069,NO2,2022-10-19T00:00:00Z,validation,1069_42602_00497,missing_BC,linear_offline,20.439999999999998,1.2,20.439999999999998,20.407998774100616,15.803322046025585,14.941947933507151,9.39441385238184
1069,NO2,2022-10-19T01:00:00Z,validation,1069_42602_00497,missing_BC,linear_offline,23.259999999999998,1.9,23.259999999999998,22.829182052387083,16.377187006845226,17.806601075610963,9.820832344041342
1069,NO2,2022-10-19T02:00:00Z,validation,1069_42602_00497,missing_BC,linear_offline,26.08,1.5,26.08,25.25036533067355,16.44200839886328,16.632599300790627,9.29796089514861
1069,NO2,2022-10-24T15:00:00Z,validation,1069_42602_00498,missing_BA,linear_offline,7.8,6.050000000000001,7.8,6.580517330902682,4.969889855765037,3.7627484786719543,6.228597902959198
1069,NO2,2022-10-24T16:00:00Z,validation,1069_42602_00498,missing_BA,linear_offline,6.5,4.9,6.5,5.865971355763989,6.173940082178506,4.170511029579547,5.5949523494008275
1069,NO2,2022-10-25T10:00:00Z,validation,1069_42602_00499,missing_BF,linear_offline,14.35,6.3,14.35,15.747310812667772,11.129637278195741,11.236542402541545,6.9077971053467255
1069,NO2,2022-10-25T11:00:00Z,validation,1069_42602_00499,missing_BF,linear_offline,16.6,7.4,16.6,16.957986475374323,11.223105649231682,11.12668261853195,7.251647250162424
1069,NO2,2022-10-25T12:00:00Z,validation,1069_42602_00499,missing_BF,linear_offline,18.85,7.8,18.85,18.168662138080876,11.503236218923504,11.377300161349526,8.564249080725537
1069,NO2,2022-10-30T07:00:00Z,validation,1069_42602_00500,missing_BF,linear_offline,16.1,3.6500000000000004,16.1,17.693509629248066,13.117608755781546,14.912974885389499,8.307722739041832
1069,NO2,2022-10-30T08:00:00Z,validation,1069_42602_00500,missing_BF,linear_offline,14.4,4.05,14.4,16.16437608563107,14.503384734092723,15.07560867995377,7.995592247542083
1069,NO2,2022-10-31T16:00:00Z,validation,1069_42602_00501,missing_BA,linear_offline,11.950000000000001,4.9,11.950000000000001,14.596803754775339,18.283972483204106,19.952906035012745,9.521286220108216
1069,NO2,2022-11-03T18:00:00Z,test,1069_42602_00502,missing_BA,linear_offline,2.1,2.95,2.1,2.4927786913525156,3.3958179502997172,3.1251249081195254,6.525525194980525
1069,NO2,2022-11-03T20:00:00Z,test,1069_42602_00503,missing_BC,linear_offline,1.56,1.9,1.56,1.6041562702156957,2.59928110387363,2.9039365978824008,5.82781799300886
1069,NO2,2022-11-03T21:00:00Z,test,1069_42602_00503,missing_BC,linear_offline,1.1199999999999999,1.6,1.1199999999999999,1.1760008865753213,2.637363788788064,2.7212306869549527,6.111420040586445
1069,NO2,2022-11-03T22:00:00Z,test,1069_42602_00503,missing_BC,linear_offline,0.6799999999999997,1.3,0.6799999999999997,0.7478455029349467,2.309718211284701,2.4644217347027357,5.499575055873804
1069,NO2,2022-11-03T23:00:00Z,test,1069_42602_00503,missing_BC,linear_offline,0.23999999999999977,1.2,0.23999999999999977,0.31969011929457203,1.6695017017777172,2.0169591649181884,5.747885132843323
1069,NO2,2022-11-06T07:00:00Z,test,1069_42602_00504,missing_BF,linear_offline,12.0,3.6500000000000004,12.0,11.594676173481982,7.436817871354156,10.33801566972365,7.135272004406551
1069,NO2,2022-11-06T08:00:00Z,test,1069_42602_00504,missing_BF,linear_offline,16.5,4.05,16.5,14.975030610015072,7.430028321595645,8.654303875212264,8.95611947130744
1069,NO2,2022-11-08T19:00:00Z,test,1069_42602_00505,missing_BA,linear_offline,0.16666666666666669,2.8,0.16666666666666669,0.5408920464281739,2.0897888973002994,0.9220706535916339,6.480217822004752
1069,NO2,2022-11-08T20:00:00Z,test,1069_42602_00505,missing_BA,linear_offline,0.23333333333333334,1.9,0.23333333333333334,0.5923800310036645,2.1059945055355396,1.0966792252467092,6.581271040426913
1069,NO2,2022-11-09T01:00:00Z,test,1069_42602_00506,missing_BC,linear_offline,0.5,1.9,0.5,0.6727602057765809,1.8065142199761093,0.8176244493764591,7.395156688667862
1069,NO2,2022-11-09T02:00:00Z,test,1069_42602_00506,missing_BC,linear_offline,0.20000000000000007,1.5,0.20000000000000007,0.3633323324202189,1.8277964092155088,0.7662549040503785,7.983565944767516
1069,NO2,2022-11-09T03:00:00Z,test,1069_42602_00506,missing_BC,linear_offline,-0.09999999999999987,1.6,-0.09999999999999987,0.05390445906385666,2.1055526337626738,0.9278925353952561,7.0981996002284
1069,NO2,2022-11-09T04:00:00Z,test,1069_42602_00506,missing_BC,linear_offline,-0.3999999999999999,2.0,-0.3999999999999999,-0.25552341429250536,2.1175654045394845,1.0481253763766993,6.744859231179043
1069,NO2,2022-11-10T15:00:00Z,test,1069_42602_00507,missing_AZ,linear_offline,4.828571428571428,6.050000000000001,4.828571428571428,5.150029594948573,6.094339731823205,4.296814793169461,8.021063370779022
1069,NO2,2022-11-10T16:00:00Z,test,1069_42602_00507,missing_AZ,linear_offline,4.857142857142857,4.9,4.857142857142857,5.122643297375282,6.333658446860941,4.335561326666097,7.275708898729288
1069,NO2,2022-11-10T17:00:00Z,test,1069_42602_00507,missing_AZ,linear_offline,4.885714285714285,3.5,4.885714285714285,5.0952569998019905,6.236919105713671,5.174067534015826,7.098360097528703
1069,NO2,2022-11-10T18:00:00Z,test,1069_42602_00507,missing_AZ,linear_offline,4.914285714285715,2.95,4.914285714285715,5.067870702228699,5.702261872294942,4.616287304259165,7.077948184894961
1069,NO2,2022-11-10T19:00:00Z,test,1069_42602_00507,missing_AZ,linear_offline,4.942857142857143,2.8,4.942857142857143,5.040484404655408,5.877075115416072,4.6339556694056405,7.175681737531177
1069,NO2,2022-11-10T20:00:00Z,test,1069_42602_00507,missing_AZ,linear_offline,4.9714285714285715,1.9,4.9714285714285715,5.013098107082117,6.034796794795058,4.275630190452338,7.216693969844337
1069,NO2,2022-11-13T07:00:00Z,test,1069_42602_00508,missing_BC,linear_offline,18.7,3.6500000000000004,18.7,17.257244718848966,5.3001961623270955,6.181558596914911,9.504133372030084
1069,NO2,2022-11-13T08:00:00Z,test,1069_42602_00508,missing_BC,linear_offline,21.0,4.05,21.0,18.777576293420786,4.664137489245885,5.422079516688633,8.809444586250097
1069,NO2,2022-11-13T09:00:00Z,test,1069_42602_00508,missing_BC,linear_offline,23.299999999999997,4.8,23.299999999999997,20.297907867992606,4.028527063590328,5.232192278644577,8.636712538360706
1069,NO2,2022-11-13T10:00:00Z,test,1069_42602_00508,missing_BC,linear_offline,25.599999999999998,6.3,25.599999999999998,21.818239442564426,3.9389814105191547,3.53326999819444,8.971087942670946
1069,NO2,2022-11-13T12:00:00Z,test,1069_42602_00509,missing_AI,linear_offline,23.928571428571427,7.8,23.928571428571427,20.297473608844314,4.39922495218387,1.937867760805398,8.804670653580354
1069,NO2,2022-11-13T13:00:00Z,test,1069_42602_00509,missing_AF,linear_offline,19.957142857142856,6.25,19.957142857142856,17.256376200552378,4.9402245939160405,6.112154216522368,8.902889796751417
1069,NO2,2022-11-13T14:00:00Z,test,1069_42602_00509,missing_AF,linear_offline,15.985714285714286,6.6,15.985714285714286,14.215278792260444,2.997339130544647,5.145536097440314,8.736667420474651
1069,NO2,2022-11-13T15:00:00Z,test,1069_42602_00509,missing_AF,linear_offline,12.014285714285714,6.050000000000001,12.014285714285714,11.17418138396851,3.1282164491452287,5.571065771054926,8.808457661221478
1069,NO2,2022-11-13T16:00:00Z,test,1069_42602_00509,missing_AI,linear_offline,8.042857142857144,4.9,8.042857142857144,8.133083975676577,3.765402311616409,4.513049091074404,8.931389745409074
1069,NO2,2022-11-13T17:00:00Z,test,1069_42602_00509,missing_AL,linear_offline,4.071428571428573,3.5,4.071428571428573,5.0919865673846445,3.831311207838707,3.1074927150439735,9.197030668273358
1069,NO2,2022-11-16T17:00:00Z,test,1069_42602_00510,missing_BA,linear_offline,7.633333333333334,3.5,7.633333333333334,8.169540702598084,7.303930660740778,7.920871418473626,9.742129724633298
1069,NO2,2022-11-16T18:00:00Z,test,1069_42602_00510,missing_BA,linear_offline,6.766666666666667,2.95,6.766666666666667,7.593558982148316,8.180047169179444,8.970970838844217,9.943636524827076
1069,NO2,2022-11-20T07:00:00Z,test,1069_42602_00511,missing_BF,linear_offline,8.299999999999999,3.6500000000000004,8.299999999999999,7.342662220219693,5.688895121050393,6.463621054459389,9.270410268179653
1069,NO2,2022-11-20T08:00:00Z,test,1069_42602_00511,missing_BF,linear_offline,4.999999999999999,4.05,4.999999999999999,5.257206649862056,6.6840654951660445,6.60744150121132,9.018874761475868
1069,NO2,2022-11-27T07:00:00Z,test,1069_42602_00512,missing_BF,linear_offline,17.7,3.6500000000000004,17.7,17.917518209493412,9.309321267495166,9.408231063013217,7.926463126200041
1069,NO2,2022-11-27T08:00:00Z,test,1069_42602_00512,missing_BF,linear_offline,15.5,4.05,15.5,15.798776373038613,9.048640342269763,9.985455342275687,6.641921649540573
1069,NO2,2022-11-30T16:00:00Z,test,1069_42602_00513,missing_BA,linear_offline,9.15,4.9,9.15,10.133221645782108,9.666211053532745,10.23530702606644,8.630499399660438
1069,NO2,2022-12-04T07:00:00Z,test,1069_42602_00514,missing_BF,linear_offline,4.1,3.6500000000000004,4.1,3.937400868654355,6.525196263342774,6.92613218161339,7.312245813130871
1069,NO2,2022-12-04T08:00:00Z,test,1069_42602_00514,missing_BF,linear_offline,4.3,4.05,4.3,4.215077648028499,6.75750338675498,6.630787970685265,6.977775392076773
1069,NO2,2022-12-11T07:00:00Z,test,1069_42602_00515,missing_BC,linear_offline,11.56,3.6500000000000004,11.56,9.538372774902312,4.049948216037448,3.9930224844790625,7.963122479158239
1069,NO2,2022-12-11T08:00:00Z,test,1069_42602_00515,missing_BC,linear_offline,9.32,4.05,9.32,8.305344530397758,3.8594486550949503,3.2671338562584475,7.651184168049692
1069,NO2,2022-12-11T09:00:00Z,test,1069_42602_00515,missing_BC,linear_offline,7.08,4.8,7.08,7.072316285893204,3.6879493201549507,2.9894801626173537,7.581716096186945
1069,NO2,2022-12-11T10:00:00Z,test,1069_42602_00515,missing_BC,linear_offline,4.84,6.3,4.84,5.83928804138865,3.144597452889839,2.3969407846642534,7.2220210229223385
1069,NO2,2022-12-12T15:00:00Z,test,1069_42602_00516,missing_BA,linear_offline,2.6500000000000004,6.050000000000001,2.6500000000000004,2.7444426105747115,1.9139988781488695,1.1774309013918227,7.362633833215899
1069,NO2,2022-12-18T07:00:00Z,test,1069_42602_00517,missing_BF,linear_offline,24.033333333333335,3.6500000000000004,24.033333333333335,22.50641329402313,7.456492355167899,8.650776447720395,10.489383035233477
1069,NO2,2022-12-18T08:00:00Z,test,1069_42602_00517,missing_BF,linear_offline,21.966666666666665,4.05,21.966666666666665,20.952287734807975,6.169555324559601,8.803055401463642,10.183198165247596
1069,NO2,2022-12-22T17:00:00Z,test,1069_42602_00518,missing_BA,linear_offline,13.433333333333334,3.5,13.433333333333334,13.640034928729142,6.729913660119431,7.5639311476751905,10.02274562462924
1069,NO2,2022-12-22T18:00:00Z,test,1069_42602_00518,missing_BA,linear_offline,9.766666666666666,2.95,9.766666666666666,11.000416022673837,6.444109149791757,7.440175042893495,8.292652127118343
1069,NO2,2022-12-22T20:00:00Z,test,1069_42602_00519,missing_BC,linear_offline,5.9799999999999995,1.9,5.9799999999999995,7.981975327181763,5.7164707301690525,6.137590989303464,8.268171702255552
1069,NO2,2022-12-22T21:00:00Z,test,1069_42602_00519,missing_BC,linear_offline,5.859999999999999,1.6,5.859999999999999,7.603153537744993,5.235052474554804,5.970395350111199,8.80190062761671
1069,NO2,2022-12-22T22:00:00Z,test,1069_42602_00519,missing_BC,linear_offline,5.74,1.3,5.74,7.224331748308224,4.826387703719929,5.609571330899222,8.637855731940329
1069,NO2,2022-12-22T23:00:00Z,test,1069_42602_00519,missing_BC,linear_offline,5.62,1.2,5.62,6.845509958871453,4.330197450940357,5.351434030905785,8.465533807675223
1069,NO2,2022-12-25T07:00:00Z,test,1069_42602_00520,missing_BF,linear_offline,22.833333333333332,3.6500000000000004,22.833333333333332,22.595922568254064,10.270256793269725,12.702888415951037,10.744421637856245
1069,NO2,2022-12-25T08:00:00Z,test,1069_42602_00520,missing_BF,linear_offline,22.266666666666666,4.05,22.266666666666666,22.028776480841078,10.72910471755053,14.584210836225491,10.2588248574735
1069,NO2,2022-12-28T14:00:00Z,test,1069_42602_00521,missing_AZ,linear_offline,27.525000000000002,6.6,27.525000000000002,24.430874815443197,4.885396322009774,8.994104049238146,13.877005733213748
1069,NO2,2022-12-28T15:00:00Z,test,1069_42602_00521,missing_AZ,linear_offline,20.35,6.050000000000001,20.35,19.111897847833163,6.626021942523828,8.800729979695486,12.736903174155557
1069,NO2,2022-12-28T16:00:00Z,test,1069_42602_00521,missing_AZ,linear_offline,13.175,4.9,13.175,13.792920880223129,6.967126262833406,8.818917765371197,10.124217912106895
1069,NO2,2022-12-28T19:00:00Z,test,1069_42602_00522,missing_BA,linear_offline,3.75,2.8,3.75,5.012788660235362,7.557982598565654,10.293356954361446,8.441770318462753
1069,PM2.5,2022-01-06T17:00:00Z,train,1069_88101_00872,missing_AZ,kalman_offline,8.77300947014887,11.0,8.333333333333332,8.77300947014887,6.350492964928819,5.871835890363512,8.78838220248453
1069,PM2.5,2022-01-06T18:00:00Z,train,1069_88101_00872,missing_AZ,kalman_offline,4.885466075134321,10.0,2.666666666666666,4.885466075134321,4.998421213852966,7.206297809169406,8.742671754094097
1069,PM2.5,2022-01-13T15:00:00Z,train,1069_88101_00873,missing_AZ,kalman_offline,12.646266152338045,13.0,12.666666666666668,12.646266152338045,6.361048628593416,6.625950290108924,7.983914216349772
1069,PM2.5,2022-01-13T16:00:00Z,train,1069_88101_00873,missing_AM,kalman_offline,10.709263472353475,12.0,8.333333333333334,10.709263472353475,7.101906389805484,6.250237532967416,8.320752882901797
1069,PM2.5,2022-01-15T09:00:00Z,train,1069_88101_00874,missing_AI,kalman_offline,11.222422125772468,7.0,13.2,11.222422125772468,6.071759813608012,5.205802890384819,9.466277126483963
1069,PM2.5,2022-01-15T10:00:00Z,train,1069_88101_00874,missing_AF,kalman_offline,10.095233204853898,8.0,11.4,10.095233204853898,5.643181492927688,4.759962509357211,9.283500414226417
1069,PM2.5,2022-01-15T11:00:00Z,train,1069_88101_00874,missing_AN,kalman_offline,8.968044283935328,8.35,9.6,8.968044283935328,4.480755251817371,3.515933581343263,9.258733451907018
1069,PM2.5,2022-01-15T12:00:00Z,train,1069_88101_00874,missing_AM,kalman_offline,7.840855363016759,9.0,7.8,7.840855363016759,4.6977588868633715,3.2148146777738402,9.218595413883618
1069,PM2.5,2022-02-01T21:00:00Z,train,1069_88101_00875,missing_AZ,kalman_offline,3.065134554927928,8.0,3.0,3.065134554927928,3.977754545645028,3.4895214523097025,8.811249113105886
1069,PM2.5,2022-02-07T16:00:00Z,train,1069_88101_00876,missing_AM,kalman_offline,7.7772374316781745,12.0,7.666666666666667,7.7772374316781745,6.4369090489707945,6.945691110749923,8.837461263209402
1069,PM2.5,2022-02-07T17:00:00Z,train,1069_88101_00876,missing_AM,kalman_offline,6.892391038932265,11.0,6.333333333333334,6.892391038932265,5.7923909610032895,7.628379484367223,8.654812295678957
1069,PM2.5,2022-02-07T22:00:00Z,train,1069_88101_00877,missing_AZ,kalman_offline,6.674743722672039,6.0,8.2,6.674743722672039,6.3801913975885824,6.630938177678923,8.71068842363414
1069,PM2.5,2022-03-04T16:00:00Z,train,1069_88101_00878,missing_AZ,kalman_offline,11.15794588612163,12.0,12.0,11.15794588612163,5.92705566429893,4.811980807000983,8.820775766799972
1069,PM2.5,2022-03-04T17:00:00Z,train,1069_88101_00878,missing_AZ,kalman_offline,12.340795689593726,11.0,15.0,12.340795689593726,5.55347850078919,4.949457506213687,8.955965553311424
1069,PM2.5,2022-03-17T18:00:00Z,train,1069_88101_00879,missing_BA,kalman_offline,7.568976107830754,10.0,5.5,7.568976107830754,6.383000975624377,6.081129707999758,8.684160588907302
1069,PM2.5,2022-04-04T15:00:00Z,train,1069_88101_00880,missing_AZ,kalman_offline,15.886850217140964,13.0,15.25,15.886850217140964,12.864640079519923,12.835567475128888,8.969159326931749
1069,PM2.5,2022-04-04T16:00:00Z,train,1069_88101_00880,missing_AZ,kalman_offline,17.34452604770213,12.0,16.5,17.34452604770213,13.83043897700734,12.989189979502536,8.943799479975922
1069,PM2.5,2022-04-04T17:00:00Z,train,1069_88101_00880,missing_AM,kalman_offline,18.802201878263293,11.0,17.75,18.802201878263293,13.905278849998654,12.609182057774897,8.96626119399444
1069,PM2.5,2022-05-03T17:00:00Z,train,1069_88101_00881,missing_AM,kalman_offline,19.850314347935285,11.0,20.666666666666668,19.850314347935285,9.373567045633425,10.397823108959273,8.861625568622243
1069,PM2.5,2022-05-03T18:00:00Z,train,1069_88101_00881,missing_AM,kalman_offline,20.92102984692388,10.0,22.333333333333332,20.92102984692388,8.058867729760777,8.932276966038465,8.817790388646836
1069,PM2.5,2022-05-09T15:00:00Z,train,1069_88101_00882,missing_AM,kalman_offline,24.878057968164597,13.0,26.0,24.878057968164597,13.592407834516173,18.807630243248095,9.027465022583115
1069,PM2.5,2022-05-09T16:00:00Z,train,1069_88101_00882,missing_AM,kalman_offline,26.36624111700739,12.0,28.0,26.36624111700739,13.88002367715281,16.752014482170054,8.906965879688252
1069,PM2.5,2022-05-25T05:00:00Z,train,1069_88101_00883,missing_AM,kalman_offline,6.109555925660955,6.0,7.5,6.109555925660955,5.773340071496385,5.041058938129382,9.345378428709225
1069,PM2.5,2022-06-02T13:00:00Z,train,1069_88101_00884,missing_AZ,kalman_offline,10.055921062172542,12.0,10.0,10.055921062172542,8.669634915314868,8.149746416666837,9.122492491513414
1069,PM2.5,2022-06-20T17:00:00Z,train,1069_88101_00885,missing_BA,kalman_offline,14.464847235670733,11.0,16.0,14.464847235670733,7.008375891616503,8.033238087553237,8.809403891902893
1069,PM2.5,2022-06-23T10:00:00Z,train,1069_88101_00886,missing_AN,kalman_offline,19.33277429736943,8.0,19.5,19.33277429736943,12.890310724964001,15.6641605351905,9.007120566596736
1069,PM2.5,2022-06-28T21:00:00Z,train,1069_88101_00887,missing_AM,kalman_offline,7.250580467348431,8.0,5.0,7.250580467348431,9.81378988251029,8.628759725739263,9.761181571464101
1069,PM2.5,2022-07-06T13:00:00Z,train,1069_88101_00888,missing_AZ,kalman_offline,13.09205716934504,12.0,13.666666666666666,13.09205716934504,7.673422396037017,7.525292914928702,9.218655457935157
1069,PM2.5,2022-07-06T14:00:00Z,train,1069_88101_00888,missing_AZ,kalman_offline,14.268254006390965,13.0,14.333333333333334,14.268254006390965,7.089306407527062,6.3309020819382695,9.194092806583077
1069,PM2.5,2022-07-14T23:00:00Z,train,1069_88101_00889,missing_AM,kalman_offline,5.183848608395301,4.0,5.0,5.183848608395301,4.477564454501333,3.829325650239439,9.121454515233193
1069,PM2.5,2022-07-29T23:00:00Z,train,1069_88101_00890,missing_AM,kalman_offline,3.3174395403831927,4.0,1.5,3.3174395403831927,8.48228135530323,7.591003674204744,8.722780197493114
1069,PM2.5,2022-08-02T19:00:00Z,train,1069_88101_00891,missing_AZ,kalman_offline,11.309552114223882,9.0,12.5,11.309552114223882,6.789741597143962,6.995261706587985,8.916565019447916
1069,PM2.5,2022-08-03T13:00:00Z,train,1069_88101_00892,missing_AM,kalman_offline,9.430375995756362,12.0,8.666666666666666,9.430375995756362,10.755057409984559,10.564178982061406,9.105238591515418
1069,PM2.5,2022-08-03T14:00:00Z,train,1069_88101_00892,missing_AM,kalman_offline,11.68572457214156,13.0,12.333333333333332,11.68572457214156,10.887916157461582,10.229137204273238,9.047332349998873
1069,PM2.5,2022-08-09T13:00:00Z,train,1069_88101_00893,missing_BA,kalman_offline,6.7237464399038,12.0,5.0,6.7237464399038,7.734003015728339,6.985828141322795,9.159464918484005
1069,PM2.5,2022-08-10T00:00:00Z,train,1069_88101_00894,missing_AM,kalman_offline,2.041814803336052,3.0,1.5,2.041814803336052,5.532753228502778,4.844619786265335,9.028620467595038
1069,PM2.5,2022-08-11T01:00:00Z,train,1069_88101_00895,missing_AM,kalman_offline,4.287164498970938,4.5,5.5,4.287164498970938,5.358855580739158,5.269221498216857,9.102153677249998
1069,PM2.5,2022-08-11T22:00:00Z,train,1069_88101_00896,missing_AM,kalman_offline,9.993161915529601,6.0,12.0,9.993161915529601,7.217698320847779,6.041604401388209,9.656556725812568
1069,PM2.5,2022-08-22T22:00:00Z,train,1069_88101_00897,missing_AM,kalman_offline,8.641733830057518,6.0,6.333333333333333,8.641733830057518,5.969323654231134,5.490562409281109,9.540651658075845
1069,PM2.5,2022-08-22T23:00:00Z,train,1069_88101_00897,missing_AM,kalman_offline,7.752410725984639,4.0,6.666666666666667,7.752410725984639,5.530532807536453,5.336211719664965,9.364286864711303
1069,PM2.5,2022-08-29T14:00:00Z,train,1069_88101_00898,missing_BA,kalman_offline,6.913501339283253,13.0,8.5,6.913501339283253,5.861269547723304,4.793720967649595,9.232700325762538
1069,PM2.5,2022-09-20T18:00:00Z,train,1069_88101_00899,missing_AM,kalman_offline,5.265371483328699,10.0,5.0,5.265371483328699,4.713743902919857,5.655652118558162,8.851896921097053
1069,PM2.5,2022-10-05T13:00:00Z,validation,1069_88101_00901,missing_BA,kalman_offline,16.101221680519398,12.0,18.5,16.101221680519398,6.532667221769911,6.562015263135624,8.171327618922843
1069,PM2.5,2022-10-05T14:00:00Z,validation,1069_88101_00901,missing_AZ,kalman_offline,12.654892318415072,13.0,12.0,12.654892318415072,6.265610825062581,7.1929182616715,8.36080337347421
1069,PM2.5,2022-10-05T15:00:00Z,validation,1069_88101_00901,missing_AZ,kalman_offline,9.208562956310749,13.0,5.5,9.208562956310749,5.8071031640612025,7.260483535881668,8.453211471028625
1069,PM2.5,2022-11-03T16:00:00Z,test,1069_88101_00902,missing_BA,kalman_offline,10.726546530624582,12.0,11.0,10.726546530624582,10.898684393187837,9.957447139601971,9.391987925951904
1069,PM2.5,2022-11-03T17:00:00Z,test,1069_88101_00902,missing_BA,kalman_offline,10.394165474888766,11.0,11.0,10.394165474888766,10.73293037103184,9.835989105293429,9.362095256830111
1069,PM2.5,2022-11-03T18:00:00Z,test,1069_88101_00902,missing_AM,kalman_offline,10.061784419152952,10.0,11.0,10.061784419152952,4.80196795768151,5.2093450864454365,9.282478557154665
1069,PM2.5,2022-11-08T16:00:00Z,test,1069_88101_00903,missing_BA,kalman_offline,8.012071614321231,12.0,9.5,8.012071614321231,4.749849720945244,4.0169943407766056,8.988438907708778
1069,PM2.5,2022-11-11T19:00:00Z,test,1069_88101_00904,missing_AM,kalman_offline,3.6548436050153956,9.0,4.0,3.6548436050153956,5.372508953290897,3.6132041388767933,10.093446110378464
1069,PM2.5,2022-11-13T11:00:00Z,test,1069_88101_00905,missing_AI,kalman_offline,4.004625361579965,8.35,4.25,4.004625361579965,5.661324065037478,4.096495888856567,9.067503826729391
1069,PM2.5,2022-11-13T12:00:00Z,test,1069_88101_00905,missing_AF,kalman_offline,4.263704635533004,9.0,4.5,4.263704635533004,5.430357971617385,3.3318772054235453,9.079750798342387
1069,PM2.5,2022-11-13T13:00:00Z,test,1069_88101_00905,missing_AF,kalman_offline,4.522783909486042,12.0,4.75,4.522783909486042,4.907479460543781,3.1461726404380794,9.021418040051177
1069,PM2.5,2022-11-13T14:00:00Z,test,1069_88101_00905,missing_AF,kalman_offline,4.78186318343908,13.0,5.0,4.78186318343908,4.651011167408089,3.15271945695694,8.971117760387958
1069,PM2.5,2022-11-13T15:00:00Z,test,1069_88101_00905,missing_AN,kalman_offline,5.040942457392119,13.0,5.25,5.040942457392119,4.2899683004022675,3.0670869679365653,9.039554857099821
1069,PM2.5,2022-11-13T16:00:00Z,test,1069_88101_00905,missing_AN,kalman_offline,5.300021731345158,12.0,5.5,5.300021731345158,4.442149747538968,3.5146214777740514,8.993565181202092
1069,PM2.5,2022-11-13T17:00:00Z,test,1069_88101_00905,missing_AM,kalman_offline,5.559101005298197,11.0,5.75,5.559101005298197,4.684491166374205,3.797304036659372,8.933185535298211
1069,PM2.5,2022-11-21T16:00:00Z,test,1069_88101_00906,missing_BA,kalman_offline,6.882374153613706,12.0,7.333333333333333,6.882374153613706,8.922362846870852,7.5388445349769935,8.757047569420315
1069,PM2.5,2022-11-21T17:00:00Z,test,1069_88101_00906,missing_BA,kalman_offline,7.150063893486442,11.0,7.666666666666667,7.150063893486442,9.071305995399065,7.6651945475651555,8.785940394264417
1069,PM2.5,2022-12-06T14:00:00Z,test,1069_88101_00907,missing_AZ,kalman_offline,10.969131638881231,13.0,11.5,10.969131638881231,8.666730208762857,9.99764038591437,8.659885967661516
1069,PM2.5,2022-12-22T20:00:00Z,test,1069_88101_00908,missing_AM,kalman_offline,8.624269065767718,9.0,8.5,8.624269065767718,3.9815828576559342,4.7105805082582135,9.477801957557638
1080,SO2,2022-01-02T01:00:00Z,train,1080_42401_01043,missing_BF,linear_offline,0.26666666666666666,0.1,0.26666666666666666,0.27782425136133265,0.3091296276907011,0.09379671867064468,0.3599453919664807
1080,SO2,2022-01-02T02:00:00Z,train,1080_42401_01043,missing_BF,linear_offline,0.23333333333333334,0.1,0.23333333333333334,0.2314828117832809,0.30071305358266387,0.11120435007656604,0.35593727623964505
1080,SO2,2022-01-02T12:00:00Z,train,1080_42401_01044,missing_AM,linear_offline,-0.2,0.1,-0.2,-0.17020267962261146,-0.014789196192014853,-0.16675816685065692,0.3239359784174878
1080,SO2,2022-01-06T17:00:00Z,train,1080_42401_01045,missing_BA,linear_offline,0.1,0.35,0.1,0.09443348150309137,0.10918621010093796,0.09124481276032984,0.3512617346542408
1080,SO2,2022-01-09T01:00:00Z,train,1080_42401_01046,missing_BC,linear_offline,0.1,0.1,0.1,0.08719095719183009,0.011658641559060101,-0.05962454444341736,0.31129739192889816
1080,SO2,2022-01-09T02:00:00Z,train,1080_42401_01046,missing_BC,linear_offline,0.1,0.1,0.1,0.08948127968927751,0.0286744640414896,-0.02839574950222057,0.3174648783288582
1080,SO2,2022-01-15T11:00:00Z,train,1080_42401_01047,missing_AM,linear_offline,-0.25,0.1,-0.25,-0.19683825768756769,0.032537768471718576,0.04905953744965508,0.3375261232272458
1080,SO2,2022-01-16T01:00:00Z,train,1080_42401_01048,missing_BF,linear_offline,-0.09999999999999999,0.1,-0.09999999999999999,-0.08916306663674814,0.12080172458424701,0.06504493377306442,0.3136735736122089
1080,SO2,2022-01-16T02:00:00Z,train,1080_42401_01048,missing_BF,linear_offline,2.7755575615628914e-17,0.1,2.7755575615628914e-17,-0.01852999976492531,0.08148360809508395,0.020281466913461055,0.32251735123911235
1080,SO2,2022-01-20T14:00:00Z,train,1080_42401_01049,missing_BA,linear_offline,0.25,0.2,0.25,0.2889088772576854,0.294243375175735,0.29295744678431695,0.35551923264692176
1080,SO2,2022-01-23T01:00:00Z,train,1080_42401_01050,missing_BF,linear_offline,0.4,0.1,0.4,0.4698414150905313,0.25604820883724444,0.2589088654218359,0.3215942447553077
1080,SO2,2022-01-23T02:00:00Z,train,1080_42401_01050,missing_BF,linear_offline,0.30000000000000004,0.1,0.30000000000000004,0.3655642189343748,0.26949407024757016,0.2609275733420102,0.32656389059890223
1080,SO2,2022-01-25T17:00:00Z,train,1080_42401_01052,missing_AZ,linear_offline,0.3,0.35,0.3,0.3172038586327501,0.36037883195334486,0.3798945970607798,0.3716490543559
1080,SO2,2022-01-25T18:00:00Z,train,1080_42401_01052,missing_AZ,linear_offline,0.19999999999999998,0.3,0.19999999999999998,0.2739544819817046,0.3710821401193326,0.3891016844450992,0.36840921469195964
1080,SO2,2022-01-26T19:00:00Z,train,1080_42401_01053,missing_BA,linear_offline,0.6333333333333333,0.3,0.6333333333333333,0.6094855976529561,0.49071444898261185,0.5803299529256682,0.36050260381705007
1080,SO2,2022-01-26T20:00:00Z,train,1080_42401_01053,missing_BF,linear_offline,0.5666666666666667,0.3,0.5666666666666667,0.584109591378451,0.46031597440531535,0.5609989409072544,0.3694851419467408
1080,SO2,2022-01-27T17:00:00Z,train,1080_42401_01054,missing_AZ,linear_offline,1.025,0.35,1.025,1.0435706754469822,0.5642846311712919,0.8115228772292147,0.3461127566795056
1080,SO2,2022-01-27T18:00:00Z,train,1080_42401_01054,missing_AZ,linear_offline,1.15,0.3,1.15,1.2077302990897123,0.529552200887114,0.6840918487514577,0.33496356471601907
1080,SO2,2022-01-27T19:00:00Z,train,1080_42401_01054,missing_AZ,linear_offline,1.275,0.3,1.275,1.3718899227324424,0.5860243396982879,0.6908589517077701,0.3270726997395866
1080,SO2,2022-01-30T01:00:00Z,train,1080_42401_01055,missing_BF,linear_offline,0.2,0.1,0.2,0.21769819998109746,0.13347288778950087,0.107005929238703,0.2853121777767549
1080,SO2,2022-01-30T02:00:00Z,train,1080_42401_01055,missing_BF,linear_offline,0.2,0.1,0.2,0.2098153164046378,0.09625431666092482,0.0006126443914886703,0.31188978357530195
1080,SO2,2022-02-01T19:00:00Z,train,1080_42401_01056,missing_BA,linear_offline,0.15000000000000002,0.3,0.15000000000000002,0.2127480329899052,0.21213740149369284,0.1874762735969996,0.29174611936531364
1080,SO2,2022-02-05T17:00:00Z,train,1080_42401_01057,missing_AM,linear_offline,0.95,0.35,0.95,0.6555989987867568,0.1862834735484818,0.35498266339620554,0.3230042399047145
1080,SO2,2022-02-06T01:00:00Z,train,1080_42401_01058,missing_BC,linear_offline,-0.06666666666666668,0.1,-0.06666666666666668,0.03329409277777808,0.09100015972503292,0.02391584600351937,0.316744660932517
1080,SO2,2022-02-06T02:00:00Z,train,1080_42401_01058,missing_BC,linear_offline,-0.03333333333333334,0.1,-0.03333333333333334,0.05928578233771516,0.043537543690835734,-0.04174605788331415,0.3135223328920853
1080,SO2,2022-02-13T01:00:00Z,train,1080_42401_01059,missing_BF,linear_offline,-0.03333333333333333,0.1,-0.03333333333333333,-0.021753803315311973,0.11415278321891062,0.04430959876936558,0.374860343884382
1080,SO2,2022-02-13T02:00:00Z,train,1080_42401_01059,missing_BF,linear_offline,-0.06666666666666667,0.1,-0.06666666666666667,-0.0357342995262862,0.09896036854615739,0.025088724304877297,0.3657372613235216
1080,SO2,2022-02-15T18:00:00Z,train,1080_42401_01060,missing_BA,linear_offline,0.35,0.3,0.35,0.3750975525312178,0.36513907373021015,0.34933559805443104,0.3216762845270434
1080,SO2,2022-02-20T01:00:00Z,train,1080_42401_01061,missing_BF,linear_offline,0.43333333333333335,0.1,0.43333333333333335,0.4581396562436473,0.35457590224033325,0.3865399632880111,0.3223215487161311
1080,SO2,2022-02-20T02:00:00Z,train,1080_42401_01061,missing_BF,linear_offline,0.5666666666666667,0.1,0.5666666666666667,0.5452958052470052,0.3379570693550448,0.35661630491403934,0.32141181077318376
1080,SO2,2022-02-27T01:00:00Z,train,1080_42401_01062,missing_BF,linear_offline,0.16666666666666669,0.1,0.16666666666666669,0.1668397503131077,0.0234118607508077,-0.023963102508422096,0.3389127643876918
1080,SO2,2022-02-27T02:00:00Z,train,1080_42401_01062,missing_BF,linear_offline,0.13333333333333336,0.1,0.13333333333333336,0.13574205715140536,0.027617096923225448,-0.02792659818167742,0.33849903589928526
1080,SO2,2022-03-02T20:00:00Z,train,1080_42401_01063,missing_BA,linear_offline,0.44999999999999996,0.3,0.44999999999999996,0.5627434122350737,0.212774023641969,0.20692613165238127,0.356501885931996
1080,SO2,2022-03-06T01:00:00Z,train,1080_42401_01064,missing_BC,linear_offline,0.2666666666666667,0.1,0.2666666666666667,0.241313376089711,0.05558891920667075,0.06613573680615248,0.3504684581093011
1080,SO2,2022-03-06T02:00:00Z,train,1080_42401_01064,missing_BC,linear_offline,0.13333333333333336,0.1,0.13333333333333336,0.14914016706996067,0.050341985360392416,0.03712763416605669,0.33946751787573015
1080,SO2,2022-03-06T10:00:00Z,train,1080_42401_01065,missing_AM,linear_offline,0.0,0.1,0.0,0.0005446101823953402,0.12490974030049556,0.09298652393143375,0.32523354603143323
1080,SO2,2022-03-07T09:00:00Z,train,1080_42401_01066,missing_AM,linear_offline,-0.2,0.1,-0.2,-0.13558440192645624,0.04784722340903619,-0.021048993604422417,0.3333712520859337
1080,SO2,2022-03-10T02:00:00Z,train,1080_42401_01067,missing_AM,linear_offline,-0.3,0.1,-0.3,-0.21493586494973832,-0.026669664087478173,-0.09866755733199739,0.33510304971216986
1080,SO2,2022-03-10T05:00:00Z,train,1080_42401_01068,missing_AM,linear_offline,-0.275,0.1,-0.275,-0.2571837324443822,0.0008917236038952225,-0.047462725557362584,0.33978924025781576
1080,SO2,2022-03-10T06:00:00Z,train,1080_42401_01068,missing_AM,linear_offline,-0.25,0.1,-0.25,-0.24105658210340378,0.010854752460580375,0.011981437938845318,0.334565058779753
1080,SO2,2022-03-10T07:00:00Z,train,1080_42401_01068,missing_AM,linear_offline,-0.225,0.1,-0.225,-0.22492943176242536,0.06116788217228064,0.043631647733340995,0.3323194490493958
1080,SO2,2022-03-13T01:00:00Z,train,1080_42401_01069,missing_BF,linear_offline,0.0,0.1,0.0,-0.05135726822576374,0.12540711409618194,0.08192902224613105,0.31474501556134293
1080,SO2,2022-03-13T02:00:00Z,train,1080_42401_01069,missing_BF,linear_offline,0.0,0.1,0.0,-0.027007233065166752,0.12096508873603037,0.3200356046836071,0.3203713509271803
1080,SO2,2022-03-14T18:00:00Z,train,1080_42401_01070,missing_AZ,linear_offline,0.35,0.3,0.35,0.3707658398484598,0.16950142577888688,0.17543541233661006,0.31848679442136046
1080,SO2,2022-03-14T19:00:00Z,train,1080_42401_01070,missing_AZ,linear_offline,0.4,0.3,0.4,0.38898842377747367,0.18828575476485757,0.14362703726733106,0.3141672047989624
1080,SO2,2022-03-14T20:00:00Z,train,1080_42401_01070,missing_BA,linear_offline,0.45,0.3,0.45,0.40721100770648755,0.15792342476099003,0.18305322340976424,0.3100836325422225
1080,SO2,2022-03-15T15:00:00Z,train,1080_42401_01071,missing_AM,linear_offline,-0.05,0.3,-0.05,-0.05520710498877439,-0.048407202775054003,-0.05375042506593852,0.31659622352842287
1080,SO2,2022-03-16T05:00:00Z,train,1080_42401_01072,missing_AM,linear_offline,-0.3,0.1,-0.3,-0.28571174828395096,0.00037431155960360174,0.0061112213597867004,0.36988206237114873
1080,SO2,2022-03-16T10:00:00Z,train,1080_42401_01073,missing_AM,linear_offline,-0.3,0.1,-0.3,-0.27190204855990086,0.08998889805377769,0.0060255927974328105,0.3574534406124943
1080,SO2,2022-03-16T17:00:00Z,train,1080_42401_01074,missing_AZ,linear_offline,0.26,0.35,0.26,0.24087487940201488,0.24502299261499255,0.2576791416964731,0.3590452799554578
1080,SO2,2022-03-16T18:00:00Z,train,1080_42401_01074,missing_AZ,linear_offline,0.32,0.3,0.32,0.30266731693312726,0.2123030956743838,0.14875123684090213,0.34335943797348045
1080,SO2,2022-03-16T19:00:00Z,train,1080_42401_01074,missing_AZ,linear_offline,0.38,0.3,0.38,0.3644597544642396,0.22062298814543674,0.125674077158269,0.33870310820455335
1080,SO2,2022-03-16T20:00:00Z,train,1080_42401_01074,missing_AZ,linear_offline,0.44,0.3,0.44,0.42625219199535197,0.1948407959652181,0.12071530963713678,0.33775783003942494
1080,SO2,2022-03-17T16:00:00Z,train,1080_42401_01075,missing_AZ,linear_offline,-0.07500000000000001,0.4,-0.07500000000000001,0.14754401388868219,0.34821479953982787,0.45671867190024906,0.32753204673536707
1080,SO2,2022-03-17T17:00:00Z,train,1080_42401_01075,missing_AZ,linear_offline,0.04999999999999999,0.35,0.04999999999999999,0.3038773867546154,0.25772641215793585,0.41003255256218685,0.32280488408764924
1080,SO2,2022-03-17T18:00:00Z,train,1080_42401_01075,missing_AZ,linear_offline,0.175,0.3,0.175,0.4602107596205486,0.2438146833115586,0.26530034587422396,0.32447256041054956
1080,SO2,2022-03-20T01:00:00Z,train,1080_42401_01076,missing_BF,linear_offline,0.23333333333333334,0.1,0.23333333333333334,0.5292907101424549,0.24221961105348577,0.2677281777452097,0.3152540886506145
1080,SO2,2022-03-20T02:00:00Z,train,1080_42401_01076,missing_BF,linear_offline,0.26666666666666666,0.1,0.26666666666666666,0.44016662820431657,0.1975849292604091,0.2542365094228288,0.31482717820569683
1080,SO2,2022-03-25T16:00:00Z,train,1080_42401_01077,missing_BA,linear_offline,0.7333333333333334,0.4,0.7333333333333334,0.8339693061864017,0.5564114052418239,0.7355147129811201,0.3639231008160723
1080,SO2,2022-03-25T17:00:00Z,train,1080_42401_01077,missing_BA,linear_offline,0.6666666666666666,0.35,0.6666666666666666,0.912744163191028,0.49014120362062213,0.6945913667641153,0.35768274458236243
1080,SO2,2022-03-27T01:00:00Z,train,1080_42401_01078,missing_BF,linear_offline,0.3,0.1,0.3,0.5945739092415068,0.12056580915735357,0.24450474321656226,0.3156374384769708
1080,SO2,2022-03-27T02:00:00Z,train,1080_42401_01078,missing_BF,linear_offline,0.19999999999999998,0.1,0.19999999999999998,0.4159962466595415,0.11533473407032746,0.11537398049473968,0.3173588383492068
1080,SO2,2022-04-03T01:00:00Z,train,1080_42401_01079,missing_BC,linear_offline,0.1,0.1,0.1,0.07044127305421412,0.07923003326102462,0.054886298989587134,0.34115118675251144
1080,SO2,2022-04-03T02:00:00Z,train,1080_42401_01079,missing_BC,linear_offline,0.1,0.1,0.1,0.06646290188952869,0.09473180295930239,0.09898283876243494,0.3476113475374534
1080,SO2,2022-04-03T07:00:00Z,train,1080_42401_01080,missing_AM,linear_offline,-0.1,0.1,-0.1,-0.05907174981372277,0.18577932810628275,0.15608892018864134,0.3366230741055648
1080,SO2,2022-04-10T01:00:00Z,train,1080_42401_01081,missing_BF,linear_offline,0.5,0.1,0.5,0.7209459441212677,0.17709593656296516,0.11511059985209801,0.31388278472341924
1080,SO2,2022-04-10T02:00:00Z,train,1080_42401_01081,missing_BF,linear_offline,0.4,0.1,0.4,0.5685884828348993,0.13924425289215497,0.10477842160304732,0.3142914535904596
1080,SO2,2022-04-14T16:00:00Z,train,1080_42401_01082,missing_BA,linear_offline,0.35,0.4,0.35,0.3478186670624659,0.19590508035680168,0.1567034798756988,0.3621289894792388
1080,SO2,2022-04-17T01:00:00Z,train,1080_42401_01083,missing_BF,linear_offline,0.26666666666666666,0.1,0.26666666666666666,0.30368845320651444,0.17136662848209305,0.1249790877858577,0.36648185846764353
1080,SO2,2022-04-17T02:00:00Z,train,1080_42401_01083,missing_BF,linear_offline,0.23333333333333334,0.1,0.23333333333333334,0.26223793794984795,0.15739479945258064,0.10211116469912612,0.3719187115139115
1080,SO2,2022-04-24T01:00:00Z,train,1080_42401_01084,missing_BF,linear_offline,0.2,0.1,0.2,0.22142224341666256,0.11706383395996905,0.092027032589969,0.3475388727164168
1080,SO2,2022-04-24T02:00:00Z,train,1080_42401_01084,missing_BF,linear_offline,0.2,0.1,0.2,0.21181612037165676,0.14741624677829868,0.171065253805577,0.3376686481829869
1080,SO2,2022-04-28T16:00:00Z,train,1080_42401_01085,missing_BA,linear_offline,1.1,0.4,1.1,0.9462842585207665,0.2591694937178305,0.3165692479828123,0.3287128216503196
1080,SO2,2022-05-01T01:00:00Z,train,1080_42401_01086,missing_BC,linear_offline,0.1,0.1,0.1,0.10342930765297192,0.08598218034428656,0.045847534349820085,0.33496273464322074
1080,SO2,2022-05-01T02:00:00Z,train,1080_42401_01086,missing_BC,linear_offline,0.1,0.1,0.1,0.09166824843689766,0.06950953128825821,0.027239224485137103,0.35293461531514647
1080,SO2,2022-05-03T15:00:00Z,train,1080_42401_01087,missing_AZ,linear_offline,0.1,0.3,0.1,0.07684774899676508,0.074262702883657,0.016476587958089928,0.3567952784391685
1080,SO2,2022-05-03T16:00:00Z,train,1080_42401_01087,missing_AZ,linear_offline,0.1,0.4,0.1,0.0822370904980766,0.08168180617903581,0.022526042010864833,0.36047864092600357
1080,SO2,2022-05-03T17:00:00Z,train,1080_42401_01087,missing_AZ,linear_offline,0.1,0.35,0.1,0.08762643199938813,0.08663027788493263,0.03672488866937984,0.34074237134849683
1080,SO2,2022-05-08T01:00:00Z,train,1080_42401_01088,missing_BF,linear_offline,0.26666666666666666,0.1,0.26666666666666666,0.2925729975489405,0.2550328259273589,0.34564141003485105,0.3931281054615401
1080,SO2,2022-05-08T02:00:00Z,train,1080_42401_01088,missing_BF,linear_offline,0.23333333333333334,0.1,0.23333333333333334,0.2443672512624723,0.25869226739085444,0.302838633375623,0.39020462547252777
1080,SO2,2022-05-09T15:00:00Z,train,1080_42401_01089,missing_BA,linear_offline,0.55,0.3,0.55,0.5614732864919153,0.28641636391338093,0.27944396356628876,0.3683874726097157
1080,SO2,2022-05-15T01:00:00Z,train,1080_42401_01090,missing_BF,linear_offline,0.13333333333333333,0.1,0.13333333333333333,0.19540291937408588,0.2525743687389191,0.20126397209208974,0.3330184838889895
1080,SO2,2022-05-15T02:00:00Z,train,1080_42401_01090,missing_BF,linear_offline,0.16666666666666669,0.1,0.16666666666666669,0.2082289194248598,0.24910640468224504,0.20348333918924952,0.3391896546471598
1080,SO2,2022-05-19T13:00:00Z,train,1080_42401_01091,missing_BA,linear_offline,0.44999999999999996,0.2,0.44999999999999996,0.6266018460848342,0.7420219012127911,1.0016396636701408,0.3383414649639069
1080,SO2,2022-05-22T01:00:00Z,train,1080_42401_01092,missing_BF,linear_offline,0.8333333333333334,0.1,0.8333333333333334,0.7177683291924419,0.21240285003699,0.2635859397293809,0.4049807295115577
1080,SO2,2022-05-22T02:00:00Z,train,1080_42401_01092,missing_BF,linear_offline,0.8666666666666667,0.1,0.8666666666666667,0.6985839559312822,0.18796948246601364,0.22183824384755146,0.3964296399221492
1080,SO2,2022-05-25T01:00:00Z,train,1080_42401_01093,missing_BF,linear_offline,0.7,0.1,0.7,0.5633460132364132,0.1278506445369325,0.08984108684495246,0.32360845280715417
1080,SO2,2022-05-29T01:00:00Z,train,1080_42401_01094,missing_BC,linear_offline,0.26666666666666666,0.1,0.26666666666666666,0.24298944618780693,0.12676633645942434,0.06835814750357283,0.35557020749028057
1080,SO2,2022-05-29T02:00:00Z,train,1080_42401_01094,missing_BC,linear_offline,0.23333333333333334,0.1,0.23333333333333334,0.19765819091207143,0.1114795119278717,0.04450532119760309,0.36075093392921675
1080,SO2,2022-05-31T19:00:00Z,train,1080_42401_01095,missing_BA,linear_offline,0.35,0.3,0.35,0.4560765254643565,0.08373651304583238,0.040034112225384,0.35932262620886435
1080,SO2,2022-06-05T01:00:00Z,train,1080_42401_01096,missing_BF,linear_offline,0.5,0.1,0.5,0.3909231702083583,0.22781785528382137,0.1902521972240985,0.3331420646175109
1080,SO2,2022-06-05T02:00:00Z,train,1080_42401_01096,missing_BF,linear_offline,0.3,0.1,0.3,0.2949734012327634,0.22455499930307826,0.22628490742149715,0.3342919775714484
1080,SO2,2022-06-08T02:00:00Z,train,1080_42401_01097,missing_BF,linear_offline,0.4,0.1,0.4,0.38874337937737025,0.2262846088865434,0.222745950296545,0.3417096500834511
1080,SO2,2022-06-12T01:00:00Z,train,1080_42401_01098,missing_BF,linear_offline,0.3,0.1,0.3,0.35539547074771904,0.07149031798796152,0.08791467719488005,0.31911510309930774
1080,SO2,2022-06-12T02:00:00Z,train,1080_42401_01098,missing_BF,linear_offline,0.19999999999999998,0.1,0.19999999999999998,0.24119868258876687,0.06707980626878512,0.04922566851076621,0.3391135409762902
1080,SO2,2022-06-13T16:00:00Z,train,1080_42401_01099,missing_AZ,linear_offline,0.5,0.4,0.5,0.48983079580809236,0.3100626622820542,0.37277918390814396,0.44213251618657
1080,SO2,2022-06-13T17:00:00Z,train,1080_42401_01099,missing_AZ,linear_offline,0.7,0.35,0.7,0.6487476881877294,0.3214871180356111,0.3304249778609988,0.46194400929109025
1080,SO2,2022-06-13T18:00:00Z,train,1080_42401_01099,missing_AZ,linear_offline,0.9000000000000001,0.3,0.9000000000000001,0.8076645805673665,0.21258920866155512,0.3253673188160902,0.4523880219218803
1080,SO2,2022-06-13T19:00:00Z,train,1080_42401_01099,missing_AZ,linear_offline,1.1,0.3,1.1,0.9665814729470035,0.17149348399343062,0.35001446653933793,0.4492342841074157
1080,SO2,2022-06-17T02:00:00Z,train,1080_42401_01100,missing_BF,linear_offline,0.05,0.1,0.05,0.26595972129314105,0.1971837274078835,0.16128131679580146,0.4035985854889369
1080,SO2,2022-06-18T08:00:00Z,train,1080_42401_01101,missing_AM,linear_offline,0.05,0.1,0.05,0.08923356279028692,0.08863619977147652,0.04450855411271237,0.34458948935915834
1080,SO2,2022-06-19T01:00:00Z,train,1080_42401_01102,missing_BF,linear_offline,0.09999999999999999,0.1,0.09999999999999999,0.06284440714159642,0.010525694128106,-0.023187552386530863,0.3337854511309594
1080,SO2,2022-06-19T02:00:00Z,train,1080_42401_01102,missing_BF,linear_offline,-2.7755575615628914e-17,0.1,-2.7755575615628914e-17,0.014927488149645646,0.02219442064659216,-0.03445638769375192,0.33633488138555995
1080,SO2,2022-06-22T02:00:00Z,train,1080_42401_01103,missing_BF,linear_offline,0.0,0.1,0.0,0.02048117205992416,0.033071985849506214,0.020331387782806187,0.34893081014178984
1080,SO2,2022-06-23T01:00:00Z,train,1080_42401_01104,missing_BF,linear_offline,1.1,0.1,1.1,1.2124656982561812,0.2317554148227991,0.2224578786288232,0.3560775585425626
1080,SO2,2022-06-26T01:00:00Z,train,1080_42401_01105,missing_BC,linear_offline,-0.03333333333333334,0.1,-0.03333333333333334,-0.003913614211556636,0.1252032948174905,0.04920452349842985,0.3325072828280047
1080,SO2,2022-06-26T02:00:00Z,train,1080_42401_01105,missing_BC,linear_offline,0.033333333333333326,0.1,0.033333333333333326,0.02463127690275759,0.09452613422016559,0.0318102751960464,0.3259446490100086
1080,SO2,2022-06-27T02:00:00Z,train,1080_42401_01106,missing_BF,linear_offline,0.05,0.1,0.05,0.05975851787843389,0.08744060368826961,0.03746985716185891,0.3138403563532801
1080,SO2,2022-06-28T14:00:00Z,train,1080_42401_01107,missing_BA,linear_offline,0.0,0.2,0.0,-0.011854012348838578,0.0972816118436004,0.02114532513094991,0.35743430889076083
1080,SO2,2022-07-01T01:00:00Z,train,1080_42401_01108,missing_BF,linear_offline,0.1,0.1,0.1,0.0974216013798944,0.1324130450155224,0.05066510211915237,0.3494344040224584
1080,SO2,2022-07-03T01:00:00Z,train,1080_42401_01109,missing_BF,linear_offline,0.23333333333333334,0.1,0.23333333333333334,0.2273312157440644,0.13875501963496453,0.09895452891120773,0.33313954891442477
1080,SO2,2022-07-03T02:00:00Z,train,1080_42401_01109,missing_BF,linear_offline,0.16666666666666666,0.1,0.16666666666666666,0.18180058526562387,0.13252417283173373,0.08492252688515683,0.31748678697176236
1080,SO2,2022-07-10T01:00:00Z,train,1080_42401_01110,missing_BF,linear_offline,0.8333333333333335,0.1,0.8333333333333335,0.9395412327072621,0.3270427952748257,0.4803234083782832,0.3133187156705882
1080,SO2,2022-07-10T02:00:00Z,train,1080_42401_01110,missing_BF,linear_offline,0.5666666666666668,0.1,0.5666666666666668,0.9627078569917297,0.3625053619612179,0.36938474682618505,0.3113087398978121
1080,SO2,2022-07-11T19:00:00Z,train,1080_42401_01111,missing_AZ,linear_offline,0.4,0.3,0.4,0.3934971234022475,0.3753792304000917,0.39859824151448486,0.35078206725791705
1080,SO2,2022-07-11T20:00:00Z,train,1080_42401_01111,missing_AZ,linear_offline,0.5,0.3,0.5,0.4408766040787701,0.32402267005553076,0.4412054122469208,0.3715761754204748
1080,SO2,2022-07-11T21:00:00Z,train,1080_42401_01111,missing_AZ,linear_offline,0.6000000000000001,0.3,0.6000000000000001,0.4882560847552927,0.41707145339056967,0.5189260749286901,0.3735459199675582
1080,SO2,2022-07-11T22:00:00Z,train,1080_42401_01111,missing_AZ,linear_offline,0.7000000000000001,0.3,0.7000000000000001,0.5356355654318152,0.4481878098742946,0.4904248118267178,0.33637762285333356
1080,SO2,2022-07-11T23:00:00Z,train,1080_42401_01111,missing_AZ,linear_offline,0.8,0.2,0.8,0.5830150461083379,0.4441671848047613,0.4903998950800873,0.35819633210264246
1080,SO2,2022-07-12T02:00:00Z,train,1080_42401_01112,missing_BF,linear_offline,0.25,0.1,0.25,0.3941110759538699,0.32751675956133114,0.32095807769080253,0.3161072960875266
1080,SO2,2022-07-12T16:00:00Z,train,1080_42401_01113,missing_BA,linear_offline,1.05,0.4,1.05,0.9944393497037665,0.3220506937776343,0.38641393784947187,0.35860831215920075
1080,SO2,2022-07-17T01:00:00Z,train,1080_42401_01114,missing_BC,linear_offline,0.4,0.1,0.4,0.3725529749628737,0.20573405973789705,0.1823377589083275,0.3936324402185879
1080,SO2,2022-07-18T14:00:00Z,train,1080_42401_01115,missing_BA,linear_offline,0.17500000000000002,0.2,0.17500000000000002,0.19178634326162255,0.10731676965765613,0.04523462024567865,0.39094291697591854
1080,SO2,2022-07-18T15:00:00Z,train,1080_42401_01115,missing_BF,linear_offline,0.15000000000000002,0.3,0.15000000000000002,0.18900980984978782,0.09267660096136299,0.056495446078529854,0.3895823621273946
1080,SO2,2022-07-18T16:00:00Z,train,1080_42401_01115,missing_BF,linear_offline,0.125,0.4,0.125,0.1862332764379531,0.09706519584612736,0.07830405064778717,0.3770648169998841
1080,SO2,2022-07-19T21:00:00Z,train,1080_42401_01116,missing_AM,linear_offline,-0.225,0.3,-0.225,-0.06055726676978333,0.12751133407726475,0.08960473453763884,0.3600590900958307
1080,SO2,2022-07-19T22:00:00Z,train,1080_42401_01116,missing_AM,linear_offline,-0.25,0.3,-0.25,-0.09198286838148487,0.11204377211588654,0.07304363175920614,0.35383165824121765
1080,SO2,2022-07-19T23:00:00Z,train,1080_42401_01116,missing_AM,linear_offline,-0.275,0.2,-0.275,-0.1234084699931864,0.11763174938083268,0.0765838776813978,0.34855288309364896
1080,SO2,2022-07-20T19:00:00Z,train,1080_42401_01117,missing_AM,linear_offline,0.2833333333333334,0.3,0.2833333333333334,0.3482293955760608,0.15476125515441613,0.1502638042316253,0.3675490080666494
1080,SO2,2022-07-20T20:00:00Z,train,1080_42401_01117,missing_AM,linear_offline,0.1666666666666667,0.3,0.1666666666666667,0.25752904241245167,0.1352585054428322,0.13419362398134102,0.36470899772258125
1080,SO2,2022-07-20T21:00:00Z,train,1080_42401_01117,missing_AM,linear_offline,0.050000000000000044,0.3,0.050000000000000044,0.16682868924884242,0.11309637723757082,0.06956618011607402,0.3505678575065659
1080,SO2,2022-07-20T22:00:00Z,train,1080_42401_01117,missing_AM,linear_offline,-0.0666666666666666,0.3,-0.0666666666666666,0.07612833608523317,0.10656561202589124,0.04855362992309464,0.35565085925651463
1080,SO2,2022-07-20T23:00:00Z,train,1080_42401_01117,missing_AM,linear_offline,-0.18333333333333324,0.2,-0.18333333333333324,-0.014572017078376076,0.09692122918499965,0.028904787399004872,0.3559326234631702
1080,SO2,2022-07-21T21:00:00Z,train,1080_42401_01118,missing_AM,linear_offline,-0.09999999999999999,0.3,-0.09999999999999999,0.1655152450679273,0.08482484042320612,0.06305951614090727,0.3797488792373013
1080,SO2,2022-07-21T22:00:00Z,train,1080_42401_01118,missing_AM,linear_offline,-0.19999999999999998,0.3,-0.19999999999999998,0.03830216428954791,0.07915724898302379,0.061463737592821865,0.3721635065353449
1080,SO2,2022-07-22T21:00:00Z,train,1080_42401_01119,missing_AM,linear_offline,-0.1,0.3,-0.1,0.019430119269044508,0.12846708280979668,0.06221027885481356,0.3569355534607457
1080,SO2,2022-07-22T22:00:00Z,train,1080_42401_01119,missing_AM,linear_offline,-0.1,0.3,-0.1,0.004070912731033299,0.09418862953290125,0.0546234134780883,0.35020816475496197
1080,SO2,2022-07-22T23:00:00Z,train,1080_42401_01119,missing_AM,linear_offline,-0.1,0.2,-0.1,-0.011288293806977913,0.10376755312417024,0.022068773837750355,0.3525455915043332
1080,SO2,2022-07-23T00:00:00Z,train,1080_42401_01119,missing_AM,linear_offline,-0.1,0.2,-0.1,-0.026647500344989125,0.08287376159207463,0.029026531409426404,0.34718987443343174
1080,SO2,2022-07-23T01:00:00Z,train,1080_42401_01119,missing_AM,linear_offline,-0.1,0.1,-0.1,-0.042006706883000344,0.08846214661207957,0.027073617680530182,0.3247186615224058
1080,SO2,2022-07-23T09:00:00Z,train,1080_42401_01120,missing_AM,linear_offline,-0.3,0.1,-0.3,-0.1836280516472744,0.1347595734403139,0.03731473548733616,0.32317149957357777
1080,SO2,2022-07-23T10:00:00Z,train,1080_42401_01120,missing_AM,linear_offline,-0.3,0.1,-0.3,-0.18927253472524236,0.06933445874121419,0.0067009516762976395,0.3165629459827513
1080,SO2,2022-07-23T22:00:00Z,train,1080_42401_01121,missing_AM,linear_offline,-0.23333333333333334,0.3,-0.23333333333333334,-0.10641898049105057,0.3140385325932109,0.2754425503132326,0.3409487536589866
1080,SO2,2022-07-23T23:00:00Z,train,1080_42401_01121,missing_AM,linear_offline,-0.16666666666666666,0.2,-0.16666666666666666,-0.06623306458778347,0.3068601049009704,0.2152638925326193,0.333516429724976
1080,SO2,2022-07-24T00:00:00Z,train,1080_42401_01121,missing_AM,linear_offline,-0.09999999999999998,0.2,-0.09999999999999998,-0.026047148684516352,0.24398982867200597,0.2468819188028289,0.3440561457422111
1080,SO2,2022-07-24T01:00:00Z,train,1080_42401_01121,missing_BC,linear_offline,-0.033333333333333326,0.1,-0.033333333333333326,0.014138767218750764,0.30543871627427244,0.1621699024450721,0.34058870139120356
1080,SO2,2022-07-24T02:00:00Z,train,1080_42401_01121,missing_BC,linear_offline,0.033333333333333326,0.1,0.033333333333333326,0.05432468312201788,0.3378949413186261,0.28200567016069616,0.33998473514416777
1080,SO2,2022-07-24T22:00:00Z,train,1080_42401_01122,missing_AM,linear_offline,-0.1,0.3,-0.1,-0.004948521229913454,0.3327129133401047,0.3244130554769869,0.33438649665035286
1080,SO2,2022-07-25T22:00:00Z,train,1080_42401_01123,missing_AM,linear_offline,-0.05,0.3,-0.05,0.06210620219131948,0.350933142327548,0.32296169503313,0.33625804140099186
1080,SO2,2022-07-28T23:00:00Z,train,1080_42401_01125,missing_AM,linear_offline,-0.09999999999999999,0.2,-0.09999999999999999,-0.023732187564358347,0.37194521195206515,0.3730564063787648,0.3407981172901109
1080,SO2,2022-07-29T00:00:00Z,train,1080_42401_01125,missing_AM,linear_offline,-0.19999999999999998,0.2,-0.19999999999999998,-0.054863952437054865,0.367021140017635,0.34555230099181644,0.3331435245262483
1080,SO2,2022-07-31T01:00:00Z,train,1080_42401_01126,missing_BF,linear_offline,0.0,0.1,0.0,0.04773716762053552,0.34054206531651765,0.3746043028327993,0.3545430633954169
1080,SO2,2022-07-31T02:00:00Z,train,1080_42401_01126,missing_BF,linear_offline,0.0,0.1,0.0,0.07196548930551011,0.30424855207095636,0.3473790909840789,0.3559720409990803
1080,SO2,2022-08-04T22:00:00Z,train,1080_42401_01127,missing_AM,linear_offline,-0.15,0.3,-0.15,0.01313526126276126,0.3497661218644906,0.4082288917475024,0.37674838451155274
1080,SO2,2022-08-06T05:00:00Z,train,1080_42401_01128,missing_AM,linear_offline,0.2,0.1,0.2,0.32512441488561117,0.46296119797337915,0.48033722836224135,0.3446413215803417
1080,SO2,2022-08-07T01:00:00Z,train,1080_42401_01129,missing_BF,linear_offline,0.6,0.1,0.6,0.5977444092538,0.5882159648887668,0.7606353953917935,0.33561820454095725
1080,SO2,2022-08-07T02:00:00Z,train,1080_42401_01129,missing_BF,linear_offline,0.8,0.1,0.8,0.7556871588091141,0.5426210417761708,0.734174422102752,0.3431896098118136
1080,SO2,2022-08-09T15:00:00Z,train,1080_42401_01130,missing_BA,linear_offline,0.9,0.3,0.9,0.854131063202896,0.447554493454531,0.4607150792318241,0.3339787597948755
1080,SO2,2022-08-14T01:00:00Z,train,1080_42401_01131,missing_BF,linear_offline,0.43333333333333335,0.1,0.43333333333333335,0.41151901285004666,0.3121707923428976,0.2906739529228161,0.33564711874343234
1080,SO2,2022-08-14T02:00:00Z,train,1080_42401_01131,missing_BF,linear_offline,0.3666666666666667,0.1,0.3666666666666667,0.35609681283637157,0.3248116870163738,0.3100264430748868,0.33097694350585594
1080,SO2,2022-08-21T01:00:00Z,train,1080_42401_01132,missing_BC,linear_offline,1.2333333333333334,0.1,1.2333333333333334,1.2144420603840793,0.7495611174983562,0.9285126966677264,0.3380829928548194
1080,SO2,2022-08-21T02:00:00Z,train,1080_42401_01132,missing_BC,linear_offline,1.2666666666666666,0.1,1.2666666666666666,1.2411196107206244,0.721153026427326,0.9307876203916515,0.3496509055756804
1080,SO2,2022-08-23T14:00:00Z,train,1080_42401_01133,missing_BA,linear_offline,0.9500000000000001,0.2,0.9500000000000001,0.9811954966667433,0.564645843902691,0.7805431041275165,0.31271467205931136
1080,SO2,2022-08-28T01:00:00Z,train,1080_42401_01134,missing_BF,linear_offline,0.8333333333333335,0.1,0.8333333333333335,0.866352310413548,0.35843924307726394,0.6093399778396129,0.30605943233458416
1080,SO2,2022-08-28T02:00:00Z,train,1080_42401_01134,missing_BF,linear_offline,0.5666666666666668,0.1,0.5666666666666668,0.6967880795351855,0.3690300690977377,0.5356047713535528,0.3010676730603885
1080,SO2,2022-09-01T02:00:00Z,train,1080_42401_01135,missing_AM,linear_offline,-0.1,0.1,-0.1,-0.12878723589489333,0.0023423996017605253,-0.0589587969337963,0.28966799206732563
1080,SO2,2022-09-02T18:00:00Z,train,1080_42401_01136,missing_AM,linear_offline,-0.05,0.3,-0.05,-0.017877973383616103,0.09231613092667817,0.02774117096255463,0.3333142391911011
1080,SO2,2022-09-02T22:00:00Z,train,1080_42401_01137,missing_AM,linear_offline,-0.3,0.3,-0.3,-0.2153922903070965,0.09586076021575227,0.02315975162300654,0.3158706525265995
1080,SO2,2022-09-04T01:00:00Z,train,1080_42401_01138,missing_BF,linear_offline,0.06666666666666668,0.1,0.06666666666666668,0.028551096868231846,0.04556659111428746,0.012877800059595046,0.32679727940069897
1080,SO2,2022-09-04T02:00:00Z,train,1080_42401_01138,missing_BF,linear_offline,0.03333333333333334,0.1,0.03333333333333334,0.03912468057878461,0.11079226990157814,0.009678087862247609,0.3841569553481352
1080,SO2,2022-09-04T21:00:00Z,train,1080_42401_01139,missing_AM,linear_offline,-0.1,0.3,-0.1,0.0006194664035346076,0.2131357606298723,0.24311982500327334,0.32982907114754767
1080,SO2,2022-09-05T02:00:00Z,train,1080_42401_01140,missing_AM,linear_offline,0.15,0.1,0.15,0.14940115723880087,0.10341289359907374,0.019890371561322118,0.30639542250305857
1080,SO2,2022-09-05T03:00:00Z,train,1080_42401_01140,missing_AM,linear_offline,0.0,0.1,0.0,0.07265606414272263,0.02190989499161411,0.024689240848671024,0.29173971178581776
1080,SO2,2022-09-05T04:00:00Z,train,1080_42401_01140,missing_AM,linear_offline,-0.14999999999999997,0.1,-0.14999999999999997,-0.004089028953355667,0.03118233240545104,-0.06996853302649336,0.3021252731815435
1080,SO2,2022-09-05T13:00:00Z,train,1080_42401_01141,missing_AM,linear_offline,-0.2142857142857143,0.2,-0.2142857142857143,-0.13949979877537796,0.1865217918176862,0.2039800576643056,0.3048856784520508
1080,SO2,2022-09-05T14:00:00Z,train,1080_42401_01141,missing_AM,linear_offline,-0.22857142857142856,0.2,-0.22857142857142856,-0.13728505017449763,0.3412979230534695,0.29071861666443843,0.3015229224818948
1080,SO2,2022-09-05T15:00:00Z,train,1080_42401_01141,missing_AM,linear_offline,-0.24285714285714285,0.3,-0.24285714285714285,-0.1350703015736173,0.313142469007415,0.3114269961462126,0.3029811474093536
1080,SO2,2022-09-05T16:00:00Z,train,1080_42401_01141,missing_AM,linear_offline,-0.2571428571428571,0.4,-0.2571428571428571,-0.13285555297273696,0.3188809515771107,0.431025370322855,0.3122031761040429
1080,SO2,2022-09-05T17:00:00Z,train,1080_42401_01141,missing_AM,linear_offline,-0.2714285714285714,0.35,-0.2714285714285714,-0.13064080437185663,0.3296985840677174,0.5738890540164183,0.31303386053495996
1080,SO2,2022-09-05T18:00:00Z,train,1080_42401_01141,missing_AM,linear_offline,-0.2857142857142857,0.3,-0.2857142857142857,-0.1284260557709763,0.305274441954947,0.4817248333901143,0.3168861237227366
1080,SO2,2022-09-06T16:00:00Z,train,1080_42401_01142,missing_AM,linear_offline,-0.25,0.4,-0.25,-0.23251296558236165,0.06176524333346395,0.06934057506709662,0.31724712074442823
1080,SO2,2022-09-06T18:00:00Z,train,1080_42401_01143,missing_AM,linear_offline,-0.275,0.3,-0.275,-0.23133399856898323,0.06430890676651818,0.08585679566369689,0.3328776336415257
1080,SO2,2022-09-06T19:00:00Z,train,1080_42401_01143,missing_AM,linear_offline,-0.25,0.3,-0.25,-0.2080523424208515,0.11250106941436236,0.08813136988328588,0.326408109963079
1080,SO2,2022-09-06T20:00:00Z,train,1080_42401_01143,missing_AM,linear_offline,-0.225,0.3,-0.225,-0.18477068627271975,0.10204480256330184,0.06654535588810673,0.33776857001642085
1080,SO2,2022-09-07T17:00:00Z,train,1080_42401_01144,missing_AM,linear_offline,0.05,0.35,0.05,0.030937088550888822,0.030503070728165937,-0.006840186072327503,0.35532712540416117
1080,SO2,2022-09-07T18:00:00Z,train,1080_42401_01144,missing_AM,linear_offline,0.0,0.3,0.0,-0.009830614755409015,0.05629430633308219,0.0264483544231785,0.3372925451106003
1080,SO2,2022-09-07T19:00:00Z,train,1080_42401_01144,missing_AM,linear_offline,-0.05000000000000002,0.3,-0.05000000000000002,-0.05059831806170685,0.05666047037590988,0.02762676654319196,0.34858866360006113
1080,SO2,2022-09-08T02:00:00Z,train,1080_42401_01145,missing_AM,linear_offline,-0.25,0.1,-0.25,-0.2588322548519789,0.029070598081141208,-0.05129649687118781,0.33433215873792627
1080,SO2,2022-09-09T02:00:00Z,train,1080_42401_01146,missing_AM,linear_offline,0.04999999999999999,0.1,0.04999999999999999,0.014213833697960032,0.08258844955234027,-0.007094217473977427,0.3322083128141347
1080,SO2,2022-09-11T01:00:00Z,train,1080_42401_01147,missing_BF,linear_offline,-0.033333333333333326,0.1,-0.033333333333333326,-0.034326123528269276,0.17989479641212314,0.15274085796328382,0.32678929177035015
1080,SO2,2022-09-11T02:00:00Z,train,1080_42401_01147,missing_BF,linear_offline,-0.16666666666666666,0.1,-0.16666666666666666,-0.10381701601412224,0.20934582298487106,0.1533138703223828,0.33553024230902556
1080,SO2,2022-09-15T15:00:00Z,train,1080_42401_01149,missing_BA,linear_offline,0.30000000000000004,0.3,0.30000000000000004,0.18659131711714103,0.12247392808050139,0.10961027536211929,0.35277624252216355
1080,SO2,2022-09-18T01:00:00Z,train,1080_42401_01150,missing_BC,linear_offline,0.3,0.1,0.3,0.27478442965166844,0.10935140915048608,0.10771954427969432,0.31441107873084334
1080,SO2,2022-09-18T02:00:00Z,train,1080_42401_01150,missing_BC,linear_offline,0.19999999999999998,0.1,0.19999999999999998,0.19374361300516932,0.10408560207005621,0.11073978600043469,0.31392041833094697
1080,SO2,2022-09-20T15:00:00Z,train,1080_42401_01151,missing_AZ,linear_offline,0.05,0.3,0.05,0.02508702316321619,0.02426750561639729,-0.037284926286120346,0.3115984789924709
1080,SO2,2022-09-20T16:00:00Z,train,1080_42401_01151,missing_AZ,linear_offline,0.0,0.4,0.0,-0.015612734210159865,0.045526922372135736,-0.004000288589034562,0.3331468625657087
1080,SO2,2022-09-20T17:00:00Z,train,1080_42401_01151,missing_AZ,linear_offline,-0.05000000000000002,0.35,-0.05000000000000002,-0.05631249158353592,0.05783195065992325,0.0192040615465916,0.310943908340266
1080,SO2,2022-09-21T19:00:00Z,train,1080_42401_01152,missing_AM,linear_offline,-0.2,0.3,-0.2,-0.07469568262556063,0.08184208304251664,0.0287695292209193,0.34171053840697213
1080,SO2,2022-09-22T18:00:00Z,train,1080_42401_01153,missing_AM,linear_offline,-0.09999999999999999,0.3,-0.09999999999999999,0.013035147464242447,0.0968041889204353,0.03470271483120546,0.3476079453311813
1080,SO2,2022-09-22T19:00:00Z,train,1080_42401_01153,missing_AM,linear_offline,-0.19999999999999998,0.3,-0.19999999999999998,-0.08849082420872884,0.1026823275977797,0.04865277265311263,0.3466190246324126
1080,SO2,2022-09-22T22:00:00Z,train,1080_42401_01154,missing_AM,linear_offline,-0.2,0.3,-0.2,-0.1546618944274148,0.1112513292844153,0.06632971171270935,0.34354105280481656
1080,SO2,2022-09-25T01:00:00Z,train,1080_42401_01155,missing_BF,linear_offline,0.03333333333333333,0.1,0.03333333333333333,0.034413736715073966,0.15007926594214419,0.08475074550394479,0.3058834350573174
1080,SO2,2022-09-25T02:00:00Z,train,1080_42401_01155,missing_BF,linear_offline,0.06666666666666667,0.1,0.06666666666666667,0.0556438961160687,0.14329997402210884,0.07682046299160217,0.3026440686804989
1080,SO2,2022-09-26T14:00:00Z,train,1080_42401_01156,missing_AM,linear_offline,-0.05,0.2,-0.05,-0.04487961117398552,0.13560011680604617,0.06176763161309423,0.3550441798000361
1080,SO2,2022-09-26T18:00:00Z,train,1080_42401_01157,missing_AM,linear_offline,-0.2714285714285714,0.3,-0.2714285714285714,-0.2238790526380339,0.12499107287205113,0.04698785049719445,0.36606543133247493
1080,SO2,2022-09-26T19:00:00Z,train,1080_42401_01157,missing_AM,linear_offline,-0.24285714285714285,0.3,-0.24285714285714285,-0.21271467516757936,0.11208708152820637,0.029441917312926946,0.37299944445331457
1080,SO2,2022-09-26T20:00:00Z,train,1080_42401_01157,missing_AM,linear_offline,-0.21428571428571427,0.3,-0.21428571428571427,-0.20155029769712485,0.13485178433433173,0.030165391288733523,0.3894368481814454
1080,SO2,2022-09-26T21:00:00Z,train,1080_42401_01157,missing_AM,linear_offline,-0.18571428571428572,0.3,-0.18571428571428572,-0.19038592022667034,0.09774639435994184,0.040191680430259724,0.3903968528574039
1080,SO2,2022-09-26T22:00:00Z,train,1080_42401_01157,missing_AM,linear_offline,-0.15714285714285714,0.3,-0.15714285714285714,-0.17922154275621582,0.0885075239250549,0.051886445021788186,0.37853869862940087
1080,SO2,2022-09-26T23:00:00Z,train,1080_42401_01157,missing_AM,linear_offline,-0.12857142857142856,0.2,-0.12857142857142856,-0.1680571652857613,0.09956129756410542,0.039969395672475705,0.36606537308175224
1080,SO2,2022-09-27T03:00:00Z,train,1080_42401_01158,missing_AM,linear_offline,-0.15000000000000002,0.1,-0.15000000000000002,-0.1502912218353524,0.06885051173710782,0.08252644165803705,0.34668373754465076
1080,SO2,2022-09-27T10:00:00Z,train,1080_42401_01159,missing_AM,linear_offline,-0.1,0.1,-0.1,-0.06165120679569401,0.058446816163274795,0.03371268554837065,0.36674993557480207
1080,SO2,2022-09-27T15:00:00Z,train,1080_42401_01160,missing_AM,linear_offline,0.020000000000000004,0.3,0.020000000000000004,0.006261627074056135,0.12911430658960238,0.13405379312152432,0.34591070676651586
1080,SO2,2022-09-27T16:00:00Z,train,1080_42401_01160,missing_AM,linear_offline,-0.06,0.4,-0.06,-0.03056479970206019,0.206227851114138,0.2268959502211722,0.3674535861015433
1080,SO2,2022-09-27T17:00:00Z,train,1080_42401_01160,missing_AM,linear_offline,-0.13999999999999999,0.35,-0.13999999999999999,-0.06739122647817654,0.1522278292858746,0.2431079564185253,0.3705251212242821
1080,SO2,2022-09-27T18:00:00Z,train,1080_42401_01160,missing_AM,linear_offline,-0.22,0.3,-0.22,-0.1042176532542929,0.16448252894925816,0.270000203495681,0.37247179848518036
1080,SO2,2022-09-30T00:00:00Z,train,1080_42401_01163,missing_AM,linear_offline,0.0,0.2,0.0,0.029237261737670328,0.18902050025550463,0.2534482606433912,0.32242781623766803
1080,SO2,2022-09-30T01:00:00Z,train,1080_42401_01163,missing_AM,linear_offline,0.0,0.1,0.0,0.023781777303974426,0.158893619672749,0.22801209231863034,0.3403995440014467
1080,SO2,2022-09-30T02:00:00Z,train,1080_42401_01163,missing_AM,linear_offline,0.0,0.1,0.0,0.018326292870278527,0.1532021891243059,0.2165298554888354,0.37265007846264253
1080,SO2,2022-09-30T03:00:00Z,train,1080_42401_01163,missing_AM,linear_offline,0.0,0.1,0.0,0.012870808436582629,0.1526039396396016,0.19444375903936484,0.36516555960568314
1080,SO2,2022-09-30T04:00:00Z,train,1080_42401_01163,missing_AM,linear_offline,0.0,0.1,0.0,0.00741532400288673,0.1244882963218353,0.18508286790312353,0.33138267435207064
1080,SO2,2022-09-30T05:00:00Z,train,1080_42401_01163,missing_AM,linear_offline,0.0,0.1,0.0,0.0019598395691908313,0.12289647882289276,0.17299062950532165,0.30557669039230345
1080,SO2,2022-09-30T06:00:00Z,train,1080_42401_01163,missing_AM,linear_offline,0.0,0.1,0.0,-0.003495644864505071,0.13367161012995693,0.18970491712174772,0.30995372250861386
1080,SO2,2022-09-30T09:00:00Z,train,1080_42401_01164,missing_AM,linear_offline,-0.075,0.1,-0.075,-0.06112209979209255,0.10221808390062315,0.2034248263383077,0.3658433577335606
1080,SO2,2022-09-30T10:00:00Z,train,1080_42401_01164,missing_AM,linear_offline,-0.15,0.1,-0.15,-0.09888645655408726,0.09530832492444344,0.2011200782443654,0.3686182110036301
1080,SO2,2022-09-30T11:00:00Z,train,1080_42401_01164,missing_AM,linear_offline,-0.22499999999999998,0.1,-0.22499999999999998,-0.13665081331608198,0.050865397229121034,0.18157914518405835,0.3624832012019046
1080,SO2,2022-09-30T13:00:00Z,train,1080_42401_01165,missing_AM,linear_offline,-0.15,0.2,-0.15,-0.0865946969181482,0.08541059512789348,0.20169812929097705,0.33006997247223635
1080,SO2,2022-10-01T10:00:00Z,validation,1080_42401_01166,missing_AM,linear_offline,-0.25,0.1,-0.25,-0.17442678949042553,0.08333178702458405,-0.01675789586676002,0.3625412771724263
1080,SO2,2022-10-01T12:00:00Z,validation,1080_42401_01167,missing_AM,linear_offline,-0.13333333333333333,0.1,-0.13333333333333333,-0.10210492670249352,0.06641263161645816,-0.051133161844765795,0.3603286671590985
1080,SO2,2022-10-01T13:00:00Z,validation,1080_42401_01167,missing_AM,linear_offline,0.033333333333333326,0.2,0.033333333333333326,-0.012032614674014036,0.08535415017760714,0.0028109101643540857,0.3716215745774711
1080,SO2,2022-10-02T01:00:00Z,validation,1080_42401_01168,missing_BF,linear_offline,0.7333333333333334,0.1,0.7333333333333334,0.7543254233180249,0.5042070056285137,0.23228437507286395,0.3629593353278302
1080,SO2,2022-10-02T02:00:00Z,validation,1080_42401_01168,missing_BF,linear_offline,1.0666666666666667,0.1,1.0666666666666667,0.9469327319929582,0.467965284556764,0.2357697925023239,0.3641739793973567
1080,SO2,2022-10-05T18:00:00Z,validation,1080_42401_01169,missing_BA,linear_offline,1.55,0.3,1.55,1.4454725708484548,0.8082533806660849,0.9839631906163256,0.37391098452799515
1080,SO2,2022-10-09T01:00:00Z,validation,1080_42401_01170,missing_BF,linear_offline,1.0,0.1,1.0,0.8962468907269352,0.5353068625950368,0.7259113240863215,0.3611088809794751
1080,SO2,2022-10-09T02:00:00Z,validation,1080_42401_01170,missing_BF,linear_offline,1.0,0.1,1.0,0.9028822860401406,0.5558399074015149,0.7461130242194597,0.3440479560546679
1080,SO2,2022-10-12T18:00:00Z,validation,1080_42401_01171,missing_AM,linear_offline,-0.05,0.3,-0.05,0.02753417242874135,0.4554590728354868,0.6126159984836839,0.31101706396662393
1080,SO2,2022-10-16T01:00:00Z,validation,1080_42401_01172,missing_BC,linear_offline,1.0666666666666667,0.1,1.0666666666666667,1.1048362135187635,0.721735999660005,0.8221255572717558,0.338942362125991
1080,SO2,2022-10-16T02:00:00Z,validation,1080_42401_01172,missing_BC,linear_offline,1.0333333333333334,0.1,1.0333333333333334,1.0831713990387843,0.7262094221596862,0.8352898710953011,0.33349688797276494
1080,SO2,2022-10-17T14:00:00Z,validation,1080_42401_01173,missing_AZ,linear_offline,0.7,0.2,0.7,0.7181734514935623,0.4888849685350952,0.6409955175752347,0.3448117377102407
1080,SO2,2022-10-17T15:00:00Z,validation,1080_42401_01173,missing_AZ,linear_offline,0.7,0.3,0.7,0.7032940648692826,0.501285833824388,0.6428673462981468,0.3286837144923256
1080,SO2,2022-10-17T16:00:00Z,validation,1080_42401_01173,missing_AZ,linear_offline,0.7,0.4,0.7,0.6884146782450029,0.5158120204190579,0.6221152350863133,0.3251090933624066
1080,SO2,2022-10-18T19:00:00Z,validation,1080_42401_01174,missing_BA,linear_offline,1.0,0.3,1.0,0.9839955374795903,0.5905305573548436,0.6786306104964037,0.35205284135976034
1080,SO2,2022-10-23T01:00:00Z,validation,1080_42401_01175,missing_BF,linear_offline,1.2666666666666666,0.1,1.2666666666666666,1.283943013661462,0.8352930166343263,0.9251921724715204,0.3155955744107077
1080,SO2,2022-10-23T02:00:00Z,validation,1080_42401_01175,missing_BF,linear_offline,1.2333333333333334,0.1,1.2333333333333334,1.310994399747545,0.7905767328601017,0.9114158765553968,0.3135551171269491
1080,SO2,2022-10-30T01:00:00Z,validation,1080_42401_01176,missing_BF,linear_offline,0.6666666666666667,0.1,0.6666666666666667,0.5238314757258709,0.4275529136791935,0.47744826920776295,0.35602152134733506
1080,SO2,2022-10-30T02:00:00Z,validation,1080_42401_01176,missing_BF,linear_offline,0.4333333333333334,0.1,0.4333333333333334,0.4128492456950433,0.380714239339077,0.436499496550304,0.3351546416491221
1080,SO2,2022-11-03T14:00:00Z,test,1080_42401_01177,missing_BA,linear_offline,1.35,0.2,1.35,1.3373872660791182,1.0873433112056063,1.2962524215441924,0.3307050873830629
1080,SO2,2022-11-06T01:00:00Z,test,1080_42401_01178,missing_BF,linear_offline,0.9,0.1,0.9,0.8409589934465478,0.39742231961286645,0.4658536958592609,0.30243106763164357
1080,SO2,2022-11-06T02:00:00Z,test,1080_42401_01178,missing_BF,linear_offline,0.7,0.1,0.7,0.7348347859255494,0.3314178031785227,0.49206072512273646,0.2951847068544012
1080,SO2,2022-11-12T06:00:00Z,test,1080_42401_01179,missing_AM,linear_offline,-0.1,0.1,-0.1,-0.04155787781723792,0.14949629270946527,0.06473603019064073,0.32386895914069813
1080,SO2,2022-11-13T01:00:00Z,test,1080_42401_01180,missing_BC,linear_offline,0.33333333333333337,0.1,0.33333333333333337,0.31193146966762214,0.3282460149213647,0.2929625692072435,0.3327929789584418
1080,SO2,2022-11-13T02:00:00Z,test,1080_42401_01180,missing_BC,linear_offline,0.2666666666666667,0.1,0.2666666666666667,0.32262306543741487,0.31413117672697877,0.2755718450735828,0.35206770621605676
1080,SO2,2022-11-15T13:00:00Z,test,1080_42401_01181,missing_AM,linear_offline,-0.3,0.2,-0.3,-0.2759754266796826,0.12909948178067784,0.06596028562941098,0.33167780163857824
1080,SO2,2022-11-15T14:00:00Z,test,1080_42401_01181,missing_AM,linear_offline,-0.3,0.2,-0.3,-0.2731405022937068,0.05251194128203063,0.021011173716595444,0.343851489109381
1080,SO2,2022-11-16T15:00:00Z,test,1080_42401_01182,missing_BA,linear_offline,0.16666666666666666,0.3,0.16666666666666666,0.21038659100425527,0.4933573862098101,0.5313659245141431,0.36110864433591416
1080,SO2,2022-11-16T16:00:00Z,test,1080_42401_01182,missing_BA,linear_offline,0.3333333333333333,0.4,0.3333333333333333,0.32212690214572204,0.4908045628506129,0.5264190110150783,0.35878615889691284
1080,SO2,2022-11-16T18:00:00Z,test,1080_42401_01183,missing_BC,linear_offline,0.5,0.3,0.5,0.4794747377158445,0.5059550078776682,0.5262290262830256,0.35755218650946385
1080,SO2,2022-11-16T19:00:00Z,test,1080_42401_01183,missing_BC,linear_offline,0.5,0.3,0.5,0.5250822621445002,0.5346225767929198,0.49947706150878757,0.3508111398295445
1080,SO2,2022-11-16T20:00:00Z,test,1080_42401_01183,missing_BC,linear_offline,0.5,0.3,0.5,0.5706897865731558,0.5627045511929714,0.5516938248379886,0.356460564325588
1080,SO2,2022-11-20T01:00:00Z,test,1080_42401_01184,missing_BF,linear_offline,0.13333333333333336,0.1,0.13333333333333336,0.11551579984452327,0.08306910539061466,0.0489036585157373,0.35403172034829555
1080,SO2,2022-11-20T02:00:00Z,test,1080_42401_01184,missing_BF,linear_offline,0.06666666666666668,0.1,0.06666666666666668,0.0744459518870849,0.06926869367529748,0.014751725808524019,0.33928171263303053
1080,SO2,2022-11-20T04:00:00Z,test,1080_42401_01185,missing_AM,linear_offline,0.0,0.1,0.0,0.025682359901854634,0.0493408010641625,-0.008011899359231633,0.3392740945307038
1080,SO2,2022-11-20T05:00:00Z,test,1080_42401_01185,missing_AM,linear_offline,0.0,0.1,0.0,0.01798861587406276,0.03635196754272013,0.0337879454820858,0.3307698112173116
1080,SO2,2022-11-20T06:00:00Z,test,1080_42401_01185,missing_AM,linear_offline,0.0,0.1,0.0,0.01029487184627088,0.03681360452003629,-0.022210105259797053,0.33148525387472727
1080,SO2,2022-11-20T07:00:00Z,test,1080_42401_01185,missing_AM,linear_offline,0.0,0.1,0.0,0.0026011278184790015,0.03505848112003307,-0.015211746934406245,0.32999818573786155
1080,SO2,2022-11-20T08:00:00Z,test,1080_42401_01185,missing_AM,linear_offline,0.0,0.1,0.0,-0.005092616209312874,0.026097510320418182,-0.006609047204694574,0.3209606734886324
1080,SO2,2022-11-20T09:00:00Z,test,1080_42401_01185,missing_AM,linear_offline,0.0,0.1,0.0,-0.012786360237104756,0.032877195432831685,0.0023306912064998686,0.3081539681330198
1080,SO2,2022-11-20T10:00:00Z,test,1080_42401_01185,missing_AM,linear_offline,0.0,0.1,0.0,-0.02048010426489663,0.04470820846473145,0.019047308851833533,0.31861793136081573
1080,SO2,2022-11-27T01:00:00Z,test,1080_42401_01186,missing_BF,linear_offline,0.13333333333333333,0.1,0.13333333333333333,0.13000346876794203,0.24157192854923887,0.1888180061807544,0.2892361794600266
1080,SO2,2022-11-27T02:00:00Z,test,1080_42401_01186,missing_BF,linear_offline,0.16666666666666669,0.1,0.16666666666666669,0.15674301057097262,0.23329865121901838,0.16275098252926362,0.3232848918866337
1080,SO2,2022-11-30T15:00:00Z,test,1080_42401_01187,missing_BA,linear_offline,0.1,0.3,0.1,0.07736797796308405,0.39312056199295176,0.389220705234235,0.3633140531036494
1080,SO2,2022-12-04T01:00:00Z,test,1080_42401_01188,missing_BF,linear_offline,0.5333333333333334,0.1,0.5333333333333334,0.5156547950100132,0.15527313338005222,0.11405908693146416,0.33752931154414556
1080,SO2,2022-12-04T02:00:00Z,test,1080_42401_01188,missing_BF,linear_offline,0.2666666666666667,0.1,0.2666666666666667,0.34343048298614826,0.15294211421017687,0.1952094502264408,0.337586787714257
1080,SO2,2022-12-11T01:00:00Z,test,1080_42401_01189,missing_BC,linear_offline,0.33333333333333337,0.1,0.33333333333333337,0.40750183916338556,0.5135613872464945,0.5014950704202895,0.3418466011731649
1080,SO2,2022-12-11T02:00:00Z,test,1080_42401_01189,missing_BC,linear_offline,0.5666666666666668,0.1,0.5666666666666668,0.5529659554070059,0.509591454868382,0.5416893505921097,0.34616117395207124
1080,SO2,2022-12-12T16:00:00Z,test,1080_42401_01190,missing_BC,linear_offline,0.9,0.4,0.9,0.8992908376078564,0.6173041622725609,0.7755307459415097,0.3379768163500367
1080,SO2,2022-12-12T17:00:00Z,test,1080_42401_01190,missing_AZ,linear_offline,1.0,0.35,1.0,0.9701019970558323,0.6248894257544122,0.7515670393849001,0.3381192138823219
1080,SO2,2022-12-12T18:00:00Z,test,1080_42401_01190,missing_AZ,linear_offline,1.1,0.3,1.1,1.0409131565038083,0.66130803970829,0.7337408619737722,0.34800147447132757
1080,SO2,2022-12-12T19:00:00Z,test,1080_42401_01190,missing_BA,linear_offline,1.2000000000000002,0.3,1.2000000000000002,1.1117243159517844,0.6806187076618047,0.7688941828547449,0.3351818775026497
1080,SO2,2022-12-15T16:00:00Z,test,1080_42401_01191,missing_AZ,linear_offline,0.45,0.4,0.45,0.4312663555469257,0.3334257674810309,0.35931626959875085,0.33027453444764204
1080,SO2,2022-12-15T17:00:00Z,test,1080_42401_01191,missing_AZ,linear_offline,0.5,0.35,0.5,0.4781157055262359,0.34449336474470976,0.3358089064850329,0.318573584357498
1080,SO2,2022-12-15T18:00:00Z,test,1080_42401_01191,missing_AZ,linear_offline,0.55,0.3,0.55,0.5249650555055461,0.30331403390650974,0.33211958240079753,0.3109632075328271
1080,SO2,2022-12-18T01:00:00Z,test,1080_42401_01192,missing_BF,linear_offline,0.06666666666666668,0.1,0.06666666666666668,0.045515613766308735,0.19221928044128903,0.2485150069387971,0.33554614475631983
1080,SO2,2022-12-18T02:00:00Z,test,1080_42401_01192,missing_BF,linear_offline,0.03333333333333334,0.1,0.03333333333333334,0.028133768439465752,0.18635185989691955,0.2631465181214305,0.37544800630023745
1080,SO2,2022-12-25T01:00:00Z,test,1080_42401_01194,missing_BF,linear_offline,-0.2,0.1,-0.2,-0.09251620406893334,0.3616663695209772,0.3827104297142615,0.36138444694516936
1080,SO2,2022-12-25T02:00:00Z,test,1080_42401_01194,missing_BF,linear_offline,-0.1,0.1,-0.1,-0.026077012309430575,0.36603593098210274,0.3628934683231488,0.40911919579309236
1080,SO2,2023-01-01T01:00:00Z,test,1080_42401_01195,missing_BF,linear_offline,1.3333333333333335,0.1,1.3333333333333335,1.2933897573950812,0.7331779852404212,1.7534798191527723,0.4537120171605761
1080,SO2,2023-01-01T02:00:00Z,test,1080_42401_01195,missing_BF,linear_offline,0.8666666666666668,0.1,0.8666666666666668,0.9530508021969551,0.6708910117247859,1.6173768890867484,0.516976000922525
