gap_id,site,pollutant,start_utc,end_utc,hours,split,recorded_causes,bounded_by_observations,eligible_under_pilot_policy
1069_42101_00001,1069,CO,2022-01-02T18:00:00Z,2022-01-02T18:00:00Z,1,train,BF - Precision/Zero/Span.,1,1
1069_42101_00002,1069,CO,2022-01-06T19:00:00Z,2022-01-06T20:00:00Z,2,train,BA - Maintenance/Routine Repairs.,1,1
1069_42101_00003,1069,CO,2022-01-09T18:00:00Z,2022-01-09T19:00:00Z,2,train,BC - Multi-point Calibration.,1,1
1069_42101_00004,1069,CO,2022-01-15T10:00:00Z,2022-01-15T12:00:00Z,3,train,AF - Scheduled but not Collected. | AI - Insufficient Data (cannot calculate). | AM - Miscellaneous Void.,1,1
1069_42101_00005,1069,CO,2022-01-16T18:00:00Z,2022-01-16T18:00:00Z,1,train,BF - Precision/Zero/Span.,1,1
1069_42101_00006,1069,CO,2022-01-20T15:00:00Z,2022-01-20T16:00:00Z,2,train,BA - Maintenance/Routine Repairs.,1,1
1069_42101_00007,1069,CO,2022-01-23T18:00:00Z,2022-01-23T18:00:00Z,1,train,BF - Precision/Zero/Span.,1,1
1069_42101_00008,1069,CO,2022-01-24T19:00:00Z,2022-01-24T19:00:00Z,1,train,BF - Precision/Zero/Span.,1,1
1069_42101_00009,1069,CO,2022-01-30T18:00:00Z,2022-01-30T18:00:00Z,1,train,BF - Precision/Zero/Span.,1,1
1069_42101_00010,1069,CO,2022-02-01T22:00:00Z,2022-02-01T22:00:00Z,1,train,BA - Maintenance/Routine Repairs.,1,1
1069_42101_00011,1069,CO,2022-02-06T18:00:00Z,2022-02-06T19:00:00Z,2,train,BC - Multi-point Calibration.,1,1
1069_42101_00012,1069,CO,2022-02-07T18:00:00Z,2022-02-07T23:00:00Z,6,train,AL - Voided by Operator. | AZ - Q C Audit.,1,1
1069_42101_00013,1069,CO,2022-02-13T18:00:00Z,2022-02-13T18:00:00Z,1,train,BC - Multi-point Calibration.,1,1
1069_42101_00014,1069,CO,2022-02-15T01:00:00Z,2022-02-15T02:00:00Z,2,train,BF - Precision/Zero/Span.,1,1
1069_42101_00015,1069,CO,2022-02-20T18:00:00Z,2022-02-20T18:00:00Z,1,train,BF - Precision/Zero/Span.,1,1
1069_42101_00016,1069,CO,2022-02-25T17:00:00Z,2022-02-25T18:00:00Z,2,train,BA - Maintenance/Routine Repairs. | BF - Precision/Zero/Span.,1,1
1069_42101_00017,1069,CO,2022-02-27T18:00:00Z,2022-02-27T18:00:00Z,1,train,BF - Precision/Zero/Span.,1,1
1069_42101_00018,1069,CO,2022-02-28T16:00:00Z,2022-02-28T18:00:00Z,3,train,AZ - Q C Audit. | BF - Precision/Zero/Span.,1,1
1069_42101_00019,1069,CO,2022-03-06T18:00:00Z,2022-03-06T19:00:00Z,2,train,BC - Multi-point Calibration.,1,1
1069_42101_00020,1069,CO,2022-03-13T18:00:00Z,2022-03-13T18:00:00Z,1,train,BF - Precision/Zero/Span.,1,1
1069_42101_00021,1069,CO,2022-03-14T16:00:00Z,2022-03-14T16:00:00Z,1,train,BA - Maintenance/Routine Repairs.,1,1
1069_42101_00022,1069,CO,2022-03-20T18:00:00Z,2022-03-20T18:00:00Z,1,train,BF - Precision/Zero/Span.,1,1
1069_42101_00023,1069,CO,2022-03-27T18:00:00Z,2022-03-27T18:00:00Z,1,train,BF - Precision/Zero/Span.,1,1
1069_42101_00024,1069,CO,2022-04-03T18:00:00Z,2022-04-03T19:00:00Z,2,train,BC - Multi-point Calibration.,1,1
1069_42101_00025,1069,CO,2022-04-10T18:00:00Z,2022-04-10T18:00:00Z,1,train,BF - Precision/Zero/Span.,1,1
1069_42101_00026,1069,CO,2022-04-13T16:00:00Z,2022-04-13T18:00:00Z,3,train,BA - Maintenance/Routine Repairs.,1,1
1069_42101_00027,1069,CO,2022-04-17T18:00:00Z,2022-04-17T18:00:00Z,1,train,BF - Precision/Zero/Span.,1,1
1069_42101_00028,1069,CO,2022-04-20T15:00:00Z,2022-04-20T16:00:00Z,2,train,AZ - Q C Audit.,1,1
1069_42101_00029,1069,CO,2022-04-24T18:00:00Z,2022-04-24T18:00:00Z,1,train,BF - Precision/Zero/Span.,1,1
1069_42101_00030,1069,CO,2022-04-28T13:00:00Z,2022-04-28T15:00:00Z,3,train,BA - Maintenance/Routine Repairs.,1,1
1069_42101_00031,1069,CO,2022-05-01T18:00:00Z,2022-05-01T19:00:00Z,2,train,BC - Multi-point Calibration.,1,1
1069_42101_00032,1069,CO,2022-05-08T18:00:00Z,2022-05-08T18:00:00Z,1,train,BF - Precision/Zero/Span.,1,1
1069_42101_00033,1069,CO,2022-05-10T18:00:00Z,2022-05-10T18:00:00Z,1,train,BA - Maintenance/Routine Repairs.,1,1
1069_42101_00034,1069,CO,2022-05-15T18:00:00Z,2022-05-15T18:00:00Z,1,train,BF - Precision/Zero/Span.,1,1
1069_42101_00035,1069,CO,2022-05-18T22:00:00Z,2022-05-19T00:00:00Z,3,train,AM - Miscellaneous Void.,1,1
1069_42101_00036,1069,CO,2022-05-19T22:00:00Z,2022-05-20T00:00:00Z,3,train,AM - Miscellaneous Void.,1,1
1069_42101_00037,1069,CO,2022-05-20T15:00:00Z,2022-05-20T15:00:00Z,1,train,BA - Maintenance/Routine Repairs.,1,1
1069_42101_00038,1069,CO,2022-05-21T20:00:00Z,2022-05-22T01:00:00Z,6,train,AM - Miscellaneous Void.,1,1
1069_42101_00039,1069,CO,2022-05-24T13:00:00Z,2022-05-24T14:00:00Z,2,train,BA - Maintenance/Routine Repairs.,1,1
1069_42101_00040,1069,CO,2022-05-25T12:00:00Z,2022-05-25T13:00:00Z,2,train,BC - Multi-point Calibration.,1,1
1069_42101_00041,1069,CO,2022-05-25T16:00:00Z,2022-05-25T17:00:00Z,2,train,BC - Multi-point Calibration.,1,1
1069_42101_00042,1069,CO,2022-05-26T11:00:00Z,2022-05-26T13:00:00Z,3,train,BC - Multi-point Calibration.,1,1
1069_42101_00043,1069,CO,2022-05-27T16:00:00Z,2022-05-27T18:00:00Z,3,train,BC - Multi-point Calibration.,1,1
1069_42101_00044,1069,CO,2022-05-29T18:00:00Z,2022-05-29T19:00:00Z,2,train,BC - Multi-point Calibration.,1,1
1069_42101_00045,1069,CO,2022-06-02T14:00:00Z,2022-06-02T16:00:00Z,3,train,BC - Multi-point Calibration.,1,1
1069_42101_00046,1069,CO,2022-06-05T18:00:00Z,2022-06-05T18:00:00Z,1,train,BF - Precision/Zero/Span.,1,1
1069_42101_00047,1069,CO,2022-06-07T16:00:00Z,2022-06-07T16:00:00Z,1,train,BA - Maintenance/Routine Repairs.,1,1
1069_42101_00048,1069,CO,2022-06-12T18:00:00Z,2022-06-12T18:00:00Z,1,train,BF - Precision/Zero/Span.,1,1
1069_42101_00049,1069,CO,2022-06-14T16:00:00Z,2022-06-14T21:00:00Z,6,train,AZ - Q C Audit.,1,1
1069_42101_00050,1069,CO,2022-06-14T23:00:00Z,2022-06-15T00:00:00Z,2,train,BC - Multi-point Calibration.,1,1
1069_42101_00051,1069,CO,2022-06-16T16:00:00Z,2022-06-16T20:00:00Z,5,train,AZ - Q C Audit.,1,1
1069_42101_00052,1069,CO,2022-06-19T18:00:00Z,2022-06-19T18:00:00Z,1,train,BF - Precision/Zero/Span.,1,1
1069_42101_00053,1069,CO,2022-06-20T17:00:00Z,2022-06-20T20:00:00Z,4,train,BA - Maintenance/Routine Repairs. | BC - Multi-point Calibration.,1,1
1069_42101_00054,1069,CO,2022-06-26T18:00:00Z,2022-06-26T19:00:00Z,2,train,BC - Multi-point Calibration.,1,1
1069_42101_00055,1069,CO,2022-06-27T18:00:00Z,2022-06-27T18:00:00Z,1,train,BA - Maintenance/Routine Repairs.,1,1
1069_42101_00056,1069,CO,2022-06-28T15:00:00Z,2022-06-28T16:00:00Z,2,train,BA - Maintenance/Routine Repairs.,1,1
1069_42101_00057,1069,CO,2022-06-29T18:00:00Z,2022-06-29T19:00:00Z,2,train,BA - Maintenance/Routine Repairs.,1,1
1069_42101_00058,1069,CO,2022-06-29T22:00:00Z,2022-06-29T23:00:00Z,2,train,BC - Multi-point Calibration.,1,1
1069_42101_00059,1069,CO,2022-07-03T18:00:00Z,2022-07-03T18:00:00Z,1,train,BF - Precision/Zero/Span.,1,1
1069_42101_00060,1069,CO,2022-07-11T17:00:00Z,2022-07-11T17:00:00Z,1,train,BA - Maintenance/Routine Repairs.,1,1
1069_42101_00061,1069,CO,2022-07-11T19:00:00Z,2022-07-11T20:00:00Z,2,train,BF - Precision/Zero/Span.,1,1
1069_42101_00062,1069,CO,2022-07-17T18:00:00Z,2022-07-17T18:00:00Z,1,train,BF - Precision/Zero/Span.,1,1
1069_42101_00063,1069,CO,2022-07-24T18:00:00Z,2022-07-24T18:00:00Z,1,train,BF - Precision/Zero/Span.,1,1
1069_42101_00064,1069,CO,2022-07-28T13:00:00Z,2022-07-28T19:00:00Z,7,train,AZ - Q C Audit.,1,1
1069_42101_00065,1069,CO,2022-07-28T22:00:00Z,2022-07-28T23:00:00Z,2,train,BC - Multi-point Calibration.,1,1
1069_42101_00066,1069,CO,2022-07-31T18:00:00Z,2022-07-31T18:00:00Z,1,train,BF - Precision/Zero/Span.,1,1
1069_42101_00067,1069,CO,2022-08-03T14:00:00Z,2022-08-03T16:00:00Z,3,train,AZ - Q C Audit.,1,1
1069_42101_00068,1069,CO,2022-08-07T18:00:00Z,2022-08-07T18:00:00Z,1,train,BF - Precision/Zero/Span.,1,1
1069_42101_00069,1069,CO,2022-08-09T14:00:00Z,2022-08-09T14:00:00Z,1,train,BA - Maintenance/Routine Repairs.,1,1
1069_42101_00070,1069,CO,2022-08-14T18:00:00Z,2022-08-14T18:00:00Z,1,train,BF - Precision/Zero/Span.,1,1
1069_42101_00071,1069,CO,2022-08-21T18:00:00Z,2022-08-21T18:00:00Z,1,train,BF - Precision/Zero/Span.,1,1
1069_42101_00072,1069,CO,2022-08-28T18:00:00Z,2022-08-28T18:00:00Z,1,train,BF - Precision/Zero/Span.,1,1
1069_42101_00073,1069,CO,2022-09-04T18:00:00Z,2022-09-04T18:00:00Z,1,train,BF - Precision/Zero/Span.,1,1
1069_42101_00074,1069,CO,2022-09-11T18:00:00Z,2022-09-11T18:00:00Z,1,train,BF - Precision/Zero/Span.,1,1
1069_42101_00075,1069,CO,2022-09-15T16:00:00Z,2022-09-15T16:00:00Z,1,train,BA - Maintenance/Routine Repairs.,1,1
1069_42101_00076,1069,CO,2022-09-18T18:00:00Z,2022-09-18T18:00:00Z,1,train,BF - Precision/Zero/Span.,1,1
1069_42101_00077,1069,CO,2022-09-19T14:00:00Z,2022-09-19T17:00:00Z,4,train,AZ - Q C Audit.,1,1
1069_42101_00078,1069,CO,2022-09-20T14:00:00Z,2022-09-20T16:00:00Z,3,train,BA - Maintenance/Routine Repairs. | BC - Multi-point Calibration.,1,1
1069_42101_00079,1069,CO,2022-09-25T18:00:00Z,2022-09-25T18:00:00Z,1,train,BF - Precision/Zero/Span.,1,1
1069_42101_00080,1069,CO,2022-10-01T18:00:00Z,2022-10-01T18:00:00Z,1,validation,BF - Precision/Zero/Span.,1,1
1069_42101_00081,1069,CO,2022-10-02T18:00:00Z,2022-10-02T18:00:00Z,1,validation,BF - Precision/Zero/Span.,1,1
1069_42101_00082,1069,CO,2022-10-05T13:00:00Z,2022-10-05T14:00:00Z,2,validation,BA - Maintenance/Routine Repairs.,1,1
1069_42101_00083,1069,CO,2022-10-09T18:00:00Z,2022-10-09T18:00:00Z,1,validation,BF - Precision/Zero/Span.,1,1
1069_42101_00084,1069,CO,2022-10-16T18:00:00Z,2022-10-16T18:00:00Z,1,validation,BF - Precision/Zero/Span.,1,1
1069_42101_00085,1069,CO,2022-10-18T13:00:00Z,2022-10-18T20:00:00Z,8,validation,AZ - Q C Audit. | BA - Maintenance/Routine Repairs. | BC - Multi-point Calibration.,1,1
1069_42101_00086,1069,CO,2022-10-30T18:00:00Z,2022-10-30T18:00:00Z,1,validation,BF - Precision/Zero/Span.,1,1
1069_42101_00087,1069,CO,2022-10-31T16:00:00Z,2022-10-31T16:00:00Z,1,validation,BA - Maintenance/Routine Repairs.,1,1
1069_42101_00088,1069,CO,2022-11-06T18:00:00Z,2022-11-06T18:00:00Z,1,test,BF - Precision/Zero/Span.,1,1
1069_42101_00089,1069,CO,2022-11-08T17:00:00Z,2022-11-08T18:00:00Z,2,test,BA - Maintenance/Routine Repairs.,1,1
1069_42101_00090,1069,CO,2022-11-08T22:00:00Z,2022-11-08T23:00:00Z,2,test,BC - Multi-point Calibration.,1,1
1069_42101_00091,1069,CO,2022-11-10T15:00:00Z,2022-11-10T21:00:00Z,7,test,AZ - Q C Audit.,1,1
1069_42101_00092,1069,CO,2022-11-13T12:00:00Z,2022-11-13T18:00:00Z,7,test,AF - Scheduled but not Collected. | AI - Insufficient Data (cannot calculate). | BF - Precision/Zero/Span.,1,1
1069_42101_00093,1069,CO,2022-11-16T17:00:00Z,2022-11-16T18:00:00Z,2,test,BA - Maintenance/Routine Repairs.,1,1
1069_42101_00094,1069,CO,2022-11-20T18:00:00Z,2022-11-20T18:00:00Z,1,test,BF - Precision/Zero/Span.,1,1
1069_42101_00095,1069,CO,2022-11-27T18:00:00Z,2022-11-27T18:00:00Z,1,test,BF - Precision/Zero/Span.,1,1
1069_42101_00096,1069,CO,2022-11-30T16:00:00Z,2022-11-30T17:00:00Z,2,test,BA - Maintenance/Routine Repairs.,1,1
1069_42101_00097,1069,CO,2022-12-04T18:00:00Z,2022-12-04T18:00:00Z,1,test,BF - Precision/Zero/Span.,1,1
1069_42101_00098,1069,CO,2022-12-11T18:00:00Z,2022-12-11T18:00:00Z,1,test,BF - Precision/Zero/Span.,1,1
1069_42101_00099,1069,CO,2022-12-12T15:00:00Z,2022-12-12T15:00:00Z,1,test,BA - Maintenance/Routine Repairs.,1,1
1069_42101_00100,1069,CO,2022-12-14T03:00:00Z,2022-12-14T05:00:00Z,3,test,BC - Multi-point Calibration.,1,1
1069_42101_00101,1069,CO,2022-12-18T18:00:00Z,2022-12-18T18:00:00Z,1,test,BF - Precision/Zero/Span.,1,1
1069_42101_00102,1069,CO,2022-12-25T18:00:00Z,2022-12-25T18:00:00Z,1,test,BF - Precision/Zero/Span.,1,1
1069_42101_00103,1069,CO,2022-12-28T16:00:00Z,2022-12-28T18:00:00Z,3,test,AZ - Q C Audit.,1,1
0032_42602_00104,32,NO2,2022-01-02T07:00:00Z,2022-01-02T08:00:00Z,2,train,BF - Precision/Zero/Span.,1,1
0032_42602_00105,32,NO2,2022-01-04T15:00:00Z,2022-01-04T16:00:00Z,2,train,BA - Maintenance/Routine Repairs.,1,1
0032_42602_00106,32,NO2,2022-01-09T07:00:00Z,2022-01-09T10:00:00Z,4,train,BC - Multi-point Calibration.,1,1
0032_42602_00107,32,NO2,2022-01-16T07:00:00Z,2022-01-16T08:00:00Z,2,train,BF - Precision/Zero/Span.,1,1
0032_42602_00108,32,NO2,2022-01-18T16:00:00Z,2022-01-18T16:00:00Z,1,train,BA - Maintenance/Routine Repairs.,1,1
0032_42602_00109,32,NO2,2022-01-23T07:00:00Z,2022-01-23T08:00:00Z,2,train,BF - Precision/Zero/Span.,1,1
0032_42602_00110,32,NO2,2022-01-26T15:00:00Z,2022-01-26T18:00:00Z,4,train,AZ - Q C Audit.,1,1
0032_42602_00111,32,NO2,2022-01-26T20:00:00Z,2022-01-26T20:00:00Z,1,train,AI - Insufficient Data (cannot calculate).,1,1
0032_42602_00112,32,NO2,2022-01-30T07:00:00Z,2022-01-30T08:00:00Z,2,train,BF - Precision/Zero/Span.,1,1
0032_42602_00113,32,NO2,2022-02-02T16:00:00Z,2022-02-02T16:00:00Z,1,train,BA - Maintenance/Routine Repairs.,1,1
0032_42602_00114,32,NO2,2022-02-06T07:00:00Z,2022-02-06T10:00:00Z,4,train,BC - Multi-point Calibration.,1,1
0032_42602_00115,32,NO2,2022-02-13T07:00:00Z,2022-02-13T08:00:00Z,2,train,BF - Precision/Zero/Span.,1,1
0032_42602_00116,32,NO2,2022-02-14T16:00:00Z,2022-02-14T16:00:00Z,1,train,BA - Maintenance/Routine Repairs.,1,1
0032_42602_00117,32,NO2,2022-02-20T07:00:00Z,2022-02-20T08:00:00Z,2,train,BF - Precision/Zero/Span.,1,1
0032_42602_00118,32,NO2,2022-02-27T07:00:00Z,2022-02-27T08:00:00Z,2,train,BF - Precision/Zero/Span.,1,1
0032_42602_00119,32,NO2,2022-02-28T15:00:00Z,2022-02-28T16:00:00Z,2,train,BA - Maintenance/Routine Repairs.,1,1
0032_42602_00120,32,NO2,2022-03-02T19:00:00Z,2022-03-02T19:00:00Z,1,train,BA - Maintenance/Routine Repairs.,1,1
0032_42602_00121,32,NO2,2022-03-06T07:00:00Z,2022-03-06T10:00:00Z,4,train,BC - Multi-point Calibration.,1,1
0032_42602_00122,32,NO2,2022-03-10T14:00:00Z,2022-03-10T19:00:00Z,6,train,AZ - Q C Audit.,1,1
0032_42602_00123,32,NO2,2022-03-13T07:00:00Z,2022-03-13T08:00:00Z,2,train,BF - Precision/Zero/Span.,1,1
0032_42602_00124,32,NO2,2022-03-14T15:00:00Z,2022-03-14T16:00:00Z,2,train,BA - Maintenance/Routine Repairs.,1,1
0032_42602_00125,32,NO2,2022-03-15T14:00:00Z,2022-03-16T00:00:00Z,11,train,AL - Voided by Operator. | AZ - Q C Audit.,1,0
0032_42602_00126,32,NO2,2022-03-20T07:00:00Z,2022-03-20T08:00:00Z,2,train,BF - Precision/Zero/Span.,1,1
0032_42602_00127,32,NO2,2022-03-23T15:00:00Z,2022-03-23T16:00:00Z,2,train,AM - Miscellaneous Void. | BC - Multi-point Calibration.,1,1
0032_42602_00128,32,NO2,2022-03-23T21:00:00Z,2022-03-24T00:00:00Z,4,train,BC - Multi-point Calibration.,1,1
0032_42602_00129,32,NO2,2022-03-27T07:00:00Z,2022-03-27T08:00:00Z,2,train,BF - Precision/Zero/Span.,1,1
0032_42602_00130,32,NO2,2022-03-28T15:00:00Z,2022-03-28T16:00:00Z,2,train,BA - Maintenance/Routine Repairs.,1,1
0032_42602_00131,32,NO2,2022-04-03T07:00:00Z,2022-04-03T10:00:00Z,4,train,BC - Multi-point Calibration.,1,1
0032_42602_00132,32,NO2,2022-04-10T07:00:00Z,2022-04-10T08:00:00Z,2,train,BF - Precision/Zero/Span.,1,1
0032_42602_00133,32,NO2,2022-04-12T15:00:00Z,2022-04-13T00:00:00Z,10,train,AZ - Q C Audit. | BC - Multi-point Calibration.,1,0
0032_42602_00134,32,NO2,2022-04-13T17:00:00Z,2022-04-13T19:00:00Z,3,train,AZ - Q C Audit.,1,1
0032_42602_00135,32,NO2,2022-04-17T07:00:00Z,2022-04-17T08:00:00Z,2,train,BF - Precision/Zero/Span.,1,1
0032_42602_00136,32,NO2,2022-04-18T15:00:00Z,2022-04-18T15:00:00Z,1,train,BA - Maintenance/Routine Repairs.,1,1
0032_42602_00137,32,NO2,2022-04-18T17:00:00Z,2022-04-18T20:00:00Z,4,train,BC - Multi-point Calibration.,1,1
0032_42602_00138,32,NO2,2022-04-24T07:00:00Z,2022-04-24T08:00:00Z,2,train,BF - Precision/Zero/Span.,1,1
0032_42602_00139,32,NO2,2022-04-28T17:00:00Z,2022-04-28T17:00:00Z,1,train,BA - Maintenance/Routine Repairs.,1,1
0032_42602_00140,32,NO2,2022-05-01T07:00:00Z,2022-05-01T10:00:00Z,4,train,BC - Multi-point Calibration.,1,1
0032_42602_00141,32,NO2,2022-05-08T07:00:00Z,2022-05-08T08:00:00Z,2,train,BF - Precision/Zero/Span.,1,1
0032_42602_00142,32,NO2,2022-05-10T16:00:00Z,2022-05-10T17:00:00Z,2,train,BA - Maintenance/Routine Repairs.,1,1
0032_42602_00143,32,NO2,2022-05-15T07:00:00Z,2022-05-15T08:00:00Z,2,train,BF - Precision/Zero/Span.,1,1
0032_42602_00144,32,NO2,2022-05-22T07:00:00Z,2022-05-22T08:00:00Z,2,train,BF - Precision/Zero/Span.,1,1
0032_42602_00145,32,NO2,2022-05-24T17:00:00Z,2022-05-24T18:00:00Z,2,train,BA - Maintenance/Routine Repairs.,1,1
0032_42602_00146,32,NO2,2022-05-29T07:00:00Z,2022-05-29T10:00:00Z,4,train,BC - Multi-point Calibration.,1,1
0032_42602_00147,32,NO2,2022-05-31T17:00:00Z,2022-06-01T01:00:00Z,9,train,BA - Maintenance/Routine Repairs. | BC - Multi-point Calibration.,1,0
0032_42602_00148,32,NO2,2022-06-05T07:00:00Z,2022-06-05T08:00:00Z,2,train,BF - Precision/Zero/Span.,1,1
0032_42602_00149,32,NO2,2022-06-09T15:00:00Z,2022-06-09T16:00:00Z,2,train,BA - Maintenance/Routine Repairs.,1,1
0032_42602_00150,32,NO2,2022-06-12T07:00:00Z,2022-06-12T08:00:00Z,2,train,BF - Precision/Zero/Span.,1,1
0032_42602_00151,32,NO2,2022-06-16T13:00:00Z,2022-08-04T18:00:00Z,1182,train,AM - Miscellaneous Void. | AZ - Q C Audit. | BA - Maintenance/Routine Repairs. | BC - Multi-point Calibration. | BF - Precision/Zero/Span.,1,0
0032_42602_00152,32,NO2,2022-08-07T07:00:00Z,2022-08-07T08:00:00Z,2,train,BF - Precision/Zero/Span.,1,1
0032_42602_00153,32,NO2,2022-08-14T07:00:00Z,2022-08-14T08:00:00Z,2,train,BF - Precision/Zero/Span.,1,1
0032_42602_00154,32,NO2,2022-08-18T15:00:00Z,2022-08-18T16:00:00Z,2,train,BA - Maintenance/Routine Repairs.,1,1
0032_42602_00155,32,NO2,2022-08-21T07:00:00Z,2022-08-21T10:00:00Z,4,train,BC - Multi-point Calibration.,1,1
0032_42602_00156,32,NO2,2022-08-22T15:00:00Z,2022-08-22T17:00:00Z,3,train,BA - Maintenance/Routine Repairs.,1,1
0032_42602_00157,32,NO2,2022-08-22T19:00:00Z,2022-08-22T22:00:00Z,4,train,BC - Multi-point Calibration.,1,1
0032_42602_00158,32,NO2,2022-08-28T07:00:00Z,2022-08-28T08:00:00Z,2,train,BF - Precision/Zero/Span.,1,1
0032_42602_00159,32,NO2,2022-09-04T07:00:00Z,2022-09-04T08:00:00Z,2,train,BF - Precision/Zero/Span.,1,1
0032_42602_00160,32,NO2,2022-09-06T16:00:00Z,2022-09-06T17:00:00Z,2,train,BA - Maintenance/Routine Repairs.,1,1
0032_42602_00161,32,NO2,2022-09-06T23:00:00Z,2022-09-07T02:00:00Z,4,train,BC - Multi-point Calibration.,1,1
0032_42602_00162,32,NO2,2022-09-11T07:00:00Z,2022-09-11T08:00:00Z,2,train,BF - Precision/Zero/Span.,1,1
0032_42602_00163,32,NO2,2022-09-18T07:00:00Z,2022-09-18T10:00:00Z,4,train,BC - Multi-point Calibration.,1,1
0032_42602_00164,32,NO2,2022-09-21T17:00:00Z,2022-09-22T00:00:00Z,8,train,BA - Maintenance/Routine Repairs. | BC - Multi-point Calibration.,1,1
0032_42602_00165,32,NO2,2022-09-23T13:00:00Z,2022-09-23T16:00:00Z,4,train,BC - Multi-point Calibration.,1,1
0032_42602_00166,32,NO2,2022-09-25T07:00:00Z,2022-09-25T08:00:00Z,2,train,BF - Precision/Zero/Span.,1,1
0032_42602_00167,32,NO2,2022-09-27T15:00:00Z,2022-09-27T23:00:00Z,9,train,AZ - Q C Audit. | BC - Multi-point Calibration.,1,0
0032_42602_00168,32,NO2,2022-09-28T15:00:00Z,2022-09-28T22:00:00Z,8,train,BA - Maintenance/Routine Repairs. | BC - Multi-point Calibration.,1,1
0032_42602_00169,32,NO2,2022-09-29T14:00:00Z,2022-09-29T17:00:00Z,4,train,AZ - Q C Audit.,1,1
0032_42602_00170,32,NO2,2022-10-02T07:00:00Z,2022-10-02T08:00:00Z,2,validation,BF - Precision/Zero/Span.,1,1
0032_42602_00171,32,NO2,2022-10-06T17:00:00Z,2022-10-06T17:00:00Z,1,validation,BA - Maintenance/Routine Repairs.,1,1
0032_42602_00172,32,NO2,2022-10-09T07:00:00Z,2022-10-09T08:00:00Z,2,validation,BF - Precision/Zero/Span.,1,1
0032_42602_00173,32,NO2,2022-10-16T07:00:00Z,2022-10-16T10:00:00Z,4,validation,BC - Multi-point Calibration.,1,1
0032_42602_00174,32,NO2,2022-10-20T15:00:00Z,2022-10-20T18:00:00Z,4,validation,AZ - Q C Audit. | BA - Maintenance/Routine Repairs.,1,1
0032_42602_00175,32,NO2,2022-10-23T07:00:00Z,2022-10-23T08:00:00Z,2,validation,BF - Precision/Zero/Span.,1,1
0032_42602_00176,32,NO2,2022-10-30T07:00:00Z,2022-10-30T08:00:00Z,2,validation,BF - Precision/Zero/Span.,1,1
0032_42602_00177,32,NO2,2022-11-06T07:00:00Z,2022-11-06T08:00:00Z,2,test,BF - Precision/Zero/Span.,1,1
0032_42602_00178,32,NO2,2022-11-09T17:00:00Z,2022-11-09T18:00:00Z,2,test,BA - Maintenance/Routine Repairs.,1,1
0032_42602_00179,32,NO2,2022-11-13T07:00:00Z,2022-11-13T10:00:00Z,4,test,BC - Multi-point Calibration.,1,1
0032_42602_00180,32,NO2,2022-11-20T07:00:00Z,2022-11-20T08:00:00Z,2,test,BF - Precision/Zero/Span.,1,1
0032_42602_00181,32,NO2,2022-11-22T15:00:00Z,2022-11-22T15:00:00Z,1,test,BA - Maintenance/Routine Repairs.,1,1
0032_42602_00182,32,NO2,2022-11-27T07:00:00Z,2022-11-27T08:00:00Z,2,test,BF - Precision/Zero/Span.,1,1
0032_42602_00183,32,NO2,2022-11-29T16:00:00Z,2022-11-29T16:00:00Z,1,test,BA - Maintenance/Routine Repairs.,1,1
0032_42602_00184,32,NO2,2022-11-29T18:00:00Z,2022-11-29T22:00:00Z,5,test,BC - Multi-point Calibration.,1,1
0032_42602_00185,32,NO2,2022-12-04T07:00:00Z,2022-12-04T08:00:00Z,2,test,BF - Precision/Zero/Span.,1,1
0032_42602_00186,32,NO2,2022-12-06T16:00:00Z,2022-12-06T16:00:00Z,1,test,BA - Maintenance/Routine Repairs.,1,1
0032_42602_00187,32,NO2,2022-12-11T07:00:00Z,2022-12-11T10:00:00Z,4,test,BC - Multi-point Calibration.,1,1
0032_42602_00188,32,NO2,2022-12-18T07:00:00Z,2022-12-18T08:00:00Z,2,test,BF - Precision/Zero/Span.,1,1
0032_42602_00189,32,NO2,2022-12-21T15:00:00Z,2022-12-21T22:00:00Z,8,test,AZ - Q C Audit. | BA - Maintenance/Routine Repairs. | BC - Multi-point Calibration.,1,1
0032_42602_00190,32,NO2,2022-12-25T07:00:00Z,2022-12-25T08:00:00Z,2,test,BF - Precision/Zero/Span.,1,1
0032_42602_00191,32,NO2,2022-12-27T15:00:00Z,2022-12-27T18:00:00Z,4,test,AZ - Q C Audit.,1,1
0052_42602_00192,52,NO2,2022-01-02T07:00:00Z,2022-01-02T08:00:00Z,2,train,BF - Precision/Zero/Span.,1,1
0052_42602_00193,52,NO2,2022-01-04T18:00:00Z,2022-01-04T18:00:00Z,1,train,BA - Maintenance/Routine Repairs.,1,1
0052_42602_00194,52,NO2,2022-01-09T07:00:00Z,2022-01-09T10:00:00Z,4,train,BC - Multi-point Calibration.,1,1
0052_42602_00195,52,NO2,2022-01-16T07:00:00Z,2022-01-16T08:00:00Z,2,train,BF - Precision/Zero/Span.,1,1
0052_42602_00196,52,NO2,2022-01-18T17:00:00Z,2022-01-18T18:00:00Z,2,train,BA - Maintenance/Routine Repairs.,1,1
0052_42602_00197,52,NO2,2022-01-23T07:00:00Z,2022-01-23T08:00:00Z,2,train,BF - Precision/Zero/Span.,1,1
0052_42602_00198,52,NO2,2022-01-30T07:00:00Z,2022-01-30T08:00:00Z,2,train,BF - Precision/Zero/Span.,1,1
0052_42602_00199,52,NO2,2022-02-01T15:00:00Z,2022-02-01T20:00:00Z,6,train,AZ - Q C Audit.,1,1
0052_42602_00200,52,NO2,2022-02-02T19:00:00Z,2022-02-02T19:00:00Z,1,train,BA - Maintenance/Routine Repairs.,1,1
0052_42602_00201,52,NO2,2022-02-06T07:00:00Z,2022-02-06T10:00:00Z,4,train,BC - Multi-point Calibration.,1,1
0052_42602_00202,52,NO2,2022-02-13T07:00:00Z,2022-02-13T08:00:00Z,2,train,BF - Precision/Zero/Span.,1,1
0052_42602_00203,52,NO2,2022-02-14T18:00:00Z,2022-02-14T19:00:00Z,2,train,BA - Maintenance/Routine Repairs.,1,1
0052_42602_00204,52,NO2,2022-02-20T07:00:00Z,2022-02-20T08:00:00Z,2,train,BF - Precision/Zero/Span.,1,1
0052_42602_00205,52,NO2,2022-02-27T07:00:00Z,2022-02-27T08:00:00Z,2,train,BF - Precision/Zero/Span.,1,1
0052_42602_00206,52,NO2,2022-02-28T17:00:00Z,2022-02-28T19:00:00Z,3,train,BA - Maintenance/Routine Repairs.,1,1
0052_42602_00207,52,NO2,2022-03-06T07:00:00Z,2022-03-06T10:00:00Z,4,train,BC - Multi-point Calibration.,1,1
0052_42602_00208,52,NO2,2022-03-08T16:00:00Z,2022-03-08T19:00:00Z,4,train,AZ - Q C Audit.,1,1
0052_42602_00209,52,NO2,2022-03-13T07:00:00Z,2022-03-13T08:00:00Z,2,train,BF - Precision/Zero/Span.,1,1
0052_42602_00210,52,NO2,2022-03-14T17:00:00Z,2022-03-14T18:00:00Z,2,train,BA - Maintenance/Routine Repairs.,1,1
0052_42602_00211,52,NO2,2022-03-20T07:00:00Z,2022-03-20T08:00:00Z,2,train,BF - Precision/Zero/Span.,1,1
0052_42602_00212,52,NO2,2022-03-23T18:00:00Z,2022-03-23T18:00:00Z,1,train,BA - Maintenance/Routine Repairs.,1,1
0052_42602_00213,52,NO2,2022-03-23T21:00:00Z,2022-03-24T00:00:00Z,4,train,BC - Multi-point Calibration.,1,1
0052_42602_00214,52,NO2,2022-03-27T07:00:00Z,2022-03-27T08:00:00Z,2,train,BF - Precision/Zero/Span.,1,1
0052_42602_00215,52,NO2,2022-03-28T17:00:00Z,2022-03-28T18:00:00Z,2,train,BA - Maintenance/Routine Repairs.,1,1
0052_42602_00216,52,NO2,2022-04-03T07:00:00Z,2022-04-03T10:00:00Z,4,train,BC - Multi-point Calibration.,1,1
0052_42602_00217,52,NO2,2022-04-10T07:00:00Z,2022-04-10T08:00:00Z,2,train,BF - Precision/Zero/Span.,1,1
0052_42602_00218,52,NO2,2022-04-14T16:00:00Z,2022-04-14T21:00:00Z,6,train,AZ - Q C Audit. | BA - Maintenance/Routine Repairs.,1,1
0052_42602_00219,52,NO2,2022-04-17T07:00:00Z,2022-04-17T08:00:00Z,2,train,BF - Precision/Zero/Span.,1,1
0052_42602_00220,52,NO2,2022-04-18T16:00:00Z,2022-04-18T23:00:00Z,8,train,BC - Multi-point Calibration.,1,1
0052_42602_00221,52,NO2,2022-04-20T15:00:00Z,2022-04-20T17:00:00Z,3,train,AZ - Q C Audit.,1,1
0052_42602_00222,52,NO2,2022-04-24T07:00:00Z,2022-04-24T08:00:00Z,2,train,BF - Precision/Zero/Span.,1,1
0052_42602_00223,52,NO2,2022-04-28T19:00:00Z,2022-04-28T19:00:00Z,1,train,BA - Maintenance/Routine Repairs.,1,1
0052_42602_00224,52,NO2,2022-05-01T07:00:00Z,2022-05-01T10:00:00Z,4,train,BC - Multi-point Calibration.,1,1
0052_42602_00225,52,NO2,2022-05-08T07:00:00Z,2022-05-08T08:00:00Z,2,train,BF - Precision/Zero/Span.,1,1
0052_42602_00226,52,NO2,2022-05-10T13:00:00Z,2022-05-10T19:00:00Z,7,train,BA - Maintenance/Routine Repairs. | BC - Multi-point Calibration.,1,1
0052_42602_00227,52,NO2,2022-05-15T07:00:00Z,2022-05-15T08:00:00Z,2,train,BF - Precision/Zero/Span.,1,1
0052_42602_00228,52,NO2,2022-05-22T07:00:00Z,2022-05-22T08:00:00Z,2,train,BF - Precision/Zero/Span.,1,1
0052_42602_00229,52,NO2,2022-05-26T14:00:00Z,2022-05-26T15:00:00Z,2,train,BA - Maintenance/Routine Repairs.,1,1
0052_42602_00230,52,NO2,2022-05-29T07:00:00Z,2022-05-29T10:00:00Z,4,train,BC - Multi-point Calibration.,1,1
0052_42602_00231,52,NO2,2022-06-05T07:00:00Z,2022-06-05T08:00:00Z,2,train,BF - Precision/Zero/Span.,1,1
0052_42602_00232,52,NO2,2022-06-09T17:00:00Z,2022-06-09T18:00:00Z,2,train,BA - Maintenance/Routine Repairs.,1,1
0052_42602_00233,52,NO2,2022-06-12T07:00:00Z,2022-06-12T08:00:00Z,2,train,BF - Precision/Zero/Span.,1,1
0052_42602_00234,52,NO2,2022-06-15T14:00:00Z,2022-06-15T17:00:00Z,4,train,AZ - Q C Audit.,1,1
0052_42602_00235,52,NO2,2022-06-19T07:00:00Z,2022-06-19T08:00:00Z,2,train,BF - Precision/Zero/Span.,1,1
0052_42602_00236,52,NO2,2022-06-26T07:00:00Z,2022-06-26T10:00:00Z,4,train,BC - Multi-point Calibration.,1,1
0052_42602_00237,52,NO2,2022-06-27T16:00:00Z,2022-06-27T16:00:00Z,1,train,BA - Maintenance/Routine Repairs.,1,1
0052_42602_00238,52,NO2,2022-07-03T07:00:00Z,2022-07-03T08:00:00Z,2,train,BF - Precision/Zero/Span.,1,1
0052_42602_00239,52,NO2,2022-07-10T07:00:00Z,2022-07-10T08:00:00Z,2,train,BF - Precision/Zero/Span.,1,1
0052_42602_00240,52,NO2,2022-07-11T15:00:00Z,2022-07-11T16:00:00Z,2,train,BA - Maintenance/Routine Repairs.,1,1
0052_42602_00241,52,NO2,2022-07-17T07:00:00Z,2022-07-17T08:00:00Z,2,train,BF - Precision/Zero/Span.,1,1
0052_42602_00242,52,NO2,2022-07-24T07:00:00Z,2022-07-24T10:00:00Z,4,train,BC - Multi-point Calibration.,1,1
0052_42602_00243,52,NO2,2022-07-25T18:00:00Z,2022-07-25T19:00:00Z,2,train,BA - Maintenance/Routine Repairs.,1,1
0052_42602_00244,52,NO2,2022-07-26T17:00:00Z,2022-07-26T18:00:00Z,2,train,AZ - Q C Audit.,1,1
0052_42602_00245,52,NO2,2022-07-31T07:00:00Z,2022-07-31T08:00:00Z,2,train,BF - Precision/Zero/Span.,1,1
0052_42602_00246,52,NO2,2022-08-07T07:00:00Z,2022-08-07T08:00:00Z,2,train,BF - Precision/Zero/Span.,1,1
0052_42602_00247,52,NO2,2022-08-11T13:00:00Z,2022-08-11T14:00:00Z,2,train,BA - Maintenance/Routine Repairs.,1,1
0052_42602_00248,52,NO2,2022-08-14T07:00:00Z,2022-08-14T08:00:00Z,2,train,BF - Precision/Zero/Span.,1,1
0052_42602_00249,52,NO2,2022-08-21T07:00:00Z,2022-08-21T10:00:00Z,4,train,BC - Multi-point Calibration.,1,1
0052_42602_00250,52,NO2,2022-08-24T16:00:00Z,2022-08-24T16:00:00Z,1,train,BA - Maintenance/Routine Repairs.,1,1
0052_42602_00251,52,NO2,2022-08-28T07:00:00Z,2022-08-28T08:00:00Z,2,train,BF - Precision/Zero/Span.,1,1
0052_42602_00252,52,NO2,2022-09-04T07:00:00Z,2022-09-04T08:00:00Z,2,train,BF - Precision/Zero/Span.,1,1
0052_42602_00253,52,NO2,2022-09-11T07:00:00Z,2022-09-11T08:00:00Z,2,train,BF - Precision/Zero/Span.,1,1
0052_42602_00254,52,NO2,2022-09-12T18:00:00Z,2022-09-12T19:00:00Z,2,train,BA - Maintenance/Routine Repairs.,1,1
0052_42602_00255,52,NO2,2022-09-18T07:00:00Z,2022-09-18T10:00:00Z,4,train,BC - Multi-point Calibration.,1,1
0052_42602_00256,52,NO2,2022-09-25T07:00:00Z,2022-09-25T08:00:00Z,2,train,BF - Precision/Zero/Span.,1,1
0052_42602_00257,52,NO2,2022-09-26T15:00:00Z,2022-09-26T18:00:00Z,4,train,AZ - Q C Audit. | BA - Maintenance/Routine Repairs.,1,1
0052_42602_00258,52,NO2,2022-10-02T07:00:00Z,2022-10-02T08:00:00Z,2,validation,BF - Precision/Zero/Span.,1,1
0052_42602_00259,52,NO2,2022-10-09T07:00:00Z,2022-10-09T08:00:00Z,2,validation,BF - Precision/Zero/Span.,1,1
0052_42602_00260,52,NO2,2022-10-10T18:00:00Z,2022-10-10T18:00:00Z,1,validation,BA - Maintenance/Routine Repairs.,1,1
0052_42602_00261,52,NO2,2022-10-16T07:00:00Z,2022-10-16T10:00:00Z,4,validation,BC - Multi-point Calibration.,1,1
0052_42602_00262,52,NO2,2022-10-19T16:00:00Z,2022-10-19T19:00:00Z,4,validation,AZ - Q C Audit.,1,1
0052_42602_00263,52,NO2,2022-10-23T07:00:00Z,2022-10-23T08:00:00Z,2,validation,BF - Precision/Zero/Span.,1,1
0052_42602_00264,52,NO2,2022-10-24T17:00:00Z,2022-10-24T17:00:00Z,1,validation,BA - Maintenance/Routine Repairs.,1,1
0052_42602_00265,52,NO2,2022-10-30T07:00:00Z,2022-10-30T08:00:00Z,2,validation,BF - Precision/Zero/Span.,1,1
0052_42602_00266,52,NO2,2022-11-06T07:00:00Z,2022-11-06T08:00:00Z,2,test,BF - Precision/Zero/Span.,1,1
0052_42602_00267,52,NO2,2022-11-09T19:00:00Z,2022-11-09T19:00:00Z,1,test,BA - Maintenance/Routine Repairs.,1,1
0052_42602_00268,52,NO2,2022-11-13T07:00:00Z,2022-11-13T10:00:00Z,4,test,BC - Multi-point Calibration.,1,1
0052_42602_00269,52,NO2,2022-11-20T07:00:00Z,2022-11-20T08:00:00Z,2,test,BF - Precision/Zero/Span.,1,1
0052_42602_00270,52,NO2,2022-11-22T17:00:00Z,2022-11-22T17:00:00Z,1,test,BA - Maintenance/Routine Repairs.,1,1
0052_42602_00271,52,NO2,2022-11-27T07:00:00Z,2022-11-27T08:00:00Z,2,test,BF - Precision/Zero/Span.,1,1
0052_42602_00272,52,NO2,2022-12-04T07:00:00Z,2022-12-04T08:00:00Z,2,test,BF - Precision/Zero/Span.,1,1
0052_42602_00273,52,NO2,2022-12-06T19:00:00Z,2022-12-06T20:00:00Z,2,test,BA - Maintenance/Routine Repairs.,1,1
0052_42602_00274,52,NO2,2022-12-11T07:00:00Z,2022-12-11T10:00:00Z,4,test,BC - Multi-point Calibration.,1,1
0052_42602_00275,52,NO2,2022-12-18T07:00:00Z,2022-12-18T08:00:00Z,2,test,BF - Precision/Zero/Span.,1,1
0052_42602_00276,52,NO2,2022-12-20T16:00:00Z,2022-12-21T02:00:00Z,11,test,AZ - Q C Audit. | BC - Multi-point Calibration.,1,0
0052_42602_00277,52,NO2,2022-12-21T18:00:00Z,2022-12-21T23:00:00Z,6,test,BA - Maintenance/Routine Repairs. | BC - Multi-point Calibration.,1,1
0052_42602_00278,52,NO2,2022-12-25T07:00:00Z,2022-12-25T08:00:00Z,2,test,BF - Precision/Zero/Span.,1,1
0052_42602_00279,52,NO2,2022-12-27T19:00:00Z,2022-12-27T21:00:00Z,3,test,AZ - Q C Audit.,1,1
0059_42602_00280,59,NO2,2022-01-02T07:00:00Z,2022-01-02T08:00:00Z,2,train,BF - Precision/Zero/Span.,1,1
0059_42602_00281,59,NO2,2022-01-09T07:00:00Z,2022-01-09T10:00:00Z,4,train,BC - Multi-point Calibration.,1,1
0059_42602_00282,59,NO2,2022-01-11T17:00:00Z,2022-01-11T17:00:00Z,1,train,BA - Maintenance/Routine Repairs.,1,1
0059_42602_00283,59,NO2,2022-01-11T21:00:00Z,2022-01-12T00:00:00Z,4,train,BC - Multi-point Calibration.,1,1
0059_42602_00284,59,NO2,2022-01-12T02:00:00Z,2022-01-12T17:00:00Z,16,train,AF - Scheduled but not Collected. | AL - Voided by Operator.,1,0
0059_42602_00285,59,NO2,2022-01-15T08:00:00Z,2022-01-15T08:00:00Z,1,train,BF - Precision/Zero/Span.,1,1
0059_42602_00286,59,NO2,2022-01-16T07:00:00Z,2022-01-16T08:00:00Z,2,train,BF - Precision/Zero/Span.,1,1
0059_42602_00287,59,NO2,2022-01-20T15:00:00Z,2022-01-20T16:00:00Z,2,train,AZ - Q C Audit.,1,1
0059_42602_00288,59,NO2,2022-01-23T07:00:00Z,2022-01-23T08:00:00Z,2,train,BF - Precision/Zero/Span.,1,1
0059_42602_00289,59,NO2,2022-01-27T14:00:00Z,2022-01-27T14:00:00Z,1,train,BA - Maintenance/Routine Repairs.,1,1
0059_42602_00290,59,NO2,2022-01-30T07:00:00Z,2022-01-30T08:00:00Z,2,train,BF - Precision/Zero/Span.,1,1
0059_42602_00291,59,NO2,2022-02-06T07:00:00Z,2022-02-06T10:00:00Z,4,train,BC - Multi-point Calibration.,1,1
0059_42602_00292,59,NO2,2022-02-08T18:00:00Z,2022-02-08T18:00:00Z,1,train,BA - Maintenance/Routine Repairs.,1,1
0059_42602_00293,59,NO2,2022-02-10T17:00:00Z,2022-02-10T22:00:00Z,6,train,BA - Maintenance/Routine Repairs. | BC - Multi-point Calibration.,1,1
0059_42602_00294,59,NO2,2022-02-13T07:00:00Z,2022-02-13T08:00:00Z,2,train,BF - Precision/Zero/Span.,1,1
0059_42602_00295,59,NO2,2022-02-20T07:00:00Z,2022-02-20T08:00:00Z,2,train,BF - Precision/Zero/Span.,1,1
0059_42602_00296,59,NO2,2022-02-27T07:00:00Z,2022-02-27T08:00:00Z,2,train,BF - Precision/Zero/Span.,1,1
0059_42602_00297,59,NO2,2022-03-02T14:00:00Z,2022-03-02T15:00:00Z,2,train,AL - Voided by Operator. | AZ - Q C Audit.,1,1
0059_42602_00298,59,NO2,2022-03-06T07:00:00Z,2022-03-06T10:00:00Z,4,train,BC - Multi-point Calibration.,1,1
0059_42602_00299,59,NO2,2022-03-13T07:00:00Z,2022-03-13T08:00:00Z,2,train,BF - Precision/Zero/Span.,1,1
0059_42602_00300,59,NO2,2022-03-20T07:00:00Z,2022-03-20T08:00:00Z,2,train,BF - Precision/Zero/Span.,1,1
0059_42602_00301,59,NO2,2022-03-22T17:00:00Z,2022-03-22T17:00:00Z,1,train,BA - Maintenance/Routine Repairs.,1,1
0059_42602_00302,59,NO2,2022-03-27T07:00:00Z,2022-03-27T08:00:00Z,2,train,BF - Precision/Zero/Span.,1,1
0059_42602_00303,59,NO2,2022-04-03T07:00:00Z,2022-04-03T10:00:00Z,4,train,BC - Multi-point Calibration.,1,1
0059_42602_00304,59,NO2,2022-04-04T15:00:00Z,2022-04-04T17:00:00Z,3,train,AZ - Q C Audit.,1,1
0059_42602_00305,59,NO2,2022-04-06T17:00:00Z,2022-04-06T17:00:00Z,1,train,BA - Maintenance/Routine Repairs.,1,1
0059_42602_00306,59,NO2,2022-04-10T07:00:00Z,2022-04-10T08:00:00Z,2,train,BF - Precision/Zero/Span.,1,1
0059_42602_00307,59,NO2,2022-04-17T07:00:00Z,2022-04-17T08:00:00Z,2,train,BF - Precision/Zero/Span.,1,1
0059_42602_00308,59,NO2,2022-04-19T22:00:00Z,2022-04-20T01:00:00Z,4,train,BC - Multi-point Calibration.,1,1
0059_42602_00309,59,NO2,2022-04-24T07:00:00Z,2022-04-24T08:00:00Z,2,train,BF - Precision/Zero/Span.,1,1
0059_42602_00310,59,NO2,2022-04-25T17:00:00Z,2022-04-25T18:00:00Z,2,train,BA - Maintenance/Routine Repairs.,1,1
0059_42602_00311,59,NO2,2022-05-01T07:00:00Z,2022-05-01T10:00:00Z,4,train,BC - Multi-point Calibration.,1,1
0059_42602_00312,59,NO2,2022-05-03T16:00:00Z,2022-05-03T21:00:00Z,6,train,BA - Maintenance/Routine Repairs. | BC - Multi-point Calibration.,1,1
0059_42602_00313,59,NO2,2022-05-08T07:00:00Z,2022-05-08T08:00:00Z,2,train,BF - Precision/Zero/Span.,1,1
0059_42602_00314,59,NO2,2022-05-09T23:00:00Z,2022-05-10T02:00:00Z,4,train,BC - Multi-point Calibration.,1,1
0059_42602_00315,59,NO2,2022-05-12T17:00:00Z,2022-05-12T22:00:00Z,6,train,BA - Maintenance/Routine Repairs. | BC - Multi-point Calibration.,1,1
0059_42602_00316,59,NO2,2022-05-15T07:00:00Z,2022-05-15T08:00:00Z,2,train,BF - Precision/Zero/Span.,1,1
0059_42602_00317,59,NO2,2022-05-18T16:00:00Z,2022-05-18T22:00:00Z,7,train,BA - Maintenance/Routine Repairs. | BC - Multi-point Calibration.,1,1
0059_42602_00318,59,NO2,2022-05-19T18:00:00Z,2022-05-19T19:00:00Z,2,train,BA - Maintenance/Routine Repairs.,1,1
0059_42602_00319,59,NO2,2022-05-20T22:00:00Z,2022-05-21T01:00:00Z,4,train,BC - Multi-point Calibration.,1,1
0059_42602_00320,59,NO2,2022-05-22T07:00:00Z,2022-05-22T08:00:00Z,2,train,BF - Precision/Zero/Span.,1,1
0059_42602_00321,59,NO2,2022-05-29T07:00:00Z,2022-05-29T10:00:00Z,4,train,BC - Multi-point Calibration.,1,1
0059_42602_00322,59,NO2,2022-06-01T16:00:00Z,2022-06-01T23:00:00Z,8,train,BA - Maintenance/Routine Repairs. | BC - Multi-point Calibration.,1,1
0059_42602_00323,59,NO2,2022-06-05T07:00:00Z,2022-06-05T08:00:00Z,2,train,BF - Precision/Zero/Span.,1,1
0059_42602_00324,59,NO2,2022-06-06T16:00:00Z,2022-06-06T16:00:00Z,1,train,BA - Maintenance/Routine Repairs.,1,1
0059_42602_00325,59,NO2,2022-06-07T17:00:00Z,2022-06-07T20:00:00Z,4,train,BC - Multi-point Calibration.,1,1
0059_42602_00326,59,NO2,2022-06-09T18:00:00Z,2022-06-09T19:00:00Z,2,train,BA - Maintenance/Routine Repairs.,1,1
0059_42602_00327,59,NO2,2022-06-12T07:00:00Z,2022-06-12T08:00:00Z,2,train,BF - Precision/Zero/Span.,1,1
0059_42602_00328,59,NO2,2022-06-17T13:00:00Z,2022-06-17T15:00:00Z,3,train,BA - Maintenance/Routine Repairs.,1,1
0059_42602_00329,59,NO2,2022-06-21T17:00:00Z,2022-06-21T22:00:00Z,6,train,BA - Maintenance/Routine Repairs. | BC - Multi-point Calibration.,1,1
0059_42602_00330,59,NO2,2022-06-22T15:00:00Z,2022-06-22T17:00:00Z,3,train,BF - Precision/Zero/Span.,1,1
0059_42602_00331,59,NO2,2022-06-23T12:00:00Z,2022-06-23T14:00:00Z,3,train,AZ - Q C Audit.,1,1
0059_42602_00332,59,NO2,2022-06-23T17:00:00Z,2022-06-23T22:00:00Z,6,train,BA - Maintenance/Routine Repairs. | BC - Multi-point Calibration.,1,1
0059_42602_00333,59,NO2,2022-06-26T07:00:00Z,2022-06-26T10:00:00Z,4,train,BC - Multi-point Calibration.,1,1
0059_42602_00334,59,NO2,2022-06-27T16:00:00Z,2022-06-27T17:00:00Z,2,train,AZ - Q C Audit.,1,1
0059_42602_00335,59,NO2,2022-07-03T07:00:00Z,2022-07-03T08:00:00Z,2,train,BF - Precision/Zero/Span.,1,1
0059_42602_00336,59,NO2,2022-07-10T07:00:00Z,2022-07-10T08:00:00Z,2,train,BF - Precision/Zero/Span.,1,1
0059_42602_00337,59,NO2,2022-07-15T12:00:00Z,2022-07-15T12:00:00Z,1,train,BA - Maintenance/Routine Repairs.,1,1
0059_42602_00338,59,NO2,2022-07-17T07:00:00Z,2022-07-17T08:00:00Z,2,train,BF - Precision/Zero/Span.,1,1
0059_42602_00339,59,NO2,2022-07-21T13:00:00Z,2022-07-21T15:00:00Z,3,train,AZ - Q C Audit.,1,1
0059_42602_00340,59,NO2,2022-07-24T07:00:00Z,2022-07-24T10:00:00Z,4,train,BC - Multi-point Calibration.,1,1
0059_42602_00341,59,NO2,2022-07-31T07:00:00Z,2022-07-31T08:00:00Z,2,train,BF - Precision/Zero/Span.,1,1
0059_42602_00342,59,NO2,2022-08-07T07:00:00Z,2022-08-07T08:00:00Z,2,train,BF - Precision/Zero/Span.,1,1
0059_42602_00343,59,NO2,2022-08-08T12:00:00Z,2022-08-08T12:00:00Z,1,train,BA - Maintenance/Routine Repairs.,1,1
0059_42602_00344,59,NO2,2022-08-14T07:00:00Z,2022-08-14T08:00:00Z,2,train,BF - Precision/Zero/Span.,1,1
0059_42602_00345,59,NO2,2022-08-21T07:00:00Z,2022-08-21T10:00:00Z,4,train,BC - Multi-point Calibration.,1,1
0059_42602_00346,59,NO2,2022-08-28T07:00:00Z,2022-08-28T08:00:00Z,2,train,BF - Precision/Zero/Span.,1,1
0059_42602_00347,59,NO2,2022-08-31T13:00:00Z,2022-08-31T14:00:00Z,2,train,AZ - Q C Audit.,1,1
0059_42602_00348,59,NO2,2022-09-04T07:00:00Z,2022-09-04T08:00:00Z,2,train,BF - Precision/Zero/Span.,1,1
0059_42602_00349,59,NO2,2022-09-07T18:00:00Z,2022-09-07T18:00:00Z,1,train,BA - Maintenance/Routine Repairs.,1,1
0059_42602_00350,59,NO2,2022-09-11T07:00:00Z,2022-09-11T08:00:00Z,2,train,BF - Precision/Zero/Span.,1,1
0059_42602_00351,59,NO2,2022-09-18T07:00:00Z,2022-09-18T10:00:00Z,4,train,BC - Multi-point Calibration.,1,1
0059_42602_00352,59,NO2,2022-09-21T13:00:00Z,2022-09-21T13:00:00Z,1,train,BA - Maintenance/Routine Repairs.,1,1
0059_42602_00353,59,NO2,2022-09-25T07:00:00Z,2022-09-25T08:00:00Z,2,train,BF - Precision/Zero/Span.,1,1
0059_42602_00354,59,NO2,2022-10-02T07:00:00Z,2022-10-02T08:00:00Z,2,validation,BF - Precision/Zero/Span.,1,1
0059_42602_00355,59,NO2,2022-10-05T08:00:00Z,2022-10-05T08:00:00Z,1,validation,BF - Precision/Zero/Span.,1,1
0059_42602_00356,59,NO2,2022-10-05T12:00:00Z,2022-10-05T12:00:00Z,1,validation,BF - Precision/Zero/Span.,1,1
0059_42602_00357,59,NO2,2022-10-06T08:00:00Z,2022-10-06T08:00:00Z,1,validation,BF - Precision/Zero/Span.,1,1
0059_42602_00358,59,NO2,2022-10-06T11:00:00Z,2022-10-06T13:00:00Z,3,validation,AL - Voided by Operator. | BA - Maintenance/Routine Repairs.,1,1
0059_42602_00359,59,NO2,2022-10-09T07:00:00Z,2022-10-09T08:00:00Z,2,validation,BF - Precision/Zero/Span.,1,1
0059_42602_00360,59,NO2,2022-10-11T13:00:00Z,2022-10-11T14:00:00Z,2,validation,AZ - Q C Audit.,1,1
0059_42602_00361,59,NO2,2022-10-16T07:00:00Z,2022-10-16T10:00:00Z,4,validation,BC - Multi-point Calibration.,1,1
0059_42602_00362,59,NO2,2022-10-17T12:00:00Z,2022-10-17T12:00:00Z,1,validation,BA - Maintenance/Routine Repairs.,1,1
0059_42602_00363,59,NO2,2022-10-21T17:00:00Z,2022-10-21T18:00:00Z,2,validation,BA - Maintenance/Routine Repairs.,1,1
0059_42602_00364,59,NO2,2022-10-23T07:00:00Z,2022-10-23T08:00:00Z,2,validation,BF - Precision/Zero/Span.,1,1
0059_42602_00365,59,NO2,2022-10-25T16:00:00Z,2022-10-25T16:00:00Z,1,validation,BF - Precision/Zero/Span.,1,1
0059_42602_00366,59,NO2,2022-10-30T07:00:00Z,2022-10-30T08:00:00Z,2,validation,BF - Precision/Zero/Span.,1,1
0059_42602_00367,59,NO2,2022-11-03T18:00:00Z,2022-11-03T18:00:00Z,1,test,BA - Maintenance/Routine Repairs.,1,1
0059_42602_00368,59,NO2,2022-11-03T21:00:00Z,2022-11-04T01:00:00Z,5,test,BC - Multi-point Calibration.,1,1
0059_42602_00369,59,NO2,2022-11-06T07:00:00Z,2022-11-06T08:00:00Z,2,test,BF - Precision/Zero/Span.,1,1
0059_42602_00370,59,NO2,2022-11-08T17:00:00Z,2022-11-08T17:00:00Z,1,test,BA - Maintenance/Routine Repairs.,1,1
0059_42602_00371,59,NO2,2022-11-08T20:00:00Z,2022-11-09T00:00:00Z,5,test,BC - Multi-point Calibration.,1,1
0059_42602_00372,59,NO2,2022-11-10T18:00:00Z,2022-11-10T21:00:00Z,4,test,BC - Multi-point Calibration.,1,1
0059_42602_00373,59,NO2,2022-11-13T07:00:00Z,2022-11-13T10:00:00Z,4,test,BC - Multi-point Calibration.,1,1
0059_42602_00374,59,NO2,2022-11-14T18:00:00Z,2022-11-14T19:00:00Z,2,test,BA - Maintenance/Routine Repairs.,1,1
0059_42602_00375,59,NO2,2022-11-14T21:00:00Z,2022-11-15T00:00:00Z,4,test,BC - Multi-point Calibration.,1,1
0059_42602_00376,59,NO2,2022-11-15T16:00:00Z,2022-11-15T23:00:00Z,8,test,AL - Voided by Operator. | AZ - Q C Audit.,1,1
0059_42602_00377,59,NO2,2022-11-17T16:00:00Z,2022-11-17T17:00:00Z,2,test,BA - Maintenance/Routine Repairs.,1,1
0059_42602_00378,59,NO2,2022-11-20T07:00:00Z,2022-11-20T08:00:00Z,2,test,BF - Precision/Zero/Span.,1,1
0059_42602_00379,59,NO2,2022-11-27T07:00:00Z,2022-11-27T08:00:00Z,2,test,BF - Precision/Zero/Span.,1,1
0059_42602_00380,59,NO2,2022-11-28T13:00:00Z,2022-11-28T13:00:00Z,1,test,BA - Maintenance/Routine Repairs.,1,1
0059_42602_00381,59,NO2,2022-11-29T19:00:00Z,2022-11-29T19:00:00Z,1,test,BA - Maintenance/Routine Repairs.,1,1
0059_42602_00382,59,NO2,2022-12-01T17:00:00Z,2022-12-01T21:00:00Z,5,test,AZ - Q C Audit.,1,1
0059_42602_00383,59,NO2,2022-12-04T07:00:00Z,2022-12-04T08:00:00Z,2,test,BF - Precision/Zero/Span.,1,1
0059_42602_00384,59,NO2,2022-12-05T18:00:00Z,2022-12-05T22:00:00Z,5,test,BA - Maintenance/Routine Repairs. | BC - Multi-point Calibration.,1,1
0059_42602_00385,59,NO2,2022-12-06T18:00:00Z,2022-12-06T22:00:00Z,5,test,BA - Maintenance/Routine Repairs. | BC - Multi-point Calibration.,1,1
0059_42602_00386,59,NO2,2022-12-11T07:00:00Z,2022-12-11T10:00:00Z,4,test,BC - Multi-point Calibration.,1,1
0059_42602_00387,59,NO2,2022-12-13T08:00:00Z,2022-12-15T23:00:00Z,64,test,AL - Voided by Operator. | AN - Machine Malfunction. | BA - Maintenance/Routine Repairs. | BC - Multi-point Calibration. | BF - Precision/Zero/Span.,1,0
0059_42602_00388,59,NO2,2022-12-18T07:00:00Z,2022-12-18T08:00:00Z,2,test,BF - Precision/Zero/Span.,1,1
0059_42602_00389,59,NO2,2022-12-19T17:00:00Z,2022-12-19T23:00:00Z,7,test,BA - Maintenance/Routine Repairs. | BC - Multi-point Calibration.,1,1
0059_42602_00390,59,NO2,2022-12-25T07:00:00Z,2022-12-25T08:00:00Z,2,test,BF - Precision/Zero/Span.,1,1
0059_42602_00391,59,NO2,2022-12-28T14:00:00Z,2022-12-28T19:00:00Z,6,test,BA - Maintenance/Routine Repairs. | BC - Multi-point Calibration.,1,1
0059_42602_00392,59,NO2,2022-12-29T13:00:00Z,2022-12-29T23:00:00Z,11,test,BA - Maintenance/Routine Repairs. | BC - Multi-point Calibration.,1,0
0059_42602_00393,59,NO2,2022-12-30T16:00:00Z,2022-12-30T19:00:00Z,4,test,BC - Multi-point Calibration.,1,1
0059_42602_00394,59,NO2,2022-12-31T16:00:00Z,2022-12-31T19:00:00Z,4,test,BC - Multi-point Calibration.,1,1
1069_42602_00395,1069,NO2,2022-01-01T06:00:00Z,2022-02-11T18:00:00Z,997,train,AF - Scheduled but not Collected. | AL - Voided by Operator. | AM - Miscellaneous Void. | AN - Machine Malfunction. | AZ - Q C Audit. | BA - Maintenance/Routine Repairs. | BC - Multi-point Calibration. | BF - Precision/Zero/Span.,0,0
1069_42602_00396,1069,NO2,2022-02-13T07:00:00Z,2022-02-13T11:00:00Z,5,train,BF - Precision/Zero/Span.,1,1
1069_42602_00397,1069,NO2,2022-02-14T14:00:00Z,2022-02-14T23:00:00Z,10,train,BA - Maintenance/Routine Repairs. | BC - Multi-point Calibration.,1,0
1069_42602_00398,1069,NO2,2022-02-15T08:00:00Z,2022-02-17T23:00:00Z,64,train,AN - Machine Malfunction. | BA - Maintenance/Routine Repairs. | BC - Multi-point Calibration. | BF - Precision/Zero/Span.,1,0
1069_42602_00399,1069,NO2,2022-02-18T17:00:00Z,2022-02-18T19:00:00Z,3,train,BC - Multi-point Calibration.,1,1
1069_42602_00400,1069,NO2,2022-02-18T21:00:00Z,2022-02-18T22:00:00Z,2,train,BF - Precision/Zero/Span.,1,1
1069_42602_00401,1069,NO2,2022-02-20T07:00:00Z,2022-02-20T11:00:00Z,5,train,BF - Precision/Zero/Span.,1,1
1069_42602_00402,1069,NO2,2022-02-25T16:00:00Z,2022-02-25T17:00:00Z,2,train,BA - Maintenance/Routine Repairs.,1,1
1069_42602_00403,1069,NO2,2022-02-27T07:00:00Z,2022-02-27T11:00:00Z,5,train,BF - Precision/Zero/Span.,1,1
1069_42602_00404,1069,NO2,2022-03-06T07:00:00Z,2022-03-06T10:00:00Z,4,train,BC - Multi-point Calibration.,1,1
1069_42602_00405,1069,NO2,2022-03-13T07:00:00Z,2022-03-13T11:00:00Z,5,train,BF - Precision/Zero/Span.,1,1
1069_42602_00406,1069,NO2,2022-03-14T15:00:00Z,2022-03-14T16:00:00Z,2,train,BA - Maintenance/Routine Repairs.,1,1
1069_42602_00407,1069,NO2,2022-03-14T20:00:00Z,2022-03-14T23:00:00Z,4,train,BC - Multi-point Calibration.,1,1
1069_42602_00408,1069,NO2,2022-03-15T15:00:00Z,2022-03-15T16:00:00Z,2,train,BF - Precision/Zero/Span.,1,1
1069_42602_00409,1069,NO2,2022-03-17T19:00:00Z,2022-03-18T00:00:00Z,6,train,BA - Maintenance/Routine Repairs. | BC - Multi-point Calibration.,1,1
1069_42602_00410,1069,NO2,2022-03-19T17:00:00Z,2022-03-19T17:00:00Z,1,train,AM - Miscellaneous Void.,1,1
1069_42602_00411,1069,NO2,2022-03-19T23:00:00Z,2022-03-19T23:00:00Z,1,train,AM - Miscellaneous Void.,1,1
1069_42602_00412,1069,NO2,2022-03-20T07:00:00Z,2022-03-20T11:00:00Z,5,train,BF - Precision/Zero/Span.,1,1
1069_42602_00413,1069,NO2,2022-03-25T08:00:00Z,2022-03-26T00:00:00Z,17,train,AM - Miscellaneous Void. | AN - Machine Malfunction. | BC - Multi-point Calibration. | BF - Precision/Zero/Span.,1,0
1069_42602_00414,1069,NO2,2022-03-26T08:00:00Z,2022-03-30T03:00:00Z,92,train,AN - Machine Malfunction. | BA - Maintenance/Routine Repairs. | BC - Multi-point Calibration. | BF - Precision/Zero/Span.,1,0
1069_42602_00415,1069,NO2,2022-03-30T08:00:00Z,2022-04-01T02:00:00Z,43,train,AN - Machine Malfunction. | BA - Maintenance/Routine Repairs. | BC - Multi-point Calibration. | BF - Precision/Zero/Span.,1,0
1069_42602_00416,1069,NO2,2022-04-02T08:00:00Z,2022-04-04T23:00:00Z,64,train,AN - Machine Malfunction. | BA - Maintenance/Routine Repairs. | BC - Multi-point Calibration. | BF - Precision/Zero/Span.,1,0
1069_42602_00417,1069,NO2,2022-04-05T16:00:00Z,2022-04-05T23:00:00Z,8,train,BA - Maintenance/Routine Repairs. | BC - Multi-point Calibration.,1,1
1069_42602_00418,1069,NO2,2022-04-06T13:00:00Z,2022-04-06T14:00:00Z,2,train,BF - Precision/Zero/Span.,1,1
1069_42602_00419,1069,NO2,2022-04-06T16:00:00Z,2022-04-06T19:00:00Z,4,train,BC - Multi-point Calibration.,1,1
1069_42602_00420,1069,NO2,2022-04-07T13:00:00Z,2022-04-07T14:00:00Z,2,train,BF - Precision/Zero/Span.,1,1
1069_42602_00421,1069,NO2,2022-04-10T07:00:00Z,2022-04-10T11:00:00Z,5,train,BF - Precision/Zero/Span.,1,1
1069_42602_00422,1069,NO2,2022-04-11T16:00:00Z,2022-04-12T00:00:00Z,9,train,BA - Maintenance/Routine Repairs. | BC - Multi-point Calibration. | BF - Precision/Zero/Span.,1,0
1069_42602_00423,1069,NO2,2022-04-13T16:00:00Z,2022-04-13T23:00:00Z,8,train,BA - Maintenance/Routine Repairs. | BC - Multi-point Calibration.,1,1
1069_42602_00424,1069,NO2,2022-04-15T08:00:00Z,2022-04-18T23:00:00Z,88,train,AN - Machine Malfunction. | BA - Maintenance/Routine Repairs. | BC - Multi-point Calibration. | BF - Precision/Zero/Span.,1,0
1069_42602_00425,1069,NO2,2022-04-19T16:00:00Z,2022-04-19T18:00:00Z,3,train,AZ - Q C Audit.,1,1
1069_42602_00426,1069,NO2,2022-04-21T13:00:00Z,2022-04-21T16:00:00Z,4,train,BC - Multi-point Calibration.,1,1
1069_42602_00427,1069,NO2,2022-04-21T19:00:00Z,2022-04-21T23:00:00Z,5,train,BC - Multi-point Calibration.,1,1
1069_42602_00428,1069,NO2,2022-04-22T14:00:00Z,2022-04-22T20:00:00Z,7,train,BA - Maintenance/Routine Repairs. | BC - Multi-point Calibration.,1,1
1069_42602_00429,1069,NO2,2022-04-24T07:00:00Z,2022-04-24T11:00:00Z,5,train,BF - Precision/Zero/Span.,1,1
1069_42602_00430,1069,NO2,2022-04-25T15:00:00Z,2022-04-25T16:00:00Z,2,train,BA - Maintenance/Routine Repairs.,1,1
1069_42602_00431,1069,NO2,2022-04-25T18:00:00Z,2022-04-25T21:00:00Z,4,train,BC - Multi-point Calibration.,1,1
1069_42602_00432,1069,NO2,2022-04-28T13:00:00Z,2022-04-28T19:00:00Z,7,train,BA - Maintenance/Routine Repairs. | BC - Multi-point Calibration.,1,1
1069_42602_00433,1069,NO2,2022-05-01T07:00:00Z,2022-05-01T10:00:00Z,4,train,BC - Multi-point Calibration.,1,1
1069_42602_00434,1069,NO2,2022-05-04T15:00:00Z,2022-05-04T18:00:00Z,4,train,BC - Multi-point Calibration.,1,1
1069_42602_00435,1069,NO2,2022-05-08T07:00:00Z,2022-05-08T11:00:00Z,5,train,BF - Precision/Zero/Span.,1,1
1069_42602_00436,1069,NO2,2022-05-09T13:00:00Z,2022-05-09T16:00:00Z,4,train,BC - Multi-point Calibration.,1,1
1069_42602_00437,1069,NO2,2022-05-10T18:00:00Z,2022-05-10T18:00:00Z,1,train,BA - Maintenance/Routine Repairs.,1,1
1069_42602_00438,1069,NO2,2022-05-15T07:00:00Z,2022-05-15T11:00:00Z,5,train,BF - Precision/Zero/Span.,1,1
1069_42602_00439,1069,NO2,2022-05-16T13:00:00Z,2022-06-08T23:00:00Z,563,train,AM - Miscellaneous Void. | AN - Machine Malfunction. | BA - Maintenance/Routine Repairs. | BC - Multi-point Calibration. | BF - Precision/Zero/Span.,1,0
1069_42602_00440,1069,NO2,2022-06-09T12:00:00Z,2022-06-09T15:00:00Z,4,train,BC - Multi-point Calibration.,1,1
1069_42602_00441,1069,NO2,2022-06-14T16:00:00Z,2022-06-14T21:00:00Z,6,train,AZ - Q C Audit.,1,1
1069_42602_00442,1069,NO2,2022-06-19T07:00:00Z,2022-06-19T08:00:00Z,2,train,BF - Precision/Zero/Span.,1,1
1069_42602_00443,1069,NO2,2022-06-26T07:00:00Z,2022-06-26T10:00:00Z,4,train,BC - Multi-point Calibration.,1,1
1069_42602_00444,1069,NO2,2022-06-27T18:00:00Z,2022-06-27T18:00:00Z,1,train,BA - Maintenance/Routine Repairs.,1,1
1069_42602_00445,1069,NO2,2022-07-03T07:00:00Z,2022-07-03T08:00:00Z,2,train,BF - Precision/Zero/Span.,1,1
1069_42602_00446,1069,NO2,2022-07-11T17:00:00Z,2022-07-11T17:00:00Z,1,train,BA - Maintenance/Routine Repairs.,1,1
1069_42602_00447,1069,NO2,2022-07-11T22:00:00Z,2022-07-12T00:00:00Z,3,train,BF - Precision/Zero/Span.,1,1
1069_42602_00448,1069,NO2,2022-07-12T16:00:00Z,2022-07-12T19:00:00Z,4,train,BC - Multi-point Calibration.,1,1
1069_42602_00449,1069,NO2,2022-07-13T17:00:00Z,2022-07-13T19:00:00Z,3,train,AZ - Q C Audit.,1,1
1069_42602_00450,1069,NO2,2022-07-17T07:00:00Z,2022-07-17T08:00:00Z,2,train,BF - Precision/Zero/Span.,1,1
1069_42602_00451,1069,NO2,2022-07-24T07:00:00Z,2022-07-24T10:00:00Z,4,train,BC - Multi-point Calibration.,1,1
1069_42602_00452,1069,NO2,2022-07-28T13:00:00Z,2022-07-28T17:00:00Z,5,train,AZ - Q C Audit.,1,1
1069_42602_00453,1069,NO2,2022-07-31T07:00:00Z,2022-07-31T08:00:00Z,2,train,BF - Precision/Zero/Span.,1,1
1069_42602_00454,1069,NO2,2022-08-01T19:00:00Z,2022-08-01T23:00:00Z,5,train,BC - Multi-point Calibration.,1,1
1069_42602_00455,1069,NO2,2022-08-02T18:00:00Z,2022-08-03T00:00:00Z,7,train,BA - Maintenance/Routine Repairs. | BC - Multi-point Calibration.,1,1
1069_42602_00456,1069,NO2,2022-08-03T16:00:00Z,2022-08-03T19:00:00Z,4,train,BA - Maintenance/Routine Repairs.,1,1
1069_42602_00457,1069,NO2,2022-08-03T22:00:00Z,2022-08-04T01:00:00Z,4,train,BC - Multi-point Calibration.,1,1
1069_42602_00458,1069,NO2,2022-08-07T07:00:00Z,2022-08-07T08:00:00Z,2,train,BF - Precision/Zero/Span.,1,1
1069_42602_00459,1069,NO2,2022-08-09T14:00:00Z,2022-08-09T14:00:00Z,1,train,BA - Maintenance/Routine Repairs.,1,1
1069_42602_00460,1069,NO2,2022-08-10T11:00:00Z,2022-08-10T15:00:00Z,5,train,BC - Multi-point Calibration.,1,1
1069_42602_00461,1069,NO2,2022-08-10T18:00:00Z,2022-08-10T23:00:00Z,6,train,BA - Maintenance/Routine Repairs. | BC - Multi-point Calibration.,1,1
1069_42602_00462,1069,NO2,2022-08-11T11:00:00Z,2022-08-11T16:00:00Z,6,train,BA - Maintenance/Routine Repairs. | BC - Multi-point Calibration.,1,1
1069_42602_00463,1069,NO2,2022-08-13T08:00:00Z,2022-08-17T15:00:00Z,104,train,AN - Machine Malfunction. | BA - Maintenance/Routine Repairs. | BC - Multi-point Calibration. | BF - Precision/Zero/Span.,1,0
1069_42602_00464,1069,NO2,2022-08-17T20:00:00Z,2022-08-17T23:00:00Z,4,train,BC - Multi-point Calibration.,1,1
1069_42602_00465,1069,NO2,2022-08-21T07:00:00Z,2022-08-21T10:00:00Z,4,train,BC - Multi-point Calibration.,1,1
1069_42602_00466,1069,NO2,2022-08-23T15:00:00Z,2022-08-23T18:00:00Z,4,train,BA - Maintenance/Routine Repairs.,1,1
1069_42602_00467,1069,NO2,2022-08-23T20:00:00Z,2022-08-24T00:00:00Z,5,train,BC - Multi-point Calibration.,1,1
1069_42602_00468,1069,NO2,2022-08-24T07:00:00Z,2022-08-24T07:00:00Z,1,train,BF - Precision/Zero/Span.,1,1
1069_42602_00469,1069,NO2,2022-08-28T07:00:00Z,2022-08-28T08:00:00Z,2,train,BF - Precision/Zero/Span.,1,1
1069_42602_00470,1069,NO2,2022-08-29T14:00:00Z,2022-08-29T20:00:00Z,7,train,BA - Maintenance/Routine Repairs.,1,1
1069_42602_00471,1069,NO2,2022-09-04T07:00:00Z,2022-09-04T08:00:00Z,2,train,BF - Precision/Zero/Span.,1,1
1069_42602_00472,1069,NO2,2022-09-11T07:00:00Z,2022-09-11T08:00:00Z,2,train,BF - Precision/Zero/Span.,1,1
1069_42602_00473,1069,NO2,2022-09-15T16:00:00Z,2022-09-15T16:00:00Z,1,train,BA - Maintenance/Routine Repairs.,1,1
1069_42602_00474,1069,NO2,2022-09-18T07:00:00Z,2022-09-18T10:00:00Z,4,train,BC - Multi-point Calibration.,1,1
1069_42602_00475,1069,NO2,2022-09-25T07:00:00Z,2022-09-25T08:00:00Z,2,train,BF - Precision/Zero/Span.,1,1
1069_42602_00476,1069,NO2,2022-09-25T18:00:00Z,2022-09-25T18:00:00Z,1,train,AM - Miscellaneous Void.,1,1
1069_42602_00477,1069,NO2,2022-09-25T20:00:00Z,2022-09-25T23:00:00Z,4,train,AM - Miscellaneous Void.,1,1
1069_42602_00478,1069,NO2,2022-10-02T07:00:00Z,2022-10-02T08:00:00Z,2,validation,BF - Precision/Zero/Span.,1,1
1069_42602_00479,1069,NO2,2022-10-05T13:00:00Z,2022-10-05T14:00:00Z,2,validation,BA - Maintenance/Routine Repairs.,1,1
1069_42602_00480,1069,NO2,2022-10-09T07:00:00Z,2022-10-09T08:00:00Z,2,validation,BF - Precision/Zero/Span.,1,1
1069_42602_00481,1069,NO2,2022-10-09T22:00:00Z,2022-10-09T22:00:00Z,1,validation,AM - Miscellaneous Void.,1,1
1069_42602_00482,1069,NO2,2022-10-11T14:00:00Z,2022-10-12T06:00:00Z,17,validation,AM - Miscellaneous Void. | BA - Maintenance/Routine Repairs. | BC - Multi-point Calibration.,1,0
1069_42602_00483,1069,NO2,2022-10-12T15:00:00Z,2022-10-12T17:00:00Z,3,validation,BA - Maintenance/Routine Repairs.,1,1
1069_42602_00484,1069,NO2,2022-10-12T20:00:00Z,2022-10-12T23:00:00Z,4,validation,BC - Multi-point Calibration.,1,1
1069_42602_00485,1069,NO2,2022-10-14T17:00:00Z,2022-10-14T17:00:00Z,1,validation,AM - Miscellaneous Void.,1,1
1069_42602_00486,1069,NO2,2022-10-14T22:00:00Z,2022-10-14T23:00:00Z,2,validation,AM - Miscellaneous Void.,1,1
1069_42602_00487,1069,NO2,2022-10-15T02:00:00Z,2022-10-15T07:00:00Z,6,validation,AM - Miscellaneous Void.,1,1
1069_42602_00488,1069,NO2,2022-10-15T09:00:00Z,2022-10-15T10:00:00Z,2,validation,AM - Miscellaneous Void.,1,1
1069_42602_00489,1069,NO2,2022-10-15T15:00:00Z,2022-10-15T15:00:00Z,1,validation,AM - Miscellaneous Void.,1,1
1069_42602_00490,1069,NO2,2022-10-15T18:00:00Z,2022-10-15T18:00:00Z,1,validation,AM - Miscellaneous Void.,1,1
1069_42602_00491,1069,NO2,2022-10-15T23:00:00Z,2022-10-15T23:00:00Z,1,validation,AM - Miscellaneous Void.,1,1
1069_42602_00492,1069,NO2,2022-10-16T01:00:00Z,2022-10-16T10:00:00Z,10,validation,AM - Miscellaneous Void. | BC - Multi-point Calibration.,1,0
1069_42602_00493,1069,NO2,2022-10-16T15:00:00Z,2022-10-16T19:00:00Z,5,validation,AM - Miscellaneous Void.,1,1
1069_42602_00494,1069,NO2,2022-10-16T21:00:00Z,2022-10-16T23:00:00Z,3,validation,AM - Miscellaneous Void.,1,1
1069_42602_00495,1069,NO2,2022-10-17T01:00:00Z,2022-10-17T03:00:00Z,3,validation,AM - Miscellaneous Void.,1,1
1069_42602_00496,1069,NO2,2022-10-18T17:00:00Z,2022-10-18T17:00:00Z,1,validation,BA - Maintenance/Routine Repairs.,1,1
1069_42602_00497,1069,NO2,2022-10-18T23:00:00Z,2022-10-19T02:00:00Z,4,validation,BC - Multi-point Calibration.,1,1
1069_42602_00498,1069,NO2,2022-10-24T15:00:00Z,2022-10-24T16:00:00Z,2,validation,BA - Maintenance/Routine Repairs.,1,1
1069_42602_00499,1069,NO2,2022-10-25T10:00:00Z,2022-10-25T12:00:00Z,3,validation,BF - Precision/Zero/Span.,1,1
1069_42602_00500,1069,NO2,2022-10-30T07:00:00Z,2022-10-30T08:00:00Z,2,validation,BF - Precision/Zero/Span.,1,1
1069_42602_00501,1069,NO2,2022-10-31T16:00:00Z,2022-10-31T16:00:00Z,1,validation,BA - Maintenance/Routine Repairs.,1,1
1069_42602_00502,1069,NO2,2022-11-03T18:00:00Z,2022-11-03T18:00:00Z,1,test,BA - Maintenance/Routine Repairs.,1,1
1069_42602_00503,1069,NO2,2022-11-03T20:00:00Z,2022-11-03T23:00:00Z,4,test,BC - Multi-point Calibration.,1,1
1069_42602_00504,1069,NO2,2022-11-06T07:00:00Z,2022-11-06T08:00:00Z,2,test,BF - Precision/Zero/Span.,1,1
1069_42602_00505,1069,NO2,2022-11-08T19:00:00Z,2022-11-08T20:00:00Z,2,test,BA - Maintenance/Routine Repairs.,1,1
1069_42602_00506,1069,NO2,2022-11-09T01:00:00Z,2022-11-09T04:00:00Z,4,test,BC - Multi-point Calibration.,1,1
1069_42602_00507,1069,NO2,2022-11-10T15:00:00Z,2022-11-10T20:00:00Z,6,test,AZ - Q C Audit.,1,1
1069_42602_00508,1069,NO2,2022-11-13T07:00:00Z,2022-11-13T10:00:00Z,4,test,BC - Multi-point Calibration.,1,1
1069_42602_00509,1069,NO2,2022-11-13T12:00:00Z,2022-11-13T17:00:00Z,6,test,AF - Scheduled but not Collected. | AI - Insufficient Data (cannot calculate). | AL - Voided by Operator.,1,1
1069_42602_00510,1069,NO2,2022-11-16T17:00:00Z,2022-11-16T18:00:00Z,2,test,BA - Maintenance/Routine Repairs.,1,1
1069_42602_00511,1069,NO2,2022-11-20T07:00:00Z,2022-11-20T08:00:00Z,2,test,BF - Precision/Zero/Span.,1,1
1069_42602_00512,1069,NO2,2022-11-27T07:00:00Z,2022-11-27T08:00:00Z,2,test,BF - Precision/Zero/Span.,1,1
1069_42602_00513,1069,NO2,2022-11-30T16:00:00Z,2022-11-30T16:00:00Z,1,test,BA - Maintenance/Routine Repairs.,1,1
1069_42602_00514,1069,NO2,2022-12-04T07:00:00Z,2022-12-04T08:00:00Z,2,test,BF - Precision/Zero/Span.,1,1
1069_42602_00515,1069,NO2,2022-12-11T07:00:00Z,2022-12-11T10:00:00Z,4,test,BC - Multi-point Calibration.,1,1
1069_42602_00516,1069,NO2,2022-12-12T15:00:00Z,2022-12-12T15:00:00Z,1,test,BA - Maintenance/Routine Repairs.,1,1
1069_42602_00517,1069,NO2,2022-12-18T07:00:00Z,2022-12-18T08:00:00Z,2,test,BF - Precision/Zero/Span.,1,1
1069_42602_00518,1069,NO2,2022-12-22T17:00:00Z,2022-12-22T18:00:00Z,2,test,BA - Maintenance/Routine Repairs.,1,1
1069_42602_00519,1069,NO2,2022-12-22T20:00:00Z,2022-12-22T23:00:00Z,4,test,BC - Multi-point Calibration.,1,1
1069_42602_00520,1069,NO2,2022-12-25T07:00:00Z,2022-12-25T08:00:00Z,2,test,BF - Precision/Zero/Span.,1,1
1069_42602_00521,1069,NO2,2022-12-28T14:00:00Z,2022-12-28T16:00:00Z,3,test,AZ - Q C Audit.,1,1
1069_42602_00522,1069,NO2,2022-12-28T19:00:00Z,2022-12-28T19:00:00Z,1,test,BA - Maintenance/Routine Repairs.,1,1
0032_44201_00523,32,O3,2022-01-02T04:00:00Z,2022-01-02T04:00:00Z,1,train,BF - Precision/Zero/Span.,1,1
0032_44201_00524,32,O3,2022-01-04T16:00:00Z,2022-01-04T16:00:00Z,1,train,BA - Maintenance/Routine Repairs.,1,1
0032_44201_00525,32,O3,2022-01-09T04:00:00Z,2022-01-09T05:00:00Z,2,train,BC - Multi-point Calibration.,1,1
0032_44201_00526,32,O3,2022-01-16T04:00:00Z,2022-01-16T04:00:00Z,1,train,BF - Precision/Zero/Span.,1,1
0032_44201_00527,32,O3,2022-01-18T16:00:00Z,2022-01-18T16:00:00Z,1,train,BA - Maintenance/Routine Repairs.,1,1
0032_44201_00528,32,O3,2022-01-23T04:00:00Z,2022-01-23T04:00:00Z,1,train,BF - Precision/Zero/Span.,1,1
0032_44201_00529,32,O3,2022-01-26T15:00:00Z,2022-01-26T20:00:00Z,6,train,AI - Insufficient Data (cannot calculate). | AZ - Q C Audit.,1,1
0032_44201_00530,32,O3,2022-01-30T04:00:00Z,2022-01-30T04:00:00Z,1,train,BF - Precision/Zero/Span.,1,1
0032_44201_00531,32,O3,2022-02-02T16:00:00Z,2022-02-02T16:00:00Z,1,train,BA - Maintenance/Routine Repairs.,1,1
0032_44201_00532,32,O3,2022-02-06T04:00:00Z,2022-02-06T05:00:00Z,2,train,BC - Multi-point Calibration.,1,1
0032_44201_00533,32,O3,2022-02-13T04:00:00Z,2022-02-13T04:00:00Z,1,train,BF - Precision/Zero/Span.,1,1
0032_44201_00534,32,O3,2022-02-14T16:00:00Z,2022-02-14T16:00:00Z,1,train,BA - Maintenance/Routine Repairs.,1,1
0032_44201_00535,32,O3,2022-02-20T04:00:00Z,2022-02-20T04:00:00Z,1,train,BF - Precision/Zero/Span.,1,1
0032_44201_00536,32,O3,2022-02-27T04:00:00Z,2022-02-27T04:00:00Z,1,train,BF - Precision/Zero/Span.,1,1
0032_44201_00537,32,O3,2022-02-28T15:00:00Z,2022-02-28T16:00:00Z,2,train,BA - Maintenance/Routine Repairs.,1,1
0032_44201_00538,32,O3,2022-03-02T19:00:00Z,2022-03-02T19:00:00Z,1,train,BA - Maintenance/Routine Repairs.,1,1
0032_44201_00539,32,O3,2022-03-06T04:00:00Z,2022-03-06T05:00:00Z,2,train,BC - Multi-point Calibration.,1,1
0032_44201_00540,32,O3,2022-03-10T14:00:00Z,2022-03-10T19:00:00Z,6,train,AZ - Q C Audit.,1,1
0032_44201_00541,32,O3,2022-03-13T04:00:00Z,2022-03-13T04:00:00Z,1,train,BF - Precision/Zero/Span.,1,1
0032_44201_00542,32,O3,2022-03-14T15:00:00Z,2022-03-14T16:00:00Z,2,train,BA - Maintenance/Routine Repairs.,1,1
0032_44201_00543,32,O3,2022-03-15T15:00:00Z,2022-03-16T00:00:00Z,10,train,AL - Voided by Operator. | AZ - Q C Audit.,1,0
0032_44201_00544,32,O3,2022-03-20T04:00:00Z,2022-03-20T04:00:00Z,1,train,BF - Precision/Zero/Span.,1,1
0032_44201_00545,32,O3,2022-03-27T04:00:00Z,2022-03-27T04:00:00Z,1,train,BF - Precision/Zero/Span.,1,1
0032_44201_00546,32,O3,2022-03-28T15:00:00Z,2022-03-28T16:00:00Z,2,train,BA - Maintenance/Routine Repairs.,1,1
0032_44201_00547,32,O3,2022-03-29T12:00:00Z,2022-03-29T16:00:00Z,5,train,BC - Multi-point Calibration.,1,1
0032_44201_00548,32,O3,2022-04-03T04:00:00Z,2022-04-03T05:00:00Z,2,train,BC - Multi-point Calibration.,1,1
0032_44201_00549,32,O3,2022-04-10T04:00:00Z,2022-04-10T04:00:00Z,1,train,BF - Precision/Zero/Span.,1,1
0032_44201_00550,32,O3,2022-04-12T15:00:00Z,2022-04-12T19:00:00Z,5,train,AZ - Q C Audit.,1,1
0032_44201_00551,32,O3,2022-04-17T04:00:00Z,2022-04-17T04:00:00Z,1,train,BF - Precision/Zero/Span.,1,1
0032_44201_00552,32,O3,2022-04-18T16:00:00Z,2022-04-18T16:00:00Z,1,train,BA - Maintenance/Routine Repairs.,1,1
0032_44201_00553,32,O3,2022-04-18T22:00:00Z,2022-04-18T23:00:00Z,2,train,BC - Multi-point Calibration.,1,1
0032_44201_00554,32,O3,2022-04-24T04:00:00Z,2022-04-24T04:00:00Z,1,train,BF - Precision/Zero/Span.,1,1
0032_44201_00555,32,O3,2022-04-28T17:00:00Z,2022-04-28T17:00:00Z,1,train,BA - Maintenance/Routine Repairs.,1,1
0032_44201_00556,32,O3,2022-05-01T04:00:00Z,2022-05-01T05:00:00Z,2,train,BC - Multi-point Calibration.,1,1
0032_44201_00557,32,O3,2022-05-08T04:00:00Z,2022-05-08T04:00:00Z,1,train,BF - Precision/Zero/Span.,1,1
0032_44201_00558,32,O3,2022-05-10T16:00:00Z,2022-05-10T17:00:00Z,2,train,BA - Maintenance/Routine Repairs.,1,1
0032_44201_00559,32,O3,2022-05-15T04:00:00Z,2022-05-15T04:00:00Z,1,train,BF - Precision/Zero/Span.,1,1
0032_44201_00560,32,O3,2022-05-22T04:00:00Z,2022-05-22T04:00:00Z,1,train,BF - Precision/Zero/Span.,1,1
0032_44201_00561,32,O3,2022-05-24T17:00:00Z,2022-05-24T18:00:00Z,2,train,BA - Maintenance/Routine Repairs.,1,1
0032_44201_00562,32,O3,2022-05-29T04:00:00Z,2022-05-29T05:00:00Z,2,train,BC - Multi-point Calibration.,1,1
0032_44201_00563,32,O3,2022-06-05T04:00:00Z,2022-06-05T04:00:00Z,1,train,BF - Precision/Zero/Span.,1,1
0032_44201_00564,32,O3,2022-06-09T15:00:00Z,2022-06-09T16:00:00Z,2,train,BA - Maintenance/Routine Repairs.,1,1
0032_44201_00565,32,O3,2022-06-12T04:00:00Z,2022-06-12T04:00:00Z,1,train,BF - Precision/Zero/Span.,1,1
0032_44201_00566,32,O3,2022-06-16T13:00:00Z,2022-06-16T15:00:00Z,3,train,AZ - Q C Audit.,1,1
0032_44201_00567,32,O3,2022-06-19T04:00:00Z,2022-06-19T04:00:00Z,1,train,BF - Precision/Zero/Span.,1,1
0032_44201_00568,32,O3,2022-06-26T04:00:00Z,2022-06-26T05:00:00Z,2,train,BC - Multi-point Calibration.,1,1
0032_44201_00569,32,O3,2022-06-27T14:00:00Z,2022-06-27T15:00:00Z,2,train,BA - Maintenance/Routine Repairs.,1,1
0032_44201_00570,32,O3,2022-07-03T04:00:00Z,2022-07-03T04:00:00Z,1,train,BF - Precision/Zero/Span.,1,1
0032_44201_00571,32,O3,2022-07-10T04:00:00Z,2022-07-10T04:00:00Z,1,train,BF - Precision/Zero/Span.,1,1
0032_44201_00572,32,O3,2022-07-12T15:00:00Z,2022-07-12T15:00:00Z,1,train,BA - Maintenance/Routine Repairs.,1,1
0032_44201_00573,32,O3,2022-07-17T04:00:00Z,2022-07-17T04:00:00Z,1,train,BF - Precision/Zero/Span.,1,1
0032_44201_00574,32,O3,2022-07-24T04:00:00Z,2022-07-24T05:00:00Z,2,train,BC - Multi-point Calibration.,1,1
0032_44201_00575,32,O3,2022-07-26T13:00:00Z,2022-07-26T15:00:00Z,3,train,AZ - Q C Audit.,1,1
0032_44201_00576,32,O3,2022-07-31T04:00:00Z,2022-07-31T04:00:00Z,1,train,BF - Precision/Zero/Span.,1,1
0032_44201_00577,32,O3,2022-08-01T17:00:00Z,2022-08-01T17:00:00Z,1,train,BA - Maintenance/Routine Repairs.,1,1
0032_44201_00578,32,O3,2022-08-07T04:00:00Z,2022-08-07T04:00:00Z,1,train,BF - Precision/Zero/Span.,1,1
0032_44201_00579,32,O3,2022-08-14T04:00:00Z,2022-08-14T04:00:00Z,1,train,BF - Precision/Zero/Span.,1,1
0032_44201_00580,32,O3,2022-08-18T15:00:00Z,2022-08-18T16:00:00Z,2,train,BA - Maintenance/Routine Repairs.,1,1
0032_44201_00581,32,O3,2022-08-21T04:00:00Z,2022-08-21T05:00:00Z,2,train,BC - Multi-point Calibration.,1,1
0032_44201_00582,32,O3,2022-08-28T04:00:00Z,2022-08-28T04:00:00Z,1,train,BF - Precision/Zero/Span.,1,1
0032_44201_00583,32,O3,2022-09-04T04:00:00Z,2022-09-04T04:00:00Z,1,train,BF - Precision/Zero/Span.,1,1
0032_44201_00584,32,O3,2022-09-11T04:00:00Z,2022-09-11T04:00:00Z,1,train,BF - Precision/Zero/Span.,1,1
0032_44201_00585,32,O3,2022-09-18T04:00:00Z,2022-09-18T05:00:00Z,2,train,BC - Multi-point Calibration.,1,1
0032_44201_00586,32,O3,2022-09-21T17:00:00Z,2022-09-21T19:00:00Z,3,train,AZ - Q C Audit. | BA - Maintenance/Routine Repairs.,1,1
0032_44201_00587,32,O3,2022-09-25T04:00:00Z,2022-09-25T04:00:00Z,1,train,BF - Precision/Zero/Span.,1,1
0032_44201_00588,32,O3,2022-10-02T04:00:00Z,2022-10-02T04:00:00Z,1,validation,BF - Precision/Zero/Span.,1,1
0032_44201_00589,32,O3,2022-10-06T17:00:00Z,2022-10-06T17:00:00Z,1,validation,BA - Maintenance/Routine Repairs.,1,1
0032_44201_00590,32,O3,2022-10-09T04:00:00Z,2022-10-09T04:00:00Z,1,validation,BF - Precision/Zero/Span.,1,1
0032_44201_00591,32,O3,2022-10-16T04:00:00Z,2022-10-16T05:00:00Z,2,validation,BC - Multi-point Calibration.,1,1
0032_44201_00592,32,O3,2022-10-20T15:00:00Z,2022-10-20T18:00:00Z,4,validation,AZ - Q C Audit. | BA - Maintenance/Routine Repairs.,1,1
0032_44201_00593,32,O3,2022-10-23T04:00:00Z,2022-10-23T04:00:00Z,1,validation,BF - Precision/Zero/Span.,1,1
0032_44201_00594,32,O3,2022-10-30T04:00:00Z,2022-10-30T04:00:00Z,1,validation,BF - Precision/Zero/Span.,1,1
0032_44201_00595,32,O3,2022-11-06T04:00:00Z,2022-11-06T04:00:00Z,1,test,BF - Precision/Zero/Span.,1,1
0032_44201_00596,32,O3,2022-11-09T17:00:00Z,2022-11-09T18:00:00Z,2,test,BA - Maintenance/Routine Repairs.,1,1
0032_44201_00597,32,O3,2022-11-13T04:00:00Z,2022-11-13T05:00:00Z,2,test,BC - Multi-point Calibration.,1,1
0032_44201_00598,32,O3,2022-11-20T04:00:00Z,2022-11-20T04:00:00Z,1,test,BF - Precision/Zero/Span.,1,1
0032_44201_00599,32,O3,2022-11-22T15:00:00Z,2022-11-22T16:00:00Z,2,test,BA - Maintenance/Routine Repairs.,1,1
0032_44201_00600,32,O3,2022-11-27T04:00:00Z,2022-11-27T04:00:00Z,1,test,BF - Precision/Zero/Span.,1,1
0032_44201_00601,32,O3,2022-12-04T04:00:00Z,2022-12-04T04:00:00Z,1,test,BF - Precision/Zero/Span.,1,1
0032_44201_00602,32,O3,2022-12-06T16:00:00Z,2022-12-06T17:00:00Z,2,test,BA - Maintenance/Routine Repairs.,1,1
0032_44201_00603,32,O3,2022-12-11T04:00:00Z,2022-12-11T05:00:00Z,2,test,BC - Multi-point Calibration.,1,1
0032_44201_00604,32,O3,2022-12-18T04:00:00Z,2022-12-18T04:00:00Z,1,test,BF - Precision/Zero/Span.,1,1
0032_44201_00605,32,O3,2022-12-21T15:00:00Z,2022-12-21T16:00:00Z,2,test,AZ - Q C Audit.,1,1
0032_44201_00606,32,O3,2022-12-25T04:00:00Z,2022-12-25T04:00:00Z,1,test,BF - Precision/Zero/Span.,1,1
0032_44201_00607,32,O3,2023-01-01T04:00:00Z,2023-01-01T04:00:00Z,1,test,BF - Precision/Zero/Span.,1,1
0052_44201_00608,52,O3,2022-01-02T04:00:00Z,2022-01-02T04:00:00Z,1,train,BF - Precision/Zero/Span.,1,1
0052_44201_00609,52,O3,2022-01-04T18:00:00Z,2022-01-04T19:00:00Z,2,train,BA - Maintenance/Routine Repairs.,1,1
0052_44201_00610,52,O3,2022-01-09T04:00:00Z,2022-01-09T05:00:00Z,2,train,BC - Multi-point Calibration.,1,1
0052_44201_00611,52,O3,2022-01-10T15:00:00Z,2022-01-10T17:00:00Z,3,train,BC - Multi-point Calibration.,1,1
0052_44201_00612,52,O3,2022-01-16T04:00:00Z,2022-01-16T04:00:00Z,1,train,BF - Precision/Zero/Span.,1,1
0052_44201_00613,52,O3,2022-01-18T17:00:00Z,2022-01-18T18:00:00Z,2,train,BA - Maintenance/Routine Repairs.,1,1
0052_44201_00614,52,O3,2022-01-23T04:00:00Z,2022-01-23T04:00:00Z,1,train,BF - Precision/Zero/Span.,1,1
0052_44201_00615,52,O3,2022-01-30T04:00:00Z,2022-01-30T04:00:00Z,1,train,BF - Precision/Zero/Span.,1,1
0052_44201_00616,52,O3,2022-02-01T15:00:00Z,2022-02-01T22:00:00Z,8,train,AZ - Q C Audit. | BC - Multi-point Calibration.,1,1
0052_44201_00617,52,O3,2022-02-02T18:00:00Z,2022-02-02T19:00:00Z,2,train,AZ - Q C Audit. | BA - Maintenance/Routine Repairs.,1,1
0052_44201_00618,52,O3,2022-02-06T04:00:00Z,2022-02-06T05:00:00Z,2,train,BC - Multi-point Calibration.,1,1
0052_44201_00619,52,O3,2022-02-08T17:00:00Z,2022-02-08T19:00:00Z,3,train,BA - Maintenance/Routine Repairs.,1,1
0052_44201_00620,52,O3,2022-02-08T21:00:00Z,2022-02-08T22:00:00Z,2,train,BC - Multi-point Calibration.,1,1
0052_44201_00621,52,O3,2022-02-09T15:00:00Z,2022-02-09T16:00:00Z,2,train,AZ - Q C Audit.,1,1
0052_44201_00622,52,O3,2022-02-13T04:00:00Z,2022-02-13T04:00:00Z,1,train,BF - Precision/Zero/Span.,1,1
0052_44201_00623,52,O3,2022-02-14T18:00:00Z,2022-02-14T19:00:00Z,2,train,BA - Maintenance/Routine Repairs.,1,1
0052_44201_00624,52,O3,2022-02-20T04:00:00Z,2022-02-20T04:00:00Z,1,train,BF - Precision/Zero/Span.,1,1
0052_44201_00625,52,O3,2022-02-27T04:00:00Z,2022-02-27T04:00:00Z,1,train,BF - Precision/Zero/Span.,1,1
0052_44201_00626,52,O3,2022-02-28T17:00:00Z,2022-02-28T19:00:00Z,3,train,BA - Maintenance/Routine Repairs.,1,1
0052_44201_00627,52,O3,2022-03-06T04:00:00Z,2022-03-06T05:00:00Z,2,train,BC - Multi-point Calibration.,1,1
0052_44201_00628,52,O3,2022-03-08T16:00:00Z,2022-03-08T19:00:00Z,4,train,AZ - Q C Audit.,1,1
0052_44201_00629,52,O3,2022-03-13T04:00:00Z,2022-03-13T04:00:00Z,1,train,BF - Precision/Zero/Span.,1,1
0052_44201_00630,52,O3,2022-03-14T17:00:00Z,2022-03-14T18:00:00Z,2,train,BA - Maintenance/Routine Repairs.,1,1
0052_44201_00631,52,O3,2022-03-20T04:00:00Z,2022-03-20T04:00:00Z,1,train,BF - Precision/Zero/Span.,1,1
0052_44201_00632,52,O3,2022-03-27T04:00:00Z,2022-03-27T04:00:00Z,1,train,BF - Precision/Zero/Span.,1,1
0052_44201_00633,52,O3,2022-03-28T17:00:00Z,2022-03-28T18:00:00Z,2,train,BA - Maintenance/Routine Repairs.,1,1
0052_44201_00634,52,O3,2022-04-03T04:00:00Z,2022-04-03T05:00:00Z,2,train,BC - Multi-point Calibration.,1,1
0052_44201_00635,52,O3,2022-04-10T04:00:00Z,2022-04-10T04:00:00Z,1,train,BF - Precision/Zero/Span.,1,1
0052_44201_00636,52,O3,2022-04-14T16:00:00Z,2022-04-14T21:00:00Z,6,train,AZ - Q C Audit. | BA - Maintenance/Routine Repairs.,1,1
0052_44201_00637,52,O3,2022-04-17T04:00:00Z,2022-04-17T04:00:00Z,1,train,BF - Precision/Zero/Span.,1,1
0052_44201_00638,52,O3,2022-04-20T15:00:00Z,2022-04-20T18:00:00Z,4,train,AZ - Q C Audit.,1,1
0052_44201_00639,52,O3,2022-04-24T04:00:00Z,2022-04-24T04:00:00Z,1,train,BF - Precision/Zero/Span.,1,1
0052_44201_00640,52,O3,2022-04-28T19:00:00Z,2022-04-28T19:00:00Z,1,train,BA - Maintenance/Routine Repairs.,1,1
0052_44201_00641,52,O3,2022-05-01T04:00:00Z,2022-05-01T05:00:00Z,2,train,BC - Multi-point Calibration.,1,1
0052_44201_00642,52,O3,2022-05-08T04:00:00Z,2022-05-08T04:00:00Z,1,train,BF - Precision/Zero/Span.,1,1
0052_44201_00643,52,O3,2022-05-10T13:00:00Z,2022-05-10T15:00:00Z,3,train,BA - Maintenance/Routine Repairs.,1,1
0052_44201_00644,52,O3,2022-05-15T04:00:00Z,2022-05-15T04:00:00Z,1,train,BF - Precision/Zero/Span.,1,1
0052_44201_00645,52,O3,2022-05-22T04:00:00Z,2022-05-22T04:00:00Z,1,train,BF - Precision/Zero/Span.,1,1
0052_44201_00646,52,O3,2022-05-26T14:00:00Z,2022-05-26T15:00:00Z,2,train,BA - Maintenance/Routine Repairs.,1,1
0052_44201_00647,52,O3,2022-05-29T04:00:00Z,2022-05-29T05:00:00Z,2,train,BC - Multi-point Calibration.,1,1
0052_44201_00648,52,O3,2022-06-05T04:00:00Z,2022-06-05T04:00:00Z,1,train,BF - Precision/Zero/Span.,1,1
0052_44201_00649,52,O3,2022-06-09T17:00:00Z,2022-06-09T18:00:00Z,2,train,BA - Maintenance/Routine Repairs.,1,1
0052_44201_00650,52,O3,2022-06-12T04:00:00Z,2022-06-12T04:00:00Z,1,train,BF - Precision/Zero/Span.,1,1
0052_44201_00651,52,O3,2022-06-15T14:00:00Z,2022-06-15T17:00:00Z,4,train,AZ - Q C Audit.,1,1
0052_44201_00652,52,O3,2022-06-19T04:00:00Z,2022-06-19T04:00:00Z,1,train,BF - Precision/Zero/Span.,1,1
0052_44201_00653,52,O3,2022-06-26T04:00:00Z,2022-06-26T05:00:00Z,2,train,BC - Multi-point Calibration.,1,1
0052_44201_00654,52,O3,2022-06-27T16:00:00Z,2022-06-27T16:00:00Z,1,train,BA - Maintenance/Routine Repairs.,1,1
0052_44201_00655,52,O3,2022-07-03T04:00:00Z,2022-07-03T04:00:00Z,1,train,BF - Precision/Zero/Span.,1,1
0052_44201_00656,52,O3,2022-07-10T04:00:00Z,2022-07-10T04:00:00Z,1,train,BF - Precision/Zero/Span.,1,1
0052_44201_00657,52,O3,2022-07-11T15:00:00Z,2022-07-11T16:00:00Z,2,train,BA - Maintenance/Routine Repairs.,1,1
0052_44201_00658,52,O3,2022-07-17T04:00:00Z,2022-07-17T04:00:00Z,1,train,BF - Precision/Zero/Span.,1,1
0052_44201_00659,52,O3,2022-07-24T04:00:00Z,2022-07-24T05:00:00Z,2,train,BC - Multi-point Calibration.,1,1
0052_44201_00660,52,O3,2022-07-25T18:00:00Z,2022-07-25T19:00:00Z,2,train,BA - Maintenance/Routine Repairs.,1,1
0052_44201_00661,52,O3,2022-07-26T17:00:00Z,2022-07-26T18:00:00Z,2,train,AZ - Q C Audit.,1,1
0052_44201_00662,52,O3,2022-07-31T04:00:00Z,2022-07-31T04:00:00Z,1,train,BF - Precision/Zero/Span.,1,1
0052_44201_00663,52,O3,2022-08-07T04:00:00Z,2022-08-07T04:00:00Z,1,train,BF - Precision/Zero/Span.,1,1
0052_44201_00664,52,O3,2022-08-11T13:00:00Z,2022-08-11T14:00:00Z,2,train,BA - Maintenance/Routine Repairs.,1,1
0052_44201_00665,52,O3,2022-08-14T04:00:00Z,2022-08-14T04:00:00Z,1,train,BF - Precision/Zero/Span.,1,1
0052_44201_00666,52,O3,2022-08-21T04:00:00Z,2022-08-21T05:00:00Z,2,train,BC - Multi-point Calibration.,1,1
0052_44201_00667,52,O3,2022-08-24T16:00:00Z,2022-08-24T16:00:00Z,1,train,BA - Maintenance/Routine Repairs.,1,1
0052_44201_00668,52,O3,2022-08-28T04:00:00Z,2022-08-28T04:00:00Z,1,train,BF - Precision/Zero/Span.,1,1
0052_44201_00669,52,O3,2022-09-04T04:00:00Z,2022-09-04T04:00:00Z,1,train,BF - Precision/Zero/Span.,1,1
0052_44201_00670,52,O3,2022-09-11T04:00:00Z,2022-09-11T04:00:00Z,1,train,BF - Precision/Zero/Span.,1,1
0052_44201_00671,52,O3,2022-09-12T18:00:00Z,2022-09-12T19:00:00Z,2,train,BA - Maintenance/Routine Repairs.,1,1
0052_44201_00672,52,O3,2022-09-18T04:00:00Z,2022-09-18T05:00:00Z,2,train,BC - Multi-point Calibration.,1,1
0052_44201_00673,52,O3,2022-09-22T17:00:00Z,2022-09-22T18:00:00Z,2,train,AZ - Q C Audit.,1,1
0052_44201_00674,52,O3,2022-09-25T04:00:00Z,2022-09-25T04:00:00Z,1,train,BF - Precision/Zero/Span.,1,1
0052_44201_00675,52,O3,2022-09-26T18:00:00Z,2022-09-26T18:00:00Z,1,train,BA - Maintenance/Routine Repairs.,1,1
0052_44201_00676,52,O3,2022-10-02T04:00:00Z,2022-10-02T04:00:00Z,1,validation,BF - Precision/Zero/Span.,1,1
0052_44201_00677,52,O3,2022-10-09T04:00:00Z,2022-10-09T04:00:00Z,1,validation,BF - Precision/Zero/Span.,1,1
0052_44201_00678,52,O3,2022-10-10T18:00:00Z,2022-10-10T19:00:00Z,2,validation,BA - Maintenance/Routine Repairs.,1,1
0052_44201_00679,52,O3,2022-10-16T04:00:00Z,2022-10-16T05:00:00Z,2,validation,BC - Multi-point Calibration.,1,1
0052_44201_00680,52,O3,2022-10-19T16:00:00Z,2022-10-19T19:00:00Z,4,validation,AZ - Q C Audit.,1,1
0052_44201_00681,52,O3,2022-10-23T04:00:00Z,2022-10-23T04:00:00Z,1,validation,BF - Precision/Zero/Span.,1,1
0052_44201_00682,52,O3,2022-10-24T17:00:00Z,2022-10-24T17:00:00Z,1,validation,BA - Maintenance/Routine Repairs.,1,1
0052_44201_00683,52,O3,2022-10-30T04:00:00Z,2022-10-30T04:00:00Z,1,validation,BF - Precision/Zero/Span.,1,1
0052_44201_00684,52,O3,2022-11-06T04:00:00Z,2022-11-06T04:00:00Z,1,test,BF - Precision/Zero/Span.,1,1
0052_44201_00685,52,O3,2022-11-09T19:00:00Z,2022-11-09T20:00:00Z,2,test,BA - Maintenance/Routine Repairs.,1,1
0052_44201_00686,52,O3,2022-11-13T04:00:00Z,2022-11-13T05:00:00Z,2,test,BC - Multi-point Calibration.,1,1
0052_44201_00687,52,O3,2022-11-20T04:00:00Z,2022-11-20T04:00:00Z,1,test,BF - Precision/Zero/Span.,1,1
0052_44201_00688,52,O3,2022-11-22T17:00:00Z,2022-11-22T18:00:00Z,2,test,BA - Maintenance/Routine Repairs.,1,1
0052_44201_00689,52,O3,2022-11-27T04:00:00Z,2022-11-27T04:00:00Z,1,test,BF - Precision/Zero/Span.,1,1
0052_44201_00690,52,O3,2022-12-04T04:00:00Z,2022-12-04T04:00:00Z,1,test,BF - Precision/Zero/Span.,1,1
0052_44201_00691,52,O3,2022-12-06T19:00:00Z,2022-12-06T20:00:00Z,2,test,BA - Maintenance/Routine Repairs.,1,1
0052_44201_00692,52,O3,2022-12-11T04:00:00Z,2022-12-11T05:00:00Z,2,test,BC - Multi-point Calibration.,1,1
0052_44201_00693,52,O3,2022-12-18T04:00:00Z,2022-12-18T04:00:00Z,1,test,BF - Precision/Zero/Span.,1,1
0052_44201_00694,52,O3,2022-12-20T16:00:00Z,2022-12-20T21:00:00Z,6,test,AZ - Q C Audit.,1,1
0052_44201_00695,52,O3,2022-12-25T04:00:00Z,2022-12-25T04:00:00Z,1,test,BF - Precision/Zero/Span.,1,1
0052_44201_00696,52,O3,2023-01-01T04:00:00Z,2023-01-01T04:00:00Z,1,test,BF - Precision/Zero/Span.,1,1
0059_44201_00697,59,O3,2022-01-02T04:00:00Z,2022-01-02T04:00:00Z,1,train,BF - Precision/Zero/Span.,1,1
0059_44201_00698,59,O3,2022-01-09T04:00:00Z,2022-01-09T05:00:00Z,2,train,BC - Multi-point Calibration.,1,1
0059_44201_00699,59,O3,2022-01-11T17:00:00Z,2022-01-11T17:00:00Z,1,train,BA - Maintenance/Routine Repairs.,1,1
0059_44201_00700,59,O3,2022-01-12T02:00:00Z,2022-01-12T17:00:00Z,16,train,AF - Scheduled but not Collected. | AL - Voided by Operator.,1,0
0059_44201_00701,59,O3,2022-01-12T19:00:00Z,2022-01-12T21:00:00Z,3,train,BC - Multi-point Calibration.,1,1
0059_44201_00702,59,O3,2022-01-13T13:00:00Z,2022-01-13T15:00:00Z,3,train,BC - Multi-point Calibration.,1,1
0059_44201_00703,59,O3,2022-01-14T04:00:00Z,2022-01-14T04:00:00Z,1,train,BF - Precision/Zero/Span.,1,1
0059_44201_00704,59,O3,2022-01-16T04:00:00Z,2022-01-16T04:00:00Z,1,train,BF - Precision/Zero/Span.,1,1
0059_44201_00705,59,O3,2022-01-19T18:00:00Z,2022-01-19T18:00:00Z,1,train,AZ - Q C Audit.,1,1
0059_44201_00706,59,O3,2022-01-23T04:00:00Z,2022-01-23T04:00:00Z,1,train,BF - Precision/Zero/Span.,1,1
0059_44201_00707,59,O3,2022-01-27T14:00:00Z,2022-01-27T14:00:00Z,1,train,BA - Maintenance/Routine Repairs.,1,1
0059_44201_00708,59,O3,2022-01-30T04:00:00Z,2022-01-30T04:00:00Z,1,train,BF - Precision/Zero/Span.,1,1
0059_44201_00709,59,O3,2022-02-06T04:00:00Z,2022-02-06T05:00:00Z,2,train,BC - Multi-point Calibration.,1,1
0059_44201_00710,59,O3,2022-02-08T18:00:00Z,2022-02-08T18:00:00Z,1,train,BA - Maintenance/Routine Repairs.,1,1
0059_44201_00711,59,O3,2022-02-13T04:00:00Z,2022-02-13T04:00:00Z,1,train,BF - Precision/Zero/Span.,1,1
0059_44201_00712,59,O3,2022-02-20T04:00:00Z,2022-02-20T04:00:00Z,1,train,BF - Precision/Zero/Span.,1,1
0059_44201_00713,59,O3,2022-02-23T13:00:00Z,2022-02-23T13:00:00Z,1,train,BA - Maintenance/Routine Repairs.,1,1
0059_44201_00714,59,O3,2022-02-27T04:00:00Z,2022-02-27T04:00:00Z,1,train,BF - Precision/Zero/Span.,1,1
0059_44201_00715,59,O3,2022-03-02T18:00:00Z,2022-03-02T18:00:00Z,1,train,AZ - Q C Audit.,1,1
0059_44201_00716,59,O3,2022-03-03T05:00:00Z,2022-03-04T20:00:00Z,40,train,AN - Machine Malfunction. | BA - Maintenance/Routine Repairs. | BC - Multi-point Calibration. | BF - Precision/Zero/Span.,1,0
0059_44201_00717,59,O3,2022-03-06T04:00:00Z,2022-03-06T05:00:00Z,2,train,BC - Multi-point Calibration.,1,1
0059_44201_00718,59,O3,2022-03-08T17:00:00Z,2022-03-08T17:00:00Z,1,train,BA - Maintenance/Routine Repairs.,1,1
0059_44201_00719,59,O3,2022-03-13T04:00:00Z,2022-03-13T04:00:00Z,1,train,BF - Precision/Zero/Span.,1,1
0059_44201_00720,59,O3,2022-03-20T04:00:00Z,2022-03-20T04:00:00Z,1,train,BF - Precision/Zero/Span.,1,1
0059_44201_00721,59,O3,2022-03-22T17:00:00Z,2022-03-22T17:00:00Z,1,train,BA - Maintenance/Routine Repairs.,1,1
0059_44201_00722,59,O3,2022-03-27T04:00:00Z,2022-03-27T04:00:00Z,1,train,BF - Precision/Zero/Span.,1,1
0059_44201_00723,59,O3,2022-04-03T04:00:00Z,2022-04-03T05:00:00Z,2,train,BC - Multi-point Calibration.,1,1
0059_44201_00724,59,O3,2022-04-04T17:00:00Z,2022-04-04T18:00:00Z,2,train,AZ - Q C Audit.,1,1
0059_44201_00725,59,O3,2022-04-06T17:00:00Z,2022-04-06T17:00:00Z,1,train,BA - Maintenance/Routine Repairs.,1,1
0059_44201_00726,59,O3,2022-04-10T04:00:00Z,2022-04-10T04:00:00Z,1,train,BF - Precision/Zero/Span.,1,1
0059_44201_00727,59,O3,2022-04-17T04:00:00Z,2022-04-17T04:00:00Z,1,train,BF - Precision/Zero/Span.,1,1
0059_44201_00728,59,O3,2022-04-20T15:00:00Z,2022-04-20T17:00:00Z,3,train,BC - Multi-point Calibration.,1,1
0059_44201_00729,59,O3,2022-04-24T04:00:00Z,2022-04-24T04:00:00Z,1,train,BF - Precision/Zero/Span.,1,1
0059_44201_00730,59,O3,2022-05-01T04:00:00Z,2022-05-01T05:00:00Z,2,train,BC - Multi-point Calibration.,1,1
0059_44201_00731,59,O3,2022-05-08T04:00:00Z,2022-05-08T04:00:00Z,1,train,BF - Precision/Zero/Span.,1,1
0059_44201_00732,59,O3,2022-05-09T20:00:00Z,2022-05-09T21:00:00Z,2,train,BC - Multi-point Calibration.,1,1
0059_44201_00733,59,O3,2022-05-15T04:00:00Z,2022-05-15T04:00:00Z,1,train,BF - Precision/Zero/Span.,1,1
0059_44201_00734,59,O3,2022-05-18T16:00:00Z,2022-05-18T17:00:00Z,2,train,BA - Maintenance/Routine Repairs.,1,1
0059_44201_00735,59,O3,2022-05-18T22:00:00Z,2022-05-19T00:00:00Z,3,train,BC - Multi-point Calibration.,1,1
0059_44201_00736,59,O3,2022-05-19T17:00:00Z,2022-05-19T20:00:00Z,4,train,AZ - Q C Audit.,1,1
0059_44201_00737,59,O3,2022-05-19T22:00:00Z,2022-05-19T23:00:00Z,2,train,BC - Multi-point Calibration.,1,1
0059_44201_00738,59,O3,2022-05-20T14:00:00Z,2022-05-20T17:00:00Z,4,train,BA - Maintenance/Routine Repairs.,1,1
0059_44201_00739,59,O3,2022-05-20T19:00:00Z,2022-05-20T20:00:00Z,2,train,BC - Multi-point Calibration.,1,1
0059_44201_00740,59,O3,2022-05-22T04:00:00Z,2022-05-22T04:00:00Z,1,train,BF - Precision/Zero/Span.,1,1
0059_44201_00741,59,O3,2022-05-23T05:00:00Z,2022-05-24T19:00:00Z,39,train,AN - Machine Malfunction. | BA - Maintenance/Routine Repairs. | BC - Multi-point Calibration. | BF - Precision/Zero/Span.,1,0
0059_44201_00742,59,O3,2022-05-26T16:00:00Z,2022-05-26T17:00:00Z,2,train,BA - Maintenance/Routine Repairs.,1,1
0059_44201_00743,59,O3,2022-05-26T19:00:00Z,2022-05-26T20:00:00Z,2,train,BC - Multi-point Calibration.,1,1
0059_44201_00744,59,O3,2022-05-29T04:00:00Z,2022-05-29T05:00:00Z,2,train,BC - Multi-point Calibration.,1,1
0059_44201_00745,59,O3,2022-06-01T16:00:00Z,2022-06-01T17:00:00Z,2,train,BA - Maintenance/Routine Repairs.,1,1
0059_44201_00746,59,O3,2022-06-05T04:00:00Z,2022-06-05T04:00:00Z,1,train,BF - Precision/Zero/Span.,1,1
0059_44201_00747,59,O3,2022-06-06T16:00:00Z,2022-06-06T16:00:00Z,1,train,BA - Maintenance/Routine Repairs.,1,1
0059_44201_00748,59,O3,2022-06-06T20:00:00Z,2022-06-06T21:00:00Z,2,train,BC - Multi-point Calibration.,1,1
0059_44201_00749,59,O3,2022-06-07T12:00:00Z,2022-06-07T12:00:00Z,1,train,AZ - Q C Audit.,1,1
0059_44201_00750,59,O3,2022-06-12T04:00:00Z,2022-06-12T04:00:00Z,1,train,BF - Precision/Zero/Span.,1,1
0059_44201_00751,59,O3,2022-06-17T13:00:00Z,2022-06-17T15:00:00Z,3,train,BA - Maintenance/Routine Repairs.,1,1
0059_44201_00752,59,O3,2022-06-21T18:00:00Z,2022-06-21T18:00:00Z,1,train,BA - Maintenance/Routine Repairs.,1,1
0059_44201_00753,59,O3,2022-06-22T09:00:00Z,2022-06-22T10:00:00Z,2,train,BC - Multi-point Calibration.,1,1
0059_44201_00754,59,O3,2022-06-23T16:00:00Z,2022-06-23T17:00:00Z,2,train,AZ - Q C Audit.,1,1
0059_44201_00755,59,O3,2022-06-26T04:00:00Z,2022-06-26T05:00:00Z,2,train,BC - Multi-point Calibration.,1,1
0059_44201_00756,59,O3,2022-07-03T04:00:00Z,2022-07-03T04:00:00Z,1,train,BF - Precision/Zero/Span.,1,1
0059_44201_00757,59,O3,2022-07-10T04:00:00Z,2022-07-10T04:00:00Z,1,train,BF - Precision/Zero/Span.,1,1
0059_44201_00758,59,O3,2022-07-15T12:00:00Z,2022-07-15T12:00:00Z,1,train,BA - Maintenance/Routine Repairs.,1,1
0059_44201_00759,59,O3,2022-07-17T04:00:00Z,2022-07-17T04:00:00Z,1,train,BF - Precision/Zero/Span.,1,1
0059_44201_00760,59,O3,2022-07-21T16:00:00Z,2022-07-21T16:00:00Z,1,train,AZ - Q C Audit.,1,1
0059_44201_00761,59,O3,2022-07-24T04:00:00Z,2022-07-24T05:00:00Z,2,train,BC - Multi-point Calibration.,1,1
0059_44201_00762,59,O3,2022-07-31T04:00:00Z,2022-07-31T04:00:00Z,1,train,BF - Precision/Zero/Span.,1,1
0059_44201_00763,59,O3,2022-08-07T04:00:00Z,2022-08-07T04:00:00Z,1,train,BF - Precision/Zero/Span.,1,1
0059_44201_00764,59,O3,2022-08-08T12:00:00Z,2022-08-08T12:00:00Z,1,train,BA - Maintenance/Routine Repairs.,1,1
0059_44201_00765,59,O3,2022-08-14T04:00:00Z,2022-08-14T04:00:00Z,1,train,BF - Precision/Zero/Span.,1,1
0059_44201_00766,59,O3,2022-08-21T04:00:00Z,2022-08-21T05:00:00Z,2,train,BC - Multi-point Calibration.,1,1
0059_44201_00767,59,O3,2022-08-22T13:00:00Z,2022-08-22T13:00:00Z,1,train,BA - Maintenance/Routine Repairs.,1,1
0059_44201_00768,59,O3,2022-08-28T04:00:00Z,2022-08-28T04:00:00Z,1,train,BF - Precision/Zero/Span.,1,1
0059_44201_00769,59,O3,2022-08-30T17:00:00Z,2022-08-30T18:00:00Z,2,train,AZ - Q C Audit.,1,1
0059_44201_00770,59,O3,2022-09-04T04:00:00Z,2022-09-04T04:00:00Z,1,train,BF - Precision/Zero/Span.,1,1
0059_44201_00771,59,O3,2022-09-07T18:00:00Z,2022-09-07T18:00:00Z,1,train,BA - Maintenance/Routine Repairs.,1,1
0059_44201_00772,59,O3,2022-09-11T04:00:00Z,2022-09-11T04:00:00Z,1,train,BF - Precision/Zero/Span.,1,1
0059_44201_00773,59,O3,2022-09-18T04:00:00Z,2022-09-18T05:00:00Z,2,train,BC - Multi-point Calibration.,1,1
0059_44201_00774,59,O3,2022-09-21T12:00:00Z,2022-09-21T12:00:00Z,1,train,BA - Maintenance/Routine Repairs.,1,1
0059_44201_00775,59,O3,2022-09-21T14:00:00Z,2022-09-21T15:00:00Z,2,train,BC - Multi-point Calibration.,1,1
0059_44201_00776,59,O3,2022-09-25T04:00:00Z,2022-09-25T04:00:00Z,1,train,BF - Precision/Zero/Span.,1,1
0059_44201_00777,59,O3,2022-10-02T04:00:00Z,2022-10-02T04:00:00Z,1,validation,BF - Precision/Zero/Span.,1,1
0059_44201_00778,59,O3,2022-10-06T11:00:00Z,2022-10-06T13:00:00Z,3,validation,AL - Voided by Operator. | BA - Maintenance/Routine Repairs.,1,1
0059_44201_00779,59,O3,2022-10-09T04:00:00Z,2022-10-09T04:00:00Z,1,validation,BF - Precision/Zero/Span.,1,1
0059_44201_00780,59,O3,2022-10-10T18:00:00Z,2022-10-10T19:00:00Z,2,validation,AZ - Q C Audit.,1,1
0059_44201_00781,59,O3,2022-10-11T05:00:00Z,2022-10-11T05:00:00Z,1,validation,BF - Precision/Zero/Span.,1,1
0059_44201_00782,59,O3,2022-10-11T15:00:00Z,2022-10-11T18:00:00Z,4,validation,BA - Maintenance/Routine Repairs. | BC - Multi-point Calibration.,1,1
0059_44201_00783,59,O3,2022-10-13T16:00:00Z,2022-10-13T17:00:00Z,2,validation,BA - Maintenance/Routine Repairs.,1,1
0059_44201_00784,59,O3,2022-10-16T04:00:00Z,2022-10-16T05:00:00Z,2,validation,BC - Multi-point Calibration.,1,1
0059_44201_00785,59,O3,2022-10-17T12:00:00Z,2022-10-17T12:00:00Z,1,validation,BA - Maintenance/Routine Repairs.,1,1
0059_44201_00786,59,O3,2022-10-21T17:00:00Z,2022-10-21T17:00:00Z,1,validation,BA - Maintenance/Routine Repairs.,1,1
0059_44201_00787,59,O3,2022-10-23T04:00:00Z,2022-10-23T04:00:00Z,1,validation,BF - Precision/Zero/Span.,1,1
0059_44201_00788,59,O3,2022-10-30T04:00:00Z,2022-10-30T04:00:00Z,1,validation,BF - Precision/Zero/Span.,1,1
0059_44201_00789,59,O3,2022-11-02T05:00:00Z,2022-11-02T05:00:00Z,1,test,BF - Precision/Zero/Span.,1,1
0059_44201_00790,59,O3,2022-11-03T13:00:00Z,2022-11-03T13:00:00Z,1,test,BA - Maintenance/Routine Repairs.,1,1
0059_44201_00791,59,O3,2022-11-04T15:00:00Z,2022-11-04T19:00:00Z,5,test,BC - Multi-point Calibration. | BF - Precision/Zero/Span.,1,1
0059_44201_00792,59,O3,2022-11-06T04:00:00Z,2022-11-06T04:00:00Z,1,test,BF - Precision/Zero/Span.,1,1
0059_44201_00793,59,O3,2022-11-08T18:00:00Z,2022-11-08T18:00:00Z,1,test,BA - Maintenance/Routine Repairs.,1,1
0059_44201_00794,59,O3,2022-11-13T04:00:00Z,2022-11-13T05:00:00Z,2,test,BC - Multi-point Calibration.,1,1
0059_44201_00795,59,O3,2022-11-15T16:00:00Z,2022-11-15T22:00:00Z,7,test,AL - Voided by Operator. | AZ - Q C Audit.,1,1
0059_44201_00796,59,O3,2022-11-17T16:00:00Z,2022-11-17T17:00:00Z,2,test,BA - Maintenance/Routine Repairs.,1,1
0059_44201_00797,59,O3,2022-11-20T04:00:00Z,2022-11-20T04:00:00Z,1,test,BF - Precision/Zero/Span.,1,1
0059_44201_00798,59,O3,2022-11-27T04:00:00Z,2022-11-27T04:00:00Z,1,test,BF - Precision/Zero/Span.,1,1
0059_44201_00799,59,O3,2022-11-28T13:00:00Z,2022-11-28T13:00:00Z,1,test,BA - Maintenance/Routine Repairs.,1,1
0059_44201_00800,59,O3,2022-11-30T14:00:00Z,2022-11-30T15:00:00Z,2,test,AZ - Q C Audit.,1,1
0059_44201_00801,59,O3,2022-12-04T04:00:00Z,2022-12-04T04:00:00Z,1,test,BF - Precision/Zero/Span.,1,1
0059_44201_00802,59,O3,2022-12-11T04:00:00Z,2022-12-11T05:00:00Z,2,test,BC - Multi-point Calibration.,1,1
0059_44201_00803,59,O3,2022-12-13T18:00:00Z,2022-12-13T18:00:00Z,1,test,BA - Maintenance/Routine Repairs.,1,1
0059_44201_00804,59,O3,2022-12-18T04:00:00Z,2022-12-18T04:00:00Z,1,test,BF - Precision/Zero/Span.,1,1
0059_44201_00805,59,O3,2022-12-25T04:00:00Z,2022-12-25T04:00:00Z,1,test,BF - Precision/Zero/Span.,1,1
0059_44201_00806,59,O3,2023-01-01T04:00:00Z,2023-01-01T04:00:00Z,1,test,BF - Precision/Zero/Span.,1,1
0032_88101_00807,32,PM2.5,2022-01-06T16:00:00Z,2022-01-07T00:00:00Z,9,train,AM - Miscellaneous Void. | AZ - Q C Audit.,1,0
0032_88101_00808,32,PM2.5,2022-01-15T18:00:00Z,2022-01-15T20:00:00Z,3,train,AM - Miscellaneous Void.,1,1
0032_88101_00809,32,PM2.5,2022-01-17T13:00:00Z,2022-01-17T15:00:00Z,3,train,AM - Miscellaneous Void.,1,1
0032_88101_00810,32,PM2.5,2022-01-26T19:00:00Z,2022-01-26T19:00:00Z,1,train,AI - Insufficient Data (cannot calculate).,1,1
0032_88101_00811,32,PM2.5,2022-02-01T21:00:00Z,2022-02-02T00:00:00Z,4,train,AM - Miscellaneous Void.,1,1
0032_88101_00812,32,PM2.5,2022-02-03T12:00:00Z,2022-02-03T14:00:00Z,3,train,AM - Miscellaneous Void.,1,1
0032_88101_00813,32,PM2.5,2022-02-07T17:00:00Z,2022-02-08T01:00:00Z,9,train,AM - Miscellaneous Void. | AZ - Q C Audit.,1,0
0032_88101_00814,32,PM2.5,2022-02-18T18:00:00Z,2022-02-18T23:00:00Z,6,train,AM - Miscellaneous Void. | BA - Maintenance/Routine Repairs.,1,1
0032_88101_00815,32,PM2.5,2022-02-28T12:00:00Z,2022-03-03T21:00:00Z,82,train,AM - Miscellaneous Void. | BA - Maintenance/Routine Repairs.,1,0
0032_88101_00816,32,PM2.5,2022-03-14T21:00:00Z,2022-03-14T23:00:00Z,3,train,AM - Miscellaneous Void.,1,1
0032_88101_00817,32,PM2.5,2022-03-31T11:00:00Z,2022-04-04T11:00:00Z,97,train,BA - Maintenance/Routine Repairs.,1,0
0032_88101_00818,32,PM2.5,2022-04-04T17:00:00Z,2022-04-04T20:00:00Z,4,train,AM - Miscellaneous Void. | AZ - Q C Audit.,1,1
0032_88101_00819,32,PM2.5,2022-04-15T17:00:00Z,2022-04-21T18:00:00Z,146,train,AM - Miscellaneous Void. | BA - Maintenance/Routine Repairs.,1,0
0032_88101_00820,32,PM2.5,2022-04-29T00:00:00Z,2022-04-29T03:00:00Z,4,train,AM - Miscellaneous Void.,1,1
0032_88101_00821,32,PM2.5,2022-05-11T13:00:00Z,2022-05-11T14:00:00Z,2,train,AZ - Q C Audit.,1,1
0032_88101_00822,32,PM2.5,2022-05-20T10:00:00Z,2022-05-20T14:00:00Z,5,train,AM - Miscellaneous Void. | BA - Maintenance/Routine Repairs.,1,1
0032_88101_00823,32,PM2.5,2022-05-26T00:00:00Z,2022-05-26T04:00:00Z,5,train,AM - Miscellaneous Void.,1,1
0032_88101_00824,32,PM2.5,2022-06-02T17:00:00Z,2022-06-02T20:00:00Z,4,train,AM - Miscellaneous Void.,1,1
0032_88101_00825,32,PM2.5,2022-07-04T10:00:00Z,2022-07-04T12:00:00Z,3,train,AM - Miscellaneous Void.,1,1
0032_88101_00826,32,PM2.5,2022-07-07T02:00:00Z,2022-07-07T04:00:00Z,3,train,AM - Miscellaneous Void.,1,1
0032_88101_00827,32,PM2.5,2022-07-07T16:00:00Z,2022-07-07T20:00:00Z,5,train,AM - Miscellaneous Void. | AZ - Q C Audit.,1,1
0032_88101_00828,32,PM2.5,2022-07-15T00:00:00Z,2022-07-15T02:00:00Z,3,train,AM - Miscellaneous Void.,1,1
0032_88101_00829,32,PM2.5,2022-07-28T17:00:00Z,2022-07-28T20:00:00Z,4,train,AM - Miscellaneous Void.,1,1
0032_88101_00830,32,PM2.5,2022-07-29T01:00:00Z,2022-07-29T03:00:00Z,3,train,AM - Miscellaneous Void.,1,1
0032_88101_00831,32,PM2.5,2022-08-04T16:00:00Z,2022-08-04T21:00:00Z,6,train,AM - Miscellaneous Void. | AZ - Q C Audit.,1,1
0032_88101_00832,32,PM2.5,2022-08-08T21:00:00Z,2022-08-09T00:00:00Z,4,train,AM - Miscellaneous Void.,1,1
0032_88101_00833,32,PM2.5,2022-08-11T22:00:00Z,2022-08-11T22:00:00Z,1,train,AM - Miscellaneous Void.,1,1
0032_88101_00834,32,PM2.5,2022-08-17T10:00:00Z,2022-08-17T11:00:00Z,2,train,BA - Maintenance/Routine Repairs.,1,1
0032_88101_00835,32,PM2.5,2022-08-22T21:00:00Z,2022-08-23T01:00:00Z,5,train,AM - Miscellaneous Void.,1,1
0032_88101_00836,32,PM2.5,2022-09-01T17:00:00Z,2022-09-01T19:00:00Z,3,train,AM - Miscellaneous Void.,1,1
0032_88101_00837,32,PM2.5,2022-09-07T20:00:00Z,2022-09-07T22:00:00Z,3,train,AM - Miscellaneous Void.,1,1
0032_88101_00838,32,PM2.5,2022-09-14T16:00:00Z,2022-09-14T20:00:00Z,5,train,AM - Miscellaneous Void. | BA - Maintenance/Routine Repairs.,1,1
0032_88101_00839,32,PM2.5,2022-09-27T00:00:00Z,2022-09-27T02:00:00Z,3,train,AM - Miscellaneous Void.,1,1
0032_88101_00840,32,PM2.5,2022-09-29T17:00:00Z,2022-09-29T19:00:00Z,3,train,AM - Miscellaneous Void.,1,1
0032_88101_00841,32,PM2.5,2022-10-07T17:00:00Z,2022-10-07T20:00:00Z,4,validation,AM - Miscellaneous Void.,1,1
0032_88101_00842,32,PM2.5,2022-10-31T18:00:00Z,2022-10-31T18:00:00Z,1,validation,BA - Maintenance/Routine Repairs.,1,1
0032_88101_00843,32,PM2.5,2022-11-01T16:00:00Z,2022-11-01T16:00:00Z,1,test,AZ - Q C Audit.,1,1
0032_88101_00844,32,PM2.5,2022-11-11T18:00:00Z,2022-11-12T02:00:00Z,9,test,AM - Miscellaneous Void.,1,0
0032_88101_00845,32,PM2.5,2022-11-15T17:00:00Z,2022-11-15T17:00:00Z,1,test,BA - Maintenance/Routine Repairs.,1,1
0032_88101_00846,32,PM2.5,2022-11-30T12:00:00Z,2022-11-30T14:00:00Z,3,test,AM - Miscellaneous Void.,1,1
0032_88101_00847,32,PM2.5,2022-12-08T18:00:00Z,2022-12-08T23:00:00Z,6,test,AM - Miscellaneous Void. | AZ - Q C Audit.,1,1
0059_88101_00848,59,PM2.5,2022-01-04T16:00:00Z,2022-01-04T18:00:00Z,3,train,AM - Miscellaneous Void. | AZ - Q C Audit.,1,1
0059_88101_00849,59,PM2.5,2022-01-12T01:00:00Z,2022-01-12T16:00:00Z,16,train,AF - Scheduled but not Collected. | AI - Insufficient Data (cannot calculate).,1,0
0059_88101_00850,59,PM2.5,2022-01-27T13:00:00Z,2022-01-27T14:00:00Z,2,train,AM - Miscellaneous Void. | BA - Maintenance/Routine Repairs.,1,1
0059_88101_00851,59,PM2.5,2022-02-08T17:00:00Z,2022-02-08T18:00:00Z,2,train,AZ - Q C Audit.,1,1
0059_88101_00852,59,PM2.5,2022-03-02T18:00:00Z,2022-03-02T19:00:00Z,2,train,AM - Miscellaneous Void. | AZ - Q C Audit.,1,1
0059_88101_00853,59,PM2.5,2022-04-01T16:00:00Z,2022-04-01T19:00:00Z,4,train,AM - Miscellaneous Void. | AZ - Q C Audit.,1,1
0059_88101_00854,59,PM2.5,2022-04-06T17:00:00Z,2022-04-06T18:00:00Z,2,train,AM - Miscellaneous Void.,1,1
0059_88101_00855,59,PM2.5,2022-04-27T16:00:00Z,2022-04-27T19:00:00Z,4,train,AM - Miscellaneous Void. | BA - Maintenance/Routine Repairs.,1,1
0059_88101_00856,59,PM2.5,2022-05-03T17:00:00Z,2022-05-03T18:00:00Z,2,train,AM - Miscellaneous Void.,1,1
0059_88101_00857,59,PM2.5,2022-05-18T16:00:00Z,2022-05-18T17:00:00Z,2,train,AM - Miscellaneous Void. | BA - Maintenance/Routine Repairs.,1,1
0059_88101_00858,59,PM2.5,2022-06-09T16:00:00Z,2022-06-09T18:00:00Z,3,train,AM - Miscellaneous Void. | AZ - Q C Audit.,1,1
0059_88101_00859,59,PM2.5,2022-06-23T09:00:00Z,2022-06-23T10:00:00Z,2,train,AN - Machine Malfunction.,1,1
0059_88101_00860,59,PM2.5,2022-07-01T16:00:00Z,2022-07-05T16:00:00Z,97,train,AM - Miscellaneous Void. | AZ - Q C Audit. | BA - Maintenance/Routine Repairs.,1,0
0059_88101_00861,59,PM2.5,2022-08-02T16:00:00Z,2022-08-02T17:00:00Z,2,train,AM - Miscellaneous Void.,1,1
0059_88101_00862,59,PM2.5,2022-08-09T14:00:00Z,2022-08-09T15:00:00Z,2,train,BA - Maintenance/Routine Repairs.,1,1
0059_88101_00863,59,PM2.5,2022-08-11T02:00:00Z,2022-08-11T02:00:00Z,1,train,AM - Miscellaneous Void.,1,1
0059_88101_00864,59,PM2.5,2022-09-02T16:00:00Z,2022-09-02T18:00:00Z,3,train,AM - Miscellaneous Void. | AZ - Q C Audit.,1,1
0059_88101_00865,59,PM2.5,2022-10-10T16:00:00Z,2022-10-10T18:00:00Z,3,validation,AM - Miscellaneous Void. | AZ - Q C Audit.,1,1
0059_88101_00866,59,PM2.5,2022-10-21T15:00:00Z,2022-10-21T17:00:00Z,3,validation,AM - Miscellaneous Void. | BA - Maintenance/Routine Repairs.,1,1
0059_88101_00867,59,PM2.5,2022-11-03T14:00:00Z,2022-11-03T14:00:00Z,1,test,AZ - Q C Audit.,1,1
0059_88101_00868,59,PM2.5,2022-11-11T20:00:00Z,2022-11-11T20:00:00Z,1,test,AM - Miscellaneous Void.,1,1
0059_88101_00869,59,PM2.5,2022-11-15T20:00:00Z,2022-11-15T20:00:00Z,1,test,AZ - Q C Audit.,1,1
0059_88101_00870,59,PM2.5,2022-12-05T17:00:00Z,2022-12-05T17:00:00Z,1,test,AZ - Q C Audit.,1,1
0059_88101_00871,59,PM2.5,2022-12-13T16:00:00Z,2022-12-13T17:00:00Z,2,test,AM - Miscellaneous Void. | BA - Maintenance/Routine Repairs.,1,1
1069_88101_00872,1069,PM2.5,2022-01-06T17:00:00Z,2022-01-06T18:00:00Z,2,train,AZ - Q C Audit.,1,1
1069_88101_00873,1069,PM2.5,2022-01-13T15:00:00Z,2022-01-13T16:00:00Z,2,train,AM - Miscellaneous Void. | AZ - Q C Audit.,1,1
1069_88101_00874,1069,PM2.5,2022-01-15T09:00:00Z,2022-01-15T12:00:00Z,4,train,AF - Scheduled but not Collected. | AI - Insufficient Data (cannot calculate). | AM - Miscellaneous Void. | AN - Machine Malfunction.,1,1
1069_88101_00875,1069,PM2.5,2022-02-01T21:00:00Z,2022-02-01T21:00:00Z,1,train,AZ - Q C Audit.,1,1
1069_88101_00876,1069,PM2.5,2022-02-07T16:00:00Z,2022-02-07T17:00:00Z,2,train,AM - Miscellaneous Void.,1,1
1069_88101_00877,1069,PM2.5,2022-02-07T22:00:00Z,2022-02-07T22:00:00Z,1,train,AZ - Q C Audit.,1,1
1069_88101_00878,1069,PM2.5,2022-03-04T16:00:00Z,2022-03-04T17:00:00Z,2,train,AZ - Q C Audit.,1,1
1069_88101_00879,1069,PM2.5,2022-03-17T18:00:00Z,2022-03-17T18:00:00Z,1,train,BA - Maintenance/Routine Repairs.,1,1
1069_88101_00880,1069,PM2.5,2022-04-04T15:00:00Z,2022-04-04T17:00:00Z,3,train,AM - Miscellaneous Void. | AZ - Q C Audit.,1,1
1069_88101_00881,1069,PM2.5,2022-05-03T17:00:00Z,2022-05-03T18:00:00Z,2,train,AM - Miscellaneous Void.,1,1
1069_88101_00882,1069,PM2.5,2022-05-09T15:00:00Z,2022-05-09T16:00:00Z,2,train,AM - Miscellaneous Void.,1,1
1069_88101_00883,1069,PM2.5,2022-05-25T05:00:00Z,2022-05-25T05:00:00Z,1,train,AM - Miscellaneous Void.,1,1
1069_88101_00884,1069,PM2.5,2022-06-02T13:00:00Z,2022-06-02T13:00:00Z,1,train,AZ - Q C Audit.,1,1
1069_88101_00885,1069,PM2.5,2022-06-20T17:00:00Z,2022-06-20T17:00:00Z,1,train,BA - Maintenance/Routine Repairs.,1,1
1069_88101_00886,1069,PM2.5,2022-06-23T10:00:00Z,2022-06-23T10:00:00Z,1,train,AN - Machine Malfunction.,1,1
1069_88101_00887,1069,PM2.5,2022-06-28T21:00:00Z,2022-06-28T21:00:00Z,1,train,AM - Miscellaneous Void.,1,1
1069_88101_00888,1069,PM2.5,2022-07-06T13:00:00Z,2022-07-06T14:00:00Z,2,train,AZ - Q C Audit.,1,1
1069_88101_00889,1069,PM2.5,2022-07-14T23:00:00Z,2022-07-14T23:00:00Z,1,train,AM - Miscellaneous Void.,1,1
1069_88101_00890,1069,PM2.5,2022-07-29T23:00:00Z,2022-07-29T23:00:00Z,1,train,AM - Miscellaneous Void.,1,1
1069_88101_00891,1069,PM2.5,2022-08-02T19:00:00Z,2022-08-02T19:00:00Z,1,train,AZ - Q C Audit.,1,1
1069_88101_00892,1069,PM2.5,2022-08-03T13:00:00Z,2022-08-03T14:00:00Z,2,train,AM - Miscellaneous Void.,1,1
1069_88101_00893,1069,PM2.5,2022-08-09T13:00:00Z,2022-08-09T13:00:00Z,1,train,BA - Maintenance/Routine Repairs.,1,1
1069_88101_00894,1069,PM2.5,2022-08-10T00:00:00Z,2022-08-10T00:00:00Z,1,train,AM - Miscellaneous Void.,1,1
1069_88101_00895,1069,PM2.5,2022-08-11T01:00:00Z,2022-08-11T01:00:00Z,1,train,AM - Miscellaneous Void.,1,1
1069_88101_00896,1069,PM2.5,2022-08-11T22:00:00Z,2022-08-11T22:00:00Z,1,train,AM - Miscellaneous Void.,1,1
1069_88101_00897,1069,PM2.5,2022-08-22T22:00:00Z,2022-08-22T23:00:00Z,2,train,AM - Miscellaneous Void.,1,1
1069_88101_00898,1069,PM2.5,2022-08-29T14:00:00Z,2022-08-29T14:00:00Z,1,train,BA - Maintenance/Routine Repairs.,1,1
1069_88101_00899,1069,PM2.5,2022-09-20T18:00:00Z,2022-09-20T18:00:00Z,1,train,AM - Miscellaneous Void.,1,1
1069_88101_00900,1069,PM2.5,2022-10-01T06:00:00Z,2022-10-04T16:00:00Z,83,validation,AN - Machine Malfunction. | BA - Maintenance/Routine Repairs.,1,0
1069_88101_00901,1069,PM2.5,2022-10-05T13:00:00Z,2022-10-05T15:00:00Z,3,validation,AZ - Q C Audit. | BA - Maintenance/Routine Repairs.,1,1
1069_88101_00902,1069,PM2.5,2022-11-03T16:00:00Z,2022-11-03T18:00:00Z,3,test,AM - Miscellaneous Void. | BA - Maintenance/Routine Repairs.,1,1
1069_88101_00903,1069,PM2.5,2022-11-08T16:00:00Z,2022-11-08T16:00:00Z,1,test,BA - Maintenance/Routine Repairs.,1,1
1069_88101_00904,1069,PM2.5,2022-11-11T19:00:00Z,2022-11-11T19:00:00Z,1,test,AM - Miscellaneous Void.,1,1
1069_88101_00905,1069,PM2.5,2022-11-13T11:00:00Z,2022-11-13T17:00:00Z,7,test,AF - Scheduled but not Collected. | AI - Insufficient Data (cannot calculate). | AM - Miscellaneous Void. | AN - Machine Malfunction.,1,1
1069_88101_00906,1069,PM2.5,2022-11-21T16:00:00Z,2022-11-21T17:00:00Z,2,test,BA - Maintenance/Routine Repairs.,1,1
1069_88101_00907,1069,PM2.5,2022-12-06T14:00:00Z,2022-12-06T14:00:00Z,1,test,AZ - Q C Audit.,1,1
1069_88101_00908,1069,PM2.5,2022-12-22T20:00:00Z,2022-12-22T20:00:00Z,1,test,AM - Miscellaneous Void.,1,1
0059_42401_00909,59,SO2,2022-01-02T00:00:00Z,2022-01-02T01:00:00Z,2,train,BF - Precision/Zero/Span.,1,1
0059_42401_00910,59,SO2,2022-01-02T12:00:00Z,2022-01-02T12:00:00Z,1,train,AM - Miscellaneous Void.,1,1
0059_42401_00911,59,SO2,2022-01-09T00:00:00Z,2022-01-09T03:00:00Z,4,train,BC - Multi-point Calibration. | BF - Precision/Zero/Span.,1,1
0059_42401_00912,59,SO2,2022-01-11T17:00:00Z,2022-01-11T17:00:00Z,1,train,BA - Maintenance/Routine Repairs.,1,1
0059_42401_00913,59,SO2,2022-01-12T02:00:00Z,2022-01-12T17:00:00Z,16,train,AF - Scheduled but not Collected. | AL - Voided by Operator.,1,0
0059_42401_00914,59,SO2,2022-01-13T02:00:00Z,2022-01-13T02:00:00Z,1,train,BF - Precision/Zero/Span.,1,1
0059_42401_00915,59,SO2,2022-01-14T02:00:00Z,2022-01-14T02:00:00Z,1,train,BF - Precision/Zero/Span.,1,1
0059_42401_00916,59,SO2,2022-01-16T00:00:00Z,2022-01-16T01:00:00Z,2,train,BF - Precision/Zero/Span.,1,1
0059_42401_00917,59,SO2,2022-01-17T09:00:00Z,2022-01-17T09:00:00Z,1,train,AM - Miscellaneous Void.,1,1
0059_42401_00918,59,SO2,2022-01-19T16:00:00Z,2022-01-19T18:00:00Z,3,train,AZ - Q C Audit.,1,1
0059_42401_00919,59,SO2,2022-01-24T17:00:00Z,2022-01-24T18:00:00Z,2,train,BF - Precision/Zero/Span.,1,1
0059_42401_00920,59,SO2,2022-01-25T01:00:00Z,2022-01-25T01:00:00Z,1,train,BF - Precision/Zero/Span.,1,1
0059_42401_00921,59,SO2,2022-01-27T14:00:00Z,2022-01-27T14:00:00Z,1,train,BA - Maintenance/Routine Repairs.,1,1
0059_42401_00922,59,SO2,2022-01-30T00:00:00Z,2022-01-30T01:00:00Z,2,train,BF - Precision/Zero/Span.,1,1
0059_42401_00923,59,SO2,2022-02-06T00:00:00Z,2022-02-06T03:00:00Z,4,train,BC - Multi-point Calibration. | BF - Precision/Zero/Span.,1,1
0059_42401_00924,59,SO2,2022-02-08T18:00:00Z,2022-02-08T18:00:00Z,1,train,BA - Maintenance/Routine Repairs.,1,1
0059_42401_00925,59,SO2,2022-02-13T00:00:00Z,2022-02-13T01:00:00Z,2,train,BC - Multi-point Calibration.,1,1
0059_42401_00926,59,SO2,2022-02-14T16:00:00Z,2022-02-14T17:00:00Z,2,train,BF - Precision/Zero/Span.,1,1
0059_42401_00927,59,SO2,2022-02-20T00:00:00Z,2022-02-20T01:00:00Z,2,train,BF - Precision/Zero/Span.,1,1
0059_42401_00928,59,SO2,2022-02-23T13:00:00Z,2022-02-23T16:00:00Z,4,train,BA - Maintenance/Routine Repairs. | BC - Multi-point Calibration.,1,1
0059_42401_00929,59,SO2,2022-02-27T00:00:00Z,2022-02-27T01:00:00Z,2,train,BF - Precision/Zero/Span.,1,1
0059_42401_00930,59,SO2,2022-03-02T16:00:00Z,2022-03-02T17:00:00Z,2,train,AZ - Q C Audit.,1,1
0059_42401_00931,59,SO2,2022-03-06T00:00:00Z,2022-03-06T03:00:00Z,4,train,BC - Multi-point Calibration. | BF - Precision/Zero/Span.,1,1
0059_42401_00932,59,SO2,2022-03-08T17:00:00Z,2022-03-08T18:00:00Z,2,train,AM - Miscellaneous Void. | BA - Maintenance/Routine Repairs.,1,1
0059_42401_00933,59,SO2,2022-03-13T00:00:00Z,2022-03-13T01:00:00Z,2,train,BF - Precision/Zero/Span.,1,1
0059_42401_00934,59,SO2,2022-03-14T15:00:00Z,2022-03-14T17:00:00Z,3,train,BA - Maintenance/Routine Repairs. | BC - Multi-point Calibration.,1,1
0059_42401_00935,59,SO2,2022-03-16T16:00:00Z,2022-03-16T17:00:00Z,2,train,AZ - Q C Audit.,1,1
0059_42401_00936,59,SO2,2022-03-20T00:00:00Z,2022-03-20T01:00:00Z,2,train,BF - Precision/Zero/Span.,1,1
0059_42401_00937,59,SO2,2022-03-22T17:00:00Z,2022-03-22T17:00:00Z,1,train,BA - Maintenance/Routine Repairs.,1,1
0059_42401_00938,59,SO2,2022-03-27T00:00:00Z,2022-03-27T01:00:00Z,2,train,BF - Precision/Zero/Span.,1,1
0059_42401_00939,59,SO2,2022-04-03T00:00:00Z,2022-04-03T03:00:00Z,4,train,BC - Multi-point Calibration. | BF - Precision/Zero/Span.,1,1
0059_42401_00940,59,SO2,2022-04-04T11:00:00Z,2022-04-04T11:00:00Z,1,train,AM - Miscellaneous Void.,1,1
0059_42401_00941,59,SO2,2022-04-06T15:00:00Z,2022-04-06T16:00:00Z,2,train,AZ - Q C Audit.,1,1
0059_42401_00942,59,SO2,2022-04-10T00:00:00Z,2022-04-10T01:00:00Z,2,train,BF - Precision/Zero/Span.,1,1
0059_42401_00943,59,SO2,2022-04-15T18:00:00Z,2022-04-15T19:00:00Z,2,train,AM - Miscellaneous Void.,1,1
0059_42401_00944,59,SO2,2022-04-17T00:00:00Z,2022-04-17T01:00:00Z,2,train,BF - Precision/Zero/Span.,1,1
0059_42401_00945,59,SO2,2022-04-24T00:00:00Z,2022-04-24T01:00:00Z,2,train,BF - Precision/Zero/Span.,1,1
0059_42401_00946,59,SO2,2022-05-01T00:00:00Z,2022-05-01T03:00:00Z,4,train,BC - Multi-point Calibration. | BF - Precision/Zero/Span.,1,1
0059_42401_00947,59,SO2,2022-05-08T00:00:00Z,2022-05-08T01:00:00Z,2,train,BF - Precision/Zero/Span.,1,1
0059_42401_00948,59,SO2,2022-05-15T00:00:00Z,2022-05-15T01:00:00Z,2,train,BF - Precision/Zero/Span.,1,1
0059_42401_00949,59,SO2,2022-05-18T16:00:00Z,2022-05-18T16:00:00Z,1,train,BA - Maintenance/Routine Repairs.,1,1
0059_42401_00950,59,SO2,2022-05-19T01:00:00Z,2022-05-19T02:00:00Z,2,train,BC - Multi-point Calibration.,1,1
0059_42401_00951,59,SO2,2022-05-19T18:00:00Z,2022-05-19T19:00:00Z,2,train,BA - Maintenance/Routine Repairs.,1,1
0059_42401_00952,59,SO2,2022-05-22T00:00:00Z,2022-05-22T01:00:00Z,2,train,BF - Precision/Zero/Span.,1,1
0059_42401_00953,59,SO2,2022-05-23T16:00:00Z,2022-05-23T17:00:00Z,2,train,BF - Precision/Zero/Span.,1,1
0059_42401_00954,59,SO2,2022-05-23T19:00:00Z,2022-05-23T20:00:00Z,2,train,BF - Precision/Zero/Span.,1,1
0059_42401_00955,59,SO2,2022-05-24T21:00:00Z,2022-05-24T22:00:00Z,2,train,BF - Precision/Zero/Span.,1,1
0059_42401_00956,59,SO2,2022-05-25T15:00:00Z,2022-05-25T18:00:00Z,4,train,BF - Precision/Zero/Span.,1,1
0059_42401_00957,59,SO2,2022-05-27T10:00:00Z,2022-05-27T11:00:00Z,2,train,AM - Miscellaneous Void.,1,1
0059_42401_00958,59,SO2,2022-05-29T00:00:00Z,2022-05-29T03:00:00Z,4,train,BC - Multi-point Calibration. | BF - Precision/Zero/Span.,1,1
0059_42401_00959,59,SO2,2022-06-05T00:00:00Z,2022-06-05T01:00:00Z,2,train,BF - Precision/Zero/Span.,1,1
0059_42401_00960,59,SO2,2022-06-06T15:00:00Z,2022-06-06T15:00:00Z,1,train,BA - Maintenance/Routine Repairs.,1,1
0059_42401_00961,59,SO2,2022-06-07T03:00:00Z,2022-06-07T04:00:00Z,2,train,BC - Multi-point Calibration.,1,1
0059_42401_00962,59,SO2,2022-06-07T13:00:00Z,2022-06-07T17:00:00Z,5,train,AM - Miscellaneous Void. | AZ - Q C Audit.,1,1
0059_42401_00963,59,SO2,2022-06-08T17:00:00Z,2022-06-08T20:00:00Z,4,train,BF - Precision/Zero/Span.,1,1
0059_42401_00964,59,SO2,2022-06-12T00:00:00Z,2022-06-12T01:00:00Z,2,train,BF - Precision/Zero/Span.,1,1
0059_42401_00965,59,SO2,2022-06-16T11:00:00Z,2022-06-16T11:00:00Z,1,train,AM - Miscellaneous Void.,1,1
0059_42401_00966,59,SO2,2022-06-17T13:00:00Z,2022-06-17T15:00:00Z,3,train,BA - Maintenance/Routine Repairs.,1,1
0059_42401_00967,59,SO2,2022-06-21T17:00:00Z,2022-06-21T18:00:00Z,2,train,AM - Miscellaneous Void. | BA - Maintenance/Routine Repairs.,1,1
0059_42401_00968,59,SO2,2022-06-22T12:00:00Z,2022-06-22T13:00:00Z,2,train,BC - Multi-point Calibration.,1,1
0059_42401_00969,59,SO2,2022-06-22T19:00:00Z,2022-06-22T20:00:00Z,2,train,BF - Precision/Zero/Span.,1,1
0059_42401_00970,59,SO2,2022-06-23T14:00:00Z,2022-06-23T15:00:00Z,2,train,AM - Miscellaneous Void. | AZ - Q C Audit.,1,1
0059_42401_00971,59,SO2,2022-06-26T00:00:00Z,2022-06-26T03:00:00Z,4,train,BC - Multi-point Calibration. | BF - Precision/Zero/Span.,1,1
0059_42401_00972,59,SO2,2022-06-27T09:00:00Z,2022-06-27T09:00:00Z,1,train,AM - Miscellaneous Void.,1,1
0059_42401_00973,59,SO2,2022-06-27T17:00:00Z,2022-06-27T20:00:00Z,4,train,BA - Maintenance/Routine Repairs. | BC - Multi-point Calibration.,1,1
0059_42401_00974,59,SO2,2022-06-28T17:00:00Z,2022-06-28T20:00:00Z,4,train,BF - Precision/Zero/Span.,1,1
0059_42401_00975,59,SO2,2022-07-01T15:00:00Z,2022-07-01T15:00:00Z,1,train,AM - Miscellaneous Void.,1,1
0059_42401_00976,59,SO2,2022-07-03T00:00:00Z,2022-07-03T01:00:00Z,2,train,BF - Precision/Zero/Span.,1,1
0059_42401_00977,59,SO2,2022-07-03T14:00:00Z,2022-07-03T16:00:00Z,3,train,BF - Precision/Zero/Span.,1,1
0059_42401_00978,59,SO2,2022-07-10T00:00:00Z,2022-07-10T01:00:00Z,2,train,BF - Precision/Zero/Span.,1,1
0059_42401_00979,59,SO2,2022-07-10T07:00:00Z,2022-07-10T10:00:00Z,4,train,AM - Miscellaneous Void.,1,1
0059_42401_00980,59,SO2,2022-07-10T13:00:00Z,2022-07-10T17:00:00Z,5,train,AM - Miscellaneous Void. | BF - Precision/Zero/Span.,1,1
0059_42401_00981,59,SO2,2022-07-15T12:00:00Z,2022-07-15T12:00:00Z,1,train,BA - Maintenance/Routine Repairs.,1,1
0059_42401_00982,59,SO2,2022-07-15T20:00:00Z,2022-07-15T20:00:00Z,1,train,AM - Miscellaneous Void.,1,1
0059_42401_00983,59,SO2,2022-07-17T00:00:00Z,2022-07-17T01:00:00Z,2,train,BF - Precision/Zero/Span.,1,1
0059_42401_00984,59,SO2,2022-07-18T16:00:00Z,2022-07-18T19:00:00Z,4,train,BF - Precision/Zero/Span.,1,1
0059_42401_00985,59,SO2,2022-07-19T15:00:00Z,2022-07-19T17:00:00Z,3,train,BA - Maintenance/Routine Repairs.,1,1
0059_42401_00986,59,SO2,2022-07-19T19:00:00Z,2022-07-19T20:00:00Z,2,train,BC - Multi-point Calibration.,1,1
0059_42401_00987,59,SO2,2022-07-22T16:00:00Z,2022-07-22T21:00:00Z,6,train,AZ - Q C Audit. | BF - Precision/Zero/Span.,1,1
0059_42401_00988,59,SO2,2022-07-24T00:00:00Z,2022-07-24T03:00:00Z,4,train,BC - Multi-point Calibration. | BF - Precision/Zero/Span.,1,1
0059_42401_00989,59,SO2,2022-07-25T16:00:00Z,2022-07-25T17:00:00Z,2,train,BF - Precision/Zero/Span.,1,1
0059_42401_00990,59,SO2,2022-07-31T00:00:00Z,2022-07-31T01:00:00Z,2,train,BF - Precision/Zero/Span.,1,1
0059_42401_00991,59,SO2,2022-08-07T00:00:00Z,2022-08-07T01:00:00Z,2,train,BF - Precision/Zero/Span.,1,1
0059_42401_00992,59,SO2,2022-08-07T04:00:00Z,2022-08-07T15:00:00Z,12,train,AM - Miscellaneous Void. | BF - Precision/Zero/Span.,1,0
0059_42401_00993,59,SO2,2022-08-07T17:00:00Z,2022-08-07T18:00:00Z,2,train,BF - Precision/Zero/Span.,1,1
0059_42401_00994,59,SO2,2022-08-08T12:00:00Z,2022-08-08T12:00:00Z,1,train,BA - Maintenance/Routine Repairs.,1,1
0059_42401_00995,59,SO2,2022-08-14T00:00:00Z,2022-08-14T01:00:00Z,2,train,BF - Precision/Zero/Span.,1,1
0059_42401_00996,59,SO2,2022-08-14T04:00:00Z,2022-08-14T04:00:00Z,1,train,AM - Miscellaneous Void.,1,1
0059_42401_00997,59,SO2,2022-08-14T06:00:00Z,2022-08-14T16:00:00Z,11,train,AM - Miscellaneous Void. | BF - Precision/Zero/Span.,1,0
0059_42401_00998,59,SO2,2022-08-21T00:00:00Z,2022-08-21T03:00:00Z,4,train,BC - Multi-point Calibration. | BF - Precision/Zero/Span.,1,1
0059_42401_00999,59,SO2,2022-08-21T06:00:00Z,2022-08-21T06:00:00Z,1,train,AM - Miscellaneous Void.,1,1
0059_42401_01000,59,SO2,2022-08-21T08:00:00Z,2022-08-21T17:00:00Z,10,train,AM - Miscellaneous Void. | BF - Precision/Zero/Span.,1,0
0059_42401_01001,59,SO2,2022-08-22T13:00:00Z,2022-08-22T13:00:00Z,1,train,BA - Maintenance/Routine Repairs.,1,1
0059_42401_01002,59,SO2,2022-08-28T00:00:00Z,2022-08-28T01:00:00Z,2,train,BF - Precision/Zero/Span.,1,1
0059_42401_01003,59,SO2,2022-08-28T03:00:00Z,2022-08-28T16:00:00Z,14,train,AM - Miscellaneous Void. | BF - Precision/Zero/Span.,1,0
0059_42401_01004,59,SO2,2022-08-30T15:00:00Z,2022-08-30T16:00:00Z,2,train,AZ - Q C Audit.,1,1
0059_42401_01005,59,SO2,2022-09-04T00:00:00Z,2022-09-04T01:00:00Z,2,train,BF - Precision/Zero/Span.,1,1
0059_42401_01006,59,SO2,2022-09-04T14:00:00Z,2022-09-04T17:00:00Z,4,train,BF - Precision/Zero/Span.,1,1
0059_42401_01007,59,SO2,2022-09-05T14:00:00Z,2022-09-05T17:00:00Z,4,train,BF - Precision/Zero/Span.,1,1
0059_42401_01008,59,SO2,2022-09-07T18:00:00Z,2022-09-07T18:00:00Z,1,train,BA - Maintenance/Routine Repairs.,1,1
0059_42401_01009,59,SO2,2022-09-11T00:00:00Z,2022-09-11T01:00:00Z,2,train,BF - Precision/Zero/Span.,1,1
0059_42401_01010,59,SO2,2022-09-11T15:00:00Z,2022-09-11T17:00:00Z,3,train,BF - Precision/Zero/Span.,1,1
0059_42401_01011,59,SO2,2022-09-18T00:00:00Z,2022-09-18T03:00:00Z,4,train,BC - Multi-point Calibration. | BF - Precision/Zero/Span.,1,1
0059_42401_01012,59,SO2,2022-09-18T15:00:00Z,2022-09-18T17:00:00Z,3,train,BF - Precision/Zero/Span.,1,1
0059_42401_01013,59,SO2,2022-09-21T12:00:00Z,2022-09-21T12:00:00Z,1,train,BA - Maintenance/Routine Repairs.,1,1
0059_42401_01014,59,SO2,2022-09-24T22:00:00Z,2022-09-25T01:00:00Z,4,train,BF - Precision/Zero/Span.,1,1
0059_42401_01015,59,SO2,2022-10-01T22:00:00Z,2022-10-02T01:00:00Z,4,validation,BF - Precision/Zero/Span.,1,1
0059_42401_01016,59,SO2,2022-10-06T11:00:00Z,2022-10-06T13:00:00Z,3,validation,AL - Voided by Operator. | BA - Maintenance/Routine Repairs.,1,1
0059_42401_01017,59,SO2,2022-10-09T00:00:00Z,2022-10-09T01:00:00Z,2,validation,BF - Precision/Zero/Span.,1,1
0059_42401_01018,59,SO2,2022-10-11T12:00:00Z,2022-10-11T13:00:00Z,2,validation,AM - Miscellaneous Void. | AZ - Q C Audit.,1,1
0059_42401_01019,59,SO2,2022-10-16T00:00:00Z,2022-10-16T03:00:00Z,4,validation,BC - Multi-point Calibration. | BF - Precision/Zero/Span.,1,1
0059_42401_01020,59,SO2,2022-10-17T12:00:00Z,2022-10-17T12:00:00Z,1,validation,BA - Maintenance/Routine Repairs.,1,1
0059_42401_01021,59,SO2,2022-10-21T17:00:00Z,2022-10-21T17:00:00Z,1,validation,BA - Maintenance/Routine Repairs.,1,1
0059_42401_01022,59,SO2,2022-10-23T00:00:00Z,2022-10-23T01:00:00Z,2,validation,BF - Precision/Zero/Span.,1,1
0059_42401_01023,59,SO2,2022-10-30T00:00:00Z,2022-10-30T01:00:00Z,2,validation,BF - Precision/Zero/Span.,1,1
0059_42401_01024,59,SO2,2022-11-03T13:00:00Z,2022-11-03T13:00:00Z,1,test,BA - Maintenance/Routine Repairs.,1,1
0059_42401_01025,59,SO2,2022-11-03T19:00:00Z,2022-11-03T20:00:00Z,2,test,BC - Multi-point Calibration.,1,1
0059_42401_01026,59,SO2,2022-11-05T01:00:00Z,2022-11-05T01:00:00Z,1,test,AM - Miscellaneous Void.,1,1
0059_42401_01027,59,SO2,2022-11-06T00:00:00Z,2022-11-06T01:00:00Z,2,test,BF - Precision/Zero/Span.,1,1
0059_42401_01028,59,SO2,2022-11-08T19:00:00Z,2022-11-08T20:00:00Z,2,test,BA - Maintenance/Routine Repairs.,1,1
0059_42401_01029,59,SO2,2022-11-13T00:00:00Z,2022-11-13T03:00:00Z,4,test,BC - Multi-point Calibration. | BF - Precision/Zero/Span.,1,1
0059_42401_01030,59,SO2,2022-11-15T16:00:00Z,2022-11-15T22:00:00Z,7,test,AL - Voided by Operator. | AZ - Q C Audit.,1,1
0059_42401_01031,59,SO2,2022-11-17T16:00:00Z,2022-11-17T18:00:00Z,3,test,BA - Maintenance/Routine Repairs.,1,1
0059_42401_01032,59,SO2,2022-11-20T00:00:00Z,2022-11-20T01:00:00Z,2,test,BF - Precision/Zero/Span.,1,1
0059_42401_01033,59,SO2,2022-11-27T00:00:00Z,2022-11-27T01:00:00Z,2,test,BF - Precision/Zero/Span.,1,1
0059_42401_01034,59,SO2,2022-11-28T13:00:00Z,2022-11-28T13:00:00Z,1,test,BA - Maintenance/Routine Repairs.,1,1
0059_42401_01035,59,SO2,2022-11-30T13:00:00Z,2022-11-30T14:00:00Z,2,test,AZ - Q C Audit.,1,1
0059_42401_01036,59,SO2,2022-12-04T00:00:00Z,2022-12-04T01:00:00Z,2,test,BF - Precision/Zero/Span.,1,1
0059_42401_01037,59,SO2,2022-12-11T00:00:00Z,2022-12-11T03:00:00Z,4,test,BC - Multi-point Calibration. | BF - Precision/Zero/Span.,1,1
0059_42401_01038,59,SO2,2022-12-13T18:00:00Z,2022-12-13T18:00:00Z,1,test,BA - Maintenance/Routine Repairs.,1,1
0059_42401_01039,59,SO2,2022-12-18T00:00:00Z,2022-12-18T01:00:00Z,2,test,BF - Precision/Zero/Span.,1,1
0059_42401_01040,59,SO2,2022-12-25T00:00:00Z,2022-12-25T01:00:00Z,2,test,BF - Precision/Zero/Span.,1,1
0059_42401_01041,59,SO2,2022-12-30T02:00:00Z,2022-12-30T02:00:00Z,1,test,BF - Precision/Zero/Span.,1,1
0059_42401_01042,59,SO2,2023-01-01T00:00:00Z,2023-01-01T01:00:00Z,2,test,BF - Precision/Zero/Span.,1,1
1080_42401_01043,1080,SO2,2022-01-02T01:00:00Z,2022-01-02T02:00:00Z,2,train,BF - Precision/Zero/Span.,1,1
1080_42401_01044,1080,SO2,2022-01-02T12:00:00Z,2022-01-02T12:00:00Z,1,train,AM - Miscellaneous Void.,1,1
1080_42401_01045,1080,SO2,2022-01-06T17:00:00Z,2022-01-06T17:00:00Z,1,train,BA - Maintenance/Routine Repairs.,1,1
1080_42401_01046,1080,SO2,2022-01-09T01:00:00Z,2022-01-09T02:00:00Z,2,train,BC - Multi-point Calibration.,1,1
1080_42401_01047,1080,SO2,2022-01-15T11:00:00Z,2022-01-15T11:00:00Z,1,train,AM - Miscellaneous Void.,1,1
1080_42401_01048,1080,SO2,2022-01-16T01:00:00Z,2022-01-16T02:00:00Z,2,train,BF - Precision/Zero/Span.,1,1
1080_42401_01049,1080,SO2,2022-01-20T14:00:00Z,2022-01-20T14:00:00Z,1,train,BA - Maintenance/Routine Repairs.,1,1
1080_42401_01050,1080,SO2,2022-01-23T01:00:00Z,2022-01-23T02:00:00Z,2,train,BF - Precision/Zero/Span.,1,1
1080_42401_01051,1080,SO2,2022-01-23T18:00:00Z,2022-01-24T21:00:00Z,28,train,AM - Miscellaneous Void.,1,0
1080_42401_01052,1080,SO2,2022-01-25T17:00:00Z,2022-01-25T18:00:00Z,2,train,AZ - Q C Audit.,1,1
1080_42401_01053,1080,SO2,2022-01-26T19:00:00Z,2022-01-26T20:00:00Z,2,train,BA - Maintenance/Routine Repairs. | BF - Precision/Zero/Span.,1,1
1080_42401_01054,1080,SO2,2022-01-27T17:00:00Z,2022-01-27T19:00:00Z,3,train,AZ - Q C Audit.,1,1
1080_42401_01055,1080,SO2,2022-01-30T01:00:00Z,2022-01-30T02:00:00Z,2,train,BF - Precision/Zero/Span.,1,1
1080_42401_01056,1080,SO2,2022-02-01T19:00:00Z,2022-02-01T19:00:00Z,1,train,BA - Maintenance/Routine Repairs.,1,1
1080_42401_01057,1080,SO2,2022-02-05T17:00:00Z,2022-02-05T17:00:00Z,1,train,AM - Miscellaneous Void.,1,1
1080_42401_01058,1080,SO2,2022-02-06T01:00:00Z,2022-02-06T02:00:00Z,2,train,BC - Multi-point Calibration.,1,1
1080_42401_01059,1080,SO2,2022-02-13T01:00:00Z,2022-02-13T02:00:00Z,2,train,BF - Precision/Zero/Span.,1,1
1080_42401_01060,1080,SO2,2022-02-15T18:00:00Z,2022-02-15T18:00:00Z,1,train,BA - Maintenance/Routine Repairs.,1,1
1080_42401_01061,1080,SO2,2022-02-20T01:00:00Z,2022-02-20T02:00:00Z,2,train,BF - Precision/Zero/Span.,1,1
1080_42401_01062,1080,SO2,2022-02-27T01:00:00Z,2022-02-27T02:00:00Z,2,train,BF - Precision/Zero/Span.,1,1
1080_42401_01063,1080,SO2,2022-03-02T20:00:00Z,2022-03-02T20:00:00Z,1,train,BA - Maintenance/Routine Repairs.,1,1
1080_42401_01064,1080,SO2,2022-03-06T01:00:00Z,2022-03-06T02:00:00Z,2,train,BC - Multi-point Calibration.,1,1
1080_42401_01065,1080,SO2,2022-03-06T10:00:00Z,2022-03-06T10:00:00Z,1,train,AM - Miscellaneous Void.,1,1
1080_42401_01066,1080,SO2,2022-03-07T09:00:00Z,2022-03-07T09:00:00Z,1,train,AM - Miscellaneous Void.,1,1
1080_42401_01067,1080,SO2,2022-03-10T02:00:00Z,2022-03-10T02:00:00Z,1,train,AM - Miscellaneous Void.,1,1
1080_42401_01068,1080,SO2,2022-03-10T05:00:00Z,2022-03-10T07:00:00Z,3,train,AM - Miscellaneous Void.,1,1
1080_42401_01069,1080,SO2,2022-03-13T01:00:00Z,2022-03-13T02:00:00Z,2,train,BF - Precision/Zero/Span.,1,1
1080_42401_01070,1080,SO2,2022-03-14T18:00:00Z,2022-03-14T20:00:00Z,3,train,AZ - Q C Audit. | BA - Maintenance/Routine Repairs.,1,1
1080_42401_01071,1080,SO2,2022-03-15T15:00:00Z,2022-03-15T15:00:00Z,1,train,AM - Miscellaneous Void.,1,1
1080_42401_01072,1080,SO2,2022-03-16T05:00:00Z,2022-03-16T05:00:00Z,1,train,AM - Miscellaneous Void.,1,1
1080_42401_01073,1080,SO2,2022-03-16T10:00:00Z,2022-03-16T10:00:00Z,1,train,AM - Miscellaneous Void.,1,1
1080_42401_01074,1080,SO2,2022-03-16T17:00:00Z,2022-03-16T20:00:00Z,4,train,AZ - Q C Audit.,1,1
1080_42401_01075,1080,SO2,2022-03-17T16:00:00Z,2022-03-17T18:00:00Z,3,train,AZ - Q C Audit.,1,1
1080_42401_01076,1080,SO2,2022-03-20T01:00:00Z,2022-03-20T02:00:00Z,2,train,BF - Precision/Zero/Span.,1,1
1080_42401_01077,1080,SO2,2022-03-25T16:00:00Z,2022-03-25T17:00:00Z,2,train,BA - Maintenance/Routine Repairs.,1,1
1080_42401_01078,1080,SO2,2022-03-27T01:00:00Z,2022-03-27T02:00:00Z,2,train,BF - Precision/Zero/Span.,1,1
1080_42401_01079,1080,SO2,2022-04-03T01:00:00Z,2022-04-03T02:00:00Z,2,train,BC - Multi-point Calibration.,1,1
1080_42401_01080,1080,SO2,2022-04-03T07:00:00Z,2022-04-03T07:00:00Z,1,train,AM - Miscellaneous Void.,1,1
1080_42401_01081,1080,SO2,2022-04-10T01:00:00Z,2022-04-10T02:00:00Z,2,train,BF - Precision/Zero/Span.,1,1
1080_42401_01082,1080,SO2,2022-04-14T16:00:00Z,2022-04-14T16:00:00Z,1,train,BA - Maintenance/Routine Repairs.,1,1
1080_42401_01083,1080,SO2,2022-04-17T01:00:00Z,2022-04-17T02:00:00Z,2,train,BF - Precision/Zero/Span.,1,1
1080_42401_01084,1080,SO2,2022-04-24T01:00:00Z,2022-04-24T02:00:00Z,2,train,BF - Precision/Zero/Span.,1,1
1080_42401_01085,1080,SO2,2022-04-28T16:00:00Z,2022-04-28T16:00:00Z,1,train,BA - Maintenance/Routine Repairs.,1,1
1080_42401_01086,1080,SO2,2022-05-01T01:00:00Z,2022-05-01T02:00:00Z,2,train,BC - Multi-point Calibration.,1,1
1080_42401_01087,1080,SO2,2022-05-03T15:00:00Z,2022-05-03T17:00:00Z,3,train,AZ - Q C Audit.,1,1
1080_42401_01088,1080,SO2,2022-05-08T01:00:00Z,2022-05-08T02:00:00Z,2,train,BF - Precision/Zero/Span.,1,1
1080_42401_01089,1080,SO2,2022-05-09T15:00:00Z,2022-05-09T15:00:00Z,1,train,BA - Maintenance/Routine Repairs.,1,1
1080_42401_01090,1080,SO2,2022-05-15T01:00:00Z,2022-05-15T02:00:00Z,2,train,BF - Precision/Zero/Span.,1,1
1080_42401_01091,1080,SO2,2022-05-19T13:00:00Z,2022-05-19T13:00:00Z,1,train,BA - Maintenance/Routine Repairs.,1,1
1080_42401_01092,1080,SO2,2022-05-22T01:00:00Z,2022-05-22T02:00:00Z,2,train,BF - Precision/Zero/Span.,1,1
1080_42401_01093,1080,SO2,2022-05-25T01:00:00Z,2022-05-25T01:00:00Z,1,train,BF - Precision/Zero/Span.,1,1
1080_42401_01094,1080,SO2,2022-05-29T01:00:00Z,2022-05-29T02:00:00Z,2,train,BC - Multi-point Calibration.,1,1
1080_42401_01095,1080,SO2,2022-05-31T19:00:00Z,2022-05-31T19:00:00Z,1,train,BA - Maintenance/Routine Repairs.,1,1
1080_42401_01096,1080,SO2,2022-06-05T01:00:00Z,2022-06-05T02:00:00Z,2,train,BF - Precision/Zero/Span.,1,1
1080_42401_01097,1080,SO2,2022-06-08T02:00:00Z,2022-06-08T02:00:00Z,1,train,BF - Precision/Zero/Span.,1,1
1080_42401_01098,1080,SO2,2022-06-12T01:00:00Z,2022-06-12T02:00:00Z,2,train,BF - Precision/Zero/Span.,1,1
1080_42401_01099,1080,SO2,2022-06-13T16:00:00Z,2022-06-13T19:00:00Z,4,train,AZ - Q C Audit.,1,1
1080_42401_01100,1080,SO2,2022-06-17T02:00:00Z,2022-06-17T02:00:00Z,1,train,BF - Precision/Zero/Span.,1,1
1080_42401_01101,1080,SO2,2022-06-18T08:00:00Z,2022-06-18T08:00:00Z,1,train,AM - Miscellaneous Void.,1,1
1080_42401_01102,1080,SO2,2022-06-19T01:00:00Z,2022-06-19T02:00:00Z,2,train,BF - Precision/Zero/Span.,1,1
1080_42401_01103,1080,SO2,2022-06-22T02:00:00Z,2022-06-22T02:00:00Z,1,train,BF - Precision/Zero/Span.,1,1
1080_42401_01104,1080,SO2,2022-06-23T01:00:00Z,2022-06-23T01:00:00Z,1,train,BF - Precision/Zero/Span.,1,1
1080_42401_01105,1080,SO2,2022-06-26T01:00:00Z,2022-06-26T02:00:00Z,2,train,BC - Multi-point Calibration.,1,1
1080_42401_01106,1080,SO2,2022-06-27T02:00:00Z,2022-06-27T02:00:00Z,1,train,BF - Precision/Zero/Span.,1,1
1080_42401_01107,1080,SO2,2022-06-28T14:00:00Z,2022-06-28T14:00:00Z,1,train,BA - Maintenance/Routine Repairs.,1,1
1080_42401_01108,1080,SO2,2022-07-01T01:00:00Z,2022-07-01T01:00:00Z,1,train,BF - Precision/Zero/Span.,1,1
1080_42401_01109,1080,SO2,2022-07-03T01:00:00Z,2022-07-03T02:00:00Z,2,train,BF - Precision/Zero/Span.,1,1
1080_42401_01110,1080,SO2,2022-07-10T01:00:00Z,2022-07-10T02:00:00Z,2,train,BF - Precision/Zero/Span.,1,1
1080_42401_01111,1080,SO2,2022-07-11T19:00:00Z,2022-07-11T23:00:00Z,5,train,AZ - Q C Audit.,1,1
1080_42401_01112,1080,SO2,2022-07-12T02:00:00Z,2022-07-12T02:00:00Z,1,train,BF - Precision/Zero/Span.,1,1
1080_42401_01113,1080,SO2,2022-07-12T16:00:00Z,2022-07-12T16:00:00Z,1,train,BA - Maintenance/Routine Repairs.,1,1
1080_42401_01114,1080,SO2,2022-07-17T01:00:00Z,2022-07-17T01:00:00Z,1,train,BC - Multi-point Calibration.,1,1
1080_42401_01115,1080,SO2,2022-07-18T14:00:00Z,2022-07-18T16:00:00Z,3,train,BA - Maintenance/Routine Repairs. | BF - Precision/Zero/Span.,1,1
1080_42401_01116,1080,SO2,2022-07-19T21:00:00Z,2022-07-19T23:00:00Z,3,train,AM - Miscellaneous Void.,1,1
1080_42401_01117,1080,SO2,2022-07-20T19:00:00Z,2022-07-20T23:00:00Z,5,train,AM - Miscellaneous Void.,1,1
1080_42401_01118,1080,SO2,2022-07-21T21:00:00Z,2022-07-21T22:00:00Z,2,train,AM - Miscellaneous Void.,1,1
1080_42401_01119,1080,SO2,2022-07-22T21:00:00Z,2022-07-23T01:00:00Z,5,train,AM - Miscellaneous Void.,1,1
1080_42401_01120,1080,SO2,2022-07-23T09:00:00Z,2022-07-23T10:00:00Z,2,train,AM - Miscellaneous Void.,1,1
1080_42401_01121,1080,SO2,2022-07-23T22:00:00Z,2022-07-24T02:00:00Z,5,train,AM - Miscellaneous Void. | BC - Multi-point Calibration.,1,1
1080_42401_01122,1080,SO2,2022-07-24T22:00:00Z,2022-07-24T22:00:00Z,1,train,AM - Miscellaneous Void.,1,1
1080_42401_01123,1080,SO2,2022-07-25T22:00:00Z,2022-07-25T22:00:00Z,1,train,AM - Miscellaneous Void.,1,1
1080_42401_01124,1080,SO2,2022-07-27T13:00:00Z,2022-07-27T22:00:00Z,10,train,AM - Miscellaneous Void. | AZ - Q C Audit. | BA - Maintenance/Routine Repairs.,1,0
1080_42401_01125,1080,SO2,2022-07-28T23:00:00Z,2022-07-29T00:00:00Z,2,train,AM - Miscellaneous Void.,1,1
1080_42401_01126,1080,SO2,2022-07-31T01:00:00Z,2022-07-31T02:00:00Z,2,train,BF - Precision/Zero/Span.,1,1
1080_42401_01127,1080,SO2,2022-08-04T22:00:00Z,2022-08-04T22:00:00Z,1,train,AM - Miscellaneous Void.,1,1
1080_42401_01128,1080,SO2,2022-08-06T05:00:00Z,2022-08-06T05:00:00Z,1,train,AM - Miscellaneous Void.,1,1
1080_42401_01129,1080,SO2,2022-08-07T01:00:00Z,2022-08-07T02:00:00Z,2,train,BF - Precision/Zero/Span.,1,1
1080_42401_01130,1080,SO2,2022-08-09T15:00:00Z,2022-08-09T15:00:00Z,1,train,BA - Maintenance/Routine Repairs.,1,1
1080_42401_01131,1080,SO2,2022-08-14T01:00:00Z,2022-08-14T02:00:00Z,2,train,BF - Precision/Zero/Span.,1,1
1080_42401_01132,1080,SO2,2022-08-21T01:00:00Z,2022-08-21T02:00:00Z,2,train,BC - Multi-point Calibration.,1,1
1080_42401_01133,1080,SO2,2022-08-23T14:00:00Z,2022-08-23T14:00:00Z,1,train,BA - Maintenance/Routine Repairs.,1,1
1080_42401_01134,1080,SO2,2022-08-28T01:00:00Z,2022-08-28T02:00:00Z,2,train,BF - Precision/Zero/Span.,1,1
1080_42401_01135,1080,SO2,2022-09-01T02:00:00Z,2022-09-01T02:00:00Z,1,train,AM - Miscellaneous Void.,1,1
1080_42401_01136,1080,SO2,2022-09-02T18:00:00Z,2022-09-02T18:00:00Z,1,train,AM - Miscellaneous Void.,1,1
1080_42401_01137,1080,SO2,2022-09-02T22:00:00Z,2022-09-02T22:00:00Z,1,train,AM - Miscellaneous Void.,1,1
1080_42401_01138,1080,SO2,2022-09-04T01:00:00Z,2022-09-04T02:00:00Z,2,train,BF - Precision/Zero/Span.,1,1
1080_42401_01139,1080,SO2,2022-09-04T21:00:00Z,2022-09-04T21:00:00Z,1,train,AM - Miscellaneous Void.,1,1
1080_42401_01140,1080,SO2,2022-09-05T02:00:00Z,2022-09-05T04:00:00Z,3,train,AM - Miscellaneous Void.,1,1
1080_42401_01141,1080,SO2,2022-09-05T13:00:00Z,2022-09-05T18:00:00Z,6,train,AM - Miscellaneous Void.,1,1
1080_42401_01142,1080,SO2,2022-09-06T16:00:00Z,2022-09-06T16:00:00Z,1,train,AM - Miscellaneous Void.,1,1
1080_42401_01143,1080,SO2,2022-09-06T18:00:00Z,2022-09-06T20:00:00Z,3,train,AM - Miscellaneous Void.,1,1
1080_42401_01144,1080,SO2,2022-09-07T17:00:00Z,2022-09-07T19:00:00Z,3,train,AM - Miscellaneous Void.,1,1
1080_42401_01145,1080,SO2,2022-09-08T02:00:00Z,2022-09-08T02:00:00Z,1,train,AM - Miscellaneous Void.,1,1
1080_42401_01146,1080,SO2,2022-09-09T02:00:00Z,2022-09-09T02:00:00Z,1,train,AM - Miscellaneous Void.,1,1
1080_42401_01147,1080,SO2,2022-09-11T01:00:00Z,2022-09-11T02:00:00Z,2,train,BF - Precision/Zero/Span.,1,1
1080_42401_01148,1080,SO2,2022-09-11T08:00:00Z,2022-09-12T14:00:00Z,31,train,AM - Miscellaneous Void.,1,0
1080_42401_01149,1080,SO2,2022-09-15T15:00:00Z,2022-09-15T15:00:00Z,1,train,BA - Maintenance/Routine Repairs.,1,1
1080_42401_01150,1080,SO2,2022-09-18T01:00:00Z,2022-09-18T02:00:00Z,2,train,BC - Multi-point Calibration.,1,1
1080_42401_01151,1080,SO2,2022-09-20T15:00:00Z,2022-09-20T17:00:00Z,3,train,AZ - Q C Audit.,1,1
1080_42401_01152,1080,SO2,2022-09-21T19:00:00Z,2022-09-21T19:00:00Z,1,train,AM - Miscellaneous Void.,1,1
1080_42401_01153,1080,SO2,2022-09-22T18:00:00Z,2022-09-22T19:00:00Z,2,train,AM - Miscellaneous Void.,1,1
1080_42401_01154,1080,SO2,2022-09-22T22:00:00Z,2022-09-22T22:00:00Z,1,train,AM - Miscellaneous Void.,1,1
1080_42401_01155,1080,SO2,2022-09-25T01:00:00Z,2022-09-25T02:00:00Z,2,train,BF - Precision/Zero/Span.,1,1
1080_42401_01156,1080,SO2,2022-09-26T14:00:00Z,2022-09-26T14:00:00Z,1,train,AM - Miscellaneous Void.,1,1
1080_42401_01157,1080,SO2,2022-09-26T18:00:00Z,2022-09-26T23:00:00Z,6,train,AM - Miscellaneous Void.,1,1
1080_42401_01158,1080,SO2,2022-09-27T03:00:00Z,2022-09-27T03:00:00Z,1,train,AM - Miscellaneous Void.,1,1
1080_42401_01159,1080,SO2,2022-09-27T10:00:00Z,2022-09-27T10:00:00Z,1,train,AM - Miscellaneous Void.,1,1
1080_42401_01160,1080,SO2,2022-09-27T15:00:00Z,2022-09-27T18:00:00Z,4,train,AM - Miscellaneous Void.,1,1
1080_42401_01161,1080,SO2,2022-09-28T02:00:00Z,2022-09-28T12:00:00Z,11,train,AM - Miscellaneous Void.,1,0
1080_42401_01162,1080,SO2,2022-09-28T20:00:00Z,2022-09-29T19:00:00Z,24,train,AF - Scheduled but not Collected. | AI - Insufficient Data (cannot calculate). | AL - Voided by Operator. | AM - Miscellaneous Void. | BA - Maintenance/Routine Repairs.,1,0
1080_42401_01163,1080,SO2,2022-09-30T00:00:00Z,2022-09-30T06:00:00Z,7,train,AM - Miscellaneous Void.,1,1
1080_42401_01164,1080,SO2,2022-09-30T09:00:00Z,2022-09-30T11:00:00Z,3,train,AM - Miscellaneous Void.,1,1
1080_42401_01165,1080,SO2,2022-09-30T13:00:00Z,2022-09-30T13:00:00Z,1,train,AM - Miscellaneous Void.,1,1
1080_42401_01166,1080,SO2,2022-10-01T10:00:00Z,2022-10-01T10:00:00Z,1,validation,AM - Miscellaneous Void.,1,1
1080_42401_01167,1080,SO2,2022-10-01T12:00:00Z,2022-10-01T13:00:00Z,2,validation,AM - Miscellaneous Void.,1,1
1080_42401_01168,1080,SO2,2022-10-02T01:00:00Z,2022-10-02T02:00:00Z,2,validation,BF - Precision/Zero/Span.,1,1
1080_42401_01169,1080,SO2,2022-10-05T18:00:00Z,2022-10-05T18:00:00Z,1,validation,BA - Maintenance/Routine Repairs.,1,1
1080_42401_01170,1080,SO2,2022-10-09T01:00:00Z,2022-10-09T02:00:00Z,2,validation,BF - Precision/Zero/Span.,1,1
1080_42401_01171,1080,SO2,2022-10-12T18:00:00Z,2022-10-12T18:00:00Z,1,validation,AM - Miscellaneous Void.,1,1
1080_42401_01172,1080,SO2,2022-10-16T01:00:00Z,2022-10-16T02:00:00Z,2,validation,BC - Multi-point Calibration.,1,1
1080_42401_01173,1080,SO2,2022-10-17T14:00:00Z,2022-10-17T16:00:00Z,3,validation,AZ - Q C Audit.,1,1
1080_42401_01174,1080,SO2,2022-10-18T19:00:00Z,2022-10-18T19:00:00Z,1,validation,BA - Maintenance/Routine Repairs.,1,1
1080_42401_01175,1080,SO2,2022-10-23T01:00:00Z,2022-10-23T02:00:00Z,2,validation,BF - Precision/Zero/Span.,1,1
1080_42401_01176,1080,SO2,2022-10-30T01:00:00Z,2022-10-30T02:00:00Z,2,validation,BF - Precision/Zero/Span.,1,1
1080_42401_01177,1080,SO2,2022-11-03T14:00:00Z,2022-11-03T14:00:00Z,1,test,BA - Maintenance/Routine Repairs.,1,1
1080_42401_01178,1080,SO2,2022-11-06T01:00:00Z,2022-11-06T02:00:00Z,2,test,BF - Precision/Zero/Span.,1,1
1080_42401_01179,1080,SO2,2022-11-12T06:00:00Z,2022-11-12T06:00:00Z,1,test,AM - Miscellaneous Void.,1,1
1080_42401_01180,1080,SO2,2022-11-13T01:00:00Z,2022-11-13T02:00:00Z,2,test,BC - Multi-point Calibration.,1,1
1080_42401_01181,1080,SO2,2022-11-15T13:00:00Z,2022-11-15T14:00:00Z,2,test,AM - Miscellaneous Void.,1,1
1080_42401_01182,1080,SO2,2022-11-16T15:00:00Z,2022-11-16T16:00:00Z,2,test,BA - Maintenance/Routine Repairs.,1,1
1080_42401_01183,1080,SO2,2022-11-16T18:00:00Z,2022-11-16T20:00:00Z,3,test,BC - Multi-point Calibration.,1,1
1080_42401_01184,1080,SO2,2022-11-20T01:00:00Z,2022-11-20T02:00:00Z,2,test,BF - Precision/Zero/Span.,1,1
1080_42401_01185,1080,SO2,2022-11-20T04:00:00Z,2022-11-20T10:00:00Z,7,test,AM - Miscellaneous Void.,1,1
1080_42401_01186,1080,SO2,2022-11-27T01:00:00Z,2022-11-27T02:00:00Z,2,test,BF - Precision/Zero/Span.,1,1
1080_42401_01187,1080,SO2,2022-11-30T15:00:00Z,2022-11-30T15:00:00Z,1,test,BA - Maintenance/Routine Repairs.,1,1
1080_42401_01188,1080,SO2,2022-12-04T01:00:00Z,2022-12-04T02:00:00Z,2,test,BF - Precision/Zero/Span.,1,1
1080_42401_01189,1080,SO2,2022-12-11T01:00:00Z,2022-12-11T02:00:00Z,2,test,BC - Multi-point Calibration.,1,1
1080_42401_01190,1080,SO2,2022-12-12T16:00:00Z,2022-12-12T19:00:00Z,4,test,AZ - Q C Audit. | BA - Maintenance/Routine Repairs. | BC - Multi-point Calibration.,1,1
1080_42401_01191,1080,SO2,2022-12-15T16:00:00Z,2022-12-15T18:00:00Z,3,test,AZ - Q C Audit.,1,1
1080_42401_01192,1080,SO2,2022-12-18T01:00:00Z,2022-12-18T02:00:00Z,2,test,BF - Precision/Zero/Span.,1,1
1080_42401_01193,1080,SO2,2022-12-22T21:00:00Z,2022-12-23T20:00:00Z,24,test,AM - Miscellaneous Void.,1,0
1080_42401_01194,1080,SO2,2022-12-25T01:00:00Z,2022-12-25T02:00:00Z,2,test,BF - Precision/Zero/Span.,1,1
1080_42401_01195,1080,SO2,2023-01-01T01:00:00Z,2023-01-01T02:00:00Z,2,test,BF - Precision/Zero/Span.,1,1
