seed,method,datetime_utc,site,gap_hours,truth,prediction,period
11,Linear interpolation,2022-10-01T09:00:00+00:00,32,1,10.0,8.0,October 2022 pilot
11,Linear interpolation,2022-10-01T15:00:00+00:00,59,6,10.4,8.128571428571428,October 2022 pilot
11,Linear interpolation,2022-10-01T16:00:00+00:00,59,6,5.8,8.257142857142858,October 2022 pilot
11,Linear interpolation,2022-10-01T17:00:00+00:00,59,6,7.6,8.385714285714286,October 2022 pilot
11,Linear interpolation,2022-10-01T18:00:00+00:00,59,6,5.8,8.514285714285714,October 2022 pilot
11,Linear interpolation,2022-10-01T19:00:00+00:00,59,6,9.8,8.642857142857142,October 2022 pilot
11,Linear interpolation,2022-10-01T20:00:00+00:00,59,6,5.3,8.771428571428572,October 2022 pilot
11,Linear interpolation,2022-10-02T21:00:00+00:00,32,3,9.0,4.5,October 2022 pilot
11,Linear interpolation,2022-10-02T22:00:00+00:00,32,3,3.0,5.0,October 2022 pilot
11,Linear interpolation,2022-10-02T23:00:00+00:00,32,3,5.0,5.5,October 2022 pilot
11,Linear interpolation,2022-10-02T17:00:00+00:00,59,1,8.5,5.449999999999999,October 2022 pilot
11,Linear interpolation,2022-10-04T01:00:00+00:00,32,3,10.0,6.75,October 2022 pilot
11,Linear interpolation,2022-10-04T02:00:00+00:00,32,3,10.0,8.5,October 2022 pilot
11,Linear interpolation,2022-10-04T03:00:00+00:00,32,3,9.0,10.25,October 2022 pilot
11,Linear interpolation,2022-10-03T08:00:00+00:00,59,3,5.4,7.775,October 2022 pilot
11,Linear interpolation,2022-10-03T09:00:00+00:00,59,3,8.2,8.35,October 2022 pilot
11,Linear interpolation,2022-10-03T10:00:00+00:00,59,3,9.3,8.925,October 2022 pilot
11,Linear interpolation,2022-10-04T23:00:00+00:00,32,1,1.0,5.5,October 2022 pilot
11,Linear interpolation,2022-10-04T23:00:00+00:00,59,6,5.7,8.8,October 2022 pilot
11,Linear interpolation,2022-10-05T00:00:00+00:00,59,6,1.5,9.2,October 2022 pilot
11,Linear interpolation,2022-10-05T01:00:00+00:00,59,6,5.8,9.6,October 2022 pilot
11,Linear interpolation,2022-10-05T02:00:00+00:00,59,6,5.1,10.0,October 2022 pilot
11,Linear interpolation,2022-10-05T03:00:00+00:00,59,6,4.3,10.4,October 2022 pilot
11,Linear interpolation,2022-10-05T04:00:00+00:00,59,6,5.7,10.8,October 2022 pilot
11,Linear interpolation,2022-10-05T01:00:00+00:00,1069,3,6.0,2.5,October 2022 pilot
11,Linear interpolation,2022-10-05T02:00:00+00:00,1069,3,6.0,3.0,October 2022 pilot
11,Linear interpolation,2022-10-05T03:00:00+00:00,1069,3,8.0,3.5,October 2022 pilot
11,Linear interpolation,2022-10-05T09:00:00+00:00,32,3,7.0,9.5,October 2022 pilot
11,Linear interpolation,2022-10-05T10:00:00+00:00,32,3,8.0,10.0,October 2022 pilot
11,Linear interpolation,2022-10-05T11:00:00+00:00,32,3,7.0,10.5,October 2022 pilot
11,Linear interpolation,2022-10-05T15:00:00+00:00,59,3,11.5,11.625,October 2022 pilot
11,Linear interpolation,2022-10-05T16:00:00+00:00,59,3,8.9,10.85,October 2022 pilot
11,Linear interpolation,2022-10-05T17:00:00+00:00,59,3,7.2,10.075,October 2022 pilot
11,Linear interpolation,2022-10-06T02:00:00+00:00,1069,3,1.0,5.5,October 2022 pilot
11,Linear interpolation,2022-10-06T03:00:00+00:00,1069,3,4.0,6.0,October 2022 pilot
11,Linear interpolation,2022-10-06T04:00:00+00:00,1069,3,8.0,6.5,October 2022 pilot
11,Linear interpolation,2022-10-07T01:00:00+00:00,32,1,7.0,7.5,October 2022 pilot
11,Linear interpolation,2022-10-06T14:00:00+00:00,59,1,11.7,11.05,October 2022 pilot
11,Linear interpolation,2022-10-06T11:00:00+00:00,1069,6,12.0,13.285714285714286,October 2022 pilot
11,Linear interpolation,2022-10-06T12:00:00+00:00,1069,6,11.0,13.571428571428571,October 2022 pilot
11,Linear interpolation,2022-10-06T13:00:00+00:00,1069,6,21.0,13.857142857142858,October 2022 pilot
11,Linear interpolation,2022-10-06T14:00:00+00:00,1069,6,20.0,14.142857142857142,October 2022 pilot
11,Linear interpolation,2022-10-06T15:00:00+00:00,1069,6,21.0,14.428571428571429,October 2022 pilot
11,Linear interpolation,2022-10-06T16:00:00+00:00,1069,6,17.0,14.714285714285714,October 2022 pilot
11,Linear interpolation,2022-10-07T09:00:00+00:00,32,6,6.0,7.0,October 2022 pilot
11,Linear interpolation,2022-10-07T10:00:00+00:00,32,6,5.0,7.0,October 2022 pilot
11,Linear interpolation,2022-10-07T11:00:00+00:00,32,6,3.0,7.0,October 2022 pilot
11,Linear interpolation,2022-10-07T12:00:00+00:00,32,6,9.0,7.0,October 2022 pilot
11,Linear interpolation,2022-10-07T13:00:00+00:00,32,6,11.0,7.0,October 2022 pilot
11,Linear interpolation,2022-10-07T14:00:00+00:00,32,6,7.0,7.0,October 2022 pilot
11,Linear interpolation,2022-10-08T01:00:00+00:00,59,3,6.2,9.6,October 2022 pilot
11,Linear interpolation,2022-10-08T02:00:00+00:00,59,3,9.7,10.4,October 2022 pilot
11,Linear interpolation,2022-10-08T03:00:00+00:00,59,3,9.1,11.2,October 2022 pilot
11,Linear interpolation,2022-10-07T21:00:00+00:00,1069,6,7.0,9.0,October 2022 pilot
11,Linear interpolation,2022-10-07T22:00:00+00:00,1069,6,7.0,9.0,October 2022 pilot
11,Linear interpolation,2022-10-07T23:00:00+00:00,1069,6,5.0,9.0,October 2022 pilot
11,Linear interpolation,2022-10-08T00:00:00+00:00,1069,6,6.0,9.0,October 2022 pilot
11,Linear interpolation,2022-10-08T01:00:00+00:00,1069,6,9.0,9.0,October 2022 pilot
11,Linear interpolation,2022-10-08T02:00:00+00:00,1069,6,9.0,9.0,October 2022 pilot
11,Linear interpolation,2022-10-09T02:00:00+00:00,32,3,9.0,8.75,October 2022 pilot
11,Linear interpolation,2022-10-09T03:00:00+00:00,32,3,7.0,9.5,October 2022 pilot
11,Linear interpolation,2022-10-09T04:00:00+00:00,32,3,9.0,10.25,October 2022 pilot
11,Linear interpolation,2022-10-08T09:00:00+00:00,59,6,12.7,11.87142857142857,October 2022 pilot
11,Linear interpolation,2022-10-08T10:00:00+00:00,59,6,11.0,12.042857142857144,October 2022 pilot
11,Linear interpolation,2022-10-08T11:00:00+00:00,59,6,9.9,12.214285714285714,October 2022 pilot
11,Linear interpolation,2022-10-08T12:00:00+00:00,59,6,8.5,12.385714285714286,October 2022 pilot
11,Linear interpolation,2022-10-08T13:00:00+00:00,59,6,9.5,12.557142857142855,October 2022 pilot
11,Linear interpolation,2022-10-08T14:00:00+00:00,59,6,10.8,12.72857142857143,October 2022 pilot
11,Linear interpolation,2022-10-08T13:00:00+00:00,1069,1,14.0,12.5,October 2022 pilot
11,Linear interpolation,2022-10-09T23:00:00+00:00,32,3,6.0,11.0,October 2022 pilot
11,Linear interpolation,2022-10-10T00:00:00+00:00,32,3,8.0,10.0,October 2022 pilot
11,Linear interpolation,2022-10-10T01:00:00+00:00,32,3,9.0,9.0,October 2022 pilot
11,Linear interpolation,2022-10-10T02:00:00+00:00,59,3,8.3,9.825,October 2022 pilot
11,Linear interpolation,2022-10-10T03:00:00+00:00,59,3,8.8,9.05,October 2022 pilot
11,Linear interpolation,2022-10-10T04:00:00+00:00,59,3,6.4,8.275,October 2022 pilot
11,Linear interpolation,2022-10-10T01:00:00+00:00,1069,3,6.0,5.5,October 2022 pilot
11,Linear interpolation,2022-10-10T02:00:00+00:00,1069,3,5.0,7.0,October 2022 pilot
11,Linear interpolation,2022-10-10T03:00:00+00:00,1069,3,10.0,8.5,October 2022 pilot
11,Linear interpolation,2022-10-10T21:00:00+00:00,32,3,5.0,13.75,October 2022 pilot
11,Linear interpolation,2022-10-10T22:00:00+00:00,32,3,12.0,12.5,October 2022 pilot
11,Linear interpolation,2022-10-10T23:00:00+00:00,32,3,11.0,11.25,October 2022 pilot
11,Linear interpolation,2022-10-10T22:00:00+00:00,59,1,1.0,16.2,October 2022 pilot
11,Linear interpolation,2022-10-10T22:00:00+00:00,1069,6,9.0,10.714285714285714,October 2022 pilot
11,Linear interpolation,2022-10-10T23:00:00+00:00,1069,6,5.0,10.428571428571429,October 2022 pilot
11,Linear interpolation,2022-10-11T00:00:00+00:00,1069,6,5.0,10.142857142857142,October 2022 pilot
11,Linear interpolation,2022-10-11T01:00:00+00:00,1069,6,6.0,9.857142857142858,October 2022 pilot
11,Linear interpolation,2022-10-11T02:00:00+00:00,1069,6,10.0,9.571428571428571,October 2022 pilot
11,Linear interpolation,2022-10-11T03:00:00+00:00,1069,6,6.0,9.285714285714286,October 2022 pilot
11,Linear interpolation,2022-10-11T23:00:00+00:00,32,6,0.0,-0.5714285714285714,October 2022 pilot
11,Linear interpolation,2022-10-12T00:00:00+00:00,32,6,7.0,0.8571428571428572,October 2022 pilot
11,Linear interpolation,2022-10-12T01:00:00+00:00,32,6,5.0,2.2857142857142856,October 2022 pilot
11,Linear interpolation,2022-10-12T02:00:00+00:00,32,6,6.0,3.7142857142857135,October 2022 pilot
11,Linear interpolation,2022-10-12T03:00:00+00:00,32,6,9.0,5.142857142857143,October 2022 pilot
11,Linear interpolation,2022-10-12T04:00:00+00:00,32,6,4.0,6.571428571428571,October 2022 pilot
11,Linear interpolation,2022-10-12T00:00:00+00:00,59,1,0.5,5.1,October 2022 pilot
11,Linear interpolation,2022-10-11T20:00:00+00:00,1069,3,5.0,4.5,October 2022 pilot
11,Linear interpolation,2022-10-11T21:00:00+00:00,1069,3,7.0,2.0,October 2022 pilot
11,Linear interpolation,2022-10-11T22:00:00+00:00,1069,3,5.0,-0.5,October 2022 pilot
11,Linear interpolation,2022-10-12T07:00:00+00:00,32,1,4.0,7.0,October 2022 pilot
11,Linear interpolation,2022-10-13T04:00:00+00:00,59,1,0.6,2.6500000000000004,October 2022 pilot
11,Linear interpolation,2022-10-12T12:00:00+00:00,1069,6,9.0,8.428571428571429,October 2022 pilot
11,Linear interpolation,2022-10-12T13:00:00+00:00,1069,6,10.0,8.857142857142858,October 2022 pilot
11,Linear interpolation,2022-10-12T14:00:00+00:00,1069,6,14.0,9.285714285714286,October 2022 pilot
11,Linear interpolation,2022-10-12T15:00:00+00:00,1069,6,15.0,9.714285714285714,October 2022 pilot
11,Linear interpolation,2022-10-12T16:00:00+00:00,1069,6,14.0,10.142857142857142,October 2022 pilot
11,Linear interpolation,2022-10-12T17:00:00+00:00,1069,6,17.0,10.571428571428571,October 2022 pilot
11,Linear interpolation,2022-10-13T11:00:00+00:00,32,3,2.0,5.25,October 2022 pilot
11,Linear interpolation,2022-10-13T12:00:00+00:00,32,3,4.0,7.5,October 2022 pilot
11,Linear interpolation,2022-10-13T13:00:00+00:00,32,3,4.0,9.75,October 2022 pilot
11,Linear interpolation,2022-10-14T01:00:00+00:00,59,1,5.5,4.550000000000001,October 2022 pilot
11,Linear interpolation,2022-10-13T08:00:00+00:00,1069,6,9.0,4.857142857142858,October 2022 pilot
11,Linear interpolation,2022-10-13T09:00:00+00:00,1069,6,9.0,6.714285714285714,October 2022 pilot
11,Linear interpolation,2022-10-13T10:00:00+00:00,1069,6,8.0,8.571428571428571,October 2022 pilot
11,Linear interpolation,2022-10-13T11:00:00+00:00,1069,6,8.0,10.428571428571429,October 2022 pilot
11,Linear interpolation,2022-10-13T12:00:00+00:00,1069,6,6.0,12.285714285714286,October 2022 pilot
11,Linear interpolation,2022-10-13T13:00:00+00:00,1069,6,12.0,14.142857142857142,October 2022 pilot
11,Linear interpolation,2022-10-14T19:00:00+00:00,32,1,14.0,11.5,October 2022 pilot
11,Linear interpolation,2022-10-14T23:00:00+00:00,59,6,6.9,4.671428571428572,October 2022 pilot
11,Linear interpolation,2022-10-15T00:00:00+00:00,59,6,3.4,4.442857142857143,October 2022 pilot
11,Linear interpolation,2022-10-15T01:00:00+00:00,59,6,5.8,4.214285714285714,October 2022 pilot
11,Linear interpolation,2022-10-15T02:00:00+00:00,59,6,4.9,3.9857142857142858,October 2022 pilot
11,Linear interpolation,2022-10-15T03:00:00+00:00,59,6,5.6,3.757142857142857,October 2022 pilot
11,Linear interpolation,2022-10-15T04:00:00+00:00,59,6,5.0,3.5285714285714285,October 2022 pilot
11,Linear interpolation,2022-10-14T20:00:00+00:00,1069,1,6.0,12.5,October 2022 pilot
11,Linear interpolation,2022-10-15T10:00:00+00:00,32,1,3.0,3.5,October 2022 pilot
11,Linear interpolation,2022-10-15T16:00:00+00:00,59,1,4.5,9.1,October 2022 pilot
11,Linear interpolation,2022-10-15T21:00:00+00:00,1069,3,4.0,6.5,October 2022 pilot
11,Linear interpolation,2022-10-15T22:00:00+00:00,1069,3,-2.0,4.0,October 2022 pilot
11,Linear interpolation,2022-10-15T23:00:00+00:00,1069,3,-3.0,1.5,October 2022 pilot
11,Linear interpolation,2022-10-16T13:00:00+00:00,32,3,1.0,6.25,October 2022 pilot
11,Linear interpolation,2022-10-16T14:00:00+00:00,32,3,1.0,7.5,October 2022 pilot
11,Linear interpolation,2022-10-16T15:00:00+00:00,32,3,6.0,8.75,October 2022 pilot
11,Linear interpolation,2022-10-16T17:00:00+00:00,59,6,4.7,9.342857142857142,October 2022 pilot
11,Linear interpolation,2022-10-16T18:00:00+00:00,59,6,8.4,9.085714285714284,October 2022 pilot
11,Linear interpolation,2022-10-16T19:00:00+00:00,59,6,5.3,8.82857142857143,October 2022 pilot
11,Linear interpolation,2022-10-16T20:00:00+00:00,59,6,1.2,8.571428571428571,October 2022 pilot
11,Linear interpolation,2022-10-16T21:00:00+00:00,59,6,3.8,8.314285714285713,October 2022 pilot
11,Linear interpolation,2022-10-16T22:00:00+00:00,59,6,3.6,8.057142857142857,October 2022 pilot
11,Linear interpolation,2022-10-16T19:00:00+00:00,1069,6,5.0,5.142857142857143,October 2022 pilot
11,Linear interpolation,2022-10-16T20:00:00+00:00,1069,6,0.0,4.285714285714286,October 2022 pilot
11,Linear interpolation,2022-10-16T21:00:00+00:00,1069,6,2.0,3.4285714285714284,October 2022 pilot
11,Linear interpolation,2022-10-16T22:00:00+00:00,1069,6,0.0,2.571428571428572,October 2022 pilot
11,Linear interpolation,2022-10-16T23:00:00+00:00,1069,6,3.0,1.7142857142857144,October 2022 pilot
11,Linear interpolation,2022-10-17T00:00:00+00:00,1069,6,2.0,0.8571428571428568,October 2022 pilot
11,Linear interpolation,2022-10-18T00:00:00+00:00,32,3,2.0,5.5,October 2022 pilot
11,Linear interpolation,2022-10-18T01:00:00+00:00,32,3,6.0,4.0,October 2022 pilot
11,Linear interpolation,2022-10-18T02:00:00+00:00,32,3,7.0,2.5,October 2022 pilot
11,Linear interpolation,2022-10-17T13:00:00+00:00,59,1,6.7,3.5,October 2022 pilot
11,Linear interpolation,2022-10-17T07:00:00+00:00,1069,1,-6.0,1.0,October 2022 pilot
11,Linear interpolation,2022-10-18T08:00:00+00:00,32,6,4.0,1.0,October 2022 pilot
11,Linear interpolation,2022-10-18T09:00:00+00:00,32,6,2.0,1.0,October 2022 pilot
11,Linear interpolation,2022-10-18T10:00:00+00:00,32,6,2.0,1.0,October 2022 pilot
11,Linear interpolation,2022-10-18T11:00:00+00:00,32,6,2.0,1.0,October 2022 pilot
11,Linear interpolation,2022-10-18T12:00:00+00:00,32,6,3.0,1.0,October 2022 pilot
11,Linear interpolation,2022-10-18T13:00:00+00:00,32,6,1.0,1.0,October 2022 pilot
11,Linear interpolation,2022-10-18T23:00:00+00:00,59,3,1.8,2.475,October 2022 pilot
11,Linear interpolation,2022-10-19T00:00:00+00:00,59,3,0.7,2.45,October 2022 pilot
11,Linear interpolation,2022-10-19T01:00:00+00:00,59,3,0.3,2.425,October 2022 pilot
11,Linear interpolation,2022-10-18T21:00:00+00:00,1069,6,0.0,3.142857142857143,October 2022 pilot
11,Linear interpolation,2022-10-18T22:00:00+00:00,1069,6,4.0,4.285714285714286,October 2022 pilot
11,Linear interpolation,2022-10-18T23:00:00+00:00,1069,6,-2.0,5.428571428571429,October 2022 pilot
11,Linear interpolation,2022-10-19T00:00:00+00:00,1069,6,0.0,6.571428571428571,October 2022 pilot
11,Linear interpolation,2022-10-19T01:00:00+00:00,1069,6,2.0,7.714285714285714,October 2022 pilot
11,Linear interpolation,2022-10-19T02:00:00+00:00,1069,6,-2.0,8.857142857142858,October 2022 pilot
11,Linear interpolation,2022-10-19T17:00:00+00:00,32,1,7.0,5.5,October 2022 pilot
11,Linear interpolation,2022-10-19T11:00:00+00:00,59,1,4.5,2.9,October 2022 pilot
11,Linear interpolation,2022-10-19T08:00:00+00:00,1069,6,7.0,3.857142857142857,October 2022 pilot
11,Linear interpolation,2022-10-19T09:00:00+00:00,1069,6,7.0,4.714285714285714,October 2022 pilot
11,Linear interpolation,2022-10-19T10:00:00+00:00,1069,6,7.0,5.571428571428571,October 2022 pilot
11,Linear interpolation,2022-10-19T11:00:00+00:00,1069,6,6.0,6.428571428571429,October 2022 pilot
11,Linear interpolation,2022-10-19T12:00:00+00:00,1069,6,12.0,7.285714285714286,October 2022 pilot
11,Linear interpolation,2022-10-19T13:00:00+00:00,1069,6,14.0,8.142857142857142,October 2022 pilot
11,Linear interpolation,2022-10-20T07:00:00+00:00,32,3,5.0,9.25,October 2022 pilot
11,Linear interpolation,2022-10-20T08:00:00+00:00,32,3,5.0,8.5,October 2022 pilot
11,Linear interpolation,2022-10-20T09:00:00+00:00,32,3,4.0,7.75,October 2022 pilot
11,Linear interpolation,2022-10-21T03:00:00+00:00,59,1,2.1,4.75,October 2022 pilot
11,Linear interpolation,2022-10-20T13:00:00+00:00,1069,1,12.0,17.5,October 2022 pilot
11,Linear interpolation,2022-10-22T00:00:00+00:00,32,1,0.0,1.0,October 2022 pilot
11,Linear interpolation,2022-10-21T20:00:00+00:00,59,1,1.2,5.449999999999999,October 2022 pilot
11,Linear interpolation,2022-10-21T07:00:00+00:00,1069,1,4.0,3.0,October 2022 pilot
11,Linear interpolation,2022-10-22T07:00:00+00:00,32,6,6.0,4.285714285714286,October 2022 pilot
11,Linear interpolation,2022-10-22T08:00:00+00:00,32,6,7.0,4.571428571428571,October 2022 pilot
11,Linear interpolation,2022-10-22T09:00:00+00:00,32,6,3.0,4.857142857142857,October 2022 pilot
11,Linear interpolation,2022-10-22T10:00:00+00:00,32,6,5.0,5.142857142857142,October 2022 pilot
11,Linear interpolation,2022-10-22T11:00:00+00:00,32,6,6.0,5.428571428571429,October 2022 pilot
11,Linear interpolation,2022-10-22T12:00:00+00:00,32,6,4.0,5.714285714285714,October 2022 pilot
11,Linear interpolation,2022-10-22T15:00:00+00:00,59,3,5.8,5.825,October 2022 pilot
11,Linear interpolation,2022-10-22T16:00:00+00:00,59,3,6.7,4.15,October 2022 pilot
11,Linear interpolation,2022-10-22T17:00:00+00:00,59,3,6.5,2.475,October 2022 pilot
11,Linear interpolation,2022-10-22T21:00:00+00:00,1069,1,1.0,6.0,October 2022 pilot
11,Linear interpolation,2022-10-23T23:00:00+00:00,32,6,3.0,2.571428571428571,October 2022 pilot
11,Linear interpolation,2022-10-24T00:00:00+00:00,32,6,3.0,4.142857142857142,October 2022 pilot
11,Linear interpolation,2022-10-24T01:00:00+00:00,32,6,4.0,5.714285714285714,October 2022 pilot
11,Linear interpolation,2022-10-24T02:00:00+00:00,32,6,6.0,7.285714285714286,October 2022 pilot
11,Linear interpolation,2022-10-24T03:00:00+00:00,32,6,6.0,8.857142857142858,October 2022 pilot
11,Linear interpolation,2022-10-24T04:00:00+00:00,32,6,6.0,10.428571428571429,October 2022 pilot
11,Linear interpolation,2022-10-24T03:00:00+00:00,59,1,6.0,5.0,October 2022 pilot
11,Linear interpolation,2022-10-23T10:00:00+00:00,1069,1,6.0,2.0,October 2022 pilot
11,Linear interpolation,2022-10-25T00:00:00+00:00,32,3,1.0,5.5,October 2022 pilot
11,Linear interpolation,2022-10-25T01:00:00+00:00,32,3,7.0,3.0,October 2022 pilot
11,Linear interpolation,2022-10-25T02:00:00+00:00,32,3,5.0,0.5,October 2022 pilot
11,Linear interpolation,2022-10-24T19:00:00+00:00,59,6,17.9,8.914285714285715,October 2022 pilot
11,Linear interpolation,2022-10-24T20:00:00+00:00,59,6,18.6,8.82857142857143,October 2022 pilot
11,Linear interpolation,2022-10-24T21:00:00+00:00,59,6,11.8,8.742857142857144,October 2022 pilot
11,Linear interpolation,2022-10-24T22:00:00+00:00,59,6,14.5,8.657142857142857,October 2022 pilot
11,Linear interpolation,2022-10-24T23:00:00+00:00,59,6,13.3,8.571428571428571,October 2022 pilot
11,Linear interpolation,2022-10-25T00:00:00+00:00,59,6,12.1,8.485714285714286,October 2022 pilot
11,Linear interpolation,2022-10-24T16:00:00+00:00,1069,1,13.0,13.0,October 2022 pilot
11,Linear interpolation,2022-10-25T15:00:00+00:00,32,6,2.0,3.7142857142857135,October 2022 pilot
11,Linear interpolation,2022-10-25T16:00:00+00:00,32,6,6.0,3.428571428571429,October 2022 pilot
11,Linear interpolation,2022-10-25T17:00:00+00:00,32,6,1.0,3.142857142857143,October 2022 pilot
11,Linear interpolation,2022-10-25T18:00:00+00:00,32,6,2.0,2.857142857142857,October 2022 pilot
11,Linear interpolation,2022-10-25T19:00:00+00:00,32,6,2.0,2.571428571428571,October 2022 pilot
11,Linear interpolation,2022-10-25T20:00:00+00:00,32,6,2.0,2.2857142857142856,October 2022 pilot
11,Linear interpolation,2022-10-25T21:00:00+00:00,59,1,-0.8,0.15,October 2022 pilot
11,Linear interpolation,2022-10-25T22:00:00+00:00,1069,1,2.0,-0.5,October 2022 pilot
11,Linear interpolation,2022-10-26T14:00:00+00:00,32,1,14.0,1.5,October 2022 pilot
11,Linear interpolation,2022-10-27T03:00:00+00:00,59,1,2.0,2.3,October 2022 pilot
11,Linear interpolation,2022-10-26T18:00:00+00:00,1069,6,5.0,4.0,October 2022 pilot
11,Linear interpolation,2022-10-26T19:00:00+00:00,1069,6,4.0,3.0,October 2022 pilot
11,Linear interpolation,2022-10-26T20:00:00+00:00,1069,6,2.0,2.0,October 2022 pilot
11,Linear interpolation,2022-10-26T21:00:00+00:00,1069,6,2.0,1.0,October 2022 pilot
11,Linear interpolation,2022-10-26T22:00:00+00:00,1069,6,-1.0,0.0,October 2022 pilot
11,Linear interpolation,2022-10-26T23:00:00+00:00,1069,6,-5.0,-1.0,October 2022 pilot
11,Linear interpolation,2022-10-27T12:00:00+00:00,32,3,3.0,6.25,October 2022 pilot
11,Linear interpolation,2022-10-27T13:00:00+00:00,32,3,4.0,5.5,October 2022 pilot
11,Linear interpolation,2022-10-27T14:00:00+00:00,32,3,12.0,4.75,October 2022 pilot
11,Linear interpolation,2022-10-27T23:00:00+00:00,59,6,2.3,2.5285714285714285,October 2022 pilot
11,Linear interpolation,2022-10-28T00:00:00+00:00,59,6,4.7,3.057142857142857,October 2022 pilot
11,Linear interpolation,2022-10-28T01:00:00+00:00,59,6,-1.4,3.585714285714286,October 2022 pilot
11,Linear interpolation,2022-10-28T02:00:00+00:00,59,6,1.9,4.114285714285714,October 2022 pilot
11,Linear interpolation,2022-10-28T03:00:00+00:00,59,6,1.0,4.642857142857142,October 2022 pilot
11,Linear interpolation,2022-10-28T04:00:00+00:00,59,6,7.5,5.171428571428572,October 2022 pilot
11,Linear interpolation,2022-10-27T12:00:00+00:00,1069,1,10.0,6.0,October 2022 pilot
11,Linear interpolation,2022-10-28T17:00:00+00:00,32,1,4.0,3.0,October 2022 pilot
11,Linear interpolation,2022-10-28T15:00:00+00:00,59,1,-2.2,2.1,October 2022 pilot
11,Linear interpolation,2022-10-28T13:00:00+00:00,1069,6,11.0,8.571428571428571,October 2022 pilot
11,Linear interpolation,2022-10-28T14:00:00+00:00,1069,6,-10.0,8.142857142857142,October 2022 pilot
11,Linear interpolation,2022-10-28T15:00:00+00:00,1069,6,-1.0,7.714285714285714,October 2022 pilot
11,Linear interpolation,2022-10-28T16:00:00+00:00,1069,6,6.0,7.285714285714286,October 2022 pilot
11,Linear interpolation,2022-10-28T17:00:00+00:00,1069,6,9.0,6.857142857142858,October 2022 pilot
11,Linear interpolation,2022-10-28T18:00:00+00:00,1069,6,10.0,6.428571428571429,October 2022 pilot
11,Linear interpolation,2022-10-29T15:00:00+00:00,32,6,4.0,6.285714285714286,October 2022 pilot
11,Linear interpolation,2022-10-29T16:00:00+00:00,32,6,8.0,6.571428571428571,October 2022 pilot
11,Linear interpolation,2022-10-29T17:00:00+00:00,32,6,5.0,6.857142857142857,October 2022 pilot
11,Linear interpolation,2022-10-29T18:00:00+00:00,32,6,7.0,7.142857142857142,October 2022 pilot
11,Linear interpolation,2022-10-29T19:00:00+00:00,32,6,4.0,7.428571428571429,October 2022 pilot
11,Linear interpolation,2022-10-29T20:00:00+00:00,32,6,2.0,7.714285714285714,October 2022 pilot
11,Linear interpolation,2022-10-30T01:00:00+00:00,59,3,2.4,1.375,October 2022 pilot
11,Linear interpolation,2022-10-30T02:00:00+00:00,59,3,-0.9,1.95,October 2022 pilot
11,Linear interpolation,2022-10-30T03:00:00+00:00,59,3,1.0,2.525,October 2022 pilot
11,Linear interpolation,2022-10-29T22:00:00+00:00,1069,3,5.0,3.25,October 2022 pilot
11,Linear interpolation,2022-10-29T23:00:00+00:00,1069,3,1.0,3.5,October 2022 pilot
11,Linear interpolation,2022-10-30T00:00:00+00:00,1069,3,3.0,3.75,October 2022 pilot
11,Linear interpolation,2022-10-31T04:00:00+00:00,32,1,9.0,4.5,October 2022 pilot
11,Linear interpolation,2022-10-30T21:00:00+00:00,59,6,4.5,3.5142857142857142,October 2022 pilot
11,Linear interpolation,2022-10-30T22:00:00+00:00,59,6,2.7,4.0285714285714285,October 2022 pilot
11,Linear interpolation,2022-10-30T23:00:00+00:00,59,6,5.6,4.542857142857143,October 2022 pilot
11,Linear interpolation,2022-10-31T00:00:00+00:00,59,6,1.0,5.057142857142857,October 2022 pilot
11,Linear interpolation,2022-10-31T01:00:00+00:00,59,6,4.0,5.571428571428571,October 2022 pilot
11,Linear interpolation,2022-10-31T02:00:00+00:00,59,6,8.0,6.085714285714285,October 2022 pilot
11,Linear interpolation,2022-10-30T09:00:00+00:00,1069,1,5.0,6.0,October 2022 pilot
11,Linear interpolation,2022-10-31T20:00:00+00:00,32,1,3.0,8.5,October 2022 pilot
11,Linear interpolation,2022-11-01T02:00:00+00:00,59,3,4.3,2.675,October 2022 pilot
11,Linear interpolation,2022-11-01T03:00:00+00:00,59,3,0.5,3.05,October 2022 pilot
11,Linear interpolation,2022-11-01T04:00:00+00:00,59,3,6.9,3.425,October 2022 pilot
11,Linear interpolation,2022-10-31T10:00:00+00:00,1069,1,6.0,8.0,October 2022 pilot
22,Linear interpolation,2022-10-01T13:00:00+00:00,32,6,6.0,11.285714285714286,October 2022 pilot
22,Linear interpolation,2022-10-01T14:00:00+00:00,32,6,13.0,11.571428571428571,October 2022 pilot
22,Linear interpolation,2022-10-01T15:00:00+00:00,32,6,10.0,11.857142857142858,October 2022 pilot
22,Linear interpolation,2022-10-01T16:00:00+00:00,32,6,17.0,12.142857142857142,October 2022 pilot
22,Linear interpolation,2022-10-01T17:00:00+00:00,32,6,8.0,12.428571428571429,October 2022 pilot
22,Linear interpolation,2022-10-01T18:00:00+00:00,32,6,12.0,12.714285714285714,October 2022 pilot
22,Linear interpolation,2022-10-01T10:00:00+00:00,59,3,6.2,6.3,October 2022 pilot
22,Linear interpolation,2022-10-01T11:00:00+00:00,59,3,8.7,6.4,October 2022 pilot
22,Linear interpolation,2022-10-01T12:00:00+00:00,59,3,6.2,6.5,October 2022 pilot
22,Linear interpolation,2022-10-02T12:00:00+00:00,32,1,6.0,5.0,October 2022 pilot
22,Linear interpolation,2022-10-02T07:00:00+00:00,59,3,4.9,7.875,October 2022 pilot
22,Linear interpolation,2022-10-02T08:00:00+00:00,59,3,10.0,7.25,October 2022 pilot
22,Linear interpolation,2022-10-02T09:00:00+00:00,59,3,6.2,6.625,October 2022 pilot
22,Linear interpolation,2022-10-04T04:00:00+00:00,32,1,12.0,10.5,October 2022 pilot
22,Linear interpolation,2022-10-04T01:00:00+00:00,59,1,9.0,8.2,October 2022 pilot
22,Linear interpolation,2022-10-04T07:00:00+00:00,32,6,9.0,9.571428571428571,October 2022 pilot
22,Linear interpolation,2022-10-04T08:00:00+00:00,32,6,12.0,10.142857142857142,October 2022 pilot
22,Linear interpolation,2022-10-04T09:00:00+00:00,32,6,11.0,10.714285714285714,October 2022 pilot
22,Linear interpolation,2022-10-04T10:00:00+00:00,32,6,13.0,11.285714285714285,October 2022 pilot
22,Linear interpolation,2022-10-04T11:00:00+00:00,32,6,9.0,11.857142857142858,October 2022 pilot
22,Linear interpolation,2022-10-04T12:00:00+00:00,32,6,16.0,12.428571428571429,October 2022 pilot
22,Linear interpolation,2022-10-04T12:00:00+00:00,59,1,35.2,15.7,October 2022 pilot
22,Linear interpolation,2022-10-04T19:00:00+00:00,1069,3,15.0,12.5,October 2022 pilot
22,Linear interpolation,2022-10-04T20:00:00+00:00,1069,3,11.0,11.0,October 2022 pilot
22,Linear interpolation,2022-10-04T21:00:00+00:00,1069,3,4.0,9.5,October 2022 pilot
22,Linear interpolation,2022-10-05T17:00:00+00:00,32,3,12.0,10.5,October 2022 pilot
22,Linear interpolation,2022-10-05T18:00:00+00:00,32,3,11.0,11.0,October 2022 pilot
22,Linear interpolation,2022-10-05T19:00:00+00:00,32,3,11.0,11.5,October 2022 pilot
22,Linear interpolation,2022-10-05T14:00:00+00:00,59,1,12.4,9.05,October 2022 pilot
22,Linear interpolation,2022-10-06T01:00:00+00:00,1069,3,5.0,2.75,October 2022 pilot
22,Linear interpolation,2022-10-06T02:00:00+00:00,1069,3,1.0,4.5,October 2022 pilot
22,Linear interpolation,2022-10-06T03:00:00+00:00,1069,3,4.0,6.25,October 2022 pilot
22,Linear interpolation,2022-10-06T14:00:00+00:00,32,1,9.0,11.0,October 2022 pilot
22,Linear interpolation,2022-10-06T17:00:00+00:00,59,1,10.1,10.45,October 2022 pilot
22,Linear interpolation,2022-10-06T13:00:00+00:00,1069,6,21.0,10.714285714285714,October 2022 pilot
22,Linear interpolation,2022-10-06T14:00:00+00:00,1069,6,20.0,10.428571428571429,October 2022 pilot
22,Linear interpolation,2022-10-06T15:00:00+00:00,1069,6,21.0,10.142857142857142,October 2022 pilot
22,Linear interpolation,2022-10-06T16:00:00+00:00,1069,6,17.0,9.857142857142858,October 2022 pilot
22,Linear interpolation,2022-10-06T17:00:00+00:00,1069,6,15.0,9.571428571428571,October 2022 pilot
22,Linear interpolation,2022-10-06T18:00:00+00:00,1069,6,13.0,9.285714285714286,October 2022 pilot
22,Linear interpolation,2022-10-07T22:00:00+00:00,32,3,11.0,10.25,October 2022 pilot
22,Linear interpolation,2022-10-07T23:00:00+00:00,32,3,11.0,10.5,October 2022 pilot
22,Linear interpolation,2022-10-08T00:00:00+00:00,32,3,7.0,10.75,October 2022 pilot
22,Linear interpolation,2022-10-07T19:00:00+00:00,59,1,8.9,8.45,October 2022 pilot
22,Linear interpolation,2022-10-07T18:00:00+00:00,1069,3,7.0,10.0,October 2022 pilot
22,Linear interpolation,2022-10-07T19:00:00+00:00,1069,3,12.0,9.0,October 2022 pilot
22,Linear interpolation,2022-10-07T20:00:00+00:00,1069,3,9.0,8.0,October 2022 pilot
22,Linear interpolation,2022-10-08T10:00:00+00:00,32,6,10.0,11.857142857142858,October 2022 pilot
22,Linear interpolation,2022-10-08T11:00:00+00:00,32,6,9.0,12.714285714285714,October 2022 pilot
22,Linear interpolation,2022-10-08T12:00:00+00:00,32,6,10.0,13.571428571428571,October 2022 pilot
22,Linear interpolation,2022-10-08T13:00:00+00:00,32,6,4.0,14.428571428571429,October 2022 pilot
22,Linear interpolation,2022-10-08T14:00:00+00:00,32,6,13.0,15.285714285714285,October 2022 pilot
22,Linear interpolation,2022-10-08T15:00:00+00:00,32,6,10.0,16.142857142857142,October 2022 pilot
22,Linear interpolation,2022-10-08T15:00:00+00:00,59,3,12.9,10.8,October 2022 pilot
22,Linear interpolation,2022-10-08T16:00:00+00:00,59,3,14.9,10.8,October 2022 pilot
22,Linear interpolation,2022-10-08T17:00:00+00:00,59,3,11.5,10.8,October 2022 pilot
22,Linear interpolation,2022-10-08T15:00:00+00:00,1069,1,17.0,16.0,October 2022 pilot
22,Linear interpolation,2022-10-09T12:00:00+00:00,32,1,15.0,11.5,October 2022 pilot
22,Linear interpolation,2022-10-09T15:00:00+00:00,59,3,14.1,12.425,October 2022 pilot
22,Linear interpolation,2022-10-09T16:00:00+00:00,59,3,10.9,11.15,October 2022 pilot
22,Linear interpolation,2022-10-09T17:00:00+00:00,59,3,9.9,9.875,October 2022 pilot
22,Linear interpolation,2022-10-09T22:00:00+00:00,1069,6,7.0,11.714285714285714,October 2022 pilot
22,Linear interpolation,2022-10-09T23:00:00+00:00,1069,6,6.0,11.428571428571429,October 2022 pilot
22,Linear interpolation,2022-10-10T00:00:00+00:00,1069,6,4.0,11.142857142857142,October 2022 pilot
22,Linear interpolation,2022-10-10T01:00:00+00:00,1069,6,6.0,10.857142857142858,October 2022 pilot
22,Linear interpolation,2022-10-10T02:00:00+00:00,1069,6,5.0,10.571428571428571,October 2022 pilot
22,Linear interpolation,2022-10-10T03:00:00+00:00,1069,6,10.0,10.285714285714286,October 2022 pilot
22,Linear interpolation,2022-10-11T02:00:00+00:00,32,3,8.0,8.75,October 2022 pilot
22,Linear interpolation,2022-10-11T03:00:00+00:00,32,3,6.0,8.5,October 2022 pilot
22,Linear interpolation,2022-10-11T04:00:00+00:00,32,3,8.0,8.25,October 2022 pilot
22,Linear interpolation,2022-10-10T09:00:00+00:00,59,6,8.8,7.642857142857142,October 2022 pilot
22,Linear interpolation,2022-10-10T10:00:00+00:00,59,6,7.5,7.985714285714286,October 2022 pilot
22,Linear interpolation,2022-10-10T11:00:00+00:00,59,6,18.6,8.328571428571427,October 2022 pilot
22,Linear interpolation,2022-10-10T12:00:00+00:00,59,6,12.2,8.67142857142857,October 2022 pilot
22,Linear interpolation,2022-10-10T13:00:00+00:00,59,6,10.3,9.014285714285714,October 2022 pilot
22,Linear interpolation,2022-10-10T14:00:00+00:00,59,6,8.1,9.357142857142856,October 2022 pilot
22,Linear interpolation,2022-10-10T20:00:00+00:00,1069,3,-2.0,9.5,October 2022 pilot
22,Linear interpolation,2022-10-10T21:00:00+00:00,1069,3,11.0,8.0,October 2022 pilot
22,Linear interpolation,2022-10-10T22:00:00+00:00,1069,3,9.0,6.5,October 2022 pilot
22,Linear interpolation,2022-10-11T12:00:00+00:00,32,6,9.0,8.714285714285714,October 2022 pilot
22,Linear interpolation,2022-10-11T13:00:00+00:00,32,6,3.0,9.428571428571429,October 2022 pilot
22,Linear interpolation,2022-10-11T14:00:00+00:00,32,6,14.0,10.142857142857142,October 2022 pilot
22,Linear interpolation,2022-10-11T15:00:00+00:00,32,6,8.0,10.857142857142858,October 2022 pilot
22,Linear interpolation,2022-10-11T16:00:00+00:00,32,6,7.0,11.571428571428571,October 2022 pilot
22,Linear interpolation,2022-10-11T17:00:00+00:00,32,6,6.0,12.285714285714285,October 2022 pilot
22,Linear interpolation,2022-10-12T00:00:00+00:00,59,3,0.5,3.85,October 2022 pilot
22,Linear interpolation,2022-10-12T01:00:00+00:00,59,3,6.1,3.6,October 2022 pilot
22,Linear interpolation,2022-10-12T02:00:00+00:00,59,3,1.8,3.35,October 2022 pilot
22,Linear interpolation,2022-10-12T02:00:00+00:00,1069,3,2.0,3.75,October 2022 pilot
22,Linear interpolation,2022-10-12T03:00:00+00:00,1069,3,1.0,3.5,October 2022 pilot
22,Linear interpolation,2022-10-12T04:00:00+00:00,1069,3,2.0,3.25,October 2022 pilot
22,Linear interpolation,2022-10-12T19:00:00+00:00,32,3,7.0,8.5,October 2022 pilot
22,Linear interpolation,2022-10-12T20:00:00+00:00,32,3,4.0,8.0,October 2022 pilot
22,Linear interpolation,2022-10-12T21:00:00+00:00,32,3,8.0,7.5,October 2022 pilot
22,Linear interpolation,2022-10-12T12:00:00+00:00,59,1,11.1,13.45,October 2022 pilot
22,Linear interpolation,2022-10-12T07:00:00+00:00,1069,6,7.0,4.0,October 2022 pilot
22,Linear interpolation,2022-10-12T08:00:00+00:00,1069,6,5.0,5.0,October 2022 pilot
22,Linear interpolation,2022-10-12T09:00:00+00:00,1069,6,6.0,6.0,October 2022 pilot
22,Linear interpolation,2022-10-12T10:00:00+00:00,1069,6,9.0,7.0,October 2022 pilot
22,Linear interpolation,2022-10-12T11:00:00+00:00,1069,6,8.0,8.0,October 2022 pilot
22,Linear interpolation,2022-10-12T12:00:00+00:00,1069,6,9.0,9.0,October 2022 pilot
22,Linear interpolation,2022-10-13T13:00:00+00:00,32,6,4.0,5.142857142857142,October 2022 pilot
22,Linear interpolation,2022-10-13T14:00:00+00:00,32,6,12.0,6.285714285714286,October 2022 pilot
22,Linear interpolation,2022-10-13T15:00:00+00:00,32,6,6.0,7.428571428571429,October 2022 pilot
22,Linear interpolation,2022-10-13T16:00:00+00:00,32,6,12.0,8.571428571428571,October 2022 pilot
22,Linear interpolation,2022-10-13T17:00:00+00:00,32,6,16.0,9.714285714285715,October 2022 pilot
22,Linear interpolation,2022-10-13T18:00:00+00:00,32,6,11.0,10.857142857142858,October 2022 pilot
22,Linear interpolation,2022-10-13T20:00:00+00:00,59,6,8.8,7.7857142857142865,October 2022 pilot
22,Linear interpolation,2022-10-13T21:00:00+00:00,59,6,8.3,7.271428571428572,October 2022 pilot
22,Linear interpolation,2022-10-13T22:00:00+00:00,59,6,10.3,6.757142857142858,October 2022 pilot
22,Linear interpolation,2022-10-13T23:00:00+00:00,59,6,6.3,6.242857142857144,October 2022 pilot
22,Linear interpolation,2022-10-14T00:00:00+00:00,59,6,4.4,5.728571428571429,October 2022 pilot
22,Linear interpolation,2022-10-14T01:00:00+00:00,59,6,5.5,5.214285714285715,October 2022 pilot
22,Linear interpolation,2022-10-13T12:00:00+00:00,1069,3,6.0,9.0,October 2022 pilot
22,Linear interpolation,2022-10-13T13:00:00+00:00,1069,3,12.0,10.0,October 2022 pilot
22,Linear interpolation,2022-10-13T14:00:00+00:00,1069,3,16.0,11.0,October 2022 pilot
22,Linear interpolation,2022-10-14T09:00:00+00:00,32,1,7.0,5.5,October 2022 pilot
22,Linear interpolation,2022-10-14T07:00:00+00:00,59,1,3.2,5.5,October 2022 pilot
22,Linear interpolation,2022-10-14T19:00:00+00:00,1069,3,13.0,8.25,October 2022 pilot
22,Linear interpolation,2022-10-14T20:00:00+00:00,1069,3,6.0,5.5,October 2022 pilot
22,Linear interpolation,2022-10-14T21:00:00+00:00,1069,3,12.0,2.75,October 2022 pilot
22,Linear interpolation,2022-10-15T20:00:00+00:00,32,3,6.0,6.5,October 2022 pilot
22,Linear interpolation,2022-10-15T21:00:00+00:00,32,3,6.0,2.0,October 2022 pilot
22,Linear interpolation,2022-10-15T22:00:00+00:00,32,3,3.0,-2.5,October 2022 pilot
22,Linear interpolation,2022-10-15T16:00:00+00:00,59,1,4.5,9.1,October 2022 pilot
22,Linear interpolation,2022-10-15T16:00:00+00:00,1069,6,12.0,6.571428571428571,October 2022 pilot
22,Linear interpolation,2022-10-15T17:00:00+00:00,1069,6,10.0,5.142857142857142,October 2022 pilot
22,Linear interpolation,2022-10-15T18:00:00+00:00,1069,6,9.0,3.7142857142857135,October 2022 pilot
22,Linear interpolation,2022-10-15T19:00:00+00:00,1069,6,9.0,2.2857142857142856,October 2022 pilot
22,Linear interpolation,2022-10-15T20:00:00+00:00,1069,6,9.0,0.8571428571428568,October 2022 pilot
22,Linear interpolation,2022-10-15T21:00:00+00:00,1069,6,4.0,-0.5714285714285712,October 2022 pilot
22,Linear interpolation,2022-10-16T10:00:00+00:00,32,6,7.0,5.714285714285714,October 2022 pilot
22,Linear interpolation,2022-10-16T11:00:00+00:00,32,6,5.0,6.428571428571429,October 2022 pilot
22,Linear interpolation,2022-10-16T12:00:00+00:00,32,6,5.0,7.142857142857142,October 2022 pilot
22,Linear interpolation,2022-10-16T13:00:00+00:00,32,6,1.0,7.857142857142858,October 2022 pilot
22,Linear interpolation,2022-10-16T14:00:00+00:00,32,6,1.0,8.571428571428571,October 2022 pilot
22,Linear interpolation,2022-10-16T15:00:00+00:00,32,6,6.0,9.285714285714285,October 2022 pilot
22,Linear interpolation,2022-10-16T19:00:00+00:00,59,6,5.3,7.342857142857143,October 2022 pilot
22,Linear interpolation,2022-10-16T20:00:00+00:00,59,6,1.2,6.285714285714287,October 2022 pilot
22,Linear interpolation,2022-10-16T21:00:00+00:00,59,6,3.8,5.228571428571429,October 2022 pilot
22,Linear interpolation,2022-10-16T22:00:00+00:00,59,6,3.6,4.171428571428572,October 2022 pilot
22,Linear interpolation,2022-10-16T23:00:00+00:00,59,6,7.8,3.1142857142857148,October 2022 pilot
22,Linear interpolation,2022-10-17T00:00:00+00:00,59,6,-0.1,2.057142857142857,October 2022 pilot
22,Linear interpolation,2022-10-16T07:00:00+00:00,1069,6,9.0,4.571428571428571,October 2022 pilot
22,Linear interpolation,2022-10-16T08:00:00+00:00,1069,6,3.0,4.142857142857143,October 2022 pilot
22,Linear interpolation,2022-10-16T09:00:00+00:00,1069,6,5.0,3.7142857142857135,October 2022 pilot
22,Linear interpolation,2022-10-16T10:00:00+00:00,1069,6,3.0,3.2857142857142856,October 2022 pilot
22,Linear interpolation,2022-10-16T11:00:00+00:00,1069,6,5.0,2.857142857142857,October 2022 pilot
22,Linear interpolation,2022-10-16T12:00:00+00:00,1069,6,5.0,2.4285714285714284,October 2022 pilot
22,Linear interpolation,2022-10-17T22:00:00+00:00,32,3,9.0,8.25,October 2022 pilot
22,Linear interpolation,2022-10-17T23:00:00+00:00,32,3,7.0,7.5,October 2022 pilot
22,Linear interpolation,2022-10-18T00:00:00+00:00,32,3,2.0,6.75,October 2022 pilot
22,Linear interpolation,2022-10-17T10:00:00+00:00,59,3,-0.7,1.45,October 2022 pilot
22,Linear interpolation,2022-10-17T11:00:00+00:00,59,3,2.5,3.2,October 2022 pilot
22,Linear interpolation,2022-10-17T12:00:00+00:00,59,3,3.1,4.95,October 2022 pilot
22,Linear interpolation,2022-10-17T14:00:00+00:00,1069,1,9.0,6.0,October 2022 pilot
22,Linear interpolation,2022-10-18T21:00:00+00:00,32,6,4.0,0.4285714285714285,October 2022 pilot
22,Linear interpolation,2022-10-18T22:00:00+00:00,32,6,6.0,0.8571428571428571,October 2022 pilot
22,Linear interpolation,2022-10-18T23:00:00+00:00,32,6,2.0,1.2857142857142858,October 2022 pilot
22,Linear interpolation,2022-10-19T00:00:00+00:00,32,6,1.0,1.7142857142857142,October 2022 pilot
22,Linear interpolation,2022-10-19T01:00:00+00:00,32,6,1.0,2.142857142857143,October 2022 pilot
22,Linear interpolation,2022-10-19T02:00:00+00:00,32,6,1.0,2.571428571428572,October 2022 pilot
22,Linear interpolation,2022-10-18T14:00:00+00:00,59,6,3.5,3.128571428571429,October 2022 pilot
22,Linear interpolation,2022-10-18T15:00:00+00:00,59,6,0.0,3.357142857142857,October 2022 pilot
22,Linear interpolation,2022-10-18T16:00:00+00:00,59,6,4.4,3.585714285714286,October 2022 pilot
22,Linear interpolation,2022-10-18T17:00:00+00:00,59,6,1.4,3.814285714285714,October 2022 pilot
22,Linear interpolation,2022-10-18T18:00:00+00:00,59,6,3.6,4.042857142857143,October 2022 pilot
22,Linear interpolation,2022-10-18T19:00:00+00:00,59,6,-0.7,4.271428571428571,October 2022 pilot
22,Linear interpolation,2022-10-18T12:00:00+00:00,1069,6,3.0,3.7142857142857135,October 2022 pilot
22,Linear interpolation,2022-10-18T13:00:00+00:00,1069,6,5.0,4.428571428571429,October 2022 pilot
22,Linear interpolation,2022-10-18T14:00:00+00:00,1069,6,5.0,5.142857142857142,October 2022 pilot
22,Linear interpolation,2022-10-18T15:00:00+00:00,1069,6,2.0,5.857142857142858,October 2022 pilot
22,Linear interpolation,2022-10-18T16:00:00+00:00,1069,6,6.0,6.571428571428571,October 2022 pilot
22,Linear interpolation,2022-10-18T17:00:00+00:00,1069,6,7.0,7.285714285714286,October 2022 pilot
22,Linear interpolation,2022-10-19T15:00:00+00:00,32,6,9.0,7.428571428571429,October 2022 pilot
22,Linear interpolation,2022-10-19T16:00:00+00:00,32,6,6.0,6.857142857142858,October 2022 pilot
22,Linear interpolation,2022-10-19T17:00:00+00:00,32,6,7.0,6.285714285714286,October 2022 pilot
22,Linear interpolation,2022-10-19T18:00:00+00:00,32,6,5.0,5.714285714285714,October 2022 pilot
22,Linear interpolation,2022-10-19T19:00:00+00:00,32,6,8.0,5.142857142857142,October 2022 pilot
22,Linear interpolation,2022-10-19T20:00:00+00:00,32,6,5.0,4.571428571428571,October 2022 pilot
22,Linear interpolation,2022-10-20T00:00:00+00:00,59,3,2.7,4.575,October 2022 pilot
22,Linear interpolation,2022-10-20T01:00:00+00:00,59,3,8.0,4.95,October 2022 pilot
22,Linear interpolation,2022-10-20T02:00:00+00:00,59,3,6.6,5.325,October 2022 pilot
22,Linear interpolation,2022-10-19T09:00:00+00:00,1069,6,7.0,7.428571428571429,October 2022 pilot
22,Linear interpolation,2022-10-19T10:00:00+00:00,1069,6,7.0,7.857142857142857,October 2022 pilot
22,Linear interpolation,2022-10-19T11:00:00+00:00,1069,6,6.0,8.285714285714286,October 2022 pilot
22,Linear interpolation,2022-10-19T12:00:00+00:00,1069,6,12.0,8.714285714285714,October 2022 pilot
22,Linear interpolation,2022-10-19T13:00:00+00:00,1069,6,14.0,9.142857142857142,October 2022 pilot
22,Linear interpolation,2022-10-19T14:00:00+00:00,1069,6,9.0,9.571428571428571,October 2022 pilot
22,Linear interpolation,2022-10-20T09:00:00+00:00,32,6,4.0,5.571428571428571,October 2022 pilot
22,Linear interpolation,2022-10-20T10:00:00+00:00,32,6,7.0,6.142857142857142,October 2022 pilot
22,Linear interpolation,2022-10-20T11:00:00+00:00,32,6,5.0,6.714285714285714,October 2022 pilot
22,Linear interpolation,2022-10-20T12:00:00+00:00,32,6,5.0,7.285714285714286,October 2022 pilot
22,Linear interpolation,2022-10-20T13:00:00+00:00,32,6,2.0,7.857142857142858,October 2022 pilot
22,Linear interpolation,2022-10-20T14:00:00+00:00,32,6,15.0,8.428571428571429,October 2022 pilot
22,Linear interpolation,2022-10-20T18:00:00+00:00,59,3,5.8,5.8,October 2022 pilot
22,Linear interpolation,2022-10-20T19:00:00+00:00,59,3,4.9,6.5,October 2022 pilot
22,Linear interpolation,2022-10-20T20:00:00+00:00,59,3,1.3,7.2,October 2022 pilot
22,Linear interpolation,2022-10-20T23:00:00+00:00,1069,3,0.0,5.0,October 2022 pilot
22,Linear interpolation,2022-10-21T00:00:00+00:00,1069,3,1.0,5.0,October 2022 pilot
22,Linear interpolation,2022-10-21T01:00:00+00:00,1069,3,6.0,5.0,October 2022 pilot
22,Linear interpolation,2022-10-21T14:00:00+00:00,32,3,10.0,0.5,October 2022 pilot
22,Linear interpolation,2022-10-21T15:00:00+00:00,32,3,5.0,4.0,October 2022 pilot
22,Linear interpolation,2022-10-21T16:00:00+00:00,32,3,8.0,7.5,October 2022 pilot
22,Linear interpolation,2022-10-22T01:00:00+00:00,59,3,4.5,-0.975,October 2022 pilot
22,Linear interpolation,2022-10-22T02:00:00+00:00,59,3,1.6,0.9499999999999996,October 2022 pilot
22,Linear interpolation,2022-10-22T03:00:00+00:00,59,3,0.9,2.875,October 2022 pilot
22,Linear interpolation,2022-10-21T20:00:00+00:00,1069,3,2.0,2.0,October 2022 pilot
22,Linear interpolation,2022-10-21T21:00:00+00:00,1069,3,3.0,1.0,October 2022 pilot
22,Linear interpolation,2022-10-21T22:00:00+00:00,1069,3,0.0,0.0,October 2022 pilot
22,Linear interpolation,2022-10-22T07:00:00+00:00,32,1,6.0,5.5,October 2022 pilot
22,Linear interpolation,2022-10-22T07:00:00+00:00,59,1,2.0,0.25,October 2022 pilot
22,Linear interpolation,2022-10-22T12:00:00+00:00,1069,1,1.0,5.0,October 2022 pilot
22,Linear interpolation,2022-10-24T00:00:00+00:00,32,3,3.0,3.75,October 2022 pilot
22,Linear interpolation,2022-10-24T01:00:00+00:00,32,3,4.0,4.5,October 2022 pilot
22,Linear interpolation,2022-10-24T02:00:00+00:00,32,3,6.0,5.25,October 2022 pilot
22,Linear interpolation,2022-10-23T20:00:00+00:00,59,3,2.2,3.1,October 2022 pilot
22,Linear interpolation,2022-10-23T21:00:00+00:00,59,3,3.2,3.8,October 2022 pilot
22,Linear interpolation,2022-10-23T22:00:00+00:00,59,3,10.4,4.5,October 2022 pilot
22,Linear interpolation,2022-10-23T17:00:00+00:00,1069,6,6.0,6.857142857142858,October 2022 pilot
22,Linear interpolation,2022-10-23T18:00:00+00:00,1069,6,1.0,5.714285714285714,October 2022 pilot
22,Linear interpolation,2022-10-23T19:00:00+00:00,1069,6,6.0,4.571428571428571,October 2022 pilot
22,Linear interpolation,2022-10-23T20:00:00+00:00,1069,6,-1.0,3.428571428571429,October 2022 pilot
22,Linear interpolation,2022-10-23T21:00:00+00:00,1069,6,10.0,2.2857142857142856,October 2022 pilot
22,Linear interpolation,2022-10-23T22:00:00+00:00,1069,6,3.0,1.1428571428571432,October 2022 pilot
22,Linear interpolation,2022-10-24T07:00:00+00:00,32,1,7.0,8.0,October 2022 pilot
22,Linear interpolation,2022-10-24T10:00:00+00:00,59,3,6.8,7.899999999999999,October 2022 pilot
22,Linear interpolation,2022-10-24T11:00:00+00:00,59,3,4.1,7.199999999999999,October 2022 pilot
22,Linear interpolation,2022-10-24T12:00:00+00:00,59,3,5.1,6.5,October 2022 pilot
22,Linear interpolation,2022-10-24T12:00:00+00:00,1069,3,8.0,9.25,October 2022 pilot
22,Linear interpolation,2022-10-24T13:00:00+00:00,1069,3,4.0,10.5,October 2022 pilot
22,Linear interpolation,2022-10-24T14:00:00+00:00,1069,3,6.0,11.75,October 2022 pilot
22,Linear interpolation,2022-10-26T02:00:00+00:00,32,1,8.0,2.0,October 2022 pilot
22,Linear interpolation,2022-10-25T09:00:00+00:00,59,6,1.4,-0.9285714285714286,October 2022 pilot
22,Linear interpolation,2022-10-25T10:00:00+00:00,59,6,0.2,-0.5571428571428572,October 2022 pilot
22,Linear interpolation,2022-10-25T11:00:00+00:00,59,6,3.2,-0.1857142857142857,October 2022 pilot
22,Linear interpolation,2022-10-25T12:00:00+00:00,59,6,-0.5,0.1857142857142857,October 2022 pilot
22,Linear interpolation,2022-10-25T13:00:00+00:00,59,6,-2.2,0.5571428571428572,October 2022 pilot
22,Linear interpolation,2022-10-25T14:00:00+00:00,59,6,-0.6,0.9285714285714286,October 2022 pilot
22,Linear interpolation,2022-10-25T22:00:00+00:00,1069,3,2.0,1.0,October 2022 pilot
22,Linear interpolation,2022-10-25T23:00:00+00:00,1069,3,-4.0,-1.0,October 2022 pilot
22,Linear interpolation,2022-10-26T00:00:00+00:00,1069,3,-5.0,-3.0,October 2022 pilot
22,Linear interpolation,2022-10-26T16:00:00+00:00,32,6,7.0,6.285714285714286,October 2022 pilot
22,Linear interpolation,2022-10-26T17:00:00+00:00,32,6,8.0,5.571428571428571,October 2022 pilot
22,Linear interpolation,2022-10-26T18:00:00+00:00,32,6,7.0,4.857142857142858,October 2022 pilot
22,Linear interpolation,2022-10-26T19:00:00+00:00,32,6,8.0,4.142857142857142,October 2022 pilot
22,Linear interpolation,2022-10-26T20:00:00+00:00,32,6,5.0,3.4285714285714284,October 2022 pilot
22,Linear interpolation,2022-10-26T21:00:00+00:00,32,6,7.0,2.7142857142857144,October 2022 pilot
22,Linear interpolation,2022-10-26T12:00:00+00:00,59,6,3.1,2.1142857142857143,October 2022 pilot
22,Linear interpolation,2022-10-26T13:00:00+00:00,59,6,2.2,2.428571428571429,October 2022 pilot
22,Linear interpolation,2022-10-26T14:00:00+00:00,59,6,3.4,2.742857142857143,October 2022 pilot
22,Linear interpolation,2022-10-26T15:00:00+00:00,59,6,5.8,3.0571428571428574,October 2022 pilot
22,Linear interpolation,2022-10-26T16:00:00+00:00,59,6,3.5,3.3714285714285714,October 2022 pilot
22,Linear interpolation,2022-10-26T17:00:00+00:00,59,6,1.5,3.685714285714286,October 2022 pilot
22,Linear interpolation,2022-10-26T23:00:00+00:00,1069,6,-5.0,-0.5714285714285714,October 2022 pilot
22,Linear interpolation,2022-10-27T00:00:00+00:00,1069,6,-2.0,-0.1428571428571429,October 2022 pilot
22,Linear interpolation,2022-10-27T01:00:00+00:00,1069,6,0.0,0.2857142857142858,October 2022 pilot
22,Linear interpolation,2022-10-27T02:00:00+00:00,1069,6,3.0,0.7142857142857142,October 2022 pilot
22,Linear interpolation,2022-10-27T03:00:00+00:00,1069,6,2.0,1.1428571428571428,October 2022 pilot
22,Linear interpolation,2022-10-27T04:00:00+00:00,1069,6,0.0,1.5714285714285716,October 2022 pilot
22,Linear interpolation,2022-10-27T08:00:00+00:00,32,6,2.0,6.0,October 2022 pilot
22,Linear interpolation,2022-10-27T09:00:00+00:00,32,6,4.0,7.0,October 2022 pilot
22,Linear interpolation,2022-10-27T10:00:00+00:00,32,6,4.0,8.0,October 2022 pilot
22,Linear interpolation,2022-10-27T11:00:00+00:00,32,6,7.0,9.0,October 2022 pilot
22,Linear interpolation,2022-10-27T12:00:00+00:00,32,6,3.0,10.0,October 2022 pilot
22,Linear interpolation,2022-10-27T13:00:00+00:00,32,6,4.0,11.0,October 2022 pilot
22,Linear interpolation,2022-10-27T14:00:00+00:00,59,6,3.4,1.5857142857142856,October 2022 pilot
22,Linear interpolation,2022-10-27T15:00:00+00:00,59,6,3.3,2.1714285714285717,October 2022 pilot
22,Linear interpolation,2022-10-27T16:00:00+00:00,59,6,2.7,2.757142857142857,October 2022 pilot
22,Linear interpolation,2022-10-27T17:00:00+00:00,59,6,4.2,3.3428571428571425,October 2022 pilot
22,Linear interpolation,2022-10-27T18:00:00+00:00,59,6,0.4,3.928571428571429,October 2022 pilot
22,Linear interpolation,2022-10-27T19:00:00+00:00,59,6,3.8,4.514285714285714,October 2022 pilot
22,Linear interpolation,2022-10-28T04:00:00+00:00,1069,1,1.0,2.5,October 2022 pilot
22,Linear interpolation,2022-10-28T21:00:00+00:00,32,6,8.0,3.142857142857143,October 2022 pilot
22,Linear interpolation,2022-10-28T22:00:00+00:00,32,6,3.0,3.2857142857142856,October 2022 pilot
22,Linear interpolation,2022-10-28T23:00:00+00:00,32,6,1.0,3.4285714285714284,October 2022 pilot
22,Linear interpolation,2022-10-29T00:00:00+00:00,32,6,5.0,3.571428571428571,October 2022 pilot
22,Linear interpolation,2022-10-29T01:00:00+00:00,32,6,3.0,3.7142857142857135,October 2022 pilot
22,Linear interpolation,2022-10-29T02:00:00+00:00,32,6,1.0,3.857142857142857,October 2022 pilot
22,Linear interpolation,2022-10-28T14:00:00+00:00,59,1,2.2,0.7999999999999998,October 2022 pilot
22,Linear interpolation,2022-10-28T22:00:00+00:00,1069,1,-1.0,1.0,October 2022 pilot
22,Linear interpolation,2022-10-29T19:00:00+00:00,32,6,4.0,6.714285714285714,October 2022 pilot
22,Linear interpolation,2022-10-29T20:00:00+00:00,32,6,2.0,6.428571428571429,October 2022 pilot
22,Linear interpolation,2022-10-29T21:00:00+00:00,32,6,8.0,6.142857142857143,October 2022 pilot
22,Linear interpolation,2022-10-29T22:00:00+00:00,32,6,4.0,5.857142857142858,October 2022 pilot
22,Linear interpolation,2022-10-29T23:00:00+00:00,32,6,0.0,5.571428571428571,October 2022 pilot
22,Linear interpolation,2022-10-30T00:00:00+00:00,32,6,0.0,5.285714285714286,October 2022 pilot
22,Linear interpolation,2022-10-29T16:00:00+00:00,59,6,2.4,3.242857142857143,October 2022 pilot
22,Linear interpolation,2022-10-29T17:00:00+00:00,59,6,4.8,3.0857142857142854,October 2022 pilot
22,Linear interpolation,2022-10-29T18:00:00+00:00,59,6,3.5,2.9285714285714284,October 2022 pilot
22,Linear interpolation,2022-10-29T19:00:00+00:00,59,6,5.3,2.771428571428572,October 2022 pilot
22,Linear interpolation,2022-10-29T20:00:00+00:00,59,6,3.3,2.6142857142857143,October 2022 pilot
22,Linear interpolation,2022-10-29T21:00:00+00:00,59,6,3.3,2.457142857142857,October 2022 pilot
22,Linear interpolation,2022-10-29T09:00:00+00:00,1069,6,5.0,6.0,October 2022 pilot
22,Linear interpolation,2022-10-29T10:00:00+00:00,1069,6,0.0,7.0,October 2022 pilot
22,Linear interpolation,2022-10-29T11:00:00+00:00,1069,6,5.0,8.0,October 2022 pilot
22,Linear interpolation,2022-10-29T12:00:00+00:00,1069,6,6.0,9.0,October 2022 pilot
22,Linear interpolation,2022-10-29T13:00:00+00:00,1069,6,-2.0,10.0,October 2022 pilot
22,Linear interpolation,2022-10-29T14:00:00+00:00,1069,6,12.0,11.0,October 2022 pilot
22,Linear interpolation,2022-10-31T00:00:00+00:00,32,1,1.0,7.0,October 2022 pilot
22,Linear interpolation,2022-10-30T07:00:00+00:00,59,6,4.0,4.457142857142857,October 2022 pilot
22,Linear interpolation,2022-10-30T08:00:00+00:00,59,6,2.7,4.514285714285714,October 2022 pilot
22,Linear interpolation,2022-10-30T09:00:00+00:00,59,6,13.3,4.571428571428571,October 2022 pilot
22,Linear interpolation,2022-10-30T10:00:00+00:00,59,6,7.8,4.628571428571429,October 2022 pilot
22,Linear interpolation,2022-10-30T11:00:00+00:00,59,6,8.8,4.685714285714286,October 2022 pilot
22,Linear interpolation,2022-10-30T12:00:00+00:00,59,6,9.5,4.742857142857143,October 2022 pilot
22,Linear interpolation,2022-10-30T20:00:00+00:00,1069,3,1.0,2.5,October 2022 pilot
22,Linear interpolation,2022-10-30T21:00:00+00:00,1069,3,5.0,1.0,October 2022 pilot
22,Linear interpolation,2022-10-30T22:00:00+00:00,1069,3,-1.0,-0.5,October 2022 pilot
22,Linear interpolation,2022-10-31T12:00:00+00:00,32,3,6.0,7.5,October 2022 pilot
22,Linear interpolation,2022-10-31T13:00:00+00:00,32,3,4.0,11.0,October 2022 pilot
22,Linear interpolation,2022-10-31T14:00:00+00:00,32,3,4.0,14.5,October 2022 pilot
22,Linear interpolation,2022-10-31T22:00:00+00:00,59,6,2.6,2.7,October 2022 pilot
22,Linear interpolation,2022-10-31T23:00:00+00:00,59,6,4.3,3.4000000000000004,October 2022 pilot
22,Linear interpolation,2022-11-01T00:00:00+00:00,59,6,0.4,4.1,October 2022 pilot
22,Linear interpolation,2022-11-01T01:00:00+00:00,59,6,2.3,4.800000000000001,October 2022 pilot
22,Linear interpolation,2022-11-01T02:00:00+00:00,59,6,4.3,5.5,October 2022 pilot
22,Linear interpolation,2022-11-01T03:00:00+00:00,59,6,0.5,6.2,October 2022 pilot
22,Linear interpolation,2022-11-01T03:00:00+00:00,1069,1,2.0,1.0,October 2022 pilot
33,Linear interpolation,2022-10-01T14:00:00+00:00,32,6,13.0,6.142857142857143,October 2022 pilot
33,Linear interpolation,2022-10-01T15:00:00+00:00,32,6,10.0,6.285714285714286,October 2022 pilot
33,Linear interpolation,2022-10-01T16:00:00+00:00,32,6,17.0,6.428571428571429,October 2022 pilot
33,Linear interpolation,2022-10-01T17:00:00+00:00,32,6,8.0,6.571428571428571,October 2022 pilot
33,Linear interpolation,2022-10-01T18:00:00+00:00,32,6,12.0,6.714285714285714,October 2022 pilot
33,Linear interpolation,2022-10-01T19:00:00+00:00,32,6,13.0,6.857142857142857,October 2022 pilot
33,Linear interpolation,2022-10-01T18:00:00+00:00,59,3,5.8,7.925,October 2022 pilot
33,Linear interpolation,2022-10-01T19:00:00+00:00,59,3,9.8,8.25,October 2022 pilot
33,Linear interpolation,2022-10-01T20:00:00+00:00,59,3,5.3,8.575,October 2022 pilot
33,Linear interpolation,2022-10-02T12:00:00+00:00,32,6,6.0,6.428571428571429,October 2022 pilot
33,Linear interpolation,2022-10-02T13:00:00+00:00,32,6,4.0,6.857142857142857,October 2022 pilot
33,Linear interpolation,2022-10-02T14:00:00+00:00,32,6,11.0,7.285714285714286,October 2022 pilot
33,Linear interpolation,2022-10-02T15:00:00+00:00,32,6,11.0,7.714285714285714,October 2022 pilot
33,Linear interpolation,2022-10-02T16:00:00+00:00,32,6,12.0,8.142857142857142,October 2022 pilot
33,Linear interpolation,2022-10-02T17:00:00+00:00,32,6,8.0,8.571428571428571,October 2022 pilot
33,Linear interpolation,2022-10-02T18:00:00+00:00,59,1,4.6,7.5,October 2022 pilot
33,Linear interpolation,2022-10-03T14:00:00+00:00,32,1,11.0,12.5,October 2022 pilot
33,Linear interpolation,2022-10-03T19:00:00+00:00,59,6,7.6,11.485714285714286,October 2022 pilot
33,Linear interpolation,2022-10-03T20:00:00+00:00,59,6,6.6,11.071428571428571,October 2022 pilot
33,Linear interpolation,2022-10-03T21:00:00+00:00,59,6,10.9,10.657142857142857,October 2022 pilot
33,Linear interpolation,2022-10-03T22:00:00+00:00,59,6,2.9,10.242857142857144,October 2022 pilot
33,Linear interpolation,2022-10-03T23:00:00+00:00,59,6,5.9,9.82857142857143,October 2022 pilot
33,Linear interpolation,2022-10-04T00:00:00+00:00,59,6,8.1,9.414285714285716,October 2022 pilot
33,Linear interpolation,2022-10-04T14:00:00+00:00,32,3,7.0,13.0,October 2022 pilot
33,Linear interpolation,2022-10-04T15:00:00+00:00,32,3,22.0,13.0,October 2022 pilot
33,Linear interpolation,2022-10-04T16:00:00+00:00,32,3,18.0,13.0,October 2022 pilot
33,Linear interpolation,2022-10-04T21:00:00+00:00,59,1,5.1,12.85,October 2022 pilot
33,Linear interpolation,2022-10-04T21:00:00+00:00,1069,3,4.0,8.75,October 2022 pilot
33,Linear interpolation,2022-10-04T22:00:00+00:00,1069,3,8.0,6.5,October 2022 pilot
33,Linear interpolation,2022-10-04T23:00:00+00:00,1069,3,0.0,4.25,October 2022 pilot
33,Linear interpolation,2022-10-05T18:00:00+00:00,32,1,11.0,11.5,October 2022 pilot
33,Linear interpolation,2022-10-05T08:00:00+00:00,59,1,6.6,5.2,October 2022 pilot
33,Linear interpolation,2022-10-06T02:00:00+00:00,1069,1,1.0,4.5,October 2022 pilot
33,Linear interpolation,2022-10-06T09:00:00+00:00,32,3,9.0,8.75,October 2022 pilot
33,Linear interpolation,2022-10-06T10:00:00+00:00,32,3,7.0,9.5,October 2022 pilot
33,Linear interpolation,2022-10-06T11:00:00+00:00,32,3,6.0,10.25,October 2022 pilot
33,Linear interpolation,2022-10-07T03:00:00+00:00,59,1,11.1,8.65,October 2022 pilot
33,Linear interpolation,2022-10-06T09:00:00+00:00,1069,6,12.0,9.857142857142858,October 2022 pilot
33,Linear interpolation,2022-10-06T10:00:00+00:00,1069,6,13.0,11.714285714285715,October 2022 pilot
33,Linear interpolation,2022-10-06T11:00:00+00:00,1069,6,12.0,13.571428571428571,October 2022 pilot
33,Linear interpolation,2022-10-06T12:00:00+00:00,1069,6,11.0,15.428571428571429,October 2022 pilot
33,Linear interpolation,2022-10-06T13:00:00+00:00,1069,6,21.0,17.285714285714285,October 2022 pilot
33,Linear interpolation,2022-10-06T14:00:00+00:00,1069,6,20.0,19.142857142857142,October 2022 pilot
33,Linear interpolation,2022-10-07T10:00:00+00:00,32,6,5.0,6.142857142857143,October 2022 pilot
33,Linear interpolation,2022-10-07T11:00:00+00:00,32,6,3.0,6.285714285714286,October 2022 pilot
33,Linear interpolation,2022-10-07T12:00:00+00:00,32,6,9.0,6.428571428571429,October 2022 pilot
33,Linear interpolation,2022-10-07T13:00:00+00:00,32,6,11.0,6.571428571428571,October 2022 pilot
33,Linear interpolation,2022-10-07T14:00:00+00:00,32,6,7.0,6.714285714285714,October 2022 pilot
33,Linear interpolation,2022-10-07T15:00:00+00:00,32,6,7.0,6.857142857142857,October 2022 pilot
33,Linear interpolation,2022-10-07T09:00:00+00:00,59,1,5.9,7.25,October 2022 pilot
33,Linear interpolation,2022-10-07T21:00:00+00:00,1069,3,7.0,8.25,October 2022 pilot
33,Linear interpolation,2022-10-07T22:00:00+00:00,1069,3,7.0,7.5,October 2022 pilot
33,Linear interpolation,2022-10-07T23:00:00+00:00,1069,3,5.0,6.75,October 2022 pilot
33,Linear interpolation,2022-10-08T09:00:00+00:00,32,3,11.0,11.5,October 2022 pilot
33,Linear interpolation,2022-10-08T10:00:00+00:00,32,3,10.0,11.0,October 2022 pilot
33,Linear interpolation,2022-10-08T11:00:00+00:00,32,3,9.0,10.5,October 2022 pilot
33,Linear interpolation,2022-10-09T00:00:00+00:00,59,3,7.5,8.75,October 2022 pilot
33,Linear interpolation,2022-10-09T01:00:00+00:00,59,3,7.7,8.5,October 2022 pilot
33,Linear interpolation,2022-10-09T02:00:00+00:00,59,3,5.9,8.25,October 2022 pilot
33,Linear interpolation,2022-10-08T21:00:00+00:00,1069,1,5.0,6.5,October 2022 pilot
33,Linear interpolation,2022-10-09T17:00:00+00:00,32,6,16.0,14.571428571428571,October 2022 pilot
33,Linear interpolation,2022-10-09T18:00:00+00:00,32,6,13.0,13.142857142857142,October 2022 pilot
33,Linear interpolation,2022-10-09T19:00:00+00:00,32,6,17.0,11.714285714285715,October 2022 pilot
33,Linear interpolation,2022-10-09T20:00:00+00:00,32,6,7.0,10.285714285714285,October 2022 pilot
33,Linear interpolation,2022-10-09T21:00:00+00:00,32,6,16.0,8.857142857142858,October 2022 pilot
33,Linear interpolation,2022-10-09T22:00:00+00:00,32,6,12.0,7.428571428571429,October 2022 pilot
33,Linear interpolation,2022-10-09T12:00:00+00:00,59,1,12.0,11.2,October 2022 pilot
33,Linear interpolation,2022-10-09T18:00:00+00:00,1069,6,10.0,13.428571428571429,October 2022 pilot
33,Linear interpolation,2022-10-09T19:00:00+00:00,1069,6,12.0,11.857142857142858,October 2022 pilot
33,Linear interpolation,2022-10-09T20:00:00+00:00,1069,6,3.0,10.285714285714285,October 2022 pilot
33,Linear interpolation,2022-10-09T21:00:00+00:00,1069,6,12.0,8.714285714285715,October 2022 pilot
33,Linear interpolation,2022-10-09T22:00:00+00:00,1069,6,7.0,7.142857142857143,October 2022 pilot
33,Linear interpolation,2022-10-09T23:00:00+00:00,1069,6,6.0,5.571428571428571,October 2022 pilot
33,Linear interpolation,2022-10-10T09:00:00+00:00,32,3,12.0,11.5,October 2022 pilot
33,Linear interpolation,2022-10-10T10:00:00+00:00,32,3,7.0,12.0,October 2022 pilot
33,Linear interpolation,2022-10-10T11:00:00+00:00,32,3,9.0,12.5,October 2022 pilot
33,Linear interpolation,2022-10-10T14:00:00+00:00,59,1,8.1,10.0,October 2022 pilot
33,Linear interpolation,2022-10-10T12:00:00+00:00,1069,1,18.0,16.5,October 2022 pilot
33,Linear interpolation,2022-10-11T11:00:00+00:00,32,1,8.0,8.5,October 2022 pilot
33,Linear interpolation,2022-10-11T15:00:00+00:00,59,6,8.0,8.257142857142856,October 2022 pilot
33,Linear interpolation,2022-10-11T16:00:00+00:00,59,6,7.8,8.414285714285715,October 2022 pilot
33,Linear interpolation,2022-10-11T17:00:00+00:00,59,6,11.2,8.571428571428571,October 2022 pilot
33,Linear interpolation,2022-10-11T18:00:00+00:00,59,6,3.1,8.728571428571428,October 2022 pilot
33,Linear interpolation,2022-10-11T19:00:00+00:00,59,6,11.6,8.885714285714284,October 2022 pilot
33,Linear interpolation,2022-10-11T20:00:00+00:00,59,6,11.6,9.042857142857144,October 2022 pilot
33,Linear interpolation,2022-10-11T18:00:00+00:00,1069,6,7.0,8.428571428571429,October 2022 pilot
33,Linear interpolation,2022-10-11T19:00:00+00:00,1069,6,7.0,7.857142857142858,October 2022 pilot
33,Linear interpolation,2022-10-11T20:00:00+00:00,1069,6,5.0,7.285714285714286,October 2022 pilot
33,Linear interpolation,2022-10-11T21:00:00+00:00,1069,6,7.0,6.714285714285714,October 2022 pilot
33,Linear interpolation,2022-10-11T22:00:00+00:00,1069,6,5.0,6.142857142857142,October 2022 pilot
33,Linear interpolation,2022-10-11T23:00:00+00:00,1069,6,-3.0,5.571428571428571,October 2022 pilot
33,Linear interpolation,2022-10-12T18:00:00+00:00,32,6,9.0,7.428571428571429,October 2022 pilot
33,Linear interpolation,2022-10-12T19:00:00+00:00,32,6,7.0,6.857142857142858,October 2022 pilot
33,Linear interpolation,2022-10-12T20:00:00+00:00,32,6,4.0,6.285714285714286,October 2022 pilot
33,Linear interpolation,2022-10-12T21:00:00+00:00,32,6,8.0,5.714285714285714,October 2022 pilot
33,Linear interpolation,2022-10-12T22:00:00+00:00,32,6,7.0,5.142857142857142,October 2022 pilot
33,Linear interpolation,2022-10-12T23:00:00+00:00,32,6,2.0,4.571428571428571,October 2022 pilot
33,Linear interpolation,2022-10-12T13:00:00+00:00,59,1,2.3,7.05,October 2022 pilot
33,Linear interpolation,2022-10-12T11:00:00+00:00,1069,1,8.0,9.0,October 2022 pilot
33,Linear interpolation,2022-10-14T02:00:00+00:00,32,3,10.0,8.25,October 2022 pilot
33,Linear interpolation,2022-10-14T03:00:00+00:00,32,3,7.0,7.5,October 2022 pilot
33,Linear interpolation,2022-10-14T04:00:00+00:00,32,3,9.0,6.75,October 2022 pilot
33,Linear interpolation,2022-10-13T20:00:00+00:00,59,6,8.8,7.7857142857142865,October 2022 pilot
33,Linear interpolation,2022-10-13T21:00:00+00:00,59,6,8.3,7.271428571428572,October 2022 pilot
33,Linear interpolation,2022-10-13T22:00:00+00:00,59,6,10.3,6.757142857142858,October 2022 pilot
33,Linear interpolation,2022-10-13T23:00:00+00:00,59,6,6.3,6.242857142857144,October 2022 pilot
33,Linear interpolation,2022-10-14T00:00:00+00:00,59,6,4.4,5.728571428571429,October 2022 pilot
33,Linear interpolation,2022-10-14T01:00:00+00:00,59,6,5.5,5.214285714285715,October 2022 pilot
33,Linear interpolation,2022-10-13T13:00:00+00:00,1069,6,12.0,6.571428571428571,October 2022 pilot
33,Linear interpolation,2022-10-13T14:00:00+00:00,1069,6,16.0,7.142857142857142,October 2022 pilot
33,Linear interpolation,2022-10-13T15:00:00+00:00,1069,6,12.0,7.714285714285714,October 2022 pilot
33,Linear interpolation,2022-10-13T16:00:00+00:00,1069,6,13.0,8.285714285714285,October 2022 pilot
33,Linear interpolation,2022-10-13T17:00:00+00:00,1069,6,14.0,8.857142857142858,October 2022 pilot
33,Linear interpolation,2022-10-13T18:00:00+00:00,1069,6,9.0,9.428571428571429,October 2022 pilot
33,Linear interpolation,2022-10-14T11:00:00+00:00,32,6,7.0,5.142857142857143,October 2022 pilot
33,Linear interpolation,2022-10-14T12:00:00+00:00,32,6,7.0,5.285714285714286,October 2022 pilot
33,Linear interpolation,2022-10-14T13:00:00+00:00,32,6,5.0,5.428571428571429,October 2022 pilot
33,Linear interpolation,2022-10-14T14:00:00+00:00,32,6,6.0,5.571428571428571,October 2022 pilot
33,Linear interpolation,2022-10-14T15:00:00+00:00,32,6,9.0,5.714285714285714,October 2022 pilot
33,Linear interpolation,2022-10-14T16:00:00+00:00,32,6,11.0,5.857142857142857,October 2022 pilot
33,Linear interpolation,2022-10-14T07:00:00+00:00,59,6,3.2,5.1000000000000005,October 2022 pilot
33,Linear interpolation,2022-10-14T08:00:00+00:00,59,6,6.3,5.5,October 2022 pilot
33,Linear interpolation,2022-10-14T09:00:00+00:00,59,6,7.0,5.9,October 2022 pilot
33,Linear interpolation,2022-10-14T10:00:00+00:00,59,6,4.2,6.3,October 2022 pilot
33,Linear interpolation,2022-10-14T11:00:00+00:00,59,6,6.6,6.7,October 2022 pilot
33,Linear interpolation,2022-10-14T12:00:00+00:00,59,6,5.7,7.1,October 2022 pilot
33,Linear interpolation,2022-10-14T20:00:00+00:00,1069,3,6.0,9.75,October 2022 pilot
33,Linear interpolation,2022-10-14T21:00:00+00:00,1069,3,12.0,6.5,October 2022 pilot
33,Linear interpolation,2022-10-14T22:00:00+00:00,1069,3,0.0,3.25,October 2022 pilot
33,Linear interpolation,2022-10-15T08:00:00+00:00,32,6,5.0,4.428571428571429,October 2022 pilot
33,Linear interpolation,2022-10-15T09:00:00+00:00,32,6,5.0,4.857142857142857,October 2022 pilot
33,Linear interpolation,2022-10-15T10:00:00+00:00,32,6,3.0,5.285714285714286,October 2022 pilot
33,Linear interpolation,2022-10-15T11:00:00+00:00,32,6,2.0,5.714285714285714,October 2022 pilot
33,Linear interpolation,2022-10-15T12:00:00+00:00,32,6,4.0,6.142857142857142,October 2022 pilot
33,Linear interpolation,2022-10-15T13:00:00+00:00,32,6,8.0,6.571428571428571,October 2022 pilot
33,Linear interpolation,2022-10-15T07:00:00+00:00,59,6,5.8,4.428571428571429,October 2022 pilot
33,Linear interpolation,2022-10-15T08:00:00+00:00,59,6,6.5,4.457142857142857,October 2022 pilot
33,Linear interpolation,2022-10-15T09:00:00+00:00,59,6,6.1,4.485714285714286,October 2022 pilot
33,Linear interpolation,2022-10-15T10:00:00+00:00,59,6,1.9,4.514285714285714,October 2022 pilot
33,Linear interpolation,2022-10-15T11:00:00+00:00,59,6,3.4,4.542857142857143,October 2022 pilot
33,Linear interpolation,2022-10-15T12:00:00+00:00,59,6,4.4,4.571428571428571,October 2022 pilot
33,Linear interpolation,2022-10-15T08:00:00+00:00,1069,1,3.0,5.0,October 2022 pilot
33,Linear interpolation,2022-10-16T15:00:00+00:00,32,6,6.0,0.7142857142857143,October 2022 pilot
33,Linear interpolation,2022-10-16T16:00:00+00:00,32,6,10.0,0.4285714285714286,October 2022 pilot
33,Linear interpolation,2022-10-16T17:00:00+00:00,32,6,12.0,0.1428571428571429,October 2022 pilot
33,Linear interpolation,2022-10-16T18:00:00+00:00,32,6,7.0,-0.1428571428571428,October 2022 pilot
33,Linear interpolation,2022-10-16T19:00:00+00:00,32,6,2.0,-0.4285714285714286,October 2022 pilot
33,Linear interpolation,2022-10-16T20:00:00+00:00,32,6,8.0,-0.7142857142857142,October 2022 pilot
33,Linear interpolation,2022-10-16T16:00:00+00:00,59,3,9.6,3.2,October 2022 pilot
33,Linear interpolation,2022-10-16T17:00:00+00:00,59,3,4.7,3.9,October 2022 pilot
33,Linear interpolation,2022-10-16T18:00:00+00:00,59,3,8.4,4.6,October 2022 pilot
33,Linear interpolation,2022-10-16T11:00:00+00:00,1069,3,5.0,5.25,October 2022 pilot
33,Linear interpolation,2022-10-16T12:00:00+00:00,1069,3,5.0,7.5,October 2022 pilot
33,Linear interpolation,2022-10-16T13:00:00+00:00,1069,3,2.0,9.75,October 2022 pilot
33,Linear interpolation,2022-10-17T14:00:00+00:00,32,6,4.0,2.571428571428572,October 2022 pilot
33,Linear interpolation,2022-10-17T15:00:00+00:00,32,6,6.0,2.142857142857143,October 2022 pilot
33,Linear interpolation,2022-10-17T16:00:00+00:00,32,6,0.0,1.7142857142857142,October 2022 pilot
33,Linear interpolation,2022-10-17T17:00:00+00:00,32,6,4.0,1.2857142857142858,October 2022 pilot
33,Linear interpolation,2022-10-17T18:00:00+00:00,32,6,5.0,0.8571428571428572,October 2022 pilot
33,Linear interpolation,2022-10-17T19:00:00+00:00,32,6,10.0,0.4285714285714284,October 2022 pilot
33,Linear interpolation,2022-10-17T16:00:00+00:00,59,6,1.6,4.514285714285714,October 2022 pilot
33,Linear interpolation,2022-10-17T17:00:00+00:00,59,6,4.5,4.128571428571429,October 2022 pilot
33,Linear interpolation,2022-10-17T18:00:00+00:00,59,6,6.6,3.742857142857143,October 2022 pilot
33,Linear interpolation,2022-10-17T19:00:00+00:00,59,6,3.6,3.3571428571428577,October 2022 pilot
33,Linear interpolation,2022-10-17T20:00:00+00:00,59,6,2.8,2.9714285714285715,October 2022 pilot
33,Linear interpolation,2022-10-17T21:00:00+00:00,59,6,3.9,2.585714285714286,October 2022 pilot
33,Linear interpolation,2022-10-17T16:00:00+00:00,1069,1,5.0,6.5,October 2022 pilot
33,Linear interpolation,2022-10-18T23:00:00+00:00,32,1,2.0,3.5,October 2022 pilot
33,Linear interpolation,2022-10-19T04:00:00+00:00,59,1,0.7,1.75,October 2022 pilot
33,Linear interpolation,2022-10-18T19:00:00+00:00,1069,1,-2.0,5.0,October 2022 pilot
33,Linear interpolation,2022-10-19T15:00:00+00:00,32,6,9.0,7.428571428571429,October 2022 pilot
33,Linear interpolation,2022-10-19T16:00:00+00:00,32,6,6.0,6.857142857142858,October 2022 pilot
33,Linear interpolation,2022-10-19T17:00:00+00:00,32,6,7.0,6.285714285714286,October 2022 pilot
33,Linear interpolation,2022-10-19T18:00:00+00:00,32,6,5.0,5.714285714285714,October 2022 pilot
33,Linear interpolation,2022-10-19T19:00:00+00:00,32,6,8.0,5.142857142857142,October 2022 pilot
33,Linear interpolation,2022-10-19T20:00:00+00:00,32,6,5.0,4.571428571428571,October 2022 pilot
33,Linear interpolation,2022-10-19T21:00:00+00:00,59,3,3.9,2.7,October 2022 pilot
33,Linear interpolation,2022-10-19T22:00:00+00:00,59,3,4.9,2.7,October 2022 pilot
33,Linear interpolation,2022-10-19T23:00:00+00:00,59,3,4.2,2.7,October 2022 pilot
33,Linear interpolation,2022-10-19T23:00:00+00:00,1069,1,2.0,0.5,October 2022 pilot
33,Linear interpolation,2022-10-20T07:00:00+00:00,32,3,5.0,9.25,October 2022 pilot
33,Linear interpolation,2022-10-20T08:00:00+00:00,32,3,5.0,8.5,October 2022 pilot
33,Linear interpolation,2022-10-20T09:00:00+00:00,32,3,4.0,7.75,October 2022 pilot
33,Linear interpolation,2022-10-20T17:00:00+00:00,59,1,5.1,6.3,October 2022 pilot
33,Linear interpolation,2022-10-20T19:00:00+00:00,1069,6,7.0,6.0,October 2022 pilot
33,Linear interpolation,2022-10-20T20:00:00+00:00,1069,6,6.0,6.0,October 2022 pilot
33,Linear interpolation,2022-10-20T21:00:00+00:00,1069,6,5.0,6.0,October 2022 pilot
33,Linear interpolation,2022-10-20T22:00:00+00:00,1069,6,5.0,6.0,October 2022 pilot
33,Linear interpolation,2022-10-20T23:00:00+00:00,1069,6,0.0,6.0,October 2022 pilot
33,Linear interpolation,2022-10-21T00:00:00+00:00,1069,6,1.0,6.0,October 2022 pilot
33,Linear interpolation,2022-10-21T17:00:00+00:00,32,3,11.0,8.5,October 2022 pilot
33,Linear interpolation,2022-10-21T18:00:00+00:00,32,3,6.0,9.0,October 2022 pilot
33,Linear interpolation,2022-10-21T19:00:00+00:00,32,3,6.0,9.5,October 2022 pilot
33,Linear interpolation,2022-10-21T23:00:00+00:00,59,6,1.1,2.814285714285714,October 2022 pilot
33,Linear interpolation,2022-10-22T00:00:00+00:00,59,6,-2.9,2.628571428571429,October 2022 pilot
33,Linear interpolation,2022-10-22T01:00:00+00:00,59,6,4.5,2.442857142857143,October 2022 pilot
33,Linear interpolation,2022-10-22T02:00:00+00:00,59,6,1.6,2.257142857142857,October 2022 pilot
33,Linear interpolation,2022-10-22T03:00:00+00:00,59,6,0.9,2.071428571428571,October 2022 pilot
33,Linear interpolation,2022-10-22T04:00:00+00:00,59,6,4.8,1.8857142857142857,October 2022 pilot
33,Linear interpolation,2022-10-21T16:00:00+00:00,1069,6,12.0,10.285714285714286,October 2022 pilot
33,Linear interpolation,2022-10-21T17:00:00+00:00,1069,6,8.0,8.571428571428571,October 2022 pilot
33,Linear interpolation,2022-10-21T18:00:00+00:00,1069,6,8.0,6.857142857142857,October 2022 pilot
33,Linear interpolation,2022-10-21T19:00:00+00:00,1069,6,3.0,5.142857142857143,October 2022 pilot
33,Linear interpolation,2022-10-21T20:00:00+00:00,1069,6,2.0,3.428571428571429,October 2022 pilot
33,Linear interpolation,2022-10-21T21:00:00+00:00,1069,6,3.0,1.7142857142857135,October 2022 pilot
33,Linear interpolation,2022-10-22T17:00:00+00:00,32,3,11.0,11.25,October 2022 pilot
33,Linear interpolation,2022-10-22T18:00:00+00:00,32,3,9.0,9.5,October 2022 pilot
33,Linear interpolation,2022-10-22T19:00:00+00:00,32,3,7.0,7.75,October 2022 pilot
33,Linear interpolation,2022-10-23T01:00:00+00:00,59,3,3.0,3.5,October 2022 pilot
33,Linear interpolation,2022-10-23T02:00:00+00:00,59,3,1.1,3.4000000000000004,October 2022 pilot
33,Linear interpolation,2022-10-23T03:00:00+00:00,59,3,2.4,3.3000000000000003,October 2022 pilot
33,Linear interpolation,2022-10-22T22:00:00+00:00,1069,6,7.0,1.0,October 2022 pilot
33,Linear interpolation,2022-10-22T23:00:00+00:00,1069,6,-2.0,1.0,October 2022 pilot
33,Linear interpolation,2022-10-23T00:00:00+00:00,1069,6,-2.0,1.0,October 2022 pilot
33,Linear interpolation,2022-10-23T01:00:00+00:00,1069,6,1.0,1.0,October 2022 pilot
33,Linear interpolation,2022-10-23T02:00:00+00:00,1069,6,0.0,1.0,October 2022 pilot
33,Linear interpolation,2022-10-23T03:00:00+00:00,1069,6,2.0,1.0,October 2022 pilot
33,Linear interpolation,2022-10-23T07:00:00+00:00,32,6,5.0,4.285714285714286,October 2022 pilot
33,Linear interpolation,2022-10-23T08:00:00+00:00,32,6,3.0,4.571428571428571,October 2022 pilot
33,Linear interpolation,2022-10-23T09:00:00+00:00,32,6,4.0,4.857142857142857,October 2022 pilot
33,Linear interpolation,2022-10-23T10:00:00+00:00,32,6,3.0,5.142857142857142,October 2022 pilot
33,Linear interpolation,2022-10-23T11:00:00+00:00,32,6,2.0,5.428571428571429,October 2022 pilot
33,Linear interpolation,2022-10-23T12:00:00+00:00,32,6,1.0,5.714285714285714,October 2022 pilot
33,Linear interpolation,2022-10-23T22:00:00+00:00,59,3,10.4,2.9000000000000004,October 2022 pilot
33,Linear interpolation,2022-10-23T23:00:00+00:00,59,3,5.2,2.6,October 2022 pilot
33,Linear interpolation,2022-10-24T00:00:00+00:00,59,3,2.9,2.3,October 2022 pilot
33,Linear interpolation,2022-10-23T20:00:00+00:00,1069,3,-1.0,4.5,October 2022 pilot
33,Linear interpolation,2022-10-23T21:00:00+00:00,1069,3,10.0,3.0,October 2022 pilot
33,Linear interpolation,2022-10-23T22:00:00+00:00,1069,3,3.0,1.5,October 2022 pilot
33,Linear interpolation,2022-10-24T15:00:00+00:00,32,6,16.0,9.714285714285714,October 2022 pilot
33,Linear interpolation,2022-10-24T16:00:00+00:00,32,6,18.0,10.428571428571429,October 2022 pilot
33,Linear interpolation,2022-10-24T17:00:00+00:00,32,6,10.0,11.142857142857142,October 2022 pilot
33,Linear interpolation,2022-10-24T18:00:00+00:00,32,6,17.0,11.857142857142858,October 2022 pilot
33,Linear interpolation,2022-10-24T19:00:00+00:00,32,6,19.0,12.571428571428571,October 2022 pilot
33,Linear interpolation,2022-10-24T20:00:00+00:00,32,6,23.0,13.285714285714285,October 2022 pilot
33,Linear interpolation,2022-10-24T19:00:00+00:00,59,3,17.9,10.375,October 2022 pilot
33,Linear interpolation,2022-10-24T20:00:00+00:00,59,3,18.6,11.75,October 2022 pilot
33,Linear interpolation,2022-10-24T21:00:00+00:00,59,3,11.8,13.125,October 2022 pilot
33,Linear interpolation,2022-10-24T11:00:00+00:00,1069,6,8.0,8.714285714285714,October 2022 pilot
33,Linear interpolation,2022-10-24T12:00:00+00:00,1069,6,8.0,9.428571428571429,October 2022 pilot
33,Linear interpolation,2022-10-24T13:00:00+00:00,1069,6,4.0,10.142857142857142,October 2022 pilot
33,Linear interpolation,2022-10-24T14:00:00+00:00,1069,6,6.0,10.857142857142858,October 2022 pilot
33,Linear interpolation,2022-10-24T15:00:00+00:00,1069,6,13.0,11.571428571428571,October 2022 pilot
33,Linear interpolation,2022-10-24T16:00:00+00:00,1069,6,13.0,12.285714285714285,October 2022 pilot
33,Linear interpolation,2022-10-25T12:00:00+00:00,32,1,-2.0,0.5,October 2022 pilot
33,Linear interpolation,2022-10-26T01:00:00+00:00,59,3,0.5,-1.975,October 2022 pilot
33,Linear interpolation,2022-10-26T02:00:00+00:00,59,3,1.0,-1.35,October 2022 pilot
33,Linear interpolation,2022-10-26T03:00:00+00:00,59,3,3.9,-0.7250000000000001,October 2022 pilot
33,Linear interpolation,2022-10-25T22:00:00+00:00,1069,1,2.0,-0.5,October 2022 pilot
33,Linear interpolation,2022-10-26T21:00:00+00:00,32,3,7.0,3.75,October 2022 pilot
33,Linear interpolation,2022-10-26T22:00:00+00:00,32,3,2.0,2.5,October 2022 pilot
33,Linear interpolation,2022-10-26T23:00:00+00:00,32,3,0.0,1.25,October 2022 pilot
33,Linear interpolation,2022-10-26T08:00:00+00:00,59,1,2.3,-0.6500000000000001,October 2022 pilot
33,Linear interpolation,2022-10-26T11:00:00+00:00,1069,3,10.0,7.25,October 2022 pilot
33,Linear interpolation,2022-10-26T12:00:00+00:00,1069,3,17.0,11.5,October 2022 pilot
33,Linear interpolation,2022-10-26T13:00:00+00:00,1069,3,15.0,15.75,October 2022 pilot
33,Linear interpolation,2022-10-27T15:00:00+00:00,32,1,4.0,10.0,October 2022 pilot
33,Linear interpolation,2022-10-27T20:00:00+00:00,59,1,5.1,1.7999999999999998,October 2022 pilot
33,Linear interpolation,2022-10-27T12:00:00+00:00,1069,1,10.0,6.0,October 2022 pilot
33,Linear interpolation,2022-10-28T19:00:00+00:00,32,3,3.0,5.25,October 2022 pilot
33,Linear interpolation,2022-10-28T20:00:00+00:00,32,3,3.0,4.5,October 2022 pilot
33,Linear interpolation,2022-10-28T21:00:00+00:00,32,3,8.0,3.75,October 2022 pilot
33,Linear interpolation,2022-10-28T19:00:00+00:00,59,3,1.6,1.625,October 2022 pilot
33,Linear interpolation,2022-10-28T20:00:00+00:00,59,3,-1.0,1.5499999999999998,October 2022 pilot
33,Linear interpolation,2022-10-28T21:00:00+00:00,59,3,0.1,1.475,October 2022 pilot
33,Linear interpolation,2022-10-28T20:00:00+00:00,1069,1,1.0,2.5,October 2022 pilot
33,Linear interpolation,2022-10-29T11:00:00+00:00,32,3,2.0,1.5,October 2022 pilot
33,Linear interpolation,2022-10-29T12:00:00+00:00,32,3,0.0,3.0,October 2022 pilot
33,Linear interpolation,2022-10-29T13:00:00+00:00,32,3,-1.0,4.5,October 2022 pilot
33,Linear interpolation,2022-10-29T12:00:00+00:00,59,3,0.1,1.675,October 2022 pilot
33,Linear interpolation,2022-10-29T13:00:00+00:00,59,3,-0.2,2.25,October 2022 pilot
33,Linear interpolation,2022-10-29T14:00:00+00:00,59,3,3.7,2.825,October 2022 pilot
33,Linear interpolation,2022-10-29T20:00:00+00:00,1069,1,6.0,5.0,October 2022 pilot
33,Linear interpolation,2022-10-30T18:00:00+00:00,32,3,10.0,4.75,October 2022 pilot
33,Linear interpolation,2022-10-30T19:00:00+00:00,32,3,6.0,4.5,October 2022 pilot
33,Linear interpolation,2022-10-30T20:00:00+00:00,32,3,5.0,4.25,October 2022 pilot
33,Linear interpolation,2022-10-30T22:00:00+00:00,59,6,2.7,4.5,October 2022 pilot
33,Linear interpolation,2022-10-30T23:00:00+00:00,59,6,5.6,4.5,October 2022 pilot
33,Linear interpolation,2022-10-31T00:00:00+00:00,59,6,1.0,4.5,October 2022 pilot
33,Linear interpolation,2022-10-31T01:00:00+00:00,59,6,4.0,4.5,October 2022 pilot
33,Linear interpolation,2022-10-31T02:00:00+00:00,59,6,8.0,4.5,October 2022 pilot
33,Linear interpolation,2022-10-31T03:00:00+00:00,59,6,6.6,4.5,October 2022 pilot
33,Linear interpolation,2022-10-30T11:00:00+00:00,1069,3,1.0,7.0,October 2022 pilot
33,Linear interpolation,2022-10-30T12:00:00+00:00,1069,3,7.0,9.0,October 2022 pilot
33,Linear interpolation,2022-10-30T13:00:00+00:00,1069,3,5.0,11.0,October 2022 pilot
33,Linear interpolation,2022-10-31T09:00:00+00:00,32,6,5.0,6.857142857142858,October 2022 pilot
33,Linear interpolation,2022-10-31T10:00:00+00:00,32,6,5.0,8.714285714285715,October 2022 pilot
33,Linear interpolation,2022-10-31T11:00:00+00:00,32,6,4.0,10.571428571428571,October 2022 pilot
33,Linear interpolation,2022-10-31T12:00:00+00:00,32,6,6.0,12.428571428571429,October 2022 pilot
33,Linear interpolation,2022-10-31T13:00:00+00:00,32,6,4.0,14.285714285714286,October 2022 pilot
33,Linear interpolation,2022-10-31T14:00:00+00:00,32,6,4.0,16.142857142857142,October 2022 pilot
33,Linear interpolation,2022-10-31T08:00:00+00:00,59,6,4.1,3.2857142857142856,October 2022 pilot
33,Linear interpolation,2022-10-31T09:00:00+00:00,59,6,1.3,3.271428571428572,October 2022 pilot
33,Linear interpolation,2022-10-31T10:00:00+00:00,59,6,1.8,3.257142857142857,October 2022 pilot
33,Linear interpolation,2022-10-31T11:00:00+00:00,59,6,2.6,3.242857142857143,October 2022 pilot
33,Linear interpolation,2022-10-31T12:00:00+00:00,59,6,5.6,3.2285714285714286,October 2022 pilot
33,Linear interpolation,2022-10-31T13:00:00+00:00,59,6,3.3,3.2142857142857144,October 2022 pilot
33,Linear interpolation,2022-10-31T16:00:00+00:00,1069,3,6.0,16.0,October 2022 pilot
33,Linear interpolation,2022-10-31T17:00:00+00:00,1069,3,3.0,12.0,October 2022 pilot
33,Linear interpolation,2022-10-31T18:00:00+00:00,1069,3,11.0,8.0,October 2022 pilot
11,Linear interpolation,2022-11-01T09:00:00+00:00,32,1,2.0,5.0,November-December 2022
11,Linear interpolation,2022-11-01T15:00:00+00:00,59,6,2.5,5.5,November-December 2022
11,Linear interpolation,2022-11-01T16:00:00+00:00,59,6,5.9,4.4,November-December 2022
11,Linear interpolation,2022-11-01T17:00:00+00:00,59,6,5.5,3.3,November-December 2022
11,Linear interpolation,2022-11-01T18:00:00+00:00,59,6,2.3,2.2,November-December 2022
11,Linear interpolation,2022-11-01T19:00:00+00:00,59,6,5.1,1.0999999999999996,November-December 2022
11,Linear interpolation,2022-11-01T20:00:00+00:00,59,6,-0.2,0.0,November-December 2022
11,Linear interpolation,2022-11-01T19:00:00+00:00,1069,3,-3.0,7.75,November-December 2022
11,Linear interpolation,2022-11-01T20:00:00+00:00,1069,3,2.0,5.5,November-December 2022
11,Linear interpolation,2022-11-01T21:00:00+00:00,1069,3,3.0,3.25,November-December 2022
11,Linear interpolation,2022-11-02T07:00:00+00:00,32,6,4.0,4.857142857142857,November-December 2022
11,Linear interpolation,2022-11-02T08:00:00+00:00,32,6,3.0,5.714285714285714,November-December 2022
11,Linear interpolation,2022-11-02T09:00:00+00:00,32,6,2.0,6.571428571428571,November-December 2022
11,Linear interpolation,2022-11-02T10:00:00+00:00,32,6,5.0,7.428571428571429,November-December 2022
11,Linear interpolation,2022-11-02T11:00:00+00:00,32,6,8.0,8.285714285714285,November-December 2022
11,Linear interpolation,2022-11-02T12:00:00+00:00,32,6,10.0,9.142857142857142,November-December 2022
11,Linear interpolation,2022-11-02T09:00:00+00:00,59,3,3.1,6.0,November-December 2022
11,Linear interpolation,2022-11-02T10:00:00+00:00,59,3,3.9,6.300000000000001,November-December 2022
11,Linear interpolation,2022-11-02T11:00:00+00:00,59,3,6.4,6.6000000000000005,November-December 2022
11,Linear interpolation,2022-11-03T01:00:00+00:00,1069,3,11.0,8.0,November-December 2022
11,Linear interpolation,2022-11-03T02:00:00+00:00,1069,3,9.0,10.0,November-December 2022
11,Linear interpolation,2022-11-03T03:00:00+00:00,1069,3,12.0,12.0,November-December 2022
11,Linear interpolation,2022-11-03T08:00:00+00:00,32,3,17.0,16.5,November-December 2022
11,Linear interpolation,2022-11-03T09:00:00+00:00,32,3,17.0,16.0,November-December 2022
11,Linear interpolation,2022-11-03T10:00:00+00:00,32,3,12.0,15.5,November-December 2022
11,Linear interpolation,2022-11-03T08:00:00+00:00,59,3,13.9,15.55,November-December 2022
11,Linear interpolation,2022-11-03T09:00:00+00:00,59,3,13.7,13.7,November-December 2022
11,Linear interpolation,2022-11-03T10:00:00+00:00,59,3,12.4,11.85,November-December 2022
11,Linear interpolation,2022-11-03T23:00:00+00:00,1069,6,2.0,5.428571428571429,November-December 2022
11,Linear interpolation,2022-11-04T00:00:00+00:00,1069,6,1.0,4.857142857142858,November-December 2022
11,Linear interpolation,2022-11-04T01:00:00+00:00,1069,6,1.0,4.285714285714286,November-December 2022
11,Linear interpolation,2022-11-04T02:00:00+00:00,1069,6,0.0,3.7142857142857135,November-December 2022
11,Linear interpolation,2022-11-04T03:00:00+00:00,1069,6,0.0,3.142857142857143,November-December 2022
11,Linear interpolation,2022-11-04T04:00:00+00:00,1069,6,2.0,2.571428571428572,November-December 2022
11,Linear interpolation,2022-11-04T17:00:00+00:00,32,6,8.0,4.285714285714286,November-December 2022
11,Linear interpolation,2022-11-04T18:00:00+00:00,32,6,9.0,4.571428571428571,November-December 2022
11,Linear interpolation,2022-11-04T19:00:00+00:00,32,6,12.0,4.857142857142857,November-December 2022
11,Linear interpolation,2022-11-04T20:00:00+00:00,32,6,10.0,5.142857142857142,November-December 2022
11,Linear interpolation,2022-11-04T21:00:00+00:00,32,6,5.0,5.428571428571429,November-December 2022
11,Linear interpolation,2022-11-04T22:00:00+00:00,32,6,8.0,5.714285714285714,November-December 2022
11,Linear interpolation,2022-11-04T13:00:00+00:00,59,6,4.3,6.257142857142857,November-December 2022
11,Linear interpolation,2022-11-04T14:00:00+00:00,59,6,-0.3,6.714285714285714,November-December 2022
11,Linear interpolation,2022-11-04T15:00:00+00:00,59,6,3.1,7.171428571428572,November-December 2022
11,Linear interpolation,2022-11-04T16:00:00+00:00,59,6,4.0,7.628571428571428,November-December 2022
11,Linear interpolation,2022-11-04T17:00:00+00:00,59,6,3.3,8.085714285714285,November-December 2022
11,Linear interpolation,2022-11-04T18:00:00+00:00,59,6,4.3,8.542857142857143,November-December 2022
11,Linear interpolation,2022-11-04T18:00:00+00:00,1069,1,5.0,8.5,November-December 2022
11,Linear interpolation,2022-11-05T20:00:00+00:00,32,3,1.0,3.5,November-December 2022
11,Linear interpolation,2022-11-05T21:00:00+00:00,32,3,3.0,2.0,November-December 2022
11,Linear interpolation,2022-11-05T22:00:00+00:00,32,3,3.0,0.5,November-December 2022
11,Linear interpolation,2022-11-05T11:00:00+00:00,59,6,3.5,2.771428571428572,November-December 2022
11,Linear interpolation,2022-11-05T12:00:00+00:00,59,6,0.1,2.942857142857143,November-December 2022
11,Linear interpolation,2022-11-05T13:00:00+00:00,59,6,0.3,3.1142857142857143,November-December 2022
11,Linear interpolation,2022-11-05T14:00:00+00:00,59,6,0.0,3.2857142857142856,November-December 2022
11,Linear interpolation,2022-11-05T15:00:00+00:00,59,6,7.1,3.457142857142857,November-December 2022
11,Linear interpolation,2022-11-05T16:00:00+00:00,59,6,3.2,3.628571428571428,November-December 2022
11,Linear interpolation,2022-11-05T09:00:00+00:00,1069,6,-5.0,1.2857142857142858,November-December 2022
11,Linear interpolation,2022-11-05T10:00:00+00:00,1069,6,2.0,2.571428571428572,November-December 2022
11,Linear interpolation,2022-11-05T11:00:00+00:00,1069,6,3.0,3.857142857142857,November-December 2022
11,Linear interpolation,2022-11-05T12:00:00+00:00,1069,6,6.0,5.142857142857143,November-December 2022
11,Linear interpolation,2022-11-05T13:00:00+00:00,1069,6,-1.0,6.428571428571429,November-December 2022
11,Linear interpolation,2022-11-05T14:00:00+00:00,1069,6,12.0,7.714285714285714,November-December 2022
11,Linear interpolation,2022-11-06T22:00:00+00:00,32,3,1.0,6.75,November-December 2022
11,Linear interpolation,2022-11-06T23:00:00+00:00,32,3,-5.0,7.5,November-December 2022
11,Linear interpolation,2022-11-07T00:00:00+00:00,32,3,3.0,8.25,November-December 2022
11,Linear interpolation,2022-11-06T21:00:00+00:00,59,1,6.7,6.4,November-December 2022
11,Linear interpolation,2022-11-06T17:00:00+00:00,1069,3,13.0,15.25,November-December 2022
11,Linear interpolation,2022-11-06T18:00:00+00:00,1069,3,13.0,12.5,November-December 2022
11,Linear interpolation,2022-11-06T19:00:00+00:00,1069,3,13.0,9.75,November-December 2022
11,Linear interpolation,2022-11-07T20:00:00+00:00,32,6,-4.0,12.142857142857142,November-December 2022
11,Linear interpolation,2022-11-07T21:00:00+00:00,32,6,4.0,10.285714285714285,November-December 2022
11,Linear interpolation,2022-11-07T22:00:00+00:00,32,6,7.0,8.428571428571429,November-December 2022
11,Linear interpolation,2022-11-07T23:00:00+00:00,32,6,3.0,6.571428571428571,November-December 2022
11,Linear interpolation,2022-11-08T00:00:00+00:00,32,6,2.0,4.7142857142857135,November-December 2022
11,Linear interpolation,2022-11-08T01:00:00+00:00,32,6,4.0,2.8571428571428577,November-December 2022
11,Linear interpolation,2022-11-07T16:00:00+00:00,59,6,3.6,5.571428571428571,November-December 2022
11,Linear interpolation,2022-11-07T17:00:00+00:00,59,6,1.5,5.542857142857143,November-December 2022
11,Linear interpolation,2022-11-07T18:00:00+00:00,59,6,7.0,5.514285714285714,November-December 2022
11,Linear interpolation,2022-11-07T19:00:00+00:00,59,6,2.1,5.485714285714286,November-December 2022
11,Linear interpolation,2022-11-07T20:00:00+00:00,59,6,7.6,5.457142857142857,November-December 2022
11,Linear interpolation,2022-11-07T21:00:00+00:00,59,6,3.0,5.428571428571429,November-December 2022
11,Linear interpolation,2022-11-07T23:00:00+00:00,1069,6,-1.0,4.571428571428571,November-December 2022
11,Linear interpolation,2022-11-08T00:00:00+00:00,1069,6,-2.0,4.142857142857143,November-December 2022
11,Linear interpolation,2022-11-08T01:00:00+00:00,1069,6,0.0,3.7142857142857135,November-December 2022
11,Linear interpolation,2022-11-08T02:00:00+00:00,1069,6,2.0,3.2857142857142856,November-December 2022
11,Linear interpolation,2022-11-08T03:00:00+00:00,1069,6,-1.0,2.857142857142857,November-December 2022
11,Linear interpolation,2022-11-08T04:00:00+00:00,1069,6,1.0,2.4285714285714284,November-December 2022
11,Linear interpolation,2022-11-08T11:00:00+00:00,32,1,0.0,5.5,November-December 2022
11,Linear interpolation,2022-11-08T19:00:00+00:00,59,1,1.1,4.25,November-December 2022
11,Linear interpolation,2022-11-08T19:00:00+00:00,1069,6,5.0,2.7142857142857144,November-December 2022
11,Linear interpolation,2022-11-08T20:00:00+00:00,1069,6,7.0,2.428571428571429,November-December 2022
11,Linear interpolation,2022-11-08T21:00:00+00:00,1069,6,7.0,2.142857142857143,November-December 2022
11,Linear interpolation,2022-11-08T22:00:00+00:00,1069,6,1.0,1.8571428571428568,November-December 2022
11,Linear interpolation,2022-11-08T23:00:00+00:00,1069,6,1.0,1.5714285714285714,November-December 2022
11,Linear interpolation,2022-11-09T00:00:00+00:00,1069,6,-1.0,1.2857142857142858,November-December 2022
11,Linear interpolation,2022-11-09T13:00:00+00:00,32,6,9.0,6.0,November-December 2022
11,Linear interpolation,2022-11-09T14:00:00+00:00,32,6,7.0,6.0,November-December 2022
11,Linear interpolation,2022-11-09T15:00:00+00:00,32,6,6.0,6.0,November-December 2022
11,Linear interpolation,2022-11-09T16:00:00+00:00,32,6,4.0,6.0,November-December 2022
11,Linear interpolation,2022-11-09T17:00:00+00:00,32,6,14.0,6.0,November-December 2022
11,Linear interpolation,2022-11-09T18:00:00+00:00,32,6,6.0,6.0,November-December 2022
11,Linear interpolation,2022-11-09T17:00:00+00:00,59,6,6.5,8.071428571428571,November-December 2022
11,Linear interpolation,2022-11-09T18:00:00+00:00,59,6,-0.5,6.942857142857142,November-December 2022
11,Linear interpolation,2022-11-09T19:00:00+00:00,59,6,6.7,5.814285714285713,November-December 2022
11,Linear interpolation,2022-11-09T20:00:00+00:00,59,6,7.6,4.685714285714285,November-December 2022
11,Linear interpolation,2022-11-09T21:00:00+00:00,59,6,-0.3,3.557142857142856,November-December 2022
11,Linear interpolation,2022-11-09T22:00:00+00:00,59,6,7.2,2.428571428571428,November-December 2022
11,Linear interpolation,2022-11-09T11:00:00+00:00,1069,6,2.0,3.2857142857142856,November-December 2022
11,Linear interpolation,2022-11-09T12:00:00+00:00,1069,6,4.0,4.571428571428571,November-December 2022
11,Linear interpolation,2022-11-09T13:00:00+00:00,1069,6,6.0,5.857142857142858,November-December 2022
11,Linear interpolation,2022-11-09T14:00:00+00:00,1069,6,11.0,7.142857142857143,November-December 2022
11,Linear interpolation,2022-11-09T15:00:00+00:00,1069,6,12.0,8.428571428571429,November-December 2022
11,Linear interpolation,2022-11-09T16:00:00+00:00,1069,6,14.0,9.714285714285715,November-December 2022
11,Linear interpolation,2022-11-10T23:00:00+00:00,32,3,2.0,5.0,November-December 2022
11,Linear interpolation,2022-11-11T00:00:00+00:00,32,3,7.0,4.0,November-December 2022
11,Linear interpolation,2022-11-11T01:00:00+00:00,32,3,5.0,3.0,November-December 2022
11,Linear interpolation,2022-11-10T21:00:00+00:00,59,6,5.2,1.5285714285714285,November-December 2022
11,Linear interpolation,2022-11-10T22:00:00+00:00,59,6,6.7,2.057142857142857,November-December 2022
11,Linear interpolation,2022-11-10T23:00:00+00:00,59,6,2.9,2.585714285714286,November-December 2022
11,Linear interpolation,2022-11-11T00:00:00+00:00,59,6,-1.0,3.1142857142857143,November-December 2022
11,Linear interpolation,2022-11-11T01:00:00+00:00,59,6,6.4,3.642857142857143,November-December 2022
11,Linear interpolation,2022-11-11T02:00:00+00:00,59,6,3.3,4.171428571428572,November-December 2022
11,Linear interpolation,2022-11-10T09:00:00+00:00,1069,6,7.0,7.142857142857143,November-December 2022
11,Linear interpolation,2022-11-10T10:00:00+00:00,1069,6,6.0,7.285714285714286,November-December 2022
11,Linear interpolation,2022-11-10T11:00:00+00:00,1069,6,3.0,7.428571428571429,November-December 2022
11,Linear interpolation,2022-11-10T12:00:00+00:00,1069,6,5.0,7.571428571428571,November-December 2022
11,Linear interpolation,2022-11-10T13:00:00+00:00,1069,6,3.0,7.714285714285714,November-December 2022
11,Linear interpolation,2022-11-10T14:00:00+00:00,1069,6,8.0,7.857142857142857,November-December 2022
11,Linear interpolation,2022-11-11T09:00:00+00:00,32,6,6.0,10.0,November-December 2022
11,Linear interpolation,2022-11-11T10:00:00+00:00,32,6,6.0,10.0,November-December 2022
11,Linear interpolation,2022-11-11T11:00:00+00:00,32,6,11.0,10.0,November-December 2022
11,Linear interpolation,2022-11-11T12:00:00+00:00,32,6,9.0,10.0,November-December 2022
11,Linear interpolation,2022-11-11T13:00:00+00:00,32,6,2.0,10.0,November-December 2022
11,Linear interpolation,2022-11-11T14:00:00+00:00,32,6,5.0,10.0,November-December 2022
11,Linear interpolation,2022-11-11T09:00:00+00:00,59,6,4.3,4.0,November-December 2022
11,Linear interpolation,2022-11-11T10:00:00+00:00,59,6,4.4,4.1,November-December 2022
11,Linear interpolation,2022-11-11T11:00:00+00:00,59,6,3.7,4.2,November-December 2022
11,Linear interpolation,2022-11-11T12:00:00+00:00,59,6,4.8,4.3,November-December 2022
11,Linear interpolation,2022-11-11T13:00:00+00:00,59,6,5.6,4.4,November-December 2022
11,Linear interpolation,2022-11-11T14:00:00+00:00,59,6,3.3,4.5,November-December 2022
11,Linear interpolation,2022-11-11T08:00:00+00:00,1069,1,2.0,5.5,November-December 2022
11,Linear interpolation,2022-11-12T22:00:00+00:00,32,6,3.0,3.7142857142857135,November-December 2022
11,Linear interpolation,2022-11-12T23:00:00+00:00,32,6,0.0,3.428571428571429,November-December 2022
11,Linear interpolation,2022-11-13T00:00:00+00:00,32,6,6.0,3.142857142857143,November-December 2022
11,Linear interpolation,2022-11-13T01:00:00+00:00,32,6,2.0,2.857142857142857,November-December 2022
11,Linear interpolation,2022-11-13T02:00:00+00:00,32,6,6.0,2.571428571428571,November-December 2022
11,Linear interpolation,2022-11-13T03:00:00+00:00,32,6,4.0,2.2857142857142856,November-December 2022
11,Linear interpolation,2022-11-12T16:00:00+00:00,59,1,-1.8,2.05,November-December 2022
11,Linear interpolation,2022-11-12T10:00:00+00:00,1069,1,1.0,3.0,November-December 2022
11,Linear interpolation,2022-11-13T18:00:00+00:00,32,6,9.0,1.8571428571428568,November-December 2022
11,Linear interpolation,2022-11-13T19:00:00+00:00,32,6,4.0,1.7142857142857144,November-December 2022
11,Linear interpolation,2022-11-13T20:00:00+00:00,32,6,2.0,1.5714285714285714,November-December 2022
11,Linear interpolation,2022-11-13T21:00:00+00:00,32,6,3.0,1.4285714285714286,November-December 2022
11,Linear interpolation,2022-11-13T22:00:00+00:00,32,6,4.0,1.2857142857142856,November-December 2022
11,Linear interpolation,2022-11-13T23:00:00+00:00,32,6,1.0,1.1428571428571428,November-December 2022
11,Linear interpolation,2022-11-13T11:00:00+00:00,59,1,5.7,6.1,November-December 2022
11,Linear interpolation,2022-11-14T02:00:00+00:00,1069,3,4.0,1.25,November-December 2022
11,Linear interpolation,2022-11-14T03:00:00+00:00,1069,3,4.0,2.5,November-December 2022
11,Linear interpolation,2022-11-14T04:00:00+00:00,1069,3,3.0,3.75,November-December 2022
11,Linear interpolation,2022-11-14T10:00:00+00:00,32,6,7.0,3.571428571428571,November-December 2022
11,Linear interpolation,2022-11-14T11:00:00+00:00,32,6,3.0,4.142857142857142,November-December 2022
11,Linear interpolation,2022-11-14T12:00:00+00:00,32,6,3.0,4.714285714285714,November-December 2022
11,Linear interpolation,2022-11-14T13:00:00+00:00,32,6,5.0,5.285714285714286,November-December 2022
11,Linear interpolation,2022-11-14T14:00:00+00:00,32,6,4.0,5.857142857142858,November-December 2022
11,Linear interpolation,2022-11-14T15:00:00+00:00,32,6,8.0,6.428571428571429,November-December 2022
11,Linear interpolation,2022-11-14T07:00:00+00:00,59,3,1.7,1.225,November-December 2022
11,Linear interpolation,2022-11-14T08:00:00+00:00,59,3,3.1,1.65,November-December 2022
11,Linear interpolation,2022-11-14T09:00:00+00:00,59,3,1.5,2.075,November-December 2022
11,Linear interpolation,2022-11-14T11:00:00+00:00,1069,1,7.0,4.5,November-December 2022
11,Linear interpolation,2022-11-15T12:00:00+00:00,32,3,1.0,5.5,November-December 2022
11,Linear interpolation,2022-11-15T13:00:00+00:00,32,3,3.0,5.0,November-December 2022
11,Linear interpolation,2022-11-15T14:00:00+00:00,32,3,8.0,4.5,November-December 2022
11,Linear interpolation,2022-11-15T11:00:00+00:00,59,6,2.4,1.2,November-December 2022
11,Linear interpolation,2022-11-15T12:00:00+00:00,59,6,3.8,1.7,November-December 2022
11,Linear interpolation,2022-11-15T13:00:00+00:00,59,6,1.8,2.2,November-December 2022
11,Linear interpolation,2022-11-15T14:00:00+00:00,59,6,3.0,2.7,November-December 2022
11,Linear interpolation,2022-11-15T15:00:00+00:00,59,6,4.2,3.2,November-December 2022
11,Linear interpolation,2022-11-15T16:00:00+00:00,59,6,0.3,3.7,November-December 2022
11,Linear interpolation,2022-11-16T01:00:00+00:00,1069,3,5.0,6.5,November-December 2022
11,Linear interpolation,2022-11-16T02:00:00+00:00,1069,3,4.0,8.0,November-December 2022
11,Linear interpolation,2022-11-16T03:00:00+00:00,1069,3,9.0,9.5,November-December 2022
11,Linear interpolation,2022-11-16T20:00:00+00:00,32,3,8.0,2.0,November-December 2022
11,Linear interpolation,2022-11-16T21:00:00+00:00,32,3,2.0,1.0,November-December 2022
11,Linear interpolation,2022-11-16T22:00:00+00:00,32,3,0.0,0.0,November-December 2022
11,Linear interpolation,2022-11-16T12:00:00+00:00,59,6,7.2,7.6571428571428575,November-December 2022
11,Linear interpolation,2022-11-16T13:00:00+00:00,59,6,9.0,7.314285714285714,November-December 2022
11,Linear interpolation,2022-11-16T14:00:00+00:00,59,6,8.1,6.971428571428572,November-December 2022
11,Linear interpolation,2022-11-16T15:00:00+00:00,59,6,7.7,6.628571428571428,November-December 2022
11,Linear interpolation,2022-11-16T16:00:00+00:00,59,6,2.8,6.285714285714286,November-December 2022
11,Linear interpolation,2022-11-16T17:00:00+00:00,59,6,0.5,5.942857142857143,November-December 2022
11,Linear interpolation,2022-11-16T07:00:00+00:00,1069,6,9.0,10.0,November-December 2022
11,Linear interpolation,2022-11-16T08:00:00+00:00,1069,6,8.0,10.0,November-December 2022
11,Linear interpolation,2022-11-16T09:00:00+00:00,1069,6,11.0,10.0,November-December 2022
11,Linear interpolation,2022-11-16T10:00:00+00:00,1069,6,7.0,10.0,November-December 2022
11,Linear interpolation,2022-11-16T11:00:00+00:00,1069,6,7.0,10.0,November-December 2022
11,Linear interpolation,2022-11-16T12:00:00+00:00,1069,6,10.0,10.0,November-December 2022
11,Linear interpolation,2022-11-17T10:00:00+00:00,32,1,4.0,6.0,November-December 2022
11,Linear interpolation,2022-11-18T04:00:00+00:00,59,1,2.8,1.25,November-December 2022
11,Linear interpolation,2022-11-17T17:00:00+00:00,1069,1,5.0,8.0,November-December 2022
11,Linear interpolation,2022-11-18T18:00:00+00:00,32,6,6.0,5.857142857142857,November-December 2022
11,Linear interpolation,2022-11-18T19:00:00+00:00,32,6,0.0,5.714285714285714,November-December 2022
11,Linear interpolation,2022-11-18T20:00:00+00:00,32,6,2.0,5.571428571428571,November-December 2022
11,Linear interpolation,2022-11-18T21:00:00+00:00,32,6,1.0,5.428571428571429,November-December 2022
11,Linear interpolation,2022-11-18T22:00:00+00:00,32,6,-1.0,5.285714285714286,November-December 2022
11,Linear interpolation,2022-11-18T23:00:00+00:00,32,6,5.0,5.142857142857143,November-December 2022
11,Linear interpolation,2022-11-18T07:00:00+00:00,59,6,4.4,2.0285714285714285,November-December 2022
11,Linear interpolation,2022-11-18T08:00:00+00:00,59,6,3.1,2.357142857142857,November-December 2022
11,Linear interpolation,2022-11-18T09:00:00+00:00,59,6,1.5,2.685714285714285,November-December 2022
11,Linear interpolation,2022-11-18T10:00:00+00:00,59,6,3.0,3.0142857142857142,November-December 2022
11,Linear interpolation,2022-11-18T11:00:00+00:00,59,6,3.4,3.3428571428571425,November-December 2022
11,Linear interpolation,2022-11-18T12:00:00+00:00,59,6,5.3,3.6714285714285713,November-December 2022
11,Linear interpolation,2022-11-18T07:00:00+00:00,1069,3,7.0,9.5,November-December 2022
11,Linear interpolation,2022-11-18T08:00:00+00:00,1069,3,5.0,8.0,November-December 2022
11,Linear interpolation,2022-11-18T09:00:00+00:00,1069,3,6.0,6.5,November-December 2022
11,Linear interpolation,2022-11-20T01:00:00+00:00,32,1,9.0,8.5,November-December 2022
11,Linear interpolation,2022-11-19T19:00:00+00:00,59,1,2.0,5.199999999999999,November-December 2022
11,Linear interpolation,2022-11-19T13:00:00+00:00,1069,1,7.0,4.5,November-December 2022
11,Linear interpolation,2022-11-20T12:00:00+00:00,32,6,4.0,3.2857142857142856,November-December 2022
11,Linear interpolation,2022-11-20T13:00:00+00:00,32,6,4.0,3.571428571428571,November-December 2022
11,Linear interpolation,2022-11-20T14:00:00+00:00,32,6,5.0,3.857142857142857,November-December 2022
11,Linear interpolation,2022-11-20T15:00:00+00:00,32,6,3.0,4.142857142857142,November-December 2022
11,Linear interpolation,2022-11-20T16:00:00+00:00,32,6,0.0,4.428571428571429,November-December 2022
11,Linear interpolation,2022-11-20T17:00:00+00:00,32,6,4.0,4.714285714285714,November-December 2022
11,Linear interpolation,2022-11-20T08:00:00+00:00,59,1,0.0,3.95,November-December 2022
11,Linear interpolation,2022-11-20T09:00:00+00:00,1069,6,3.0,4.714285714285714,November-December 2022
11,Linear interpolation,2022-11-20T10:00:00+00:00,1069,6,4.0,4.428571428571429,November-December 2022
11,Linear interpolation,2022-11-20T11:00:00+00:00,1069,6,3.0,4.142857142857143,November-December 2022
11,Linear interpolation,2022-11-20T12:00:00+00:00,1069,6,1.0,3.857142857142857,November-December 2022
11,Linear interpolation,2022-11-20T13:00:00+00:00,1069,6,4.0,3.571428571428571,November-December 2022
11,Linear interpolation,2022-11-20T14:00:00+00:00,1069,6,3.0,3.2857142857142856,November-December 2022
11,Linear interpolation,2022-11-21T07:00:00+00:00,32,3,4.0,6.0,November-December 2022
11,Linear interpolation,2022-11-21T08:00:00+00:00,32,3,6.0,6.0,November-December 2022
11,Linear interpolation,2022-11-21T09:00:00+00:00,32,3,7.0,6.0,November-December 2022
11,Linear interpolation,2022-11-22T01:00:00+00:00,59,1,9.3,6.55,November-December 2022
11,Linear interpolation,2022-11-21T19:00:00+00:00,1069,1,6.0,8.5,November-December 2022
11,Linear interpolation,2022-11-22T09:00:00+00:00,32,3,16.0,15.0,November-December 2022
11,Linear interpolation,2022-11-22T10:00:00+00:00,32,3,13.0,14.0,November-December 2022
11,Linear interpolation,2022-11-22T11:00:00+00:00,32,3,10.0,13.0,November-December 2022
11,Linear interpolation,2022-11-22T21:00:00+00:00,59,3,3.1,2.525,November-December 2022
11,Linear interpolation,2022-11-22T22:00:00+00:00,59,3,3.2,3.55,November-December 2022
11,Linear interpolation,2022-11-22T23:00:00+00:00,59,3,3.3,4.574999999999999,November-December 2022
11,Linear interpolation,2022-11-22T10:00:00+00:00,1069,6,11.0,8.428571428571429,November-December 2022
11,Linear interpolation,2022-11-22T11:00:00+00:00,1069,6,10.0,8.857142857142858,November-December 2022
11,Linear interpolation,2022-11-22T12:00:00+00:00,1069,6,10.0,9.285714285714286,November-December 2022
11,Linear interpolation,2022-11-22T13:00:00+00:00,1069,6,13.0,9.714285714285714,November-December 2022
11,Linear interpolation,2022-11-22T14:00:00+00:00,1069,6,13.0,10.142857142857142,November-December 2022
11,Linear interpolation,2022-11-22T15:00:00+00:00,1069,6,16.0,10.571428571428571,November-December 2022
11,Linear interpolation,2022-11-23T08:00:00+00:00,32,6,13.0,7.857142857142857,November-December 2022
11,Linear interpolation,2022-11-23T09:00:00+00:00,32,6,11.0,8.714285714285714,November-December 2022
11,Linear interpolation,2022-11-23T10:00:00+00:00,32,6,12.0,9.571428571428571,November-December 2022
11,Linear interpolation,2022-11-23T11:00:00+00:00,32,6,8.0,10.428571428571429,November-December 2022
11,Linear interpolation,2022-11-23T12:00:00+00:00,32,6,8.0,11.285714285714285,November-December 2022
11,Linear interpolation,2022-11-23T13:00:00+00:00,32,6,7.0,12.142857142857142,November-December 2022
11,Linear interpolation,2022-11-23T20:00:00+00:00,59,1,7.8,11.25,November-December 2022
11,Linear interpolation,2022-11-23T22:00:00+00:00,1069,6,4.0,11.714285714285714,November-December 2022
11,Linear interpolation,2022-11-23T23:00:00+00:00,1069,6,12.0,12.428571428571429,November-December 2022
11,Linear interpolation,2022-11-24T00:00:00+00:00,1069,6,13.0,13.142857142857142,November-December 2022
11,Linear interpolation,2022-11-24T01:00:00+00:00,1069,6,22.0,13.857142857142858,November-December 2022
11,Linear interpolation,2022-11-24T02:00:00+00:00,1069,6,8.0,14.571428571428571,November-December 2022
11,Linear interpolation,2022-11-24T03:00:00+00:00,1069,6,15.0,15.285714285714285,November-December 2022
11,Linear interpolation,2022-11-24T07:00:00+00:00,32,6,14.0,18.285714285714285,November-December 2022
11,Linear interpolation,2022-11-24T08:00:00+00:00,32,6,16.0,16.571428571428573,November-December 2022
11,Linear interpolation,2022-11-24T09:00:00+00:00,32,6,11.0,14.857142857142858,November-December 2022
11,Linear interpolation,2022-11-24T10:00:00+00:00,32,6,10.0,13.142857142857142,November-December 2022
11,Linear interpolation,2022-11-24T11:00:00+00:00,32,6,1.0,11.428571428571429,November-December 2022
11,Linear interpolation,2022-11-24T12:00:00+00:00,32,6,7.0,9.714285714285714,November-December 2022
11,Linear interpolation,2022-11-24T23:00:00+00:00,59,3,6.2,8.125,November-December 2022
11,Linear interpolation,2022-11-25T00:00:00+00:00,59,3,0.4,5.3500000000000005,November-December 2022
11,Linear interpolation,2022-11-25T01:00:00+00:00,59,3,2.7,2.575000000000001,November-December 2022
11,Linear interpolation,2022-11-24T10:00:00+00:00,1069,3,5.0,7.5,November-December 2022
11,Linear interpolation,2022-11-24T11:00:00+00:00,1069,3,5.0,8.0,November-December 2022
11,Linear interpolation,2022-11-24T12:00:00+00:00,1069,3,4.0,8.5,November-December 2022
11,Linear interpolation,2022-11-25T08:00:00+00:00,32,6,0.0,-0.5714285714285714,November-December 2022
11,Linear interpolation,2022-11-25T09:00:00+00:00,32,6,0.0,-0.1428571428571429,November-December 2022
11,Linear interpolation,2022-11-25T10:00:00+00:00,32,6,1.0,0.2857142857142858,November-December 2022
11,Linear interpolation,2022-11-25T11:00:00+00:00,32,6,1.0,0.7142857142857142,November-December 2022
11,Linear interpolation,2022-11-25T12:00:00+00:00,32,6,2.0,1.1428571428571428,November-December 2022
11,Linear interpolation,2022-11-25T13:00:00+00:00,32,6,-4.0,1.5714285714285716,November-December 2022
11,Linear interpolation,2022-11-25T07:00:00+00:00,59,6,-2.9,1.1571428571428573,November-December 2022
11,Linear interpolation,2022-11-25T08:00:00+00:00,59,6,0.8,1.2142857142857144,November-December 2022
11,Linear interpolation,2022-11-25T09:00:00+00:00,59,6,3.9,1.2714285714285716,November-December 2022
11,Linear interpolation,2022-11-25T10:00:00+00:00,59,6,-0.3,1.3285714285714283,November-December 2022
11,Linear interpolation,2022-11-25T11:00:00+00:00,59,6,1.8,1.3857142857142857,November-December 2022
11,Linear interpolation,2022-11-25T12:00:00+00:00,59,6,2.0,1.4428571428571428,November-December 2022
11,Linear interpolation,2022-11-25T12:00:00+00:00,1069,3,-1.0,0.25,November-December 2022
11,Linear interpolation,2022-11-25T13:00:00+00:00,1069,3,0.0,1.5,November-December 2022
11,Linear interpolation,2022-11-25T14:00:00+00:00,1069,3,0.0,2.75,November-December 2022
11,Linear interpolation,2022-11-26T19:00:00+00:00,32,6,8.0,2.571428571428571,November-December 2022
11,Linear interpolation,2022-11-26T20:00:00+00:00,32,6,1.0,3.142857142857143,November-December 2022
11,Linear interpolation,2022-11-26T21:00:00+00:00,32,6,-1.0,3.7142857142857135,November-December 2022
11,Linear interpolation,2022-11-26T22:00:00+00:00,32,6,1.0,4.285714285714286,November-December 2022
11,Linear interpolation,2022-11-26T23:00:00+00:00,32,6,3.0,4.857142857142858,November-December 2022
11,Linear interpolation,2022-11-27T00:00:00+00:00,32,6,-3.0,5.428571428571429,November-December 2022
11,Linear interpolation,2022-11-26T16:00:00+00:00,59,3,-1.1,-0.55,November-December 2022
11,Linear interpolation,2022-11-26T17:00:00+00:00,59,3,-2.1,-1.2,November-December 2022
11,Linear interpolation,2022-11-26T18:00:00+00:00,59,3,0.9,-1.85,November-December 2022
11,Linear interpolation,2022-11-27T01:00:00+00:00,1069,1,-3.0,6.0,November-December 2022
11,Linear interpolation,2022-11-27T10:00:00+00:00,32,6,2.0,7.0,November-December 2022
11,Linear interpolation,2022-11-27T11:00:00+00:00,32,6,4.0,8.0,November-December 2022
11,Linear interpolation,2022-11-27T12:00:00+00:00,32,6,4.0,9.0,November-December 2022
11,Linear interpolation,2022-11-27T13:00:00+00:00,32,6,-2.0,10.0,November-December 2022
11,Linear interpolation,2022-11-27T14:00:00+00:00,32,6,-2.0,11.0,November-December 2022
11,Linear interpolation,2022-11-27T15:00:00+00:00,32,6,5.0,12.0,November-December 2022
11,Linear interpolation,2022-11-27T13:00:00+00:00,59,1,-3.0,3.3,November-December 2022
11,Linear interpolation,2022-11-27T12:00:00+00:00,1069,3,8.0,14.25,November-December 2022
11,Linear interpolation,2022-11-27T13:00:00+00:00,1069,3,4.0,15.5,November-December 2022
11,Linear interpolation,2022-11-27T14:00:00+00:00,1069,3,21.0,16.75,November-December 2022
11,Linear interpolation,2022-11-29T02:00:00+00:00,32,3,8.0,2.75,November-December 2022
11,Linear interpolation,2022-11-29T03:00:00+00:00,32,3,5.0,4.5,November-December 2022
11,Linear interpolation,2022-11-29T04:00:00+00:00,32,3,1.0,6.25,November-December 2022
11,Linear interpolation,2022-11-29T01:00:00+00:00,59,3,2.1,1.425,November-December 2022
11,Linear interpolation,2022-11-29T02:00:00+00:00,59,3,1.8,3.35,November-December 2022
11,Linear interpolation,2022-11-29T03:00:00+00:00,59,3,2.2,5.275,November-December 2022
11,Linear interpolation,2022-11-28T13:00:00+00:00,1069,3,7.0,13.75,November-December 2022
11,Linear interpolation,2022-11-28T14:00:00+00:00,1069,3,24.0,12.5,November-December 2022
11,Linear interpolation,2022-11-28T15:00:00+00:00,1069,3,13.0,11.25,November-December 2022
11,Linear interpolation,2022-11-29T14:00:00+00:00,32,6,13.0,10.428571428571429,November-December 2022
11,Linear interpolation,2022-11-29T15:00:00+00:00,32,6,12.0,10.857142857142858,November-December 2022
11,Linear interpolation,2022-11-29T16:00:00+00:00,32,6,11.0,11.285714285714286,November-December 2022
11,Linear interpolation,2022-11-29T17:00:00+00:00,32,6,15.0,11.714285714285714,November-December 2022
11,Linear interpolation,2022-11-29T18:00:00+00:00,32,6,6.0,12.142857142857142,November-December 2022
11,Linear interpolation,2022-11-29T19:00:00+00:00,32,6,11.0,12.571428571428571,November-December 2022
11,Linear interpolation,2022-11-29T12:00:00+00:00,59,6,8.9,10.157142857142857,November-December 2022
11,Linear interpolation,2022-11-29T13:00:00+00:00,59,6,11.5,9.914285714285716,November-December 2022
11,Linear interpolation,2022-11-29T14:00:00+00:00,59,6,9.2,9.67142857142857,November-December 2022
11,Linear interpolation,2022-11-29T15:00:00+00:00,59,6,13.7,9.428571428571429,November-December 2022
11,Linear interpolation,2022-11-29T16:00:00+00:00,59,6,11.4,9.185714285714283,November-December 2022
11,Linear interpolation,2022-11-29T17:00:00+00:00,59,6,7.9,8.942857142857143,November-December 2022
11,Linear interpolation,2022-11-29T19:00:00+00:00,1069,6,11.0,10.0,November-December 2022
11,Linear interpolation,2022-11-29T20:00:00+00:00,1069,6,9.0,10.0,November-December 2022
11,Linear interpolation,2022-11-29T21:00:00+00:00,1069,6,12.0,10.0,November-December 2022
11,Linear interpolation,2022-11-29T22:00:00+00:00,1069,6,9.0,10.0,November-December 2022
11,Linear interpolation,2022-11-29T23:00:00+00:00,1069,6,7.0,10.0,November-December 2022
11,Linear interpolation,2022-11-30T00:00:00+00:00,1069,6,9.0,10.0,November-December 2022
11,Linear interpolation,2022-11-30T16:00:00+00:00,32,6,3.0,2.0,November-December 2022
11,Linear interpolation,2022-11-30T17:00:00+00:00,32,6,4.0,2.0,November-December 2022
11,Linear interpolation,2022-11-30T18:00:00+00:00,32,6,4.0,2.0,November-December 2022
11,Linear interpolation,2022-11-30T19:00:00+00:00,32,6,0.0,2.0,November-December 2022
11,Linear interpolation,2022-11-30T20:00:00+00:00,32,6,5.0,2.0,November-December 2022
11,Linear interpolation,2022-11-30T21:00:00+00:00,32,6,1.0,2.0,November-December 2022
11,Linear interpolation,2022-11-30T08:00:00+00:00,59,1,3.2,5.8,November-December 2022
11,Linear interpolation,2022-11-30T15:00:00+00:00,1069,3,8.0,6.75,November-December 2022
11,Linear interpolation,2022-11-30T16:00:00+00:00,1069,3,6.0,7.5,November-December 2022
11,Linear interpolation,2022-11-30T17:00:00+00:00,1069,3,4.0,8.25,November-December 2022
11,Linear interpolation,2022-12-01T11:00:00+00:00,32,6,3.0,4.0,November-December 2022
11,Linear interpolation,2022-12-01T12:00:00+00:00,32,6,6.0,5.0,November-December 2022
11,Linear interpolation,2022-12-01T13:00:00+00:00,32,6,2.0,6.0,November-December 2022
11,Linear interpolation,2022-12-01T14:00:00+00:00,32,6,1.0,7.0,November-December 2022
11,Linear interpolation,2022-12-01T15:00:00+00:00,32,6,4.0,8.0,November-December 2022
11,Linear interpolation,2022-12-01T16:00:00+00:00,32,6,4.0,9.0,November-December 2022
11,Linear interpolation,2022-12-02T01:00:00+00:00,59,1,5.5,4.6,November-December 2022
11,Linear interpolation,2022-12-01T23:00:00+00:00,1069,1,8.0,7.5,November-December 2022
11,Linear interpolation,2022-12-02T19:00:00+00:00,32,1,5.0,4.5,November-December 2022
11,Linear interpolation,2022-12-02T21:00:00+00:00,59,1,4.9,2.25,November-December 2022
11,Linear interpolation,2022-12-02T18:00:00+00:00,1069,6,10.0,11.857142857142858,November-December 2022
11,Linear interpolation,2022-12-02T19:00:00+00:00,1069,6,9.0,11.714285714285714,November-December 2022
11,Linear interpolation,2022-12-02T20:00:00+00:00,1069,6,7.0,11.571428571428571,November-December 2022
11,Linear interpolation,2022-12-02T21:00:00+00:00,1069,6,8.0,11.428571428571429,November-December 2022
11,Linear interpolation,2022-12-02T22:00:00+00:00,1069,6,6.0,11.285714285714286,November-December 2022
11,Linear interpolation,2022-12-02T23:00:00+00:00,1069,6,5.0,11.142857142857142,November-December 2022
11,Linear interpolation,2022-12-03T20:00:00+00:00,32,6,7.0,6.714285714285714,November-December 2022
11,Linear interpolation,2022-12-03T21:00:00+00:00,32,6,4.0,6.428571428571429,November-December 2022
11,Linear interpolation,2022-12-03T22:00:00+00:00,32,6,5.0,6.142857142857143,November-December 2022
11,Linear interpolation,2022-12-03T23:00:00+00:00,32,6,6.0,5.857142857142858,November-December 2022
11,Linear interpolation,2022-12-04T00:00:00+00:00,32,6,3.0,5.571428571428571,November-December 2022
11,Linear interpolation,2022-12-04T01:00:00+00:00,32,6,3.0,5.285714285714286,November-December 2022
11,Linear interpolation,2022-12-04T01:00:00+00:00,59,3,5.2,4.8,November-December 2022
11,Linear interpolation,2022-12-04T02:00:00+00:00,59,3,4.7,4.5,November-December 2022
11,Linear interpolation,2022-12-04T03:00:00+00:00,59,3,6.3,4.2,November-December 2022
11,Linear interpolation,2022-12-03T09:00:00+00:00,1069,3,4.0,0.5,November-December 2022
11,Linear interpolation,2022-12-03T10:00:00+00:00,1069,3,3.0,2.0,November-December 2022
11,Linear interpolation,2022-12-03T11:00:00+00:00,1069,3,1.0,3.5,November-December 2022
11,Linear interpolation,2022-12-04T19:00:00+00:00,32,3,5.0,4.75,November-December 2022
11,Linear interpolation,2022-12-04T20:00:00+00:00,32,3,7.0,5.5,November-December 2022
11,Linear interpolation,2022-12-04T21:00:00+00:00,32,3,4.0,6.25,November-December 2022
11,Linear interpolation,2022-12-04T10:00:00+00:00,59,1,3.4,4.6,November-December 2022
11,Linear interpolation,2022-12-04T15:00:00+00:00,1069,3,8.0,2.5,November-December 2022
11,Linear interpolation,2022-12-04T16:00:00+00:00,1069,3,5.0,4.0,November-December 2022
11,Linear interpolation,2022-12-04T17:00:00+00:00,1069,3,6.0,5.5,November-December 2022
11,Linear interpolation,2022-12-05T22:00:00+00:00,32,3,5.0,4.75,November-December 2022
11,Linear interpolation,2022-12-05T23:00:00+00:00,32,3,4.0,4.5,November-December 2022
11,Linear interpolation,2022-12-06T00:00:00+00:00,32,3,9.0,4.25,November-December 2022
11,Linear interpolation,2022-12-05T23:00:00+00:00,59,6,6.9,6.114285714285714,November-December 2022
11,Linear interpolation,2022-12-06T00:00:00+00:00,59,6,4.4,5.728571428571429,November-December 2022
11,Linear interpolation,2022-12-06T01:00:00+00:00,59,6,3.5,5.342857142857143,November-December 2022
11,Linear interpolation,2022-12-06T02:00:00+00:00,59,6,6.6,4.957142857142857,November-December 2022
11,Linear interpolation,2022-12-06T03:00:00+00:00,59,6,4.2,4.571428571428571,November-December 2022
11,Linear interpolation,2022-12-06T04:00:00+00:00,59,6,4.5,4.185714285714285,November-December 2022
11,Linear interpolation,2022-12-05T23:00:00+00:00,1069,1,6.0,6.0,November-December 2022
11,Linear interpolation,2022-12-06T07:00:00+00:00,32,3,4.0,5.5,November-December 2022
11,Linear interpolation,2022-12-06T08:00:00+00:00,32,3,6.0,5.0,November-December 2022
11,Linear interpolation,2022-12-06T09:00:00+00:00,32,3,5.0,4.5,November-December 2022
11,Linear interpolation,2022-12-06T14:00:00+00:00,59,1,4.0,5.95,November-December 2022
11,Linear interpolation,2022-12-06T09:00:00+00:00,1069,3,11.0,11.25,November-December 2022
11,Linear interpolation,2022-12-06T10:00:00+00:00,1069,3,10.0,9.5,November-December 2022
11,Linear interpolation,2022-12-06T11:00:00+00:00,1069,3,9.0,7.75,November-December 2022
11,Linear interpolation,2022-12-08T02:00:00+00:00,32,3,9.0,12.75,November-December 2022
11,Linear interpolation,2022-12-08T03:00:00+00:00,32,3,5.0,11.5,November-December 2022
11,Linear interpolation,2022-12-08T04:00:00+00:00,32,3,6.0,10.25,November-December 2022
11,Linear interpolation,2022-12-07T10:00:00+00:00,59,1,12.3,9.85,November-December 2022
11,Linear interpolation,2022-12-07T11:00:00+00:00,1069,6,9.0,11.0,November-December 2022
11,Linear interpolation,2022-12-07T12:00:00+00:00,1069,6,12.0,12.0,November-December 2022
11,Linear interpolation,2022-12-07T13:00:00+00:00,1069,6,12.0,13.0,November-December 2022
11,Linear interpolation,2022-12-07T14:00:00+00:00,1069,6,12.0,14.0,November-December 2022
11,Linear interpolation,2022-12-07T15:00:00+00:00,1069,6,17.0,15.0,November-December 2022
11,Linear interpolation,2022-12-07T16:00:00+00:00,1069,6,15.0,16.0,November-December 2022
11,Linear interpolation,2022-12-08T08:00:00+00:00,32,6,10.0,10.571428571428571,November-December 2022
11,Linear interpolation,2022-12-08T09:00:00+00:00,32,6,11.0,10.142857142857142,November-December 2022
11,Linear interpolation,2022-12-08T10:00:00+00:00,32,6,12.0,9.714285714285714,November-December 2022
11,Linear interpolation,2022-12-08T11:00:00+00:00,32,6,14.0,9.285714285714286,November-December 2022
11,Linear interpolation,2022-12-08T12:00:00+00:00,32,6,14.0,8.857142857142858,November-December 2022
11,Linear interpolation,2022-12-08T13:00:00+00:00,32,6,12.0,8.428571428571429,November-December 2022
11,Linear interpolation,2022-12-08T08:00:00+00:00,59,6,6.7,6.314285714285714,November-December 2022
11,Linear interpolation,2022-12-08T09:00:00+00:00,59,6,8.7,7.128571428571428,November-December 2022
11,Linear interpolation,2022-12-08T10:00:00+00:00,59,6,6.9,7.942857142857143,November-December 2022
11,Linear interpolation,2022-12-08T11:00:00+00:00,59,6,9.1,8.757142857142856,November-December 2022
11,Linear interpolation,2022-12-08T12:00:00+00:00,59,6,5.7,9.571428571428571,November-December 2022
11,Linear interpolation,2022-12-08T13:00:00+00:00,59,6,10.8,10.385714285714286,November-December 2022
11,Linear interpolation,2022-12-09T00:00:00+00:00,1069,3,14.0,12.0,November-December 2022
11,Linear interpolation,2022-12-09T01:00:00+00:00,1069,3,13.0,11.0,November-December 2022
11,Linear interpolation,2022-12-09T02:00:00+00:00,1069,3,11.0,10.0,November-December 2022
11,Linear interpolation,2022-12-09T19:00:00+00:00,32,3,18.0,20.0,November-December 2022
11,Linear interpolation,2022-12-09T20:00:00+00:00,32,3,19.0,20.0,November-December 2022
11,Linear interpolation,2022-12-09T21:00:00+00:00,32,3,17.0,20.0,November-December 2022
11,Linear interpolation,2022-12-09T10:00:00+00:00,59,1,13.3,9.35,November-December 2022
11,Linear interpolation,2022-12-09T17:00:00+00:00,1069,1,17.0,17.0,November-December 2022
11,Linear interpolation,2022-12-10T08:00:00+00:00,32,3,7.0,6.0,November-December 2022
11,Linear interpolation,2022-12-10T09:00:00+00:00,32,3,5.0,6.0,November-December 2022
11,Linear interpolation,2022-12-10T10:00:00+00:00,32,3,6.0,6.0,November-December 2022
11,Linear interpolation,2022-12-10T20:00:00+00:00,59,1,2.2,4.1,November-December 2022
11,Linear interpolation,2022-12-10T11:00:00+00:00,1069,3,3.0,4.0,November-December 2022
11,Linear interpolation,2022-12-10T12:00:00+00:00,1069,3,7.0,5.0,November-December 2022
11,Linear interpolation,2022-12-10T13:00:00+00:00,1069,3,5.0,6.0,November-December 2022
11,Linear interpolation,2022-12-11T07:00:00+00:00,32,1,8.0,5.0,November-December 2022
11,Linear interpolation,2022-12-11T09:00:00+00:00,59,3,-1.2,4.275,November-December 2022
11,Linear interpolation,2022-12-11T10:00:00+00:00,59,3,1.6,4.15,November-December 2022
11,Linear interpolation,2022-12-11T11:00:00+00:00,59,3,4.4,4.025,November-December 2022
11,Linear interpolation,2022-12-11T16:00:00+00:00,1069,6,5.0,5.571428571428571,November-December 2022
11,Linear interpolation,2022-12-11T17:00:00+00:00,1069,6,5.0,5.142857142857143,November-December 2022
11,Linear interpolation,2022-12-11T18:00:00+00:00,1069,6,7.0,4.714285714285714,November-December 2022
11,Linear interpolation,2022-12-11T19:00:00+00:00,1069,6,6.0,4.285714285714286,November-December 2022
11,Linear interpolation,2022-12-11T20:00:00+00:00,1069,6,5.0,3.857142857142857,November-December 2022
11,Linear interpolation,2022-12-11T21:00:00+00:00,1069,6,3.0,3.4285714285714284,November-December 2022
11,Linear interpolation,2022-12-12T21:00:00+00:00,32,1,9.0,13.0,November-December 2022
11,Linear interpolation,2022-12-12T14:00:00+00:00,59,1,10.0,10.0,November-December 2022
11,Linear interpolation,2022-12-12T19:00:00+00:00,1069,3,15.0,12.5,November-December 2022
11,Linear interpolation,2022-12-12T20:00:00+00:00,1069,3,14.0,12.0,November-December 2022
11,Linear interpolation,2022-12-12T21:00:00+00:00,1069,3,11.0,11.5,November-December 2022
11,Linear interpolation,2022-12-13T14:00:00+00:00,32,1,9.0,7.5,November-December 2022
11,Linear interpolation,2022-12-13T09:00:00+00:00,59,1,8.5,5.8,November-December 2022
11,Linear interpolation,2022-12-13T13:00:00+00:00,1069,1,8.0,6.5,November-December 2022
11,Linear interpolation,2022-12-14T13:00:00+00:00,32,6,0.0,-0.4285714285714286,November-December 2022
11,Linear interpolation,2022-12-14T14:00:00+00:00,32,6,2.0,0.1428571428571428,November-December 2022
11,Linear interpolation,2022-12-14T15:00:00+00:00,32,6,1.0,0.7142857142857142,November-December 2022
11,Linear interpolation,2022-12-14T16:00:00+00:00,32,6,6.0,1.2857142857142856,November-December 2022
11,Linear interpolation,2022-12-14T17:00:00+00:00,32,6,4.0,1.8571428571428568,November-December 2022
11,Linear interpolation,2022-12-14T18:00:00+00:00,32,6,1.0,2.4285714285714284,November-December 2022
11,Linear interpolation,2022-12-15T03:00:00+00:00,59,1,2.7,1.4,November-December 2022
11,Linear interpolation,2022-12-14T09:00:00+00:00,1069,3,3.0,2.75,November-December 2022
11,Linear interpolation,2022-12-14T10:00:00+00:00,1069,3,3.0,2.5,November-December 2022
11,Linear interpolation,2022-12-14T11:00:00+00:00,1069,3,1.0,2.25,November-December 2022
11,Linear interpolation,2022-12-15T08:00:00+00:00,32,1,5.0,1.0,November-December 2022
11,Linear interpolation,2022-12-15T16:00:00+00:00,59,6,4.4,1.4285714285714286,November-December 2022
11,Linear interpolation,2022-12-15T17:00:00+00:00,59,6,6.9,1.2571428571428571,November-December 2022
11,Linear interpolation,2022-12-15T18:00:00+00:00,59,6,2.2,1.085714285714286,November-December 2022
11,Linear interpolation,2022-12-15T19:00:00+00:00,59,6,6.1,0.9142857142857144,November-December 2022
11,Linear interpolation,2022-12-15T20:00:00+00:00,59,6,3.2,0.7428571428571428,November-December 2022
11,Linear interpolation,2022-12-15T21:00:00+00:00,59,6,1.5,0.5714285714285714,November-December 2022
11,Linear interpolation,2022-12-15T23:00:00+00:00,1069,6,-4.0,2.571428571428572,November-December 2022
11,Linear interpolation,2022-12-16T00:00:00+00:00,1069,6,1.0,2.142857142857143,November-December 2022
11,Linear interpolation,2022-12-16T01:00:00+00:00,1069,6,3.0,1.7142857142857142,November-December 2022
11,Linear interpolation,2022-12-16T02:00:00+00:00,1069,6,6.0,1.2857142857142858,November-December 2022
11,Linear interpolation,2022-12-16T03:00:00+00:00,1069,6,7.0,0.8571428571428572,November-December 2022
11,Linear interpolation,2022-12-16T04:00:00+00:00,1069,6,10.0,0.4285714285714284,November-December 2022
11,Linear interpolation,2022-12-17T01:00:00+00:00,32,3,3.0,2.5,November-December 2022
11,Linear interpolation,2022-12-17T02:00:00+00:00,32,3,3.0,3.0,November-December 2022
11,Linear interpolation,2022-12-17T03:00:00+00:00,32,3,3.0,3.5,November-December 2022
11,Linear interpolation,2022-12-16T21:00:00+00:00,59,3,7.3,-0.2,November-December 2022
11,Linear interpolation,2022-12-16T22:00:00+00:00,59,3,-1.5,-0.4,November-December 2022
11,Linear interpolation,2022-12-16T23:00:00+00:00,59,3,-2.4,-0.6000000000000001,November-December 2022
11,Linear interpolation,2022-12-16T08:00:00+00:00,1069,6,7.0,4.0,November-December 2022
11,Linear interpolation,2022-12-16T09:00:00+00:00,1069,6,10.0,5.0,November-December 2022
11,Linear interpolation,2022-12-16T10:00:00+00:00,1069,6,9.0,6.0,November-December 2022
11,Linear interpolation,2022-12-16T11:00:00+00:00,1069,6,10.0,7.0,November-December 2022
11,Linear interpolation,2022-12-16T12:00:00+00:00,1069,6,12.0,8.0,November-December 2022
11,Linear interpolation,2022-12-16T13:00:00+00:00,1069,6,7.0,9.0,November-December 2022
11,Linear interpolation,2022-12-17T20:00:00+00:00,32,6,-1.0,4.857142857142858,November-December 2022
11,Linear interpolation,2022-12-17T21:00:00+00:00,32,6,0.0,6.714285714285714,November-December 2022
11,Linear interpolation,2022-12-17T22:00:00+00:00,32,6,4.0,8.571428571428571,November-December 2022
11,Linear interpolation,2022-12-17T23:00:00+00:00,32,6,1.0,10.428571428571429,November-December 2022
11,Linear interpolation,2022-12-18T00:00:00+00:00,32,6,3.0,12.285714285714286,November-December 2022
11,Linear interpolation,2022-12-18T01:00:00+00:00,32,6,16.0,14.142857142857142,November-December 2022
11,Linear interpolation,2022-12-17T18:00:00+00:00,59,6,-0.8,4.328571428571428,November-December 2022
11,Linear interpolation,2022-12-17T19:00:00+00:00,59,6,0.8,4.557142857142857,November-December 2022
11,Linear interpolation,2022-12-17T20:00:00+00:00,59,6,0.8,4.785714285714286,November-December 2022
11,Linear interpolation,2022-12-17T21:00:00+00:00,59,6,2.7,5.014285714285714,November-December 2022
11,Linear interpolation,2022-12-17T22:00:00+00:00,59,6,3.0,5.242857142857143,November-December 2022
11,Linear interpolation,2022-12-17T23:00:00+00:00,59,6,-2.0,5.471428571428572,November-December 2022
11,Linear interpolation,2022-12-17T09:00:00+00:00,1069,3,2.0,2.0,November-December 2022
11,Linear interpolation,2022-12-17T10:00:00+00:00,1069,3,2.0,3.0,November-December 2022
11,Linear interpolation,2022-12-17T11:00:00+00:00,1069,3,4.0,4.0,November-December 2022
11,Linear interpolation,2022-12-18T14:00:00+00:00,32,6,7.0,7.142857142857143,November-December 2022
11,Linear interpolation,2022-12-18T15:00:00+00:00,32,6,9.0,6.285714285714286,November-December 2022
11,Linear interpolation,2022-12-18T16:00:00+00:00,32,6,8.0,5.428571428571429,November-December 2022
11,Linear interpolation,2022-12-18T17:00:00+00:00,32,6,5.0,4.571428571428571,November-December 2022
11,Linear interpolation,2022-12-18T18:00:00+00:00,32,6,6.0,3.7142857142857135,November-December 2022
11,Linear interpolation,2022-12-18T19:00:00+00:00,32,6,9.0,2.8571428571428568,November-December 2022
11,Linear interpolation,2022-12-18T07:00:00+00:00,59,6,9.0,6.014285714285714,November-December 2022
11,Linear interpolation,2022-12-18T08:00:00+00:00,59,6,6.5,5.828571428571429,November-December 2022
11,Linear interpolation,2022-12-18T09:00:00+00:00,59,6,7.5,5.642857142857143,November-December 2022
11,Linear interpolation,2022-12-18T10:00:00+00:00,59,6,4.7,5.457142857142857,November-December 2022
11,Linear interpolation,2022-12-18T11:00:00+00:00,59,6,7.7,5.271428571428571,November-December 2022
11,Linear interpolation,2022-12-18T12:00:00+00:00,59,6,4.8,5.085714285714286,November-December 2022
11,Linear interpolation,2022-12-18T23:00:00+00:00,1069,3,1.0,3.75,November-December 2022
11,Linear interpolation,2022-12-19T00:00:00+00:00,1069,3,-1.0,4.5,November-December 2022
11,Linear interpolation,2022-12-19T01:00:00+00:00,1069,3,3.0,5.25,November-December 2022
11,Linear interpolation,2022-12-19T21:00:00+00:00,32,3,8.0,5.75,November-December 2022
11,Linear interpolation,2022-12-19T22:00:00+00:00,32,3,7.0,5.5,November-December 2022
11,Linear interpolation,2022-12-19T23:00:00+00:00,32,3,7.0,5.25,November-December 2022
11,Linear interpolation,2022-12-19T23:00:00+00:00,59,3,2.9,2.925,November-December 2022
11,Linear interpolation,2022-12-20T00:00:00+00:00,59,3,2.5,2.35,November-December 2022
11,Linear interpolation,2022-12-20T01:00:00+00:00,59,3,-0.2,1.775,November-December 2022
11,Linear interpolation,2022-12-19T19:00:00+00:00,1069,6,8.0,3.2857142857142856,November-December 2022
11,Linear interpolation,2022-12-19T20:00:00+00:00,1069,6,4.0,3.571428571428571,November-December 2022
11,Linear interpolation,2022-12-19T21:00:00+00:00,1069,6,5.0,3.857142857142857,November-December 2022
11,Linear interpolation,2022-12-19T22:00:00+00:00,1069,6,5.0,4.142857142857142,November-December 2022
11,Linear interpolation,2022-12-19T23:00:00+00:00,1069,6,6.0,4.428571428571429,November-December 2022
11,Linear interpolation,2022-12-20T00:00:00+00:00,1069,6,9.0,4.714285714285714,November-December 2022
11,Linear interpolation,2022-12-20T12:00:00+00:00,32,3,0.0,0.25,November-December 2022
11,Linear interpolation,2022-12-20T13:00:00+00:00,32,3,0.0,0.5,November-December 2022
11,Linear interpolation,2022-12-20T14:00:00+00:00,32,3,-2.0,0.75,November-December 2022
11,Linear interpolation,2022-12-21T00:00:00+00:00,59,1,6.2,3.1,November-December 2022
11,Linear interpolation,2022-12-20T11:00:00+00:00,1069,3,3.0,2.75,November-December 2022
11,Linear interpolation,2022-12-20T12:00:00+00:00,1069,3,5.0,3.5,November-December 2022
11,Linear interpolation,2022-12-20T13:00:00+00:00,1069,3,2.0,4.25,November-December 2022
11,Linear interpolation,2022-12-21T10:00:00+00:00,32,1,13.0,10.5,November-December 2022
11,Linear interpolation,2022-12-21T15:00:00+00:00,59,1,10.5,8.75,November-December 2022
11,Linear interpolation,2022-12-21T17:00:00+00:00,1069,1,21.0,19.0,November-December 2022
11,Linear interpolation,2022-12-22T12:00:00+00:00,32,3,15.0,13.0,November-December 2022
11,Linear interpolation,2022-12-22T13:00:00+00:00,32,3,16.0,12.0,November-December 2022
11,Linear interpolation,2022-12-22T14:00:00+00:00,32,3,11.0,11.0,November-December 2022
11,Linear interpolation,2022-12-22T19:00:00+00:00,59,3,10.1,5.225,November-December 2022
11,Linear interpolation,2022-12-22T20:00:00+00:00,59,3,15.9,3.25,November-December 2022
11,Linear interpolation,2022-12-22T21:00:00+00:00,59,3,3.2,1.2749999999999997,November-December 2022
11,Linear interpolation,2022-12-22T12:00:00+00:00,1069,6,15.0,18.428571428571427,November-December 2022
11,Linear interpolation,2022-12-22T13:00:00+00:00,1069,6,16.0,17.857142857142858,November-December 2022
11,Linear interpolation,2022-12-22T14:00:00+00:00,1069,6,17.0,17.285714285714285,November-December 2022
11,Linear interpolation,2022-12-22T15:00:00+00:00,1069,6,16.0,16.714285714285715,November-December 2022
11,Linear interpolation,2022-12-22T16:00:00+00:00,1069,6,22.0,16.142857142857142,November-December 2022
11,Linear interpolation,2022-12-22T17:00:00+00:00,1069,6,17.0,15.571428571428571,November-December 2022
11,Linear interpolation,2022-12-23T12:00:00+00:00,32,1,1.0,0.5,November-December 2022
11,Linear interpolation,2022-12-23T17:00:00+00:00,59,6,3.0,0.2,November-December 2022
11,Linear interpolation,2022-12-23T18:00:00+00:00,59,6,2.6,0.3,November-December 2022
11,Linear interpolation,2022-12-23T19:00:00+00:00,59,6,1.4,0.4,November-December 2022
11,Linear interpolation,2022-12-23T20:00:00+00:00,59,6,3.2,0.5,November-December 2022
11,Linear interpolation,2022-12-23T21:00:00+00:00,59,6,-0.9,0.6000000000000001,November-December 2022
11,Linear interpolation,2022-12-23T22:00:00+00:00,59,6,2.3,0.7,November-December 2022
11,Linear interpolation,2022-12-23T14:00:00+00:00,1069,1,6.0,3.0,November-December 2022
11,Linear interpolation,2022-12-24T19:00:00+00:00,32,6,1.0,10.571428571428571,November-December 2022
11,Linear interpolation,2022-12-24T20:00:00+00:00,32,6,3.0,12.142857142857142,November-December 2022
11,Linear interpolation,2022-12-24T21:00:00+00:00,32,6,5.0,13.714285714285715,November-December 2022
11,Linear interpolation,2022-12-24T22:00:00+00:00,32,6,6.0,15.285714285714285,November-December 2022
11,Linear interpolation,2022-12-24T23:00:00+00:00,32,6,9.0,16.857142857142858,November-December 2022
11,Linear interpolation,2022-12-25T00:00:00+00:00,32,6,12.0,18.42857142857143,November-December 2022
11,Linear interpolation,2022-12-24T12:00:00+00:00,59,3,0.7,1.375,November-December 2022
11,Linear interpolation,2022-12-24T13:00:00+00:00,59,3,-1.1,0.6499999999999999,November-December 2022
11,Linear interpolation,2022-12-24T14:00:00+00:00,59,3,3.0,-0.0750000000000001,November-December 2022
11,Linear interpolation,2022-12-25T00:00:00+00:00,1069,1,-2.0,13.5,November-December 2022
11,Linear interpolation,2022-12-25T15:00:00+00:00,32,3,12.0,10.5,November-December 2022
11,Linear interpolation,2022-12-25T16:00:00+00:00,32,3,11.0,9.0,November-December 2022
11,Linear interpolation,2022-12-25T17:00:00+00:00,32,3,8.0,7.5,November-December 2022
11,Linear interpolation,2022-12-25T16:00:00+00:00,59,6,12.6,15.1,November-December 2022
11,Linear interpolation,2022-12-25T17:00:00+00:00,59,6,10.6,13.1,November-December 2022
11,Linear interpolation,2022-12-25T18:00:00+00:00,59,6,3.5,11.1,November-December 2022
11,Linear interpolation,2022-12-25T19:00:00+00:00,59,6,6.2,9.1,November-December 2022
11,Linear interpolation,2022-12-25T20:00:00+00:00,59,6,2.4,7.1,November-December 2022
11,Linear interpolation,2022-12-25T21:00:00+00:00,59,6,3.2,5.1,November-December 2022
11,Linear interpolation,2022-12-25T20:00:00+00:00,1069,3,3.0,2.75,November-December 2022
11,Linear interpolation,2022-12-25T21:00:00+00:00,1069,3,1.0,1.5,November-December 2022
11,Linear interpolation,2022-12-25T22:00:00+00:00,1069,3,4.0,0.25,November-December 2022
11,Linear interpolation,2022-12-26T15:00:00+00:00,32,6,7.0,8.428571428571429,November-December 2022
11,Linear interpolation,2022-12-26T16:00:00+00:00,32,6,0.0,7.857142857142858,November-December 2022
11,Linear interpolation,2022-12-26T17:00:00+00:00,32,6,8.0,7.285714285714286,November-December 2022
11,Linear interpolation,2022-12-26T18:00:00+00:00,32,6,7.0,6.714285714285714,November-December 2022
11,Linear interpolation,2022-12-26T19:00:00+00:00,32,6,7.0,6.142857142857142,November-December 2022
11,Linear interpolation,2022-12-26T20:00:00+00:00,32,6,4.0,5.571428571428571,November-December 2022
11,Linear interpolation,2022-12-26T12:00:00+00:00,59,3,3.8,5.7250000000000005,November-December 2022
11,Linear interpolation,2022-12-26T13:00:00+00:00,59,3,1.8,5.550000000000001,November-December 2022
11,Linear interpolation,2022-12-26T14:00:00+00:00,59,3,8.5,5.375,November-December 2022
11,Linear interpolation,2022-12-27T04:00:00+00:00,1069,1,8.0,11.5,November-December 2022
11,Linear interpolation,2022-12-27T09:00:00+00:00,32,1,3.0,6.5,November-December 2022
11,Linear interpolation,2022-12-27T13:00:00+00:00,59,3,2.0,3.2,November-December 2022
11,Linear interpolation,2022-12-27T14:00:00+00:00,59,3,9.7,3.3,November-December 2022
11,Linear interpolation,2022-12-27T15:00:00+00:00,59,3,0.9,3.4,November-December 2022
11,Linear interpolation,2022-12-27T19:00:00+00:00,1069,1,5.0,8.5,November-December 2022
11,Linear interpolation,2022-12-28T07:00:00+00:00,32,6,2.0,5.714285714285714,November-December 2022
11,Linear interpolation,2022-12-28T08:00:00+00:00,32,6,4.0,5.428571428571429,November-December 2022
11,Linear interpolation,2022-12-28T09:00:00+00:00,32,6,6.0,5.142857142857143,November-December 2022
11,Linear interpolation,2022-12-28T10:00:00+00:00,32,6,5.0,4.857142857142858,November-December 2022
11,Linear interpolation,2022-12-28T11:00:00+00:00,32,6,4.0,4.571428571428571,November-December 2022
11,Linear interpolation,2022-12-28T12:00:00+00:00,32,6,4.0,4.285714285714286,November-December 2022
11,Linear interpolation,2022-12-28T10:00:00+00:00,59,3,1.2,1.7,November-December 2022
11,Linear interpolation,2022-12-28T11:00:00+00:00,59,3,3.4,0.8999999999999999,November-December 2022
11,Linear interpolation,2022-12-28T12:00:00+00:00,59,3,3.3,0.0999999999999996,November-December 2022
11,Linear interpolation,2022-12-28T22:00:00+00:00,1069,3,4.0,3.5,November-December 2022
11,Linear interpolation,2022-12-28T23:00:00+00:00,1069,3,1.0,2.0,November-December 2022
11,Linear interpolation,2022-12-29T00:00:00+00:00,1069,3,1.0,0.5,November-December 2022
11,Linear interpolation,2022-12-29T20:00:00+00:00,32,6,13.0,17.714285714285715,November-December 2022
11,Linear interpolation,2022-12-29T21:00:00+00:00,32,6,11.0,15.428571428571429,November-December 2022
11,Linear interpolation,2022-12-29T22:00:00+00:00,32,6,9.0,13.142857142857142,November-December 2022
11,Linear interpolation,2022-12-29T23:00:00+00:00,32,6,11.0,10.857142857142858,November-December 2022
11,Linear interpolation,2022-12-30T00:00:00+00:00,32,6,4.0,8.571428571428571,November-December 2022
11,Linear interpolation,2022-12-30T01:00:00+00:00,32,6,2.0,6.285714285714287,November-December 2022
11,Linear interpolation,2022-12-29T21:00:00+00:00,59,1,13.5,10.5,November-December 2022
11,Linear interpolation,2022-12-30T01:00:00+00:00,1069,3,10.0,4.75,November-December 2022
11,Linear interpolation,2022-12-30T02:00:00+00:00,1069,3,10.0,5.5,November-December 2022
11,Linear interpolation,2022-12-30T03:00:00+00:00,1069,3,9.0,6.25,November-December 2022
11,Linear interpolation,2022-12-30T19:00:00+00:00,32,6,5.0,2.142857142857143,November-December 2022
11,Linear interpolation,2022-12-30T20:00:00+00:00,32,6,-1.0,3.2857142857142856,November-December 2022
11,Linear interpolation,2022-12-30T21:00:00+00:00,32,6,-1.0,4.428571428571429,November-December 2022
11,Linear interpolation,2022-12-30T22:00:00+00:00,32,6,1.0,5.571428571428571,November-December 2022
11,Linear interpolation,2022-12-30T23:00:00+00:00,32,6,4.0,6.714285714285714,November-December 2022
11,Linear interpolation,2022-12-31T00:00:00+00:00,32,6,2.0,7.857142857142857,November-December 2022
11,Linear interpolation,2022-12-30T13:00:00+00:00,59,1,4.3,2.4,November-December 2022
11,Linear interpolation,2022-12-30T19:00:00+00:00,1069,3,3.0,0.5,November-December 2022
11,Linear interpolation,2022-12-30T20:00:00+00:00,1069,3,4.0,2.0,November-December 2022
11,Linear interpolation,2022-12-30T21:00:00+00:00,1069,3,1.0,3.5,November-December 2022
11,Linear interpolation,2022-12-31T12:00:00+00:00,32,6,3.0,4.857142857142857,November-December 2022
11,Linear interpolation,2022-12-31T13:00:00+00:00,32,6,1.0,4.714285714285714,November-December 2022
11,Linear interpolation,2022-12-31T14:00:00+00:00,32,6,0.0,4.571428571428571,November-December 2022
11,Linear interpolation,2022-12-31T15:00:00+00:00,32,6,10.0,4.428571428571429,November-December 2022
11,Linear interpolation,2022-12-31T16:00:00+00:00,32,6,6.0,4.285714285714286,November-December 2022
11,Linear interpolation,2022-12-31T17:00:00+00:00,32,6,4.0,4.142857142857143,November-December 2022
11,Linear interpolation,2022-12-31T21:00:00+00:00,59,3,3.5,1.775,November-December 2022
11,Linear interpolation,2022-12-31T22:00:00+00:00,59,3,0.4,2.35,November-December 2022
11,Linear interpolation,2022-12-31T23:00:00+00:00,59,3,-0.7,2.925,November-December 2022
11,Linear interpolation,2022-12-31T15:00:00+00:00,1069,1,19.0,15.5,November-December 2022
22,Linear interpolation,2022-11-01T18:00:00+00:00,32,6,2.0,6.142857142857143,November-December 2022
22,Linear interpolation,2022-11-01T19:00:00+00:00,32,6,8.0,5.285714285714286,November-December 2022
22,Linear interpolation,2022-11-01T20:00:00+00:00,32,6,11.0,4.428571428571429,November-December 2022
22,Linear interpolation,2022-11-01T21:00:00+00:00,32,6,2.0,3.571428571428572,November-December 2022
22,Linear interpolation,2022-11-01T22:00:00+00:00,32,6,3.0,2.7142857142857144,November-December 2022
22,Linear interpolation,2022-11-01T23:00:00+00:00,32,6,2.0,1.8571428571428568,November-December 2022
22,Linear interpolation,2022-11-01T10:00:00+00:00,59,3,8.5,4.3,November-December 2022
22,Linear interpolation,2022-11-01T11:00:00+00:00,59,3,3.6,5.3,November-December 2022
22,Linear interpolation,2022-11-01T12:00:00+00:00,59,3,2.6,6.3,November-December 2022
22,Linear interpolation,2022-11-01T08:00:00+00:00,1069,6,6.0,3.142857142857143,November-December 2022
22,Linear interpolation,2022-11-01T09:00:00+00:00,1069,6,9.0,4.285714285714286,November-December 2022
22,Linear interpolation,2022-11-01T10:00:00+00:00,1069,6,7.0,5.428571428571429,November-December 2022
22,Linear interpolation,2022-11-01T11:00:00+00:00,1069,6,11.0,6.571428571428571,November-December 2022
22,Linear interpolation,2022-11-01T12:00:00+00:00,1069,6,8.0,7.714285714285714,November-December 2022
22,Linear interpolation,2022-11-01T13:00:00+00:00,1069,6,5.0,8.857142857142858,November-December 2022
22,Linear interpolation,2022-11-02T21:00:00+00:00,32,1,15.0,12.5,November-December 2022
22,Linear interpolation,2022-11-02T17:00:00+00:00,59,1,7.5,8.3,November-December 2022
22,Linear interpolation,2022-11-03T04:00:00+00:00,1069,1,14.0,13.5,November-December 2022
22,Linear interpolation,2022-11-04T01:00:00+00:00,32,1,3.0,2.5,November-December 2022
22,Linear interpolation,2022-11-04T01:00:00+00:00,59,1,4.5,2.05,November-December 2022
22,Linear interpolation,2022-11-03T07:00:00+00:00,1069,1,17.0,16.5,November-December 2022
22,Linear interpolation,2022-11-04T19:00:00+00:00,32,1,12.0,9.5,November-December 2022
22,Linear interpolation,2022-11-04T20:00:00+00:00,59,1,2.7,8.1,November-December 2022
22,Linear interpolation,2022-11-04T08:00:00+00:00,1069,3,2.0,6.0,November-December 2022
22,Linear interpolation,2022-11-04T09:00:00+00:00,1069,3,8.0,6.0,November-December 2022
22,Linear interpolation,2022-11-04T10:00:00+00:00,1069,3,6.0,6.0,November-December 2022
22,Linear interpolation,2022-11-05T16:00:00+00:00,32,3,7.0,7.25,November-December 2022
22,Linear interpolation,2022-11-05T17:00:00+00:00,32,3,7.0,6.5,November-December 2022
22,Linear interpolation,2022-11-05T18:00:00+00:00,32,3,3.0,5.75,November-December 2022
22,Linear interpolation,2022-11-05T12:00:00+00:00,59,6,0.1,3.2,November-December 2022
22,Linear interpolation,2022-11-05T13:00:00+00:00,59,6,0.3,2.9,November-December 2022
22,Linear interpolation,2022-11-05T14:00:00+00:00,59,6,0.0,2.6,November-December 2022
22,Linear interpolation,2022-11-05T15:00:00+00:00,59,6,7.1,2.3,November-December 2022
22,Linear interpolation,2022-11-05T16:00:00+00:00,59,6,3.2,2.0,November-December 2022
22,Linear interpolation,2022-11-05T17:00:00+00:00,59,6,3.8,1.6999999999999995,November-December 2022
22,Linear interpolation,2022-11-05T11:00:00+00:00,1069,1,3.0,4.0,November-December 2022
22,Linear interpolation,2022-11-06T22:00:00+00:00,32,3,1.0,6.75,November-December 2022
22,Linear interpolation,2022-11-06T23:00:00+00:00,32,3,-5.0,7.5,November-December 2022
22,Linear interpolation,2022-11-07T00:00:00+00:00,32,3,3.0,8.25,November-December 2022
22,Linear interpolation,2022-11-06T15:00:00+00:00,59,3,6.0,6.0,November-December 2022
22,Linear interpolation,2022-11-06T16:00:00+00:00,59,3,10.2,5.800000000000001,November-December 2022
22,Linear interpolation,2022-11-06T17:00:00+00:00,59,3,7.9,5.6000000000000005,November-December 2022
22,Linear interpolation,2022-11-06T09:00:00+00:00,1069,3,6.0,8.25,November-December 2022
22,Linear interpolation,2022-11-06T10:00:00+00:00,1069,3,15.0,7.5,November-December 2022
22,Linear interpolation,2022-11-06T11:00:00+00:00,1069,3,15.0,6.75,November-December 2022
22,Linear interpolation,2022-11-07T14:00:00+00:00,32,3,3.0,5.75,November-December 2022
22,Linear interpolation,2022-11-07T15:00:00+00:00,32,3,9.0,6.5,November-December 2022
22,Linear interpolation,2022-11-07T16:00:00+00:00,32,3,12.0,7.25,November-December 2022
22,Linear interpolation,2022-11-08T01:00:00+00:00,59,3,-0.7,1.125,November-December 2022
22,Linear interpolation,2022-11-08T02:00:00+00:00,59,3,3.5,1.25,November-December 2022
22,Linear interpolation,2022-11-08T03:00:00+00:00,59,3,3.6,1.375,November-December 2022
22,Linear interpolation,2022-11-07T15:00:00+00:00,1069,1,9.0,13.0,November-December 2022
22,Linear interpolation,2022-11-08T10:00:00+00:00,32,3,4.0,3.5,November-December 2022
22,Linear interpolation,2022-11-08T11:00:00+00:00,32,3,0.0,5.0,November-December 2022
22,Linear interpolation,2022-11-08T12:00:00+00:00,32,3,7.0,6.5,November-December 2022
22,Linear interpolation,2022-11-08T08:00:00+00:00,59,3,4.0,1.625,November-December 2022
22,Linear interpolation,2022-11-08T09:00:00+00:00,59,3,0.8,2.6500000000000004,November-December 2022
22,Linear interpolation,2022-11-08T10:00:00+00:00,59,3,2.6,3.675,November-December 2022
22,Linear interpolation,2022-11-08T19:00:00+00:00,1069,1,5.0,5.0,November-December 2022
22,Linear interpolation,2022-11-09T20:00:00+00:00,32,3,9.0,4.25,November-December 2022
22,Linear interpolation,2022-11-09T21:00:00+00:00,32,3,0.0,2.5,November-December 2022
22,Linear interpolation,2022-11-09T22:00:00+00:00,32,3,10.0,0.75,November-December 2022
22,Linear interpolation,2022-11-09T14:00:00+00:00,59,6,7.4,2.2,November-December 2022
22,Linear interpolation,2022-11-09T15:00:00+00:00,59,6,7.9,3.1,November-December 2022
22,Linear interpolation,2022-11-09T16:00:00+00:00,59,6,9.2,4.0,November-December 2022
22,Linear interpolation,2022-11-09T17:00:00+00:00,59,6,6.5,4.9,November-December 2022
22,Linear interpolation,2022-11-09T18:00:00+00:00,59,6,-0.5,5.8,November-December 2022
22,Linear interpolation,2022-11-09T19:00:00+00:00,59,6,6.7,6.699999999999999,November-December 2022
22,Linear interpolation,2022-11-09T21:00:00+00:00,1069,6,5.0,8.857142857142858,November-December 2022
22,Linear interpolation,2022-11-09T22:00:00+00:00,1069,6,1.0,7.714285714285714,November-December 2022
22,Linear interpolation,2022-11-09T23:00:00+00:00,1069,6,1.0,6.571428571428571,November-December 2022
22,Linear interpolation,2022-11-10T00:00:00+00:00,1069,6,3.0,5.428571428571429,November-December 2022
22,Linear interpolation,2022-11-10T01:00:00+00:00,1069,6,4.0,4.285714285714286,November-December 2022
22,Linear interpolation,2022-11-10T02:00:00+00:00,1069,6,2.0,3.1428571428571432,November-December 2022
22,Linear interpolation,2022-11-10T18:00:00+00:00,32,1,4.0,8.5,November-December 2022
22,Linear interpolation,2022-11-10T20:00:00+00:00,59,6,1.0,1.5,November-December 2022
22,Linear interpolation,2022-11-10T21:00:00+00:00,59,6,5.2,1.7999999999999998,November-December 2022
22,Linear interpolation,2022-11-10T22:00:00+00:00,59,6,6.7,2.1,November-December 2022
22,Linear interpolation,2022-11-10T23:00:00+00:00,59,6,2.9,2.3999999999999995,November-December 2022
22,Linear interpolation,2022-11-11T00:00:00+00:00,59,6,-1.0,2.7,November-December 2022
22,Linear interpolation,2022-11-11T01:00:00+00:00,59,6,6.4,3.0,November-December 2022
22,Linear interpolation,2022-11-10T19:00:00+00:00,1069,1,4.0,5.5,November-December 2022
22,Linear interpolation,2022-11-11T09:00:00+00:00,32,6,6.0,10.0,November-December 2022
22,Linear interpolation,2022-11-11T10:00:00+00:00,32,6,6.0,10.0,November-December 2022
22,Linear interpolation,2022-11-11T11:00:00+00:00,32,6,11.0,10.0,November-December 2022
22,Linear interpolation,2022-11-11T12:00:00+00:00,32,6,9.0,10.0,November-December 2022
22,Linear interpolation,2022-11-11T13:00:00+00:00,32,6,2.0,10.0,November-December 2022
22,Linear interpolation,2022-11-11T14:00:00+00:00,32,6,5.0,10.0,November-December 2022
22,Linear interpolation,2022-11-11T10:00:00+00:00,59,6,4.4,4.728571428571429,November-December 2022
22,Linear interpolation,2022-11-11T11:00:00+00:00,59,6,3.7,5.157142857142857,November-December 2022
22,Linear interpolation,2022-11-11T12:00:00+00:00,59,6,4.8,5.585714285714285,November-December 2022
22,Linear interpolation,2022-11-11T13:00:00+00:00,59,6,5.6,6.014285714285714,November-December 2022
22,Linear interpolation,2022-11-11T14:00:00+00:00,59,6,3.3,6.442857142857143,November-December 2022
22,Linear interpolation,2022-11-11T15:00:00+00:00,59,6,4.6,6.871428571428572,November-December 2022
22,Linear interpolation,2022-11-11T08:00:00+00:00,1069,3,2.0,5.25,November-December 2022
22,Linear interpolation,2022-11-11T09:00:00+00:00,1069,3,5.0,4.5,November-December 2022
22,Linear interpolation,2022-11-11T10:00:00+00:00,1069,3,1.0,3.75,November-December 2022
22,Linear interpolation,2022-11-12T22:00:00+00:00,32,1,3.0,2.0,November-December 2022
22,Linear interpolation,2022-11-13T01:00:00+00:00,59,1,-1.0,2.2,November-December 2022
22,Linear interpolation,2022-11-12T21:00:00+00:00,1069,3,4.0,0.0,November-December 2022
22,Linear interpolation,2022-11-12T22:00:00+00:00,1069,3,1.0,-1.0,November-December 2022
22,Linear interpolation,2022-11-12T23:00:00+00:00,1069,3,-3.0,-2.0,November-December 2022
22,Linear interpolation,2022-11-13T14:00:00+00:00,32,6,5.0,0.2857142857142857,November-December 2022
22,Linear interpolation,2022-11-13T15:00:00+00:00,32,6,3.0,0.5714285714285714,November-December 2022
22,Linear interpolation,2022-11-13T16:00:00+00:00,32,6,4.0,0.8571428571428571,November-December 2022
22,Linear interpolation,2022-11-13T17:00:00+00:00,32,6,2.0,1.1428571428571428,November-December 2022
22,Linear interpolation,2022-11-13T18:00:00+00:00,32,6,9.0,1.4285714285714286,November-December 2022
22,Linear interpolation,2022-11-13T19:00:00+00:00,32,6,4.0,1.7142857142857142,November-December 2022
22,Linear interpolation,2022-11-13T08:00:00+00:00,59,1,2.6,4.35,November-December 2022
22,Linear interpolation,2022-11-13T09:00:00+00:00,1069,1,3.0,3.0,November-December 2022
22,Linear interpolation,2022-11-14T19:00:00+00:00,32,1,2.0,5.5,November-December 2022
22,Linear interpolation,2022-11-14T20:00:00+00:00,59,3,4.1,2.375,November-December 2022
22,Linear interpolation,2022-11-14T21:00:00+00:00,59,3,2.5,2.75,November-December 2022
22,Linear interpolation,2022-11-14T22:00:00+00:00,59,3,6.0,3.125,November-December 2022
22,Linear interpolation,2022-11-14T07:00:00+00:00,1069,6,2.0,5.142857142857143,November-December 2022
22,Linear interpolation,2022-11-14T08:00:00+00:00,1069,6,0.0,5.285714285714286,November-December 2022
22,Linear interpolation,2022-11-14T09:00:00+00:00,1069,6,5.0,5.428571428571429,November-December 2022
22,Linear interpolation,2022-11-14T10:00:00+00:00,1069,6,5.0,5.571428571428571,November-December 2022
22,Linear interpolation,2022-11-14T11:00:00+00:00,1069,6,7.0,5.714285714285714,November-December 2022
22,Linear interpolation,2022-11-14T12:00:00+00:00,1069,6,4.0,5.857142857142857,November-December 2022
22,Linear interpolation,2022-11-16T02:00:00+00:00,32,3,6.0,11.5,November-December 2022
22,Linear interpolation,2022-11-16T03:00:00+00:00,32,3,8.0,11.0,November-December 2022
22,Linear interpolation,2022-11-16T04:00:00+00:00,32,3,11.0,10.5,November-December 2022
22,Linear interpolation,2022-11-15T22:00:00+00:00,59,3,3.2,-3.575,November-December 2022
22,Linear interpolation,2022-11-15T23:00:00+00:00,59,3,2.1,-0.5499999999999998,November-December 2022
22,Linear interpolation,2022-11-16T00:00:00+00:00,59,3,3.1,2.475,November-December 2022
22,Linear interpolation,2022-11-15T22:00:00+00:00,1069,1,5.0,2.0,November-December 2022
22,Linear interpolation,2022-11-16T23:00:00+00:00,32,6,-1.0,0.2857142857142857,November-December 2022
22,Linear interpolation,2022-11-17T00:00:00+00:00,32,6,2.0,0.5714285714285714,November-December 2022
22,Linear interpolation,2022-11-17T01:00:00+00:00,32,6,1.0,0.8571428571428571,November-December 2022
22,Linear interpolation,2022-11-17T02:00:00+00:00,32,6,1.0,1.1428571428571428,November-December 2022
22,Linear interpolation,2022-11-17T03:00:00+00:00,32,6,1.0,1.4285714285714286,November-December 2022
22,Linear interpolation,2022-11-17T04:00:00+00:00,32,6,2.0,1.7142857142857142,November-December 2022
22,Linear interpolation,2022-11-16T20:00:00+00:00,59,1,5.2,5.6,November-December 2022
22,Linear interpolation,2022-11-16T15:00:00+00:00,1069,6,8.0,6.571428571428571,November-December 2022
22,Linear interpolation,2022-11-16T16:00:00+00:00,1069,6,12.0,6.142857142857143,November-December 2022
22,Linear interpolation,2022-11-16T17:00:00+00:00,1069,6,15.0,5.714285714285714,November-December 2022
22,Linear interpolation,2022-11-16T18:00:00+00:00,1069,6,7.0,5.285714285714286,November-December 2022
22,Linear interpolation,2022-11-16T19:00:00+00:00,1069,6,7.0,4.857142857142858,November-December 2022
22,Linear interpolation,2022-11-16T20:00:00+00:00,1069,6,7.0,4.428571428571429,November-December 2022
22,Linear interpolation,2022-11-17T11:00:00+00:00,32,1,6.0,3.5,November-December 2022
22,Linear interpolation,2022-11-17T20:00:00+00:00,59,3,0.1,1.125,November-December 2022
22,Linear interpolation,2022-11-17T21:00:00+00:00,59,3,3.9,1.75,November-December 2022
22,Linear interpolation,2022-11-17T22:00:00+00:00,59,3,4.6,2.375,November-December 2022
22,Linear interpolation,2022-11-17T18:00:00+00:00,1069,6,6.0,5.0,November-December 2022
22,Linear interpolation,2022-11-17T19:00:00+00:00,1069,6,2.0,5.0,November-December 2022
22,Linear interpolation,2022-11-17T20:00:00+00:00,1069,6,-1.0,5.0,November-December 2022
22,Linear interpolation,2022-11-17T21:00:00+00:00,1069,6,-2.0,5.0,November-December 2022
22,Linear interpolation,2022-11-17T22:00:00+00:00,1069,6,-4.0,5.0,November-December 2022
22,Linear interpolation,2022-11-17T23:00:00+00:00,1069,6,1.0,5.0,November-December 2022
22,Linear interpolation,2022-11-19T02:00:00+00:00,32,3,3.0,5.75,November-December 2022
22,Linear interpolation,2022-11-19T03:00:00+00:00,32,3,7.0,5.5,November-December 2022
22,Linear interpolation,2022-11-19T04:00:00+00:00,32,3,8.0,5.25,November-December 2022
22,Linear interpolation,2022-11-19T01:00:00+00:00,59,3,4.0,4.65,November-December 2022
22,Linear interpolation,2022-11-19T02:00:00+00:00,59,3,-0.3,5.8,November-December 2022
22,Linear interpolation,2022-11-19T03:00:00+00:00,59,3,1.6,6.949999999999999,November-December 2022
22,Linear interpolation,2022-11-18T16:00:00+00:00,1069,3,7.0,7.75,November-December 2022
22,Linear interpolation,2022-11-18T17:00:00+00:00,1069,3,5.0,6.5,November-December 2022
22,Linear interpolation,2022-11-18T18:00:00+00:00,1069,3,3.0,5.25,November-December 2022
22,Linear interpolation,2022-11-19T21:00:00+00:00,32,6,6.0,7.285714285714286,November-December 2022
22,Linear interpolation,2022-11-19T22:00:00+00:00,32,6,9.0,7.571428571428571,November-December 2022
22,Linear interpolation,2022-11-19T23:00:00+00:00,32,6,6.0,7.857142857142857,November-December 2022
22,Linear interpolation,2022-11-20T00:00:00+00:00,32,6,7.0,8.142857142857142,November-December 2022
22,Linear interpolation,2022-11-20T01:00:00+00:00,32,6,9.0,8.428571428571429,November-December 2022
22,Linear interpolation,2022-11-20T02:00:00+00:00,32,6,10.0,8.714285714285714,November-December 2022
22,Linear interpolation,2022-11-20T04:00:00+00:00,59,1,5.7,5.65,November-December 2022
22,Linear interpolation,2022-11-19T16:00:00+00:00,1069,1,7.0,5.5,November-December 2022
22,Linear interpolation,2022-11-20T19:00:00+00:00,32,3,2.0,5.0,November-December 2022
22,Linear interpolation,2022-11-20T20:00:00+00:00,32,3,-2.0,5.0,November-December 2022
22,Linear interpolation,2022-11-20T21:00:00+00:00,32,3,0.0,5.0,November-December 2022
22,Linear interpolation,2022-11-20T17:00:00+00:00,59,6,2.7,3.1142857142857143,November-December 2022
22,Linear interpolation,2022-11-20T18:00:00+00:00,59,6,4.6,3.3285714285714287,November-December 2022
22,Linear interpolation,2022-11-20T19:00:00+00:00,59,6,2.0,3.542857142857143,November-December 2022
22,Linear interpolation,2022-11-20T20:00:00+00:00,59,6,1.7,3.757142857142857,November-December 2022
22,Linear interpolation,2022-11-20T21:00:00+00:00,59,6,2.1,3.971428571428572,November-December 2022
22,Linear interpolation,2022-11-20T22:00:00+00:00,59,6,4.7,4.185714285714286,November-December 2022
22,Linear interpolation,2022-11-20T16:00:00+00:00,1069,3,8.0,2.5,November-December 2022
22,Linear interpolation,2022-11-20T17:00:00+00:00,1069,3,10.0,2.0,November-December 2022
22,Linear interpolation,2022-11-20T18:00:00+00:00,1069,3,6.0,1.5,November-December 2022
22,Linear interpolation,2022-11-21T14:00:00+00:00,32,6,2.0,5.0,November-December 2022
22,Linear interpolation,2022-11-21T15:00:00+00:00,32,6,6.0,5.0,November-December 2022
22,Linear interpolation,2022-11-21T16:00:00+00:00,32,6,9.0,5.0,November-December 2022
22,Linear interpolation,2022-11-21T17:00:00+00:00,32,6,4.0,5.0,November-December 2022
22,Linear interpolation,2022-11-21T18:00:00+00:00,32,6,7.0,5.0,November-December 2022
22,Linear interpolation,2022-11-21T19:00:00+00:00,32,6,7.0,5.0,November-December 2022
22,Linear interpolation,2022-11-21T10:00:00+00:00,59,6,0.9,5.271428571428571,November-December 2022
22,Linear interpolation,2022-11-21T11:00:00+00:00,59,6,3.9,5.342857142857143,November-December 2022
22,Linear interpolation,2022-11-21T12:00:00+00:00,59,6,5.3,5.414285714285715,November-December 2022
22,Linear interpolation,2022-11-21T13:00:00+00:00,59,6,1.7,5.485714285714286,November-December 2022
22,Linear interpolation,2022-11-21T14:00:00+00:00,59,6,3.0,5.557142857142857,November-December 2022
22,Linear interpolation,2022-11-21T15:00:00+00:00,59,6,7.6,5.628571428571429,November-December 2022
22,Linear interpolation,2022-11-21T10:00:00+00:00,1069,1,5.0,7.5,November-December 2022
22,Linear interpolation,2022-11-22T13:00:00+00:00,32,1,8.0,12.0,November-December 2022
22,Linear interpolation,2022-11-22T20:00:00+00:00,59,1,1.5,2.3,November-December 2022
22,Linear interpolation,2022-11-22T18:00:00+00:00,1069,6,9.0,7.142857142857143,November-December 2022
22,Linear interpolation,2022-11-22T19:00:00+00:00,1069,6,7.0,7.285714285714286,November-December 2022
22,Linear interpolation,2022-11-22T20:00:00+00:00,1069,6,7.0,7.428571428571429,November-December 2022
22,Linear interpolation,2022-11-22T21:00:00+00:00,1069,6,11.0,7.571428571428571,November-December 2022
22,Linear interpolation,2022-11-22T22:00:00+00:00,1069,6,7.0,7.714285714285714,November-December 2022
22,Linear interpolation,2022-11-22T23:00:00+00:00,1069,6,8.0,7.857142857142857,November-December 2022
22,Linear interpolation,2022-11-23T20:00:00+00:00,32,6,11.0,20.142857142857142,November-December 2022
22,Linear interpolation,2022-11-23T21:00:00+00:00,32,6,17.0,20.285714285714285,November-December 2022
22,Linear interpolation,2022-11-23T22:00:00+00:00,32,6,14.0,20.428571428571427,November-December 2022
22,Linear interpolation,2022-11-23T23:00:00+00:00,32,6,11.0,20.571428571428573,November-December 2022
22,Linear interpolation,2022-11-24T00:00:00+00:00,32,6,18.0,20.714285714285715,November-December 2022
22,Linear interpolation,2022-11-24T01:00:00+00:00,32,6,23.0,20.857142857142858,November-December 2022
22,Linear interpolation,2022-11-23T12:00:00+00:00,59,3,7.9,8.95,November-December 2022
22,Linear interpolation,2022-11-23T13:00:00+00:00,59,3,10.7,8.8,November-December 2022
22,Linear interpolation,2022-11-23T14:00:00+00:00,59,3,7.0,8.65,November-December 2022
22,Linear interpolation,2022-11-23T18:00:00+00:00,1069,1,17.0,10.5,November-December 2022
22,Linear interpolation,2022-11-24T16:00:00+00:00,32,1,7.0,7.0,November-December 2022
22,Linear interpolation,2022-11-24T10:00:00+00:00,59,1,8.9,7.300000000000001,November-December 2022
22,Linear interpolation,2022-11-24T23:00:00+00:00,1069,6,-2.0,5.142857142857143,November-December 2022
22,Linear interpolation,2022-11-25T00:00:00+00:00,1069,6,-6.0,4.285714285714286,November-December 2022
22,Linear interpolation,2022-11-25T01:00:00+00:00,1069,6,-4.0,3.4285714285714284,November-December 2022
22,Linear interpolation,2022-11-25T02:00:00+00:00,1069,6,-1.0,2.571428571428572,November-December 2022
22,Linear interpolation,2022-11-25T03:00:00+00:00,1069,6,2.0,1.7142857142857144,November-December 2022
22,Linear interpolation,2022-11-25T04:00:00+00:00,1069,6,2.0,0.8571428571428568,November-December 2022
22,Linear interpolation,2022-11-25T14:00:00+00:00,32,1,2.0,-2.5,November-December 2022
22,Linear interpolation,2022-11-25T18:00:00+00:00,59,6,3.2,2.5428571428571427,November-December 2022
22,Linear interpolation,2022-11-25T19:00:00+00:00,59,6,4.2,3.0857142857142854,November-December 2022
22,Linear interpolation,2022-11-25T20:00:00+00:00,59,6,0.6,3.628571428571428,November-December 2022
22,Linear interpolation,2022-11-25T21:00:00+00:00,59,6,2.1,4.171428571428571,November-December 2022
22,Linear interpolation,2022-11-25T22:00:00+00:00,59,6,1.7,4.714285714285714,November-December 2022
22,Linear interpolation,2022-11-25T23:00:00+00:00,59,6,5.7,5.257142857142856,November-December 2022
22,Linear interpolation,2022-11-25T20:00:00+00:00,1069,3,5.0,4.25,November-December 2022
22,Linear interpolation,2022-11-25T21:00:00+00:00,1069,3,4.0,4.5,November-December 2022
22,Linear interpolation,2022-11-25T22:00:00+00:00,1069,3,2.0,4.75,November-December 2022
22,Linear interpolation,2022-11-26T22:00:00+00:00,32,3,1.0,0.75,November-December 2022
22,Linear interpolation,2022-11-26T23:00:00+00:00,32,3,3.0,2.5,November-December 2022
22,Linear interpolation,2022-11-27T00:00:00+00:00,32,3,-3.0,4.25,November-December 2022
22,Linear interpolation,2022-11-26T21:00:00+00:00,59,6,0.3,2.628571428571429,November-December 2022
22,Linear interpolation,2022-11-26T22:00:00+00:00,59,6,2.1,2.257142857142857,November-December 2022
22,Linear interpolation,2022-11-26T23:00:00+00:00,59,6,3.1,1.8857142857142857,November-December 2022
22,Linear interpolation,2022-11-27T00:00:00+00:00,59,6,2.7,1.5142857142857142,November-December 2022
22,Linear interpolation,2022-11-27T01:00:00+00:00,59,6,-1.9,1.1428571428571428,November-December 2022
22,Linear interpolation,2022-11-27T02:00:00+00:00,59,6,2.1,0.7714285714285714,November-December 2022
22,Linear interpolation,2022-11-27T03:00:00+00:00,1069,1,8.0,10.0,November-December 2022
22,Linear interpolation,2022-11-27T13:00:00+00:00,32,3,-2.0,6.25,November-December 2022
22,Linear interpolation,2022-11-27T14:00:00+00:00,32,3,-2.0,8.5,November-December 2022
22,Linear interpolation,2022-11-27T15:00:00+00:00,32,3,5.0,10.75,November-December 2022
22,Linear interpolation,2022-11-27T18:00:00+00:00,59,6,-0.6,4.357142857142858,November-December 2022
22,Linear interpolation,2022-11-27T19:00:00+00:00,59,6,3.5,3.8142857142857145,November-December 2022
22,Linear interpolation,2022-11-27T20:00:00+00:00,59,6,4.3,3.271428571428572,November-December 2022
22,Linear interpolation,2022-11-27T21:00:00+00:00,59,6,2.9,2.7285714285714286,November-December 2022
22,Linear interpolation,2022-11-27T22:00:00+00:00,59,6,0.2,2.185714285714286,November-December 2022
22,Linear interpolation,2022-11-27T23:00:00+00:00,59,6,1.4,1.6428571428571432,November-December 2022
22,Linear interpolation,2022-11-27T12:00:00+00:00,1069,6,8.0,12.0,November-December 2022
22,Linear interpolation,2022-11-27T13:00:00+00:00,1069,6,4.0,11.0,November-December 2022
22,Linear interpolation,2022-11-27T14:00:00+00:00,1069,6,21.0,10.0,November-December 2022
22,Linear interpolation,2022-11-27T15:00:00+00:00,1069,6,18.0,9.0,November-December 2022
22,Linear interpolation,2022-11-27T16:00:00+00:00,1069,6,12.0,8.0,November-December 2022
22,Linear interpolation,2022-11-27T17:00:00+00:00,1069,6,10.0,7.0,November-December 2022
22,Linear interpolation,2022-11-28T12:00:00+00:00,32,3,6.0,4.75,November-December 2022
22,Linear interpolation,2022-11-28T13:00:00+00:00,32,3,4.0,6.5,November-December 2022
22,Linear interpolation,2022-11-28T14:00:00+00:00,32,3,2.0,8.25,November-December 2022
22,Linear interpolation,2022-11-28T20:00:00+00:00,59,6,4.6,5.828571428571428,November-December 2022
22,Linear interpolation,2022-11-28T21:00:00+00:00,59,6,4.4,5.157142857142857,November-December 2022
22,Linear interpolation,2022-11-28T22:00:00+00:00,59,6,6.2,4.485714285714286,November-December 2022
22,Linear interpolation,2022-11-28T23:00:00+00:00,59,6,0.6,3.814285714285714,November-December 2022
22,Linear interpolation,2022-11-29T00:00:00+00:00,59,6,-0.5,3.142857142857143,November-December 2022
22,Linear interpolation,2022-11-29T01:00:00+00:00,59,6,2.1,2.47142857142857,November-December 2022
22,Linear interpolation,2022-11-28T19:00:00+00:00,1069,6,8.0,10.857142857142858,November-December 2022
22,Linear interpolation,2022-11-28T20:00:00+00:00,1069,6,4.0,9.714285714285715,November-December 2022
22,Linear interpolation,2022-11-28T21:00:00+00:00,1069,6,6.0,8.571428571428571,November-December 2022
22,Linear interpolation,2022-11-28T22:00:00+00:00,1069,6,3.0,7.428571428571429,November-December 2022
22,Linear interpolation,2022-11-28T23:00:00+00:00,1069,6,1.0,6.285714285714286,November-December 2022
22,Linear interpolation,2022-11-29T00:00:00+00:00,1069,6,0.0,5.142857142857143,November-December 2022
22,Linear interpolation,2022-11-29T21:00:00+00:00,32,3,11.0,11.75,November-December 2022
22,Linear interpolation,2022-11-29T22:00:00+00:00,32,3,8.0,10.5,November-December 2022
22,Linear interpolation,2022-11-29T23:00:00+00:00,32,3,-2.0,9.25,November-December 2022
22,Linear interpolation,2022-11-29T09:00:00+00:00,59,1,13.3,9.35,November-December 2022
22,Linear interpolation,2022-11-29T23:00:00+00:00,1069,6,7.0,9.714285714285714,November-December 2022
22,Linear interpolation,2022-11-30T00:00:00+00:00,1069,6,9.0,10.428571428571429,November-December 2022
22,Linear interpolation,2022-11-30T01:00:00+00:00,1069,6,10.0,11.142857142857142,November-December 2022
22,Linear interpolation,2022-11-30T02:00:00+00:00,1069,6,12.0,11.857142857142858,November-December 2022
22,Linear interpolation,2022-11-30T03:00:00+00:00,1069,6,13.0,12.571428571428571,November-December 2022
22,Linear interpolation,2022-11-30T04:00:00+00:00,1069,6,17.0,13.285714285714285,November-December 2022
22,Linear interpolation,2022-11-30T22:00:00+00:00,32,1,2.0,0.5,November-December 2022
22,Linear interpolation,2022-11-30T14:00:00+00:00,59,6,0.4,-0.6428571428571429,November-December 2022
22,Linear interpolation,2022-11-30T15:00:00+00:00,59,6,-2.3,-0.8857142857142858,November-December 2022
22,Linear interpolation,2022-11-30T16:00:00+00:00,59,6,-0.7,-1.1285714285714286,November-December 2022
22,Linear interpolation,2022-11-30T17:00:00+00:00,59,6,1.9,-1.3714285714285714,November-December 2022
22,Linear interpolation,2022-11-30T18:00:00+00:00,59,6,-0.7,-1.6142857142857143,November-December 2022
22,Linear interpolation,2022-11-30T19:00:00+00:00,59,6,-0.8,-1.8571428571428568,November-December 2022
22,Linear interpolation,2022-12-01T01:00:00+00:00,1069,3,-1.0,1.0,November-December 2022
22,Linear interpolation,2022-12-01T02:00:00+00:00,1069,3,1.0,3.0,November-December 2022
22,Linear interpolation,2022-12-01T03:00:00+00:00,1069,3,3.0,5.0,November-December 2022
22,Linear interpolation,2022-12-01T08:00:00+00:00,32,6,4.0,3.571428571428572,November-December 2022
22,Linear interpolation,2022-12-01T09:00:00+00:00,32,6,0.0,3.142857142857143,November-December 2022
22,Linear interpolation,2022-12-01T10:00:00+00:00,32,6,3.0,2.7142857142857144,November-December 2022
22,Linear interpolation,2022-12-01T11:00:00+00:00,32,6,3.0,2.2857142857142856,November-December 2022
22,Linear interpolation,2022-12-01T12:00:00+00:00,32,6,6.0,1.8571428571428568,November-December 2022
22,Linear interpolation,2022-12-01T13:00:00+00:00,32,6,2.0,1.4285714285714284,November-December 2022
22,Linear interpolation,2022-12-01T12:00:00+00:00,59,6,-0.6,3.871428571428571,November-December 2022
22,Linear interpolation,2022-12-01T13:00:00+00:00,59,6,0.6,3.842857142857143,November-December 2022
22,Linear interpolation,2022-12-01T14:00:00+00:00,59,6,1.6,3.8142857142857145,November-December 2022
22,Linear interpolation,2022-12-01T15:00:00+00:00,59,6,3.9,3.7857142857142856,November-December 2022
22,Linear interpolation,2022-12-01T16:00:00+00:00,59,6,7.4,3.757142857142857,November-December 2022
22,Linear interpolation,2022-12-01T17:00:00+00:00,59,6,2.3,3.7285714285714286,November-December 2022
22,Linear interpolation,2022-12-01T10:00:00+00:00,1069,1,6.0,8.0,November-December 2022
22,Linear interpolation,2022-12-02T13:00:00+00:00,32,3,8.0,4.0,November-December 2022
22,Linear interpolation,2022-12-02T14:00:00+00:00,32,3,8.0,6.0,November-December 2022
22,Linear interpolation,2022-12-02T15:00:00+00:00,32,3,5.0,8.0,November-December 2022
22,Linear interpolation,2022-12-02T20:00:00+00:00,59,6,3.1,3.7285714285714286,November-December 2022
22,Linear interpolation,2022-12-02T21:00:00+00:00,59,6,4.9,3.757142857142857,November-December 2022
22,Linear interpolation,2022-12-02T22:00:00+00:00,59,6,1.4,3.7857142857142856,November-December 2022
22,Linear interpolation,2022-12-02T23:00:00+00:00,59,6,8.1,3.8142857142857145,November-December 2022
22,Linear interpolation,2022-12-03T00:00:00+00:00,59,6,4.7,3.842857142857143,November-December 2022
22,Linear interpolation,2022-12-03T01:00:00+00:00,59,6,8.7,3.871428571428571,November-December 2022
22,Linear interpolation,2022-12-02T09:00:00+00:00,1069,6,5.0,7.285714285714286,November-December 2022
22,Linear interpolation,2022-12-02T10:00:00+00:00,1069,6,9.0,8.571428571428571,November-December 2022
22,Linear interpolation,2022-12-02T11:00:00+00:00,1069,6,7.0,9.857142857142858,November-December 2022
22,Linear interpolation,2022-12-02T12:00:00+00:00,1069,6,10.0,11.142857142857142,November-December 2022
22,Linear interpolation,2022-12-02T13:00:00+00:00,1069,6,8.0,12.428571428571429,November-December 2022
22,Linear interpolation,2022-12-02T14:00:00+00:00,1069,6,6.0,13.714285714285715,November-December 2022
22,Linear interpolation,2022-12-03T22:00:00+00:00,32,3,5.0,3.75,November-December 2022
22,Linear interpolation,2022-12-03T23:00:00+00:00,32,3,6.0,3.5,November-December 2022
22,Linear interpolation,2022-12-04T00:00:00+00:00,32,3,3.0,3.25,November-December 2022
22,Linear interpolation,2022-12-03T20:00:00+00:00,59,1,6.2,5.55,November-December 2022
22,Linear interpolation,2022-12-03T14:00:00+00:00,1069,1,3.0,0.5,November-December 2022
22,Linear interpolation,2022-12-05T01:00:00+00:00,32,1,9.0,11.5,November-December 2022
22,Linear interpolation,2022-12-04T07:00:00+00:00,59,3,2.6,4.975,November-December 2022
22,Linear interpolation,2022-12-04T08:00:00+00:00,59,3,9.0,4.45,November-December 2022
22,Linear interpolation,2022-12-04T09:00:00+00:00,59,3,1.7,3.925,November-December 2022
22,Linear interpolation,2022-12-04T11:00:00+00:00,1069,3,5.0,4.0,November-December 2022
22,Linear interpolation,2022-12-04T12:00:00+00:00,1069,3,4.0,3.0,November-December 2022
22,Linear interpolation,2022-12-04T13:00:00+00:00,1069,3,9.0,2.0,November-December 2022
22,Linear interpolation,2022-12-05T17:00:00+00:00,32,3,8.0,8.75,November-December 2022
22,Linear interpolation,2022-12-05T18:00:00+00:00,32,3,8.0,6.5,November-December 2022
22,Linear interpolation,2022-12-05T19:00:00+00:00,32,3,1.0,4.25,November-December 2022
22,Linear interpolation,2022-12-05T10:00:00+00:00,59,6,22.5,20.642857142857142,November-December 2022
22,Linear interpolation,2022-12-05T11:00:00+00:00,59,6,25.6,19.38571428571429,November-December 2022
22,Linear interpolation,2022-12-05T12:00:00+00:00,59,6,24.5,18.128571428571423,November-December 2022
22,Linear interpolation,2022-12-05T13:00:00+00:00,59,6,22.3,16.87142857142857,November-December 2022
22,Linear interpolation,2022-12-05T14:00:00+00:00,59,6,21.3,15.614285714285714,November-December 2022
22,Linear interpolation,2022-12-05T15:00:00+00:00,59,6,19.7,14.357142857142856,November-December 2022
22,Linear interpolation,2022-12-05T13:00:00+00:00,1069,6,12.0,12.142857142857142,November-December 2022
22,Linear interpolation,2022-12-05T14:00:00+00:00,1069,6,26.0,11.285714285714286,November-December 2022
22,Linear interpolation,2022-12-05T15:00:00+00:00,1069,6,20.0,10.428571428571429,November-December 2022
22,Linear interpolation,2022-12-05T16:00:00+00:00,1069,6,19.0,9.571428571428571,November-December 2022
22,Linear interpolation,2022-12-05T17:00:00+00:00,1069,6,13.0,8.714285714285715,November-December 2022
22,Linear interpolation,2022-12-05T18:00:00+00:00,1069,6,6.0,7.857142857142857,November-December 2022
22,Linear interpolation,2022-12-07T02:00:00+00:00,32,3,4.0,9.25,November-December 2022
22,Linear interpolation,2022-12-07T03:00:00+00:00,32,3,8.0,7.5,November-December 2022
22,Linear interpolation,2022-12-07T04:00:00+00:00,32,3,5.0,5.75,November-December 2022
22,Linear interpolation,2022-12-06T16:00:00+00:00,59,6,9.8,7.771428571428571,November-December 2022
22,Linear interpolation,2022-12-06T17:00:00+00:00,59,6,6.6,7.642857142857143,November-December 2022
22,Linear interpolation,2022-12-06T18:00:00+00:00,59,6,4.2,7.514285714285714,November-December 2022
22,Linear interpolation,2022-12-06T19:00:00+00:00,59,6,8.4,7.385714285714286,November-December 2022
22,Linear interpolation,2022-12-06T20:00:00+00:00,59,6,8.2,7.257142857142857,November-December 2022
22,Linear interpolation,2022-12-06T21:00:00+00:00,59,6,8.0,7.128571428571429,November-December 2022
22,Linear interpolation,2022-12-06T22:00:00+00:00,1069,1,3.0,5.0,November-December 2022
22,Linear interpolation,2022-12-07T14:00:00+00:00,32,6,16.0,9.857142857142858,November-December 2022
22,Linear interpolation,2022-12-07T15:00:00+00:00,32,6,15.0,9.714285714285714,November-December 2022
22,Linear interpolation,2022-12-07T16:00:00+00:00,32,6,14.0,9.571428571428571,November-December 2022
22,Linear interpolation,2022-12-07T17:00:00+00:00,32,6,13.0,9.428571428571429,November-December 2022
22,Linear interpolation,2022-12-07T18:00:00+00:00,32,6,13.0,9.285714285714286,November-December 2022
22,Linear interpolation,2022-12-07T19:00:00+00:00,32,6,13.0,9.142857142857142,November-December 2022
22,Linear interpolation,2022-12-07T11:00:00+00:00,59,1,10.9,12.35,November-December 2022
22,Linear interpolation,2022-12-07T09:00:00+00:00,1069,3,7.0,8.25,November-December 2022
22,Linear interpolation,2022-12-07T10:00:00+00:00,1069,3,10.0,9.5,November-December 2022
22,Linear interpolation,2022-12-07T11:00:00+00:00,1069,3,9.0,10.75,November-December 2022
22,Linear interpolation,2022-12-08T10:00:00+00:00,32,6,12.0,11.571428571428571,November-December 2022
22,Linear interpolation,2022-12-08T11:00:00+00:00,32,6,14.0,12.142857142857142,November-December 2022
22,Linear interpolation,2022-12-08T12:00:00+00:00,32,6,14.0,12.714285714285714,November-December 2022
22,Linear interpolation,2022-12-08T13:00:00+00:00,32,6,12.0,13.285714285714285,November-December 2022
22,Linear interpolation,2022-12-08T14:00:00+00:00,32,6,8.0,13.857142857142858,November-December 2022
22,Linear interpolation,2022-12-08T15:00:00+00:00,32,6,12.0,14.428571428571429,November-December 2022
22,Linear interpolation,2022-12-08T19:00:00+00:00,59,6,10.9,10.842857142857143,November-December 2022
22,Linear interpolation,2022-12-08T20:00:00+00:00,59,6,7.8,11.585714285714284,November-December 2022
22,Linear interpolation,2022-12-08T21:00:00+00:00,59,6,13.1,12.32857142857143,November-December 2022
22,Linear interpolation,2022-12-08T22:00:00+00:00,59,6,10.3,13.071428571428571,November-December 2022
22,Linear interpolation,2022-12-08T23:00:00+00:00,59,6,10.1,13.814285714285717,November-December 2022
22,Linear interpolation,2022-12-09T00:00:00+00:00,59,6,15.3,14.557142857142855,November-December 2022
22,Linear interpolation,2022-12-08T23:00:00+00:00,1069,6,13.0,11.0,November-December 2022
22,Linear interpolation,2022-12-09T00:00:00+00:00,1069,6,14.0,11.0,November-December 2022
22,Linear interpolation,2022-12-09T01:00:00+00:00,1069,6,13.0,11.0,November-December 2022
22,Linear interpolation,2022-12-09T02:00:00+00:00,1069,6,11.0,11.0,November-December 2022
22,Linear interpolation,2022-12-09T03:00:00+00:00,1069,6,9.0,11.0,November-December 2022
22,Linear interpolation,2022-12-09T04:00:00+00:00,1069,6,11.0,11.0,November-December 2022
22,Linear interpolation,2022-12-09T11:00:00+00:00,32,6,11.0,9.0,November-December 2022
22,Linear interpolation,2022-12-09T12:00:00+00:00,32,6,9.0,10.0,November-December 2022
22,Linear interpolation,2022-12-09T13:00:00+00:00,32,6,14.0,11.0,November-December 2022
22,Linear interpolation,2022-12-09T14:00:00+00:00,32,6,14.0,12.0,November-December 2022
22,Linear interpolation,2022-12-09T15:00:00+00:00,32,6,17.0,13.0,November-December 2022
22,Linear interpolation,2022-12-09T16:00:00+00:00,32,6,19.0,14.0,November-December 2022
22,Linear interpolation,2022-12-09T14:00:00+00:00,59,3,10.6,5.85,November-December 2022
22,Linear interpolation,2022-12-09T15:00:00+00:00,59,3,10.1,7.2,November-December 2022
22,Linear interpolation,2022-12-09T16:00:00+00:00,59,3,9.1,8.55,November-December 2022
22,Linear interpolation,2022-12-09T13:00:00+00:00,1069,6,14.0,11.714285714285714,November-December 2022
22,Linear interpolation,2022-12-09T14:00:00+00:00,1069,6,16.0,12.428571428571429,November-December 2022
22,Linear interpolation,2022-12-09T15:00:00+00:00,1069,6,11.0,13.142857142857142,November-December 2022
22,Linear interpolation,2022-12-09T16:00:00+00:00,1069,6,16.0,13.857142857142858,November-December 2022
22,Linear interpolation,2022-12-09T17:00:00+00:00,1069,6,17.0,14.571428571428571,November-December 2022
22,Linear interpolation,2022-12-09T18:00:00+00:00,1069,6,18.0,15.285714285714285,November-December 2022
22,Linear interpolation,2022-12-10T19:00:00+00:00,32,1,8.0,5.5,November-December 2022
22,Linear interpolation,2022-12-10T07:00:00+00:00,59,3,4.1,2.375,November-December 2022
22,Linear interpolation,2022-12-10T08:00:00+00:00,59,3,0.6,1.85,November-December 2022
22,Linear interpolation,2022-12-10T09:00:00+00:00,59,3,4.4,1.3250000000000002,November-December 2022
22,Linear interpolation,2022-12-10T20:00:00+00:00,1069,6,7.0,3.142857142857143,November-December 2022
22,Linear interpolation,2022-12-10T21:00:00+00:00,1069,6,0.0,4.285714285714286,November-December 2022
22,Linear interpolation,2022-12-10T22:00:00+00:00,1069,6,3.0,5.428571428571429,November-December 2022
22,Linear interpolation,2022-12-10T23:00:00+00:00,1069,6,3.0,6.571428571428571,November-December 2022
22,Linear interpolation,2022-12-11T00:00:00+00:00,1069,6,8.0,7.714285714285714,November-December 2022
22,Linear interpolation,2022-12-11T01:00:00+00:00,1069,6,12.0,8.857142857142858,November-December 2022
22,Linear interpolation,2022-12-11T19:00:00+00:00,32,6,5.0,4.428571428571429,November-December 2022
22,Linear interpolation,2022-12-11T20:00:00+00:00,32,6,4.0,4.857142857142857,November-December 2022
22,Linear interpolation,2022-12-11T21:00:00+00:00,32,6,3.0,5.285714285714286,November-December 2022
22,Linear interpolation,2022-12-11T22:00:00+00:00,32,6,3.0,5.714285714285714,November-December 2022
22,Linear interpolation,2022-12-11T23:00:00+00:00,32,6,7.0,6.142857142857142,November-December 2022
22,Linear interpolation,2022-12-12T00:00:00+00:00,32,6,3.0,6.571428571428571,November-December 2022
22,Linear interpolation,2022-12-11T08:00:00+00:00,59,3,4.4,6.275,November-December 2022
22,Linear interpolation,2022-12-11T09:00:00+00:00,59,3,-1.2,5.65,November-December 2022
22,Linear interpolation,2022-12-11T10:00:00+00:00,59,3,1.6,5.025,November-December 2022
22,Linear interpolation,2022-12-11T21:00:00+00:00,1069,3,3.0,4.0,November-December 2022
22,Linear interpolation,2022-12-11T22:00:00+00:00,1069,3,3.0,3.0,November-December 2022
22,Linear interpolation,2022-12-11T23:00:00+00:00,1069,3,-3.0,2.0,November-December 2022
22,Linear interpolation,2022-12-12T12:00:00+00:00,32,6,10.0,10.0,November-December 2022
22,Linear interpolation,2022-12-12T13:00:00+00:00,32,6,10.0,10.0,November-December 2022
22,Linear interpolation,2022-12-12T14:00:00+00:00,32,6,10.0,10.0,November-December 2022
22,Linear interpolation,2022-12-12T15:00:00+00:00,32,6,8.0,10.0,November-December 2022
22,Linear interpolation,2022-12-12T16:00:00+00:00,32,6,11.0,10.0,November-December 2022
22,Linear interpolation,2022-12-12T17:00:00+00:00,32,6,7.0,10.0,November-December 2022
22,Linear interpolation,2022-12-12T14:00:00+00:00,59,6,10.0,9.542857142857144,November-December 2022
22,Linear interpolation,2022-12-12T15:00:00+00:00,59,6,11.0,10.085714285714284,November-December 2022
22,Linear interpolation,2022-12-12T16:00:00+00:00,59,6,11.6,10.628571428571428,November-December 2022
22,Linear interpolation,2022-12-12T17:00:00+00:00,59,6,10.0,11.17142857142857,November-December 2022
22,Linear interpolation,2022-12-12T18:00:00+00:00,59,6,9.9,11.714285714285715,November-December 2022
22,Linear interpolation,2022-12-12T19:00:00+00:00,59,6,6.2,12.257142857142858,November-December 2022
22,Linear interpolation,2022-12-12T11:00:00+00:00,1069,3,9.0,9.75,November-December 2022
22,Linear interpolation,2022-12-12T12:00:00+00:00,1069,3,9.0,10.5,November-December 2022
22,Linear interpolation,2022-12-12T13:00:00+00:00,1069,3,7.0,11.25,November-December 2022
22,Linear interpolation,2022-12-13T20:00:00+00:00,32,3,17.0,13.75,November-December 2022
22,Linear interpolation,2022-12-13T21:00:00+00:00,32,3,16.0,9.5,November-December 2022
22,Linear interpolation,2022-12-13T22:00:00+00:00,32,3,0.0,5.25,November-December 2022
22,Linear interpolation,2022-12-13T20:00:00+00:00,59,6,13.8,11.157142857142857,November-December 2022
22,Linear interpolation,2022-12-13T21:00:00+00:00,59,6,14.1,9.414285714285716,November-December 2022
22,Linear interpolation,2022-12-13T22:00:00+00:00,59,6,18.6,7.671428571428572,November-December 2022
22,Linear interpolation,2022-12-13T23:00:00+00:00,59,6,12.8,5.928571428571428,November-December 2022
22,Linear interpolation,2022-12-14T00:00:00+00:00,59,6,-0.5,4.185714285714285,November-December 2022
22,Linear interpolation,2022-12-14T01:00:00+00:00,59,6,0.4,2.442857142857143,November-December 2022
22,Linear interpolation,2022-12-13T07:00:00+00:00,1069,6,7.0,9.714285714285714,November-December 2022
22,Linear interpolation,2022-12-13T08:00:00+00:00,1069,6,8.0,9.428571428571429,November-December 2022
22,Linear interpolation,2022-12-13T09:00:00+00:00,1069,6,6.0,9.142857142857142,November-December 2022
22,Linear interpolation,2022-12-13T10:00:00+00:00,1069,6,8.0,8.857142857142858,November-December 2022
22,Linear interpolation,2022-12-13T11:00:00+00:00,1069,6,9.0,8.571428571428571,November-December 2022
22,Linear interpolation,2022-12-13T12:00:00+00:00,1069,6,7.0,8.285714285714286,November-December 2022
22,Linear interpolation,2022-12-14T10:00:00+00:00,32,1,1.0,-2.0,November-December 2022
22,Linear interpolation,2022-12-14T21:00:00+00:00,59,3,-2.3,-0.6499999999999999,November-December 2022
22,Linear interpolation,2022-12-14T22:00:00+00:00,59,3,-2.3,-1.0,November-December 2022
22,Linear interpolation,2022-12-14T23:00:00+00:00,59,3,-4.1,-1.35,November-December 2022
22,Linear interpolation,2022-12-14T09:00:00+00:00,1069,3,3.0,2.75,November-December 2022
22,Linear interpolation,2022-12-14T10:00:00+00:00,1069,3,3.0,2.5,November-December 2022
22,Linear interpolation,2022-12-14T11:00:00+00:00,1069,3,1.0,2.25,November-December 2022
22,Linear interpolation,2022-12-15T16:00:00+00:00,32,3,4.0,7.25,November-December 2022
22,Linear interpolation,2022-12-15T17:00:00+00:00,32,3,6.0,5.5,November-December 2022
22,Linear interpolation,2022-12-15T18:00:00+00:00,32,3,3.0,3.75,November-December 2022
22,Linear interpolation,2022-12-15T21:00:00+00:00,59,1,1.5,1.8,November-December 2022
22,Linear interpolation,2022-12-15T10:00:00+00:00,1069,3,4.0,9.0,November-December 2022
22,Linear interpolation,2022-12-15T11:00:00+00:00,1069,3,2.0,9.0,November-December 2022
22,Linear interpolation,2022-12-15T12:00:00+00:00,1069,3,11.0,9.0,November-December 2022
22,Linear interpolation,2022-12-16T16:00:00+00:00,32,3,2.0,9.0,November-December 2022
22,Linear interpolation,2022-12-16T17:00:00+00:00,32,3,6.0,8.0,November-December 2022
22,Linear interpolation,2022-12-16T18:00:00+00:00,32,3,1.0,7.0,November-December 2022
22,Linear interpolation,2022-12-16T14:00:00+00:00,59,6,0.9,0.5142857142857142,November-December 2022
22,Linear interpolation,2022-12-16T15:00:00+00:00,59,6,4.0,0.4285714285714285,November-December 2022
22,Linear interpolation,2022-12-16T16:00:00+00:00,59,6,3.7,0.3428571428571428,November-December 2022
22,Linear interpolation,2022-12-16T17:00:00+00:00,59,6,0.9,0.2571428571428571,November-December 2022
22,Linear interpolation,2022-12-16T18:00:00+00:00,59,6,3.2,0.1714285714285714,November-December 2022
22,Linear interpolation,2022-12-16T19:00:00+00:00,59,6,3.7,0.0857142857142857,November-December 2022
22,Linear interpolation,2022-12-16T10:00:00+00:00,1069,1,9.0,10.0,November-December 2022
22,Linear interpolation,2022-12-17T20:00:00+00:00,32,6,-1.0,4.857142857142858,November-December 2022
22,Linear interpolation,2022-12-17T21:00:00+00:00,32,6,0.0,6.714285714285714,November-December 2022
22,Linear interpolation,2022-12-17T22:00:00+00:00,32,6,4.0,8.571428571428571,November-December 2022
22,Linear interpolation,2022-12-17T23:00:00+00:00,32,6,1.0,10.428571428571429,November-December 2022
22,Linear interpolation,2022-12-18T00:00:00+00:00,32,6,3.0,12.285714285714286,November-December 2022
22,Linear interpolation,2022-12-18T01:00:00+00:00,32,6,16.0,14.142857142857142,November-December 2022
22,Linear interpolation,2022-12-17T08:00:00+00:00,59,6,4.4,2.2,November-December 2022
22,Linear interpolation,2022-12-17T09:00:00+00:00,59,6,0.6,1.9,November-December 2022
22,Linear interpolation,2022-12-17T10:00:00+00:00,59,6,1.5,1.6,November-December 2022
22,Linear interpolation,2022-12-17T11:00:00+00:00,59,6,-0.8,1.3,November-December 2022
22,Linear interpolation,2022-12-17T12:00:00+00:00,59,6,1.1,1.0,November-December 2022
22,Linear interpolation,2022-12-17T13:00:00+00:00,59,6,-0.9,0.6999999999999997,November-December 2022
22,Linear interpolation,2022-12-18T01:00:00+00:00,1069,1,14.0,11.0,November-December 2022
22,Linear interpolation,2022-12-18T12:00:00+00:00,32,6,12.0,7.714285714285714,November-December 2022
22,Linear interpolation,2022-12-18T13:00:00+00:00,32,6,8.0,7.428571428571429,November-December 2022
22,Linear interpolation,2022-12-18T14:00:00+00:00,32,6,7.0,7.142857142857143,November-December 2022
22,Linear interpolation,2022-12-18T15:00:00+00:00,32,6,9.0,6.857142857142858,November-December 2022
22,Linear interpolation,2022-12-18T16:00:00+00:00,32,6,8.0,6.571428571428571,November-December 2022
22,Linear interpolation,2022-12-18T17:00:00+00:00,32,6,5.0,6.285714285714286,November-December 2022
22,Linear interpolation,2022-12-18T13:00:00+00:00,59,6,4.9,4.414285714285715,November-December 2022
22,Linear interpolation,2022-12-18T14:00:00+00:00,59,6,6.4,4.0285714285714285,November-December 2022
22,Linear interpolation,2022-12-18T15:00:00+00:00,59,6,4.5,3.642857142857143,November-December 2022
22,Linear interpolation,2022-12-18T16:00:00+00:00,59,6,2.9,3.257142857142857,November-December 2022
22,Linear interpolation,2022-12-18T17:00:00+00:00,59,6,-0.6,2.8714285714285714,November-December 2022
22,Linear interpolation,2022-12-18T18:00:00+00:00,59,6,4.7,2.4857142857142858,November-December 2022
22,Linear interpolation,2022-12-18T10:00:00+00:00,1069,6,10.0,7.142857142857143,November-December 2022
22,Linear interpolation,2022-12-18T11:00:00+00:00,1069,6,10.0,7.285714285714286,November-December 2022
22,Linear interpolation,2022-12-18T12:00:00+00:00,1069,6,6.0,7.428571428571429,November-December 2022
22,Linear interpolation,2022-12-18T13:00:00+00:00,1069,6,6.0,7.571428571428571,November-December 2022
22,Linear interpolation,2022-12-18T14:00:00+00:00,1069,6,8.0,7.714285714285714,November-December 2022
22,Linear interpolation,2022-12-18T15:00:00+00:00,1069,6,8.0,7.857142857142857,November-December 2022
22,Linear interpolation,2022-12-20T01:00:00+00:00,32,1,7.0,5.5,November-December 2022
22,Linear interpolation,2022-12-19T23:00:00+00:00,59,6,2.9,3.157142857142857,November-December 2022
22,Linear interpolation,2022-12-20T00:00:00+00:00,59,6,2.5,2.814285714285714,November-December 2022
22,Linear interpolation,2022-12-20T01:00:00+00:00,59,6,-0.2,2.4714285714285715,November-December 2022
22,Linear interpolation,2022-12-20T02:00:00+00:00,59,6,1.2,2.128571428571429,November-December 2022
22,Linear interpolation,2022-12-20T03:00:00+00:00,59,6,0.5,1.7857142857142858,November-December 2022
22,Linear interpolation,2022-12-20T04:00:00+00:00,59,6,2.5,1.442857142857143,November-December 2022
22,Linear interpolation,2022-12-19T10:00:00+00:00,1069,6,4.0,4.714285714285714,November-December 2022
22,Linear interpolation,2022-12-19T11:00:00+00:00,1069,6,9.0,5.428571428571429,November-December 2022
22,Linear interpolation,2022-12-19T12:00:00+00:00,1069,6,8.0,6.142857142857142,November-December 2022
22,Linear interpolation,2022-12-19T13:00:00+00:00,1069,6,7.0,6.857142857142858,November-December 2022
22,Linear interpolation,2022-12-19T14:00:00+00:00,1069,6,4.0,7.571428571428571,November-December 2022
22,Linear interpolation,2022-12-19T15:00:00+00:00,1069,6,8.0,8.285714285714285,November-December 2022
22,Linear interpolation,2022-12-20T17:00:00+00:00,32,6,2.0,1.7142857142857144,November-December 2022
22,Linear interpolation,2022-12-20T18:00:00+00:00,32,6,3.0,2.428571428571429,November-December 2022
22,Linear interpolation,2022-12-20T19:00:00+00:00,32,6,2.0,3.142857142857143,November-December 2022
22,Linear interpolation,2022-12-20T20:00:00+00:00,32,6,6.0,3.857142857142857,November-December 2022
22,Linear interpolation,2022-12-20T21:00:00+00:00,32,6,2.0,4.571428571428571,November-December 2022
22,Linear interpolation,2022-12-20T22:00:00+00:00,32,6,3.0,5.285714285714286,November-December 2022
22,Linear interpolation,2022-12-20T07:00:00+00:00,59,3,1.2,2.7,November-December 2022
22,Linear interpolation,2022-12-20T08:00:00+00:00,59,3,-1.2,2.6,November-December 2022
22,Linear interpolation,2022-12-20T09:00:00+00:00,59,3,2.6,2.5,November-December 2022
22,Linear interpolation,2022-12-20T15:00:00+00:00,1069,1,4.0,5.0,November-December 2022
22,Linear interpolation,2022-12-21T11:00:00+00:00,32,1,13.0,13.0,November-December 2022
22,Linear interpolation,2022-12-21T19:00:00+00:00,59,3,11.7,11.375,November-December 2022
22,Linear interpolation,2022-12-21T20:00:00+00:00,59,3,11.9,12.95,November-December 2022
22,Linear interpolation,2022-12-21T21:00:00+00:00,59,3,8.2,14.525000000000002,November-December 2022
22,Linear interpolation,2022-12-21T11:00:00+00:00,1069,3,13.0,15.0,November-December 2022
22,Linear interpolation,2022-12-21T12:00:00+00:00,1069,3,12.0,15.0,November-December 2022
22,Linear interpolation,2022-12-21T13:00:00+00:00,1069,3,10.0,15.0,November-December 2022
22,Linear interpolation,2022-12-22T19:00:00+00:00,32,3,16.0,1.5,November-December 2022
22,Linear interpolation,2022-12-22T20:00:00+00:00,32,3,4.0,2.0,November-December 2022
22,Linear interpolation,2022-12-22T21:00:00+00:00,32,3,-2.0,2.5,November-December 2022
22,Linear interpolation,2022-12-22T23:00:00+00:00,59,6,1.2,-0.057142857142857,November-December 2022
22,Linear interpolation,2022-12-23T00:00:00+00:00,59,6,3.5,0.5857142857142859,November-December 2022
22,Linear interpolation,2022-12-23T01:00:00+00:00,59,6,1.6,1.2285714285714286,November-December 2022
22,Linear interpolation,2022-12-23T02:00:00+00:00,59,6,2.4,1.871428571428572,November-December 2022
22,Linear interpolation,2022-12-23T03:00:00+00:00,59,6,2.5,2.5142857142857142,November-December 2022
22,Linear interpolation,2022-12-23T04:00:00+00:00,59,6,2.9,3.157142857142857,November-December 2022
22,Linear interpolation,2022-12-22T10:00:00+00:00,1069,3,14.0,19.0,November-December 2022
22,Linear interpolation,2022-12-22T11:00:00+00:00,1069,3,19.0,18.0,November-December 2022
22,Linear interpolation,2022-12-22T12:00:00+00:00,1069,3,15.0,17.0,November-December 2022
22,Linear interpolation,2022-12-23T09:00:00+00:00,32,6,2.0,6.285714285714286,November-December 2022
22,Linear interpolation,2022-12-23T10:00:00+00:00,32,6,4.0,5.571428571428571,November-December 2022
22,Linear interpolation,2022-12-23T11:00:00+00:00,32,6,4.0,4.857142857142858,November-December 2022
22,Linear interpolation,2022-12-23T12:00:00+00:00,32,6,1.0,4.142857142857142,November-December 2022
22,Linear interpolation,2022-12-23T13:00:00+00:00,32,6,-3.0,3.4285714285714284,November-December 2022
22,Linear interpolation,2022-12-23T14:00:00+00:00,32,6,-2.0,2.7142857142857144,November-December 2022
22,Linear interpolation,2022-12-24T01:00:00+00:00,59,1,0.4,-0.15,November-December 2022
22,Linear interpolation,2022-12-23T07:00:00+00:00,1069,6,0.0,1.8571428571428568,November-December 2022
22,Linear interpolation,2022-12-23T08:00:00+00:00,1069,6,2.0,1.7142857142857144,November-December 2022
22,Linear interpolation,2022-12-23T09:00:00+00:00,1069,6,-3.0,1.5714285714285714,November-December 2022
22,Linear interpolation,2022-12-23T10:00:00+00:00,1069,6,3.0,1.4285714285714286,November-December 2022
22,Linear interpolation,2022-12-23T11:00:00+00:00,1069,6,1.0,1.2857142857142856,November-December 2022
22,Linear interpolation,2022-12-23T12:00:00+00:00,1069,6,3.0,1.1428571428571428,November-December 2022
22,Linear interpolation,2022-12-24T21:00:00+00:00,32,3,5.0,5.25,November-December 2022
22,Linear interpolation,2022-12-24T22:00:00+00:00,32,3,6.0,7.5,November-December 2022
22,Linear interpolation,2022-12-24T23:00:00+00:00,32,3,9.0,9.75,November-December 2022
22,Linear interpolation,2022-12-24T22:00:00+00:00,59,6,2.4,5.342857142857143,November-December 2022
22,Linear interpolation,2022-12-24T23:00:00+00:00,59,6,-1.6,6.185714285714286,November-December 2022
22,Linear interpolation,2022-12-25T00:00:00+00:00,59,6,-1.6,7.0285714285714285,November-December 2022
22,Linear interpolation,2022-12-25T01:00:00+00:00,59,6,5.4,7.871428571428572,November-December 2022
22,Linear interpolation,2022-12-25T02:00:00+00:00,59,6,2.4,8.714285714285715,November-December 2022
22,Linear interpolation,2022-12-25T03:00:00+00:00,59,6,8.9,9.557142857142855,November-December 2022
22,Linear interpolation,2022-12-24T09:00:00+00:00,1069,1,4.0,1.5,November-December 2022
22,Linear interpolation,2022-12-25T18:00:00+00:00,32,1,6.0,8.5,November-December 2022
22,Linear interpolation,2022-12-25T23:00:00+00:00,59,6,1.5,3.3000000000000003,November-December 2022
22,Linear interpolation,2022-12-26T00:00:00+00:00,59,6,-1.1,3.5,November-December 2022
22,Linear interpolation,2022-12-26T01:00:00+00:00,59,6,6.6,3.7,November-December 2022
22,Linear interpolation,2022-12-26T02:00:00+00:00,59,6,3.8,3.9,November-December 2022
22,Linear interpolation,2022-12-26T03:00:00+00:00,59,6,2.0,4.1,November-December 2022
22,Linear interpolation,2022-12-26T04:00:00+00:00,59,6,5.9,4.3,November-December 2022
22,Linear interpolation,2022-12-25T10:00:00+00:00,1069,1,19.0,22.5,November-December 2022
22,Linear interpolation,2022-12-26T23:00:00+00:00,32,3,2.0,5.75,November-December 2022
22,Linear interpolation,2022-12-27T00:00:00+00:00,32,3,1.0,5.5,November-December 2022
22,Linear interpolation,2022-12-27T01:00:00+00:00,32,3,6.0,5.25,November-December 2022
22,Linear interpolation,2022-12-26T20:00:00+00:00,59,3,0.4,4.375,November-December 2022
22,Linear interpolation,2022-12-26T21:00:00+00:00,59,3,4.0,3.55,November-December 2022
22,Linear interpolation,2022-12-26T22:00:00+00:00,59,3,4.8,2.725,November-December 2022
22,Linear interpolation,2022-12-26T08:00:00+00:00,1069,6,28.0,18.0,November-December 2022
22,Linear interpolation,2022-12-26T09:00:00+00:00,1069,6,25.0,18.0,November-December 2022
22,Linear interpolation,2022-12-26T10:00:00+00:00,1069,6,17.0,18.0,November-December 2022
22,Linear interpolation,2022-12-26T11:00:00+00:00,1069,6,18.0,18.0,November-December 2022
22,Linear interpolation,2022-12-26T12:00:00+00:00,1069,6,21.0,18.0,November-December 2022
22,Linear interpolation,2022-12-26T13:00:00+00:00,1069,6,8.0,18.0,November-December 2022
22,Linear interpolation,2022-12-27T10:00:00+00:00,32,1,3.0,6.0,November-December 2022
22,Linear interpolation,2022-12-28T01:00:00+00:00,59,3,5.9,2.975,November-December 2022
22,Linear interpolation,2022-12-28T02:00:00+00:00,59,3,4.3,2.85,November-December 2022
22,Linear interpolation,2022-12-28T03:00:00+00:00,59,3,3.1,2.725,November-December 2022
22,Linear interpolation,2022-12-27T08:00:00+00:00,1069,3,-1.0,4.75,November-December 2022
22,Linear interpolation,2022-12-27T09:00:00+00:00,1069,3,1.0,4.5,November-December 2022
22,Linear interpolation,2022-12-27T10:00:00+00:00,1069,3,5.0,4.25,November-December 2022
22,Linear interpolation,2022-12-28T13:00:00+00:00,32,6,4.0,4.142857142857143,November-December 2022
22,Linear interpolation,2022-12-28T14:00:00+00:00,32,6,3.0,4.285714285714286,November-December 2022
22,Linear interpolation,2022-12-28T15:00:00+00:00,32,6,21.0,4.428571428571429,November-December 2022
22,Linear interpolation,2022-12-28T16:00:00+00:00,32,6,9.0,4.571428571428571,November-December 2022
22,Linear interpolation,2022-12-28T17:00:00+00:00,32,6,8.0,4.714285714285714,November-December 2022
22,Linear interpolation,2022-12-28T18:00:00+00:00,32,6,7.0,4.857142857142857,November-December 2022
22,Linear interpolation,2022-12-28T07:00:00+00:00,59,6,2.5,1.2714285714285716,November-December 2022
22,Linear interpolation,2022-12-28T08:00:00+00:00,59,6,2.3,0.942857142857143,November-December 2022
22,Linear interpolation,2022-12-28T09:00:00+00:00,59,6,2.5,0.6142857142857144,November-December 2022
22,Linear interpolation,2022-12-28T10:00:00+00:00,59,6,1.2,0.2857142857142858,November-December 2022
22,Linear interpolation,2022-12-28T11:00:00+00:00,59,6,3.4,-0.0428571428571427,November-December 2022
22,Linear interpolation,2022-12-28T12:00:00+00:00,59,6,3.3,-0.3714285714285712,November-December 2022
22,Linear interpolation,2022-12-28T12:00:00+00:00,1069,1,17.0,10.5,November-December 2022
22,Linear interpolation,2022-12-29T11:00:00+00:00,32,1,9.0,10.5,November-December 2022
22,Linear interpolation,2022-12-29T22:00:00+00:00,59,3,10.1,12.075,November-December 2022
22,Linear interpolation,2022-12-29T23:00:00+00:00,59,3,10.8,10.65,November-December 2022
22,Linear interpolation,2022-12-30T00:00:00+00:00,59,3,8.3,9.225,November-December 2022
22,Linear interpolation,2022-12-29T08:00:00+00:00,1069,1,10.0,10.5,November-December 2022
22,Linear interpolation,2022-12-30T09:00:00+00:00,32,3,2.0,5.0,November-December 2022
22,Linear interpolation,2022-12-30T10:00:00+00:00,32,3,7.0,4.0,November-December 2022
22,Linear interpolation,2022-12-30T11:00:00+00:00,32,3,2.0,3.0,November-December 2022
22,Linear interpolation,2022-12-30T16:00:00+00:00,59,6,8.2,5.442857142857143,November-December 2022
22,Linear interpolation,2022-12-30T17:00:00+00:00,59,6,2.7,4.985714285714286,November-December 2022
22,Linear interpolation,2022-12-30T18:00:00+00:00,59,6,2.9,4.5285714285714285,November-December 2022
22,Linear interpolation,2022-12-30T19:00:00+00:00,59,6,1.3,4.071428571428571,November-December 2022
22,Linear interpolation,2022-12-30T20:00:00+00:00,59,6,1.3,3.6142857142857143,November-December 2022
22,Linear interpolation,2022-12-30T21:00:00+00:00,59,6,2.4,3.157142857142857,November-December 2022
22,Linear interpolation,2022-12-30T10:00:00+00:00,1069,6,6.0,6.142857142857143,November-December 2022
22,Linear interpolation,2022-12-30T11:00:00+00:00,1069,6,9.0,6.285714285714286,November-December 2022
22,Linear interpolation,2022-12-30T12:00:00+00:00,1069,6,9.0,6.428571428571429,November-December 2022
22,Linear interpolation,2022-12-30T13:00:00+00:00,1069,6,8.0,6.571428571428571,November-December 2022
22,Linear interpolation,2022-12-30T14:00:00+00:00,1069,6,6.0,6.714285714285714,November-December 2022
22,Linear interpolation,2022-12-30T15:00:00+00:00,1069,6,13.0,6.857142857142857,November-December 2022
22,Linear interpolation,2022-12-31T17:00:00+00:00,32,3,4.0,5.0,November-December 2022
22,Linear interpolation,2022-12-31T18:00:00+00:00,32,3,4.0,4.0,November-December 2022
22,Linear interpolation,2022-12-31T19:00:00+00:00,32,3,4.0,3.0,November-December 2022
22,Linear interpolation,2022-12-31T07:00:00+00:00,59,6,10.5,8.428571428571429,November-December 2022
22,Linear interpolation,2022-12-31T08:00:00+00:00,59,6,9.9,7.957142857142857,November-December 2022
22,Linear interpolation,2022-12-31T09:00:00+00:00,59,6,7.7,7.485714285714286,November-December 2022
22,Linear interpolation,2022-12-31T10:00:00+00:00,59,6,10.8,7.014285714285714,November-December 2022
22,Linear interpolation,2022-12-31T11:00:00+00:00,59,6,7.0,6.542857142857143,November-December 2022
22,Linear interpolation,2022-12-31T12:00:00+00:00,59,6,4.2,6.071428571428571,November-December 2022
22,Linear interpolation,2022-12-31T10:00:00+00:00,1069,3,13.0,8.0,November-December 2022
22,Linear interpolation,2022-12-31T11:00:00+00:00,1069,3,12.0,7.0,November-December 2022
22,Linear interpolation,2022-12-31T12:00:00+00:00,1069,3,13.0,6.0,November-December 2022
33,Linear interpolation,2022-11-01T18:00:00+00:00,32,6,2.0,6.142857142857143,November-December 2022
33,Linear interpolation,2022-11-01T19:00:00+00:00,32,6,8.0,5.285714285714286,November-December 2022
33,Linear interpolation,2022-11-01T20:00:00+00:00,32,6,11.0,4.428571428571429,November-December 2022
33,Linear interpolation,2022-11-01T21:00:00+00:00,32,6,2.0,3.571428571428572,November-December 2022
33,Linear interpolation,2022-11-01T22:00:00+00:00,32,6,3.0,2.7142857142857144,November-December 2022
33,Linear interpolation,2022-11-01T23:00:00+00:00,32,6,2.0,1.8571428571428568,November-December 2022
33,Linear interpolation,2022-11-01T18:00:00+00:00,59,3,2.3,3.85,November-December 2022
33,Linear interpolation,2022-11-01T19:00:00+00:00,59,3,5.1,2.2,November-December 2022
33,Linear interpolation,2022-11-01T20:00:00+00:00,59,3,-0.2,0.5500000000000007,November-December 2022
33,Linear interpolation,2022-11-01T22:00:00+00:00,1069,6,1.0,2.7142857142857144,November-December 2022
33,Linear interpolation,2022-11-01T23:00:00+00:00,1069,6,0.0,2.428571428571429,November-December 2022
33,Linear interpolation,2022-11-02T00:00:00+00:00,1069,6,-1.0,2.142857142857143,November-December 2022
33,Linear interpolation,2022-11-02T01:00:00+00:00,1069,6,3.0,1.8571428571428568,November-December 2022
33,Linear interpolation,2022-11-02T02:00:00+00:00,1069,6,3.0,1.5714285714285714,November-December 2022
33,Linear interpolation,2022-11-02T03:00:00+00:00,1069,6,-1.0,1.2857142857142858,November-December 2022
33,Linear interpolation,2022-11-02T12:00:00+00:00,32,1,10.0,9.0,November-December 2022
33,Linear interpolation,2022-11-02T18:00:00+00:00,59,3,10.4,7.65,November-December 2022
33,Linear interpolation,2022-11-02T19:00:00+00:00,59,3,8.9,7.8,November-December 2022
33,Linear interpolation,2022-11-02T20:00:00+00:00,59,3,5.3,7.949999999999999,November-December 2022
33,Linear interpolation,2022-11-02T14:00:00+00:00,1069,1,11.0,7.5,November-December 2022
33,Linear interpolation,2022-11-03T19:00:00+00:00,32,6,10.0,9.857142857142858,November-December 2022
33,Linear interpolation,2022-11-03T20:00:00+00:00,32,6,12.0,8.714285714285715,November-December 2022
33,Linear interpolation,2022-11-03T21:00:00+00:00,32,6,10.0,7.571428571428571,November-December 2022
33,Linear interpolation,2022-11-03T22:00:00+00:00,32,6,2.0,6.428571428571429,November-December 2022
33,Linear interpolation,2022-11-03T23:00:00+00:00,32,6,3.0,5.285714285714286,November-December 2022
33,Linear interpolation,2022-11-04T00:00:00+00:00,32,6,2.0,4.142857142857143,November-December 2022
33,Linear interpolation,2022-11-03T19:00:00+00:00,59,6,8.4,8.528571428571428,November-December 2022
33,Linear interpolation,2022-11-03T20:00:00+00:00,59,6,1.4,7.857142857142857,November-December 2022
33,Linear interpolation,2022-11-03T21:00:00+00:00,59,6,3.0,7.185714285714285,November-December 2022
33,Linear interpolation,2022-11-03T22:00:00+00:00,59,6,2.7,6.514285714285714,November-December 2022
33,Linear interpolation,2022-11-03T23:00:00+00:00,59,6,5.8,5.842857142857143,November-December 2022
33,Linear interpolation,2022-11-04T00:00:00+00:00,59,6,0.1,5.171428571428572,November-December 2022
33,Linear interpolation,2022-11-03T09:00:00+00:00,1069,3,14.0,16.75,November-December 2022
33,Linear interpolation,2022-11-03T10:00:00+00:00,1069,3,13.0,15.5,November-December 2022
33,Linear interpolation,2022-11-03T11:00:00+00:00,1069,3,13.0,14.25,November-December 2022
33,Linear interpolation,2022-11-04T15:00:00+00:00,32,6,8.0,5.857142857142857,November-December 2022
33,Linear interpolation,2022-11-04T16:00:00+00:00,32,6,4.0,5.714285714285714,November-December 2022
33,Linear interpolation,2022-11-04T17:00:00+00:00,32,6,8.0,5.571428571428571,November-December 2022
33,Linear interpolation,2022-11-04T18:00:00+00:00,32,6,9.0,5.428571428571429,November-December 2022
33,Linear interpolation,2022-11-04T19:00:00+00:00,32,6,12.0,5.285714285714286,November-December 2022
33,Linear interpolation,2022-11-04T20:00:00+00:00,32,6,10.0,5.142857142857143,November-December 2022
33,Linear interpolation,2022-11-04T11:00:00+00:00,59,3,6.1,2.325,November-December 2022
33,Linear interpolation,2022-11-04T12:00:00+00:00,59,3,5.8,1.4500000000000002,November-December 2022
33,Linear interpolation,2022-11-04T13:00:00+00:00,59,3,4.3,0.5750000000000002,November-December 2022
33,Linear interpolation,2022-11-04T07:00:00+00:00,1069,3,6.0,4.5,November-December 2022
33,Linear interpolation,2022-11-04T08:00:00+00:00,1069,3,2.0,5.0,November-December 2022
33,Linear interpolation,2022-11-04T09:00:00+00:00,1069,3,8.0,5.5,November-December 2022
33,Linear interpolation,2022-11-05T09:00:00+00:00,32,1,2.0,3.5,November-December 2022
33,Linear interpolation,2022-11-05T12:00:00+00:00,59,6,0.1,3.2,November-December 2022
33,Linear interpolation,2022-11-05T13:00:00+00:00,59,6,0.3,2.9,November-December 2022
33,Linear interpolation,2022-11-05T14:00:00+00:00,59,6,0.0,2.6,November-December 2022
33,Linear interpolation,2022-11-05T15:00:00+00:00,59,6,7.1,2.3,November-December 2022
33,Linear interpolation,2022-11-05T16:00:00+00:00,59,6,3.2,2.0,November-December 2022
33,Linear interpolation,2022-11-05T17:00:00+00:00,59,6,3.8,1.6999999999999995,November-December 2022
33,Linear interpolation,2022-11-05T07:00:00+00:00,1069,1,1.0,1.5,November-December 2022
33,Linear interpolation,2022-11-06T20:00:00+00:00,32,6,12.0,12.571428571428571,November-December 2022
33,Linear interpolation,2022-11-06T21:00:00+00:00,32,6,6.0,12.142857142857142,November-December 2022
33,Linear interpolation,2022-11-06T22:00:00+00:00,32,6,1.0,11.714285714285714,November-December 2022
33,Linear interpolation,2022-11-06T23:00:00+00:00,32,6,-5.0,11.285714285714286,November-December 2022
33,Linear interpolation,2022-11-07T00:00:00+00:00,32,6,3.0,10.857142857142858,November-December 2022
33,Linear interpolation,2022-11-07T01:00:00+00:00,32,6,9.0,10.428571428571429,November-December 2022
33,Linear interpolation,2022-11-07T00:00:00+00:00,59,1,4.2,4.6,November-December 2022
33,Linear interpolation,2022-11-06T07:00:00+00:00,1069,3,6.0,7.5,November-December 2022
33,Linear interpolation,2022-11-06T08:00:00+00:00,1069,3,9.0,10.0,November-December 2022
33,Linear interpolation,2022-11-06T09:00:00+00:00,1069,3,6.0,12.5,November-December 2022
33,Linear interpolation,2022-11-07T18:00:00+00:00,32,1,6.0,11.0,November-December 2022
33,Linear interpolation,2022-11-07T14:00:00+00:00,59,6,5.4,4.0,November-December 2022
33,Linear interpolation,2022-11-07T15:00:00+00:00,59,6,5.6,4.6,November-December 2022
33,Linear interpolation,2022-11-07T16:00:00+00:00,59,6,3.6,5.199999999999999,November-December 2022
33,Linear interpolation,2022-11-07T17:00:00+00:00,59,6,1.5,5.799999999999999,November-December 2022
33,Linear interpolation,2022-11-07T18:00:00+00:00,59,6,7.0,6.4,November-December 2022
33,Linear interpolation,2022-11-07T19:00:00+00:00,59,6,2.1,6.999999999999999,November-December 2022
33,Linear interpolation,2022-11-07T15:00:00+00:00,1069,1,9.0,13.0,November-December 2022
33,Linear interpolation,2022-11-08T08:00:00+00:00,32,6,1.0,3.2857142857142856,November-December 2022
33,Linear interpolation,2022-11-08T09:00:00+00:00,32,6,2.0,3.571428571428571,November-December 2022
33,Linear interpolation,2022-11-08T10:00:00+00:00,32,6,4.0,3.857142857142857,November-December 2022
33,Linear interpolation,2022-11-08T11:00:00+00:00,32,6,0.0,4.142857142857142,November-December 2022
33,Linear interpolation,2022-11-08T12:00:00+00:00,32,6,7.0,4.428571428571429,November-December 2022
33,Linear interpolation,2022-11-08T13:00:00+00:00,32,6,8.0,4.714285714285714,November-December 2022
33,Linear interpolation,2022-11-09T01:00:00+00:00,59,3,5.2,4.725,November-December 2022
33,Linear interpolation,2022-11-09T02:00:00+00:00,59,3,3.2,4.75,November-December 2022
33,Linear interpolation,2022-11-09T03:00:00+00:00,59,3,5.2,4.775,November-December 2022
33,Linear interpolation,2022-11-08T11:00:00+00:00,1069,3,3.0,6.0,November-December 2022
33,Linear interpolation,2022-11-08T12:00:00+00:00,1069,3,4.0,7.0,November-December 2022
33,Linear interpolation,2022-11-08T13:00:00+00:00,1069,3,5.0,8.0,November-December 2022
33,Linear interpolation,2022-11-10T03:00:00+00:00,32,1,4.0,5.0,November-December 2022
33,Linear interpolation,2022-11-09T15:00:00+00:00,59,3,7.9,5.425000000000001,November-December 2022
33,Linear interpolation,2022-11-09T16:00:00+00:00,59,3,9.2,3.45,November-December 2022
33,Linear interpolation,2022-11-09T17:00:00+00:00,59,3,6.5,1.4749999999999996,November-December 2022
33,Linear interpolation,2022-11-09T11:00:00+00:00,1069,1,2.0,3.0,November-December 2022
33,Linear interpolation,2022-11-10T12:00:00+00:00,32,3,6.0,7.5,November-December 2022
33,Linear interpolation,2022-11-10T13:00:00+00:00,32,3,8.0,8.0,November-December 2022
33,Linear interpolation,2022-11-10T14:00:00+00:00,32,3,7.0,8.5,November-December 2022
33,Linear interpolation,2022-11-10T12:00:00+00:00,59,1,3.9,1.6,November-December 2022
33,Linear interpolation,2022-11-11T00:00:00+00:00,1069,1,5.0,1.0,November-December 2022
33,Linear interpolation,2022-11-11T13:00:00+00:00,32,3,2.0,8.0,November-December 2022
33,Linear interpolation,2022-11-11T14:00:00+00:00,32,3,5.0,7.0,November-December 2022
33,Linear interpolation,2022-11-11T15:00:00+00:00,32,3,10.0,6.0,November-December 2022
33,Linear interpolation,2022-11-12T00:00:00+00:00,59,3,1.5,2.175,November-December 2022
33,Linear interpolation,2022-11-12T01:00:00+00:00,59,3,3.3,2.25,November-December 2022
33,Linear interpolation,2022-11-12T02:00:00+00:00,59,3,1.6,2.325,November-December 2022
33,Linear interpolation,2022-11-11T10:00:00+00:00,1069,3,1.0,3.75,November-December 2022
33,Linear interpolation,2022-11-11T11:00:00+00:00,1069,3,3.0,2.5,November-December 2022
33,Linear interpolation,2022-11-11T12:00:00+00:00,1069,3,4.0,1.25,November-December 2022
33,Linear interpolation,2022-11-12T13:00:00+00:00,32,1,5.0,2.0,November-December 2022
33,Linear interpolation,2022-11-12T18:00:00+00:00,59,1,-1.9,0.2999999999999998,November-December 2022
33,Linear interpolation,2022-11-12T19:00:00+00:00,1069,6,3.0,4.0,November-December 2022
33,Linear interpolation,2022-11-12T20:00:00+00:00,1069,6,1.0,3.0,November-December 2022
33,Linear interpolation,2022-11-12T21:00:00+00:00,1069,6,4.0,2.0,November-December 2022
33,Linear interpolation,2022-11-12T22:00:00+00:00,1069,6,1.0,1.0,November-December 2022
33,Linear interpolation,2022-11-12T23:00:00+00:00,1069,6,-3.0,0.0,November-December 2022
33,Linear interpolation,2022-11-13T00:00:00+00:00,1069,6,-3.0,-1.0,November-December 2022
33,Linear interpolation,2022-11-13T19:00:00+00:00,32,6,4.0,7.857142857142858,November-December 2022
33,Linear interpolation,2022-11-13T20:00:00+00:00,32,6,2.0,6.714285714285714,November-December 2022
33,Linear interpolation,2022-11-13T21:00:00+00:00,32,6,3.0,5.571428571428571,November-December 2022
33,Linear interpolation,2022-11-13T22:00:00+00:00,32,6,4.0,4.428571428571429,November-December 2022
33,Linear interpolation,2022-11-13T23:00:00+00:00,32,6,1.0,3.2857142857142856,November-December 2022
33,Linear interpolation,2022-11-14T00:00:00+00:00,32,6,1.0,2.1428571428571432,November-December 2022
33,Linear interpolation,2022-11-13T23:00:00+00:00,59,3,3.0,2.35,November-December 2022
33,Linear interpolation,2022-11-14T00:00:00+00:00,59,3,1.2,2.9000000000000004,November-December 2022
33,Linear interpolation,2022-11-14T01:00:00+00:00,59,3,3.4,3.45,November-December 2022
33,Linear interpolation,2022-11-14T01:00:00+00:00,1069,1,0.0,-1.5,November-December 2022
33,Linear interpolation,2022-11-14T18:00:00+00:00,32,1,4.0,6.0,November-December 2022
33,Linear interpolation,2022-11-14T20:00:00+00:00,59,3,4.1,2.375,November-December 2022
33,Linear interpolation,2022-11-14T21:00:00+00:00,59,3,2.5,2.75,November-December 2022
33,Linear interpolation,2022-11-14T22:00:00+00:00,59,3,6.0,3.125,November-December 2022
33,Linear interpolation,2022-11-14T23:00:00+00:00,1069,1,3.0,4.5,November-December 2022
33,Linear interpolation,2022-11-15T10:00:00+00:00,32,1,2.0,6.5,November-December 2022
33,Linear interpolation,2022-11-16T04:00:00+00:00,59,1,2.9,4.8,November-December 2022
33,Linear interpolation,2022-11-15T17:00:00+00:00,1069,3,12.0,5.5,November-December 2022
33,Linear interpolation,2022-11-15T18:00:00+00:00,1069,3,8.0,4.0,November-December 2022
33,Linear interpolation,2022-11-15T19:00:00+00:00,1069,3,7.0,2.5,November-December 2022
33,Linear interpolation,2022-11-16T19:00:00+00:00,32,3,3.0,3.75,November-December 2022
33,Linear interpolation,2022-11-16T20:00:00+00:00,32,3,8.0,2.5,November-December 2022
33,Linear interpolation,2022-11-16T21:00:00+00:00,32,3,2.0,1.25,November-December 2022
33,Linear interpolation,2022-11-16T21:00:00+00:00,59,1,6.3,2.05,November-December 2022
33,Linear interpolation,2022-11-16T21:00:00+00:00,1069,3,4.0,4.0,November-December 2022
33,Linear interpolation,2022-11-16T22:00:00+00:00,1069,3,-1.0,1.0,November-December 2022
33,Linear interpolation,2022-11-16T23:00:00+00:00,1069,3,0.0,-2.0,November-December 2022
33,Linear interpolation,2022-11-17T08:00:00+00:00,32,3,6.0,8.25,November-December 2022
33,Linear interpolation,2022-11-17T09:00:00+00:00,32,3,6.0,7.5,November-December 2022
33,Linear interpolation,2022-11-17T10:00:00+00:00,32,3,4.0,6.75,November-December 2022
33,Linear interpolation,2022-11-17T08:00:00+00:00,59,3,4.7,3.575,November-December 2022
33,Linear interpolation,2022-11-17T09:00:00+00:00,59,3,3.6,3.15,November-December 2022
33,Linear interpolation,2022-11-17T10:00:00+00:00,59,3,4.1,2.725,November-December 2022
33,Linear interpolation,2022-11-17T12:00:00+00:00,1069,6,6.0,6.857142857142857,November-December 2022
33,Linear interpolation,2022-11-17T13:00:00+00:00,1069,6,9.0,6.714285714285714,November-December 2022
33,Linear interpolation,2022-11-17T14:00:00+00:00,1069,6,13.0,6.571428571428571,November-December 2022
33,Linear interpolation,2022-11-17T15:00:00+00:00,1069,6,6.0,6.428571428571429,November-December 2022
33,Linear interpolation,2022-11-17T16:00:00+00:00,1069,6,10.0,6.285714285714286,November-December 2022
33,Linear interpolation,2022-11-17T17:00:00+00:00,1069,6,5.0,6.142857142857143,November-December 2022
33,Linear interpolation,2022-11-18T09:00:00+00:00,32,6,4.0,6.142857142857143,November-December 2022
33,Linear interpolation,2022-11-18T10:00:00+00:00,32,6,6.0,6.285714285714286,November-December 2022
33,Linear interpolation,2022-11-18T11:00:00+00:00,32,6,6.0,6.428571428571429,November-December 2022
33,Linear interpolation,2022-11-18T12:00:00+00:00,32,6,9.0,6.571428571428571,November-December 2022
33,Linear interpolation,2022-11-18T13:00:00+00:00,32,6,8.0,6.714285714285714,November-December 2022
33,Linear interpolation,2022-11-18T14:00:00+00:00,32,6,8.0,6.857142857142857,November-December 2022
33,Linear interpolation,2022-11-18T21:00:00+00:00,59,3,4.6,3.2,November-December 2022
33,Linear interpolation,2022-11-18T22:00:00+00:00,59,3,4.7,3.3,November-December 2022
33,Linear interpolation,2022-11-18T23:00:00+00:00,59,3,5.7,3.4,November-December 2022
33,Linear interpolation,2022-11-18T16:00:00+00:00,1069,3,7.0,7.75,November-December 2022
33,Linear interpolation,2022-11-18T17:00:00+00:00,1069,3,5.0,6.5,November-December 2022
33,Linear interpolation,2022-11-18T18:00:00+00:00,1069,3,3.0,5.25,November-December 2022
33,Linear interpolation,2022-11-19T10:00:00+00:00,32,6,6.0,7.0,November-December 2022
33,Linear interpolation,2022-11-19T11:00:00+00:00,32,6,3.0,7.0,November-December 2022
33,Linear interpolation,2022-11-19T12:00:00+00:00,32,6,6.0,7.0,November-December 2022
33,Linear interpolation,2022-11-19T13:00:00+00:00,32,6,9.0,7.0,November-December 2022
33,Linear interpolation,2022-11-19T14:00:00+00:00,32,6,8.0,7.0,November-December 2022
33,Linear interpolation,2022-11-19T15:00:00+00:00,32,6,10.0,7.0,November-December 2022
33,Linear interpolation,2022-11-19T13:00:00+00:00,59,6,3.7,3.2,November-December 2022
33,Linear interpolation,2022-11-19T14:00:00+00:00,59,6,9.7,3.0,November-December 2022
33,Linear interpolation,2022-11-19T15:00:00+00:00,59,6,3.0,2.8,November-December 2022
33,Linear interpolation,2022-11-19T16:00:00+00:00,59,6,3.9,2.6,November-December 2022
33,Linear interpolation,2022-11-19T17:00:00+00:00,59,6,4.7,2.4,November-December 2022
33,Linear interpolation,2022-11-19T18:00:00+00:00,59,6,7.1,2.2,November-December 2022
33,Linear interpolation,2022-11-19T11:00:00+00:00,1069,1,4.0,5.0,November-December 2022
33,Linear interpolation,2022-11-20T21:00:00+00:00,32,3,0.0,-0.75,November-December 2022
33,Linear interpolation,2022-11-20T22:00:00+00:00,32,3,5.0,0.5,November-December 2022
33,Linear interpolation,2022-11-20T23:00:00+00:00,32,3,4.0,1.75,November-December 2022
33,Linear interpolation,2022-11-20T13:00:00+00:00,59,6,2.7,4.485714285714286,November-December 2022
33,Linear interpolation,2022-11-20T14:00:00+00:00,59,6,2.1,4.071428571428572,November-December 2022
33,Linear interpolation,2022-11-20T15:00:00+00:00,59,6,4.0,3.6571428571428575,November-December 2022
33,Linear interpolation,2022-11-20T16:00:00+00:00,59,6,2.9,3.242857142857143,November-December 2022
33,Linear interpolation,2022-11-20T17:00:00+00:00,59,6,2.7,2.8285714285714287,November-December 2022
33,Linear interpolation,2022-11-20T18:00:00+00:00,59,6,4.6,2.414285714285714,November-December 2022
33,Linear interpolation,2022-11-21T00:00:00+00:00,1069,3,5.0,5.75,November-December 2022
33,Linear interpolation,2022-11-21T01:00:00+00:00,1069,3,5.0,5.5,November-December 2022
33,Linear interpolation,2022-11-21T02:00:00+00:00,1069,3,4.0,5.25,November-December 2022
33,Linear interpolation,2022-11-21T19:00:00+00:00,32,6,7.0,8.142857142857142,November-December 2022
33,Linear interpolation,2022-11-21T20:00:00+00:00,32,6,5.0,9.285714285714285,November-December 2022
33,Linear interpolation,2022-11-21T21:00:00+00:00,32,6,7.0,10.428571428571429,November-December 2022
33,Linear interpolation,2022-11-21T22:00:00+00:00,32,6,3.0,11.571428571428571,November-December 2022
33,Linear interpolation,2022-11-21T23:00:00+00:00,32,6,7.0,12.714285714285715,November-December 2022
33,Linear interpolation,2022-11-22T00:00:00+00:00,32,6,8.0,13.857142857142858,November-December 2022
33,Linear interpolation,2022-11-21T16:00:00+00:00,59,3,5.7,6.925,November-December 2022
33,Linear interpolation,2022-11-21T17:00:00+00:00,59,3,6.5,6.25,November-December 2022
33,Linear interpolation,2022-11-21T18:00:00+00:00,59,3,7.0,5.575,November-December 2022
33,Linear interpolation,2022-11-21T21:00:00+00:00,1069,3,6.0,9.0,November-December 2022
33,Linear interpolation,2022-11-21T22:00:00+00:00,1069,3,10.0,9.0,November-December 2022
33,Linear interpolation,2022-11-21T23:00:00+00:00,1069,3,8.0,9.0,November-December 2022
33,Linear interpolation,2022-11-22T23:00:00+00:00,32,6,11.0,8.285714285714286,November-December 2022
33,Linear interpolation,2022-11-23T00:00:00+00:00,32,6,12.0,7.571428571428571,November-December 2022
33,Linear interpolation,2022-11-23T01:00:00+00:00,32,6,9.0,6.857142857142858,November-December 2022
33,Linear interpolation,2022-11-23T02:00:00+00:00,32,6,13.0,6.142857142857142,November-December 2022
33,Linear interpolation,2022-11-23T03:00:00+00:00,32,6,9.0,5.428571428571429,November-December 2022
33,Linear interpolation,2022-11-23T04:00:00+00:00,32,6,6.0,4.714285714285714,November-December 2022
33,Linear interpolation,2022-11-22T19:00:00+00:00,59,6,1.5,5.614285714285714,November-December 2022
33,Linear interpolation,2022-11-22T20:00:00+00:00,59,6,1.5,5.628571428571428,November-December 2022
33,Linear interpolation,2022-11-22T21:00:00+00:00,59,6,3.1,5.642857142857142,November-December 2022
33,Linear interpolation,2022-11-22T22:00:00+00:00,59,6,3.2,5.6571428571428575,November-December 2022
33,Linear interpolation,2022-11-22T23:00:00+00:00,59,6,3.3,5.671428571428572,November-December 2022
33,Linear interpolation,2022-11-23T00:00:00+00:00,59,6,5.6,5.685714285714286,November-December 2022
33,Linear interpolation,2022-11-22T16:00:00+00:00,1069,1,11.0,11.5,November-December 2022
33,Linear interpolation,2022-11-23T13:00:00+00:00,32,6,7.0,9.714285714285714,November-December 2022
33,Linear interpolation,2022-11-23T14:00:00+00:00,32,6,13.0,11.428571428571429,November-December 2022
33,Linear interpolation,2022-11-23T15:00:00+00:00,32,6,10.0,13.142857142857142,November-December 2022
33,Linear interpolation,2022-11-23T16:00:00+00:00,32,6,11.0,14.857142857142858,November-December 2022
33,Linear interpolation,2022-11-23T17:00:00+00:00,32,6,15.0,16.57142857142857,November-December 2022
33,Linear interpolation,2022-11-23T18:00:00+00:00,32,6,13.0,18.285714285714285,November-December 2022
33,Linear interpolation,2022-11-24T00:00:00+00:00,59,3,9.7,9.1,November-December 2022
33,Linear interpolation,2022-11-24T01:00:00+00:00,59,3,7.5,8.6,November-December 2022
33,Linear interpolation,2022-11-24T02:00:00+00:00,59,3,8.9,8.1,November-December 2022
33,Linear interpolation,2022-11-23T19:00:00+00:00,1069,3,12.0,13.75,November-December 2022
33,Linear interpolation,2022-11-23T20:00:00+00:00,1069,3,7.0,10.5,November-December 2022
33,Linear interpolation,2022-11-23T21:00:00+00:00,1069,3,11.0,7.25,November-December 2022
33,Linear interpolation,2022-11-24T20:00:00+00:00,32,3,-1.0,7.5,November-December 2022
33,Linear interpolation,2022-11-24T21:00:00+00:00,32,3,8.0,6.0,November-December 2022
33,Linear interpolation,2022-11-24T22:00:00+00:00,32,3,6.0,4.5,November-December 2022
33,Linear interpolation,2022-11-24T10:00:00+00:00,59,1,8.9,7.300000000000001,November-December 2022
33,Linear interpolation,2022-11-24T16:00:00+00:00,1069,1,7.0,3.5,November-December 2022
33,Linear interpolation,2022-11-25T07:00:00+00:00,32,6,-1.0,0.2857142857142857,November-December 2022
33,Linear interpolation,2022-11-25T08:00:00+00:00,32,6,0.0,-0.4285714285714286,November-December 2022
33,Linear interpolation,2022-11-25T09:00:00+00:00,32,6,0.0,-1.1428571428571428,November-December 2022
33,Linear interpolation,2022-11-25T10:00:00+00:00,32,6,1.0,-1.8571428571428568,November-December 2022
33,Linear interpolation,2022-11-25T11:00:00+00:00,32,6,1.0,-2.571428571428572,November-December 2022
33,Linear interpolation,2022-11-25T12:00:00+00:00,32,6,2.0,-3.2857142857142856,November-December 2022
33,Linear interpolation,2022-11-25T16:00:00+00:00,59,6,4.7,2.642857142857143,November-December 2022
33,Linear interpolation,2022-11-25T17:00:00+00:00,59,6,2.0,2.4857142857142858,November-December 2022
33,Linear interpolation,2022-11-25T18:00:00+00:00,59,6,3.2,2.3285714285714283,November-December 2022
33,Linear interpolation,2022-11-25T19:00:00+00:00,59,6,4.2,2.1714285714285717,November-December 2022
33,Linear interpolation,2022-11-25T20:00:00+00:00,59,6,0.6,2.0142857142857142,November-December 2022
33,Linear interpolation,2022-11-25T21:00:00+00:00,59,6,2.1,1.857142857142857,November-December 2022
33,Linear interpolation,2022-11-25T07:00:00+00:00,1069,6,0.0,0.8571428571428572,November-December 2022
33,Linear interpolation,2022-11-25T08:00:00+00:00,1069,6,-1.0,0.7142857142857143,November-December 2022
33,Linear interpolation,2022-11-25T09:00:00+00:00,1069,6,2.0,0.5714285714285714,November-December 2022
33,Linear interpolation,2022-11-25T10:00:00+00:00,1069,6,-3.0,0.4285714285714286,November-December 2022
33,Linear interpolation,2022-11-25T11:00:00+00:00,1069,6,-1.0,0.2857142857142857,November-December 2022
33,Linear interpolation,2022-11-25T12:00:00+00:00,1069,6,-1.0,0.1428571428571429,November-December 2022
33,Linear interpolation,2022-11-26T21:00:00+00:00,32,1,-1.0,1.0,November-December 2022
33,Linear interpolation,2022-11-26T10:00:00+00:00,59,1,-3.6,-0.6499999999999999,November-December 2022
33,Linear interpolation,2022-11-26T08:00:00+00:00,1069,3,0.0,-3.0,November-December 2022
33,Linear interpolation,2022-11-26T09:00:00+00:00,1069,3,0.0,-2.0,November-December 2022
33,Linear interpolation,2022-11-26T10:00:00+00:00,1069,3,1.0,-1.0,November-December 2022
33,Linear interpolation,2022-11-27T10:00:00+00:00,32,3,2.0,4.0,November-December 2022
33,Linear interpolation,2022-11-27T11:00:00+00:00,32,3,4.0,2.0,November-December 2022
33,Linear interpolation,2022-11-27T12:00:00+00:00,32,3,4.0,0.0,November-December 2022
33,Linear interpolation,2022-11-27T16:00:00+00:00,59,1,3.9,4.9,November-December 2022
33,Linear interpolation,2022-11-27T16:00:00+00:00,1069,3,12.0,15.0,November-December 2022
33,Linear interpolation,2022-11-27T17:00:00+00:00,1069,3,10.0,12.0,November-December 2022
33,Linear interpolation,2022-11-27T18:00:00+00:00,1069,3,6.0,9.0,November-December 2022
33,Linear interpolation,2022-11-28T12:00:00+00:00,32,3,6.0,4.75,November-December 2022
33,Linear interpolation,2022-11-28T13:00:00+00:00,32,3,4.0,6.5,November-December 2022
33,Linear interpolation,2022-11-28T14:00:00+00:00,32,3,2.0,8.25,November-December 2022
33,Linear interpolation,2022-11-28T19:00:00+00:00,59,3,6.5,3.95,November-December 2022
33,Linear interpolation,2022-11-28T20:00:00+00:00,59,3,4.6,4.7,November-December 2022
33,Linear interpolation,2022-11-28T21:00:00+00:00,59,3,4.4,5.45,November-December 2022
33,Linear interpolation,2022-11-28T20:00:00+00:00,1069,1,4.0,7.0,November-December 2022
33,Linear interpolation,2022-11-29T11:00:00+00:00,32,1,9.0,8.5,November-December 2022
33,Linear interpolation,2022-11-29T14:00:00+00:00,59,3,9.2,10.6,November-December 2022
33,Linear interpolation,2022-11-29T15:00:00+00:00,59,3,13.7,9.7,November-December 2022
33,Linear interpolation,2022-11-29T16:00:00+00:00,59,3,11.4,8.8,November-December 2022
33,Linear interpolation,2022-11-30T01:00:00+00:00,1069,3,10.0,11.0,November-December 2022
33,Linear interpolation,2022-11-30T02:00:00+00:00,1069,3,12.0,13.0,November-December 2022
33,Linear interpolation,2022-11-30T03:00:00+00:00,1069,3,13.0,15.0,November-December 2022
33,Linear interpolation,2022-11-30T19:00:00+00:00,32,6,0.0,3.571428571428572,November-December 2022
33,Linear interpolation,2022-11-30T20:00:00+00:00,32,6,5.0,3.142857142857143,November-December 2022
33,Linear interpolation,2022-11-30T21:00:00+00:00,32,6,1.0,2.7142857142857144,November-December 2022
33,Linear interpolation,2022-11-30T22:00:00+00:00,32,6,2.0,2.2857142857142856,November-December 2022
33,Linear interpolation,2022-11-30T23:00:00+00:00,32,6,0.0,1.8571428571428568,November-December 2022
33,Linear interpolation,2022-12-01T00:00:00+00:00,32,6,1.0,1.4285714285714284,November-December 2022
33,Linear interpolation,2022-12-01T00:00:00+00:00,59,1,0.6,-1.2,November-December 2022
33,Linear interpolation,2022-11-30T22:00:00+00:00,1069,1,1.0,-3.5,November-December 2022
33,Linear interpolation,2022-12-01T21:00:00+00:00,32,1,7.0,8.5,November-December 2022
33,Linear interpolation,2022-12-02T00:00:00+00:00,59,3,4.9,5.35,November-December 2022
33,Linear interpolation,2022-12-02T01:00:00+00:00,59,3,5.5,5.1,November-December 2022
33,Linear interpolation,2022-12-02T02:00:00+00:00,59,3,4.3,4.85,November-December 2022
33,Linear interpolation,2022-12-01T07:00:00+00:00,1069,1,5.0,1.5,November-December 2022
33,Linear interpolation,2022-12-02T18:00:00+00:00,32,3,7.0,6.5,November-December 2022
33,Linear interpolation,2022-12-02T19:00:00+00:00,32,3,5.0,6.0,November-December 2022
33,Linear interpolation,2022-12-02T20:00:00+00:00,32,3,2.0,5.5,November-December 2022
33,Linear interpolation,2022-12-03T00:00:00+00:00,59,3,4.7,8.075,November-December 2022
33,Linear interpolation,2022-12-03T01:00:00+00:00,59,3,8.7,8.05,November-December 2022
33,Linear interpolation,2022-12-03T02:00:00+00:00,59,3,3.9,8.025,November-December 2022
33,Linear interpolation,2022-12-02T16:00:00+00:00,1069,6,13.0,13.714285714285714,November-December 2022
33,Linear interpolation,2022-12-02T17:00:00+00:00,1069,6,12.0,12.428571428571429,November-December 2022
33,Linear interpolation,2022-12-02T18:00:00+00:00,1069,6,10.0,11.142857142857142,November-December 2022
33,Linear interpolation,2022-12-02T19:00:00+00:00,1069,6,9.0,9.857142857142858,November-December 2022
33,Linear interpolation,2022-12-02T20:00:00+00:00,1069,6,7.0,8.571428571428571,November-December 2022
33,Linear interpolation,2022-12-02T21:00:00+00:00,1069,6,8.0,7.285714285714286,November-December 2022
33,Linear interpolation,2022-12-03T07:00:00+00:00,32,3,3.0,1.25,November-December 2022
33,Linear interpolation,2022-12-03T08:00:00+00:00,32,3,1.0,1.5,November-December 2022
33,Linear interpolation,2022-12-03T09:00:00+00:00,32,3,-2.0,1.75,November-December 2022
33,Linear interpolation,2022-12-04T03:00:00+00:00,59,1,6.3,4.3,November-December 2022
33,Linear interpolation,2022-12-03T19:00:00+00:00,1069,6,9.0,8.285714285714286,November-December 2022
33,Linear interpolation,2022-12-03T20:00:00+00:00,1069,6,6.0,7.571428571428571,November-December 2022
33,Linear interpolation,2022-12-03T21:00:00+00:00,1069,6,5.0,6.857142857142858,November-December 2022
33,Linear interpolation,2022-12-03T22:00:00+00:00,1069,6,5.0,6.142857142857142,November-December 2022
33,Linear interpolation,2022-12-03T23:00:00+00:00,1069,6,6.0,5.428571428571429,November-December 2022
33,Linear interpolation,2022-12-04T00:00:00+00:00,1069,6,2.0,4.714285714285714,November-December 2022
33,Linear interpolation,2022-12-04T14:00:00+00:00,32,3,-1.0,3.25,November-December 2022
33,Linear interpolation,2022-12-04T15:00:00+00:00,32,3,4.0,3.5,November-December 2022
33,Linear interpolation,2022-12-04T16:00:00+00:00,32,3,4.0,3.75,November-December 2022
33,Linear interpolation,2022-12-04T10:00:00+00:00,59,6,3.4,2.3,November-December 2022
33,Linear interpolation,2022-12-04T11:00:00+00:00,59,6,7.5,2.9,November-December 2022
33,Linear interpolation,2022-12-04T12:00:00+00:00,59,6,3.6,3.5,November-December 2022
33,Linear interpolation,2022-12-04T13:00:00+00:00,59,6,6.2,4.1,November-December 2022
33,Linear interpolation,2022-12-04T14:00:00+00:00,59,6,2.6,4.7,November-December 2022
33,Linear interpolation,2022-12-04T15:00:00+00:00,59,6,3.7,5.300000000000001,November-December 2022
33,Linear interpolation,2022-12-04T07:00:00+00:00,1069,6,5.0,5.571428571428571,November-December 2022
33,Linear interpolation,2022-12-04T08:00:00+00:00,1069,6,5.0,6.142857142857142,November-December 2022
33,Linear interpolation,2022-12-04T09:00:00+00:00,1069,6,4.0,6.714285714285714,November-December 2022
33,Linear interpolation,2022-12-04T10:00:00+00:00,1069,6,5.0,7.285714285714286,November-December 2022
33,Linear interpolation,2022-12-04T11:00:00+00:00,1069,6,5.0,7.857142857142858,November-December 2022
33,Linear interpolation,2022-12-04T12:00:00+00:00,1069,6,4.0,8.428571428571429,November-December 2022
33,Linear interpolation,2022-12-06T03:00:00+00:00,32,1,4.0,4.5,November-December 2022
33,Linear interpolation,2022-12-05T22:00:00+00:00,59,6,6.5,2.8714285714285714,November-December 2022
33,Linear interpolation,2022-12-05T23:00:00+00:00,59,6,6.9,3.142857142857143,November-December 2022
33,Linear interpolation,2022-12-06T00:00:00+00:00,59,6,4.4,3.414285714285714,November-December 2022
33,Linear interpolation,2022-12-06T01:00:00+00:00,59,6,3.5,3.685714285714286,November-December 2022
33,Linear interpolation,2022-12-06T02:00:00+00:00,59,6,6.6,3.957142857142857,November-December 2022
33,Linear interpolation,2022-12-06T03:00:00+00:00,59,6,4.2,4.228571428571429,November-December 2022
33,Linear interpolation,2022-12-05T09:00:00+00:00,1069,3,16.0,19.0,November-December 2022
33,Linear interpolation,2022-12-05T10:00:00+00:00,1069,3,16.0,17.0,November-December 2022
33,Linear interpolation,2022-12-05T11:00:00+00:00,1069,3,15.0,15.0,November-December 2022
33,Linear interpolation,2022-12-06T10:00:00+00:00,32,1,4.0,6.0,November-December 2022
33,Linear interpolation,2022-12-06T21:00:00+00:00,59,3,8.0,8.2,November-December 2022
33,Linear interpolation,2022-12-06T22:00:00+00:00,59,3,7.0,8.2,November-December 2022
33,Linear interpolation,2022-12-06T23:00:00+00:00,59,3,3.9,8.2,November-December 2022
33,Linear interpolation,2022-12-06T09:00:00+00:00,1069,3,11.0,11.25,November-December 2022
33,Linear interpolation,2022-12-06T10:00:00+00:00,1069,3,10.0,9.5,November-December 2022
33,Linear interpolation,2022-12-06T11:00:00+00:00,1069,3,9.0,7.75,November-December 2022
33,Linear interpolation,2022-12-07T18:00:00+00:00,32,3,13.0,13.75,November-December 2022
33,Linear interpolation,2022-12-07T19:00:00+00:00,32,3,13.0,14.5,November-December 2022
33,Linear interpolation,2022-12-07T20:00:00+00:00,32,3,9.0,15.25,November-December 2022
33,Linear interpolation,2022-12-07T14:00:00+00:00,59,1,11.0,10.0,November-December 2022
33,Linear interpolation,2022-12-07T16:00:00+00:00,1069,6,15.0,16.142857142857142,November-December 2022
33,Linear interpolation,2022-12-07T17:00:00+00:00,1069,6,17.0,15.285714285714286,November-December 2022
33,Linear interpolation,2022-12-07T18:00:00+00:00,1069,6,18.0,14.428571428571429,November-December 2022
33,Linear interpolation,2022-12-07T19:00:00+00:00,1069,6,10.0,13.571428571428571,November-December 2022
33,Linear interpolation,2022-12-07T20:00:00+00:00,1069,6,12.0,12.714285714285715,November-December 2022
33,Linear interpolation,2022-12-07T21:00:00+00:00,1069,6,12.0,11.857142857142858,November-December 2022
33,Linear interpolation,2022-12-08T10:00:00+00:00,32,6,12.0,11.571428571428571,November-December 2022
33,Linear interpolation,2022-12-08T11:00:00+00:00,32,6,14.0,12.142857142857142,November-December 2022
33,Linear interpolation,2022-12-08T12:00:00+00:00,32,6,14.0,12.714285714285714,November-December 2022
33,Linear interpolation,2022-12-08T13:00:00+00:00,32,6,12.0,13.285714285714285,November-December 2022
33,Linear interpolation,2022-12-08T14:00:00+00:00,32,6,8.0,13.857142857142858,November-December 2022
33,Linear interpolation,2022-12-08T15:00:00+00:00,32,6,12.0,14.428571428571429,November-December 2022
33,Linear interpolation,2022-12-08T13:00:00+00:00,59,3,10.8,7.45,November-December 2022
33,Linear interpolation,2022-12-08T14:00:00+00:00,59,3,11.2,9.2,November-December 2022
33,Linear interpolation,2022-12-08T15:00:00+00:00,59,3,10.8,10.95,November-December 2022
33,Linear interpolation,2022-12-08T13:00:00+00:00,1069,3,11.0,14.5,November-December 2022
33,Linear interpolation,2022-12-08T14:00:00+00:00,1069,3,12.0,16.0,November-December 2022
33,Linear interpolation,2022-12-08T15:00:00+00:00,1069,3,17.0,17.5,November-December 2022
33,Linear interpolation,2022-12-09T10:00:00+00:00,32,3,8.0,14.75,November-December 2022
33,Linear interpolation,2022-12-09T11:00:00+00:00,32,3,11.0,14.5,November-December 2022
33,Linear interpolation,2022-12-09T12:00:00+00:00,32,3,9.0,14.25,November-December 2022
33,Linear interpolation,2022-12-09T23:00:00+00:00,59,6,13.3,14.4,November-December 2022
33,Linear interpolation,2022-12-10T00:00:00+00:00,59,6,13.1,13.1,November-December 2022
33,Linear interpolation,2022-12-10T01:00:00+00:00,59,6,15.2,11.8,November-December 2022
33,Linear interpolation,2022-12-10T02:00:00+00:00,59,6,11.8,10.5,November-December 2022
33,Linear interpolation,2022-12-10T03:00:00+00:00,59,6,8.8,9.2,November-December 2022
33,Linear interpolation,2022-12-10T04:00:00+00:00,59,6,4.8,7.9,November-December 2022
33,Linear interpolation,2022-12-09T16:00:00+00:00,1069,1,16.0,14.0,November-December 2022
33,Linear interpolation,2022-12-10T08:00:00+00:00,32,6,7.0,5.571428571428571,November-December 2022
33,Linear interpolation,2022-12-10T09:00:00+00:00,32,6,5.0,5.142857142857143,November-December 2022
33,Linear interpolation,2022-12-10T10:00:00+00:00,32,6,6.0,4.714285714285714,November-December 2022
33,Linear interpolation,2022-12-10T11:00:00+00:00,32,6,6.0,4.285714285714286,November-December 2022
33,Linear interpolation,2022-12-10T12:00:00+00:00,32,6,3.0,3.857142857142857,November-December 2022
33,Linear interpolation,2022-12-10T13:00:00+00:00,32,6,6.0,3.4285714285714284,November-December 2022
33,Linear interpolation,2022-12-10T15:00:00+00:00,59,6,2.8,2.0285714285714285,November-December 2022
33,Linear interpolation,2022-12-10T16:00:00+00:00,59,6,4.7,1.9571428571428573,November-December 2022
33,Linear interpolation,2022-12-10T17:00:00+00:00,59,6,6.2,1.885714285714286,November-December 2022
33,Linear interpolation,2022-12-10T18:00:00+00:00,59,6,1.9,1.8142857142857145,November-December 2022
33,Linear interpolation,2022-12-10T19:00:00+00:00,59,6,6.6,1.7428571428571429,November-December 2022
33,Linear interpolation,2022-12-10T20:00:00+00:00,59,6,2.2,1.6714285714285717,November-December 2022
33,Linear interpolation,2022-12-10T20:00:00+00:00,1069,3,7.0,2.25,November-December 2022
33,Linear interpolation,2022-12-10T21:00:00+00:00,1069,3,0.0,2.5,November-December 2022
33,Linear interpolation,2022-12-10T22:00:00+00:00,1069,3,3.0,2.75,November-December 2022
33,Linear interpolation,2022-12-12T00:00:00+00:00,32,3,3.0,6.5,November-December 2022
33,Linear interpolation,2022-12-12T01:00:00+00:00,32,3,7.0,6.0,November-December 2022
33,Linear interpolation,2022-12-12T02:00:00+00:00,32,3,3.0,5.5,November-December 2022
33,Linear interpolation,2022-12-11T14:00:00+00:00,59,1,6.2,0.7999999999999998,November-December 2022
33,Linear interpolation,2022-12-11T20:00:00+00:00,1069,6,5.0,5.571428571428571,November-December 2022
33,Linear interpolation,2022-12-11T21:00:00+00:00,1069,6,3.0,5.142857142857143,November-December 2022
33,Linear interpolation,2022-12-11T22:00:00+00:00,1069,6,3.0,4.714285714285714,November-December 2022
33,Linear interpolation,2022-12-11T23:00:00+00:00,1069,6,-3.0,4.285714285714286,November-December 2022
33,Linear interpolation,2022-12-12T00:00:00+00:00,1069,6,1.0,3.857142857142857,November-December 2022
33,Linear interpolation,2022-12-12T01:00:00+00:00,1069,6,0.0,3.4285714285714284,November-December 2022
33,Linear interpolation,2022-12-12T20:00:00+00:00,32,3,13.0,9.75,November-December 2022
33,Linear interpolation,2022-12-12T21:00:00+00:00,32,3,9.0,10.5,November-December 2022
33,Linear interpolation,2022-12-12T22:00:00+00:00,32,3,13.0,11.25,November-December 2022
33,Linear interpolation,2022-12-13T01:00:00+00:00,59,3,5.7,7.725,November-December 2022
33,Linear interpolation,2022-12-13T02:00:00+00:00,59,3,3.7,7.35,November-December 2022
33,Linear interpolation,2022-12-13T03:00:00+00:00,59,3,6.5,6.975,November-December 2022
33,Linear interpolation,2022-12-12T14:00:00+00:00,1069,1,12.0,8.5,November-December 2022
33,Linear interpolation,2022-12-13T11:00:00+00:00,32,3,13.0,11.25,November-December 2022
33,Linear interpolation,2022-12-13T12:00:00+00:00,32,3,11.0,10.5,November-December 2022
33,Linear interpolation,2022-12-13T13:00:00+00:00,32,3,8.0,9.75,November-December 2022
33,Linear interpolation,2022-12-13T07:00:00+00:00,59,1,4.5,5.449999999999999,November-December 2022
33,Linear interpolation,2022-12-13T16:00:00+00:00,1069,6,11.0,7.0,November-December 2022
33,Linear interpolation,2022-12-13T17:00:00+00:00,1069,6,10.0,8.0,November-December 2022
33,Linear interpolation,2022-12-13T18:00:00+00:00,1069,6,18.0,9.0,November-December 2022
33,Linear interpolation,2022-12-13T19:00:00+00:00,1069,6,16.0,10.0,November-December 2022
33,Linear interpolation,2022-12-13T20:00:00+00:00,1069,6,15.0,11.0,November-December 2022
33,Linear interpolation,2022-12-13T21:00:00+00:00,1069,6,14.0,12.0,November-December 2022
33,Linear interpolation,2022-12-14T18:00:00+00:00,32,3,1.0,3.0,November-December 2022
33,Linear interpolation,2022-12-14T19:00:00+00:00,32,3,3.0,2.0,November-December 2022
33,Linear interpolation,2022-12-14T20:00:00+00:00,32,3,-1.0,1.0,November-December 2022
33,Linear interpolation,2022-12-14T14:00:00+00:00,59,3,1.0,0.3750000000000001,November-December 2022
33,Linear interpolation,2022-12-14T15:00:00+00:00,59,3,-2.3,1.6500000000000004,November-December 2022
33,Linear interpolation,2022-12-14T16:00:00+00:00,59,3,2.0,2.9250000000000003,November-December 2022
33,Linear interpolation,2022-12-15T00:00:00+00:00,1069,3,-1.0,-2.5,November-December 2022
33,Linear interpolation,2022-12-15T01:00:00+00:00,1069,3,-4.0,-1.0,November-December 2022
33,Linear interpolation,2022-12-15T02:00:00+00:00,1069,3,2.0,0.5,November-December 2022
33,Linear interpolation,2022-12-15T11:00:00+00:00,32,6,4.0,6.0,November-December 2022
33,Linear interpolation,2022-12-15T12:00:00+00:00,32,6,3.0,6.0,November-December 2022
33,Linear interpolation,2022-12-15T13:00:00+00:00,32,6,-1.0,6.0,November-December 2022
33,Linear interpolation,2022-12-15T14:00:00+00:00,32,6,2.0,6.0,November-December 2022
33,Linear interpolation,2022-12-15T15:00:00+00:00,32,6,9.0,6.0,November-December 2022
33,Linear interpolation,2022-12-15T16:00:00+00:00,32,6,4.0,6.0,November-December 2022
33,Linear interpolation,2022-12-16T00:00:00+00:00,59,1,6.0,4.0,November-December 2022
33,Linear interpolation,2022-12-16T03:00:00+00:00,1069,1,7.0,8.0,November-December 2022
33,Linear interpolation,2022-12-16T16:00:00+00:00,32,1,2.0,8.0,November-December 2022
33,Linear interpolation,2022-12-16T07:00:00+00:00,59,3,2.1,1.7000000000000002,November-December 2022
33,Linear interpolation,2022-12-16T08:00:00+00:00,59,3,2.3,2.3,November-December 2022
33,Linear interpolation,2022-12-16T09:00:00+00:00,59,3,-1.3,2.9,November-December 2022
33,Linear interpolation,2022-12-16T19:00:00+00:00,1069,1,3.0,9.5,November-December 2022
33,Linear interpolation,2022-12-17T20:00:00+00:00,32,3,-1.0,2.5,November-December 2022
33,Linear interpolation,2022-12-17T21:00:00+00:00,32,3,0.0,2.0,November-December 2022
33,Linear interpolation,2022-12-17T22:00:00+00:00,32,3,4.0,1.5,November-December 2022
33,Linear interpolation,2022-12-18T01:00:00+00:00,59,3,7.6,7.55,November-December 2022
33,Linear interpolation,2022-12-18T02:00:00+00:00,59,3,11.1,9.4,November-December 2022
33,Linear interpolation,2022-12-18T03:00:00+00:00,59,3,10.7,11.25,November-December 2022
33,Linear interpolation,2022-12-18T02:00:00+00:00,1069,1,21.0,16.0,November-December 2022
33,Linear interpolation,2022-12-18T16:00:00+00:00,32,3,8.0,9.0,November-December 2022
33,Linear interpolation,2022-12-18T17:00:00+00:00,32,3,5.0,9.0,November-December 2022
33,Linear interpolation,2022-12-18T18:00:00+00:00,32,3,6.0,9.0,November-December 2022
33,Linear interpolation,2022-12-18T20:00:00+00:00,59,3,0.9,1.4,November-December 2022
33,Linear interpolation,2022-12-18T21:00:00+00:00,59,3,0.9,0.7000000000000002,November-December 2022
33,Linear interpolation,2022-12-18T22:00:00+00:00,59,3,1.8,4.440892098500626e-16,November-December 2022
33,Linear interpolation,2022-12-18T11:00:00+00:00,1069,1,10.0,8.0,November-December 2022
33,Linear interpolation,2022-12-19T18:00:00+00:00,32,6,4.0,5.857142857142857,November-December 2022
33,Linear interpolation,2022-12-19T19:00:00+00:00,32,6,4.0,5.714285714285714,November-December 2022
33,Linear interpolation,2022-12-19T20:00:00+00:00,32,6,6.0,5.571428571428571,November-December 2022
33,Linear interpolation,2022-12-19T21:00:00+00:00,32,6,8.0,5.428571428571429,November-December 2022
33,Linear interpolation,2022-12-19T22:00:00+00:00,32,6,7.0,5.285714285714286,November-December 2022
33,Linear interpolation,2022-12-19T23:00:00+00:00,32,6,7.0,5.142857142857143,November-December 2022
33,Linear interpolation,2022-12-19T22:00:00+00:00,59,3,3.5,-0.125,November-December 2022
33,Linear interpolation,2022-12-19T23:00:00+00:00,59,3,2.9,-0.15,November-December 2022
33,Linear interpolation,2022-12-20T00:00:00+00:00,59,3,2.5,-0.175,November-December 2022
33,Linear interpolation,2022-12-19T18:00:00+00:00,1069,1,3.0,7.5,November-December 2022
33,Linear interpolation,2022-12-20T12:00:00+00:00,32,6,0.0,0.4285714285714285,November-December 2022
33,Linear interpolation,2022-12-20T13:00:00+00:00,32,6,0.0,0.8571428571428571,November-December 2022
33,Linear interpolation,2022-12-20T14:00:00+00:00,32,6,-2.0,1.2857142857142858,November-December 2022
33,Linear interpolation,2022-12-20T15:00:00+00:00,32,6,1.0,1.7142857142857142,November-December 2022
33,Linear interpolation,2022-12-20T16:00:00+00:00,32,6,1.0,2.142857142857143,November-December 2022
33,Linear interpolation,2022-12-20T17:00:00+00:00,32,6,2.0,2.571428571428572,November-December 2022
33,Linear interpolation,2022-12-20T07:00:00+00:00,59,1,1.2,0.7999999999999998,November-December 2022
33,Linear interpolation,2022-12-20T14:00:00+00:00,1069,6,5.0,2.7142857142857144,November-December 2022
33,Linear interpolation,2022-12-20T15:00:00+00:00,1069,6,4.0,3.428571428571429,November-December 2022
33,Linear interpolation,2022-12-20T16:00:00+00:00,1069,6,5.0,4.142857142857142,November-December 2022
33,Linear interpolation,2022-12-20T17:00:00+00:00,1069,6,8.0,4.857142857142858,November-December 2022
33,Linear interpolation,2022-12-20T18:00:00+00:00,1069,6,6.0,5.571428571428571,November-December 2022
33,Linear interpolation,2022-12-20T19:00:00+00:00,1069,6,8.0,6.285714285714286,November-December 2022
33,Linear interpolation,2022-12-21T14:00:00+00:00,32,1,15.0,13.5,November-December 2022
33,Linear interpolation,2022-12-22T02:00:00+00:00,59,1,13.2,9.9,November-December 2022
33,Linear interpolation,2022-12-21T10:00:00+00:00,1069,6,15.0,12.714285714285714,November-December 2022
33,Linear interpolation,2022-12-21T11:00:00+00:00,1069,6,13.0,13.428571428571429,November-December 2022
33,Linear interpolation,2022-12-21T12:00:00+00:00,1069,6,12.0,14.142857142857142,November-December 2022
33,Linear interpolation,2022-12-21T13:00:00+00:00,1069,6,10.0,14.857142857142858,November-December 2022
33,Linear interpolation,2022-12-21T14:00:00+00:00,1069,6,15.0,15.571428571428571,November-December 2022
33,Linear interpolation,2022-12-21T15:00:00+00:00,1069,6,13.0,16.285714285714285,November-December 2022
33,Linear interpolation,2022-12-22T07:00:00+00:00,32,6,20.0,24.571428571428573,November-December 2022
33,Linear interpolation,2022-12-22T08:00:00+00:00,32,6,15.0,23.142857142857142,November-December 2022
33,Linear interpolation,2022-12-22T09:00:00+00:00,32,6,15.0,21.714285714285715,November-December 2022
33,Linear interpolation,2022-12-22T10:00:00+00:00,32,6,15.0,20.285714285714285,November-December 2022
33,Linear interpolation,2022-12-22T11:00:00+00:00,32,6,14.0,18.857142857142858,November-December 2022
33,Linear interpolation,2022-12-22T12:00:00+00:00,32,6,15.0,17.42857142857143,November-December 2022
33,Linear interpolation,2022-12-22T12:00:00+00:00,59,6,6.5,6.171428571428572,November-December 2022
33,Linear interpolation,2022-12-22T13:00:00+00:00,59,6,11.0,6.342857142857143,November-December 2022
33,Linear interpolation,2022-12-22T14:00:00+00:00,59,6,10.1,6.514285714285714,November-December 2022
33,Linear interpolation,2022-12-22T15:00:00+00:00,59,6,6.0,6.685714285714286,November-December 2022
33,Linear interpolation,2022-12-22T16:00:00+00:00,59,6,7.4,6.857142857142858,November-December 2022
33,Linear interpolation,2022-12-22T17:00:00+00:00,59,6,8.5,7.0285714285714285,November-December 2022
33,Linear interpolation,2022-12-22T13:00:00+00:00,1069,3,16.0,16.75,November-December 2022
33,Linear interpolation,2022-12-22T14:00:00+00:00,1069,3,17.0,18.5,November-December 2022
33,Linear interpolation,2022-12-22T15:00:00+00:00,1069,3,16.0,20.25,November-December 2022
33,Linear interpolation,2022-12-23T11:00:00+00:00,32,6,4.0,3.857142857142857,November-December 2022
33,Linear interpolation,2022-12-23T12:00:00+00:00,32,6,1.0,3.7142857142857135,November-December 2022
33,Linear interpolation,2022-12-23T13:00:00+00:00,32,6,-3.0,3.571428571428572,November-December 2022
33,Linear interpolation,2022-12-23T14:00:00+00:00,32,6,-2.0,3.428571428571429,November-December 2022
33,Linear interpolation,2022-12-23T15:00:00+00:00,32,6,2.0,3.2857142857142856,November-December 2022
33,Linear interpolation,2022-12-23T16:00:00+00:00,32,6,4.0,3.142857142857143,November-December 2022
33,Linear interpolation,2022-12-23T19:00:00+00:00,59,6,1.4,2.2857142857142856,November-December 2022
33,Linear interpolation,2022-12-23T20:00:00+00:00,59,6,3.2,1.9714285714285715,November-December 2022
33,Linear interpolation,2022-12-23T21:00:00+00:00,59,6,-0.9,1.657142857142857,November-December 2022
33,Linear interpolation,2022-12-23T22:00:00+00:00,59,6,2.3,1.3428571428571427,November-December 2022
33,Linear interpolation,2022-12-23T23:00:00+00:00,59,6,0.8,1.0285714285714287,November-December 2022
33,Linear interpolation,2022-12-24T00:00:00+00:00,59,6,-0.5,0.7142857142857142,November-December 2022
33,Linear interpolation,2022-12-23T14:00:00+00:00,1069,1,6.0,3.0,November-December 2022
33,Linear interpolation,2022-12-24T10:00:00+00:00,32,6,6.0,-2.0,November-December 2022
33,Linear interpolation,2022-12-24T11:00:00+00:00,32,6,3.0,-1.0,November-December 2022
33,Linear interpolation,2022-12-24T12:00:00+00:00,32,6,4.0,0.0,November-December 2022
33,Linear interpolation,2022-12-24T13:00:00+00:00,32,6,1.0,1.0,November-December 2022
33,Linear interpolation,2022-12-24T14:00:00+00:00,32,6,3.0,2.0,November-December 2022
33,Linear interpolation,2022-12-24T15:00:00+00:00,32,6,1.0,3.0,November-December 2022
33,Linear interpolation,2022-12-24T11:00:00+00:00,59,1,2.1,1.7000000000000002,November-December 2022
33,Linear interpolation,2022-12-25T00:00:00+00:00,1069,1,-2.0,13.5,November-December 2022
33,Linear interpolation,2022-12-25T09:00:00+00:00,32,3,34.0,28.25,November-December 2022
33,Linear interpolation,2022-12-25T10:00:00+00:00,32,3,19.0,23.5,November-December 2022
33,Linear interpolation,2022-12-25T11:00:00+00:00,32,3,21.0,18.75,November-December 2022
33,Linear interpolation,2022-12-25T20:00:00+00:00,59,1,2.4,4.7,November-December 2022
33,Linear interpolation,2022-12-25T15:00:00+00:00,1069,6,19.0,14.714285714285715,November-December 2022
33,Linear interpolation,2022-12-25T16:00:00+00:00,1069,6,10.0,12.428571428571429,November-December 2022
33,Linear interpolation,2022-12-25T17:00:00+00:00,1069,6,10.0,10.142857142857142,November-December 2022
33,Linear interpolation,2022-12-25T18:00:00+00:00,1069,6,7.0,7.857142857142858,November-December 2022
33,Linear interpolation,2022-12-25T19:00:00+00:00,1069,6,4.0,5.571428571428571,November-December 2022
33,Linear interpolation,2022-12-25T20:00:00+00:00,1069,6,3.0,3.2857142857142865,November-December 2022
33,Linear interpolation,2022-12-26T13:00:00+00:00,32,1,5.0,9.5,November-December 2022
33,Linear interpolation,2022-12-26T23:00:00+00:00,59,3,1.9,3.7,November-December 2022
33,Linear interpolation,2022-12-27T00:00:00+00:00,59,3,-0.8,2.6,November-December 2022
33,Linear interpolation,2022-12-27T01:00:00+00:00,59,3,1.7,1.5,November-December 2022
33,Linear interpolation,2022-12-26T18:00:00+00:00,1069,6,12.0,13.142857142857142,November-December 2022
33,Linear interpolation,2022-12-26T19:00:00+00:00,1069,6,7.0,11.285714285714285,November-December 2022
33,Linear interpolation,2022-12-26T20:00:00+00:00,1069,6,5.0,9.428571428571429,November-December 2022
33,Linear interpolation,2022-12-26T21:00:00+00:00,1069,6,1.0,7.571428571428571,November-December 2022
33,Linear interpolation,2022-12-26T22:00:00+00:00,1069,6,4.0,5.7142857142857135,November-December 2022
33,Linear interpolation,2022-12-26T23:00:00+00:00,1069,6,3.0,3.8571428571428577,November-December 2022
33,Linear interpolation,2022-12-27T21:00:00+00:00,32,6,0.0,6.142857142857143,November-December 2022
33,Linear interpolation,2022-12-27T22:00:00+00:00,32,6,1.0,6.285714285714286,November-December 2022
33,Linear interpolation,2022-12-27T23:00:00+00:00,32,6,0.0,6.428571428571429,November-December 2022
33,Linear interpolation,2022-12-28T00:00:00+00:00,32,6,2.0,6.571428571428571,November-December 2022
33,Linear interpolation,2022-12-28T01:00:00+00:00,32,6,12.0,6.714285714285714,November-December 2022
33,Linear interpolation,2022-12-28T02:00:00+00:00,32,6,7.0,6.857142857142857,November-December 2022
33,Linear interpolation,2022-12-27T13:00:00+00:00,59,1,2.0,6.4,November-December 2022
33,Linear interpolation,2022-12-27T21:00:00+00:00,1069,3,-2.0,6.0,November-December 2022
33,Linear interpolation,2022-12-27T22:00:00+00:00,1069,3,0.0,5.0,November-December 2022
33,Linear interpolation,2022-12-27T23:00:00+00:00,1069,3,-3.0,4.0,November-December 2022
33,Linear interpolation,2022-12-28T17:00:00+00:00,32,3,8.0,9.0,November-December 2022
33,Linear interpolation,2022-12-28T18:00:00+00:00,32,3,7.0,9.0,November-December 2022
33,Linear interpolation,2022-12-28T19:00:00+00:00,32,3,5.0,9.0,November-December 2022
33,Linear interpolation,2022-12-28T21:00:00+00:00,59,3,4.8,5.824999999999999,November-December 2022
33,Linear interpolation,2022-12-28T22:00:00+00:00,59,3,3.7,5.55,November-December 2022
33,Linear interpolation,2022-12-28T23:00:00+00:00,59,3,2.1,5.275,November-December 2022
33,Linear interpolation,2022-12-28T23:00:00+00:00,1069,1,1.0,2.5,November-December 2022
33,Linear interpolation,2022-12-29T14:00:00+00:00,32,1,13.0,12.0,November-December 2022
33,Linear interpolation,2022-12-29T20:00:00+00:00,59,1,10.9,13.95,November-December 2022
33,Linear interpolation,2022-12-30T00:00:00+00:00,1069,3,4.0,9.75,November-December 2022
33,Linear interpolation,2022-12-30T01:00:00+00:00,1069,3,10.0,9.5,November-December 2022
33,Linear interpolation,2022-12-30T02:00:00+00:00,1069,3,10.0,9.25,November-December 2022
33,Linear interpolation,2022-12-30T09:00:00+00:00,32,1,2.0,6.5,November-December 2022
33,Linear interpolation,2022-12-31T01:00:00+00:00,59,3,7.2,4.25,November-December 2022
33,Linear interpolation,2022-12-31T02:00:00+00:00,59,3,6.0,5.0,November-December 2022
33,Linear interpolation,2022-12-31T03:00:00+00:00,59,3,7.2,5.75,November-December 2022
33,Linear interpolation,2022-12-30T11:00:00+00:00,1069,6,9.0,5.571428571428571,November-December 2022
33,Linear interpolation,2022-12-30T12:00:00+00:00,1069,6,9.0,5.142857142857143,November-December 2022
33,Linear interpolation,2022-12-30T13:00:00+00:00,1069,6,8.0,4.714285714285714,November-December 2022
33,Linear interpolation,2022-12-30T14:00:00+00:00,1069,6,6.0,4.285714285714286,November-December 2022
33,Linear interpolation,2022-12-30T15:00:00+00:00,1069,6,13.0,3.857142857142857,November-December 2022
33,Linear interpolation,2022-12-30T16:00:00+00:00,1069,6,7.0,3.4285714285714284,November-December 2022
33,Linear interpolation,2022-12-31T19:00:00+00:00,32,6,4.0,6.285714285714286,November-December 2022
33,Linear interpolation,2022-12-31T20:00:00+00:00,32,6,2.0,8.571428571428571,November-December 2022
33,Linear interpolation,2022-12-31T21:00:00+00:00,32,6,1.0,10.857142857142858,November-December 2022
33,Linear interpolation,2022-12-31T22:00:00+00:00,32,6,2.0,13.142857142857142,November-December 2022
33,Linear interpolation,2022-12-31T23:00:00+00:00,32,6,3.0,15.428571428571429,November-December 2022
33,Linear interpolation,2023-01-01T00:00:00+00:00,32,6,3.0,17.714285714285715,November-December 2022
33,Linear interpolation,2022-12-31T10:00:00+00:00,59,6,10.8,7.685714285714286,November-December 2022
33,Linear interpolation,2022-12-31T11:00:00+00:00,59,6,7.0,7.671428571428572,November-December 2022
33,Linear interpolation,2022-12-31T12:00:00+00:00,59,6,4.2,7.6571428571428575,November-December 2022
33,Linear interpolation,2022-12-31T13:00:00+00:00,59,6,5.6,7.642857142857142,November-December 2022
33,Linear interpolation,2022-12-31T14:00:00+00:00,59,6,10.3,7.628571428571428,November-December 2022
33,Linear interpolation,2022-12-31T15:00:00+00:00,59,6,3.5,7.614285714285714,November-December 2022
33,Linear interpolation,2022-12-31T23:00:00+00:00,1069,6,-1.0,8.428571428571429,November-December 2022
33,Linear interpolation,2023-01-01T00:00:00+00:00,1069,6,4.0,11.857142857142858,November-December 2022
33,Linear interpolation,2023-01-01T01:00:00+00:00,1069,6,54.0,15.285714285714286,November-December 2022
33,Linear interpolation,2023-01-01T02:00:00+00:00,1069,6,59.0,18.714285714285715,November-December 2022
33,Linear interpolation,2023-01-01T03:00:00+00:00,1069,6,40.0,22.142857142857142,November-December 2022
33,Linear interpolation,2023-01-01T04:00:00+00:00,1069,6,30.0,25.571428571428573,November-December 2022
