seed,method,datetime_utc,site,gap_hours,truth,prediction,period
11,PM2.5 station-temporal Transformer,2022-10-01T09:00:00+00:00,32,1,10.0,7.368532298534992,October 2022 pilot
11,PM2.5 station-temporal Transformer,2022-10-01T15:00:00+00:00,59,6,10.4,9.386692917308416,October 2022 pilot
11,PM2.5 station-temporal Transformer,2022-10-01T16:00:00+00:00,59,6,5.8,11.223027731932124,October 2022 pilot
11,PM2.5 station-temporal Transformer,2022-10-01T17:00:00+00:00,59,6,7.6,8.640728422142848,October 2022 pilot
11,PM2.5 station-temporal Transformer,2022-10-01T18:00:00+00:00,59,6,5.8,8.97778767655741,October 2022 pilot
11,PM2.5 station-temporal Transformer,2022-10-01T19:00:00+00:00,59,6,9.8,9.349689560224194,October 2022 pilot
11,PM2.5 station-temporal Transformer,2022-10-01T20:00:00+00:00,59,6,5.3,8.843811216319718,October 2022 pilot
11,PM2.5 station-temporal Transformer,2022-10-02T21:00:00+00:00,32,3,9.0,7.775412636495968,October 2022 pilot
11,PM2.5 station-temporal Transformer,2022-10-02T22:00:00+00:00,32,3,3.0,8.084572478190415,October 2022 pilot
11,PM2.5 station-temporal Transformer,2022-10-02T23:00:00+00:00,32,3,5.0,7.138644522895344,October 2022 pilot
11,PM2.5 station-temporal Transformer,2022-10-02T17:00:00+00:00,59,1,8.5,7.140537564860676,October 2022 pilot
11,PM2.5 station-temporal Transformer,2022-10-04T01:00:00+00:00,32,3,10.0,6.920838582273106,October 2022 pilot
11,PM2.5 station-temporal Transformer,2022-10-04T02:00:00+00:00,32,3,10.0,7.939878085779772,October 2022 pilot
11,PM2.5 station-temporal Transformer,2022-10-04T03:00:00+00:00,32,3,9.0,9.013405004987272,October 2022 pilot
11,PM2.5 station-temporal Transformer,2022-10-03T08:00:00+00:00,59,3,5.4,7.949745354004342,October 2022 pilot
11,PM2.5 station-temporal Transformer,2022-10-03T09:00:00+00:00,59,3,8.2,8.118453121005665,October 2022 pilot
11,PM2.5 station-temporal Transformer,2022-10-03T10:00:00+00:00,59,3,9.3,8.246396783416788,October 2022 pilot
11,PM2.5 station-temporal Transformer,2022-10-04T23:00:00+00:00,32,1,1.0,6.888305404518476,October 2022 pilot
11,PM2.5 station-temporal Transformer,2022-10-04T23:00:00+00:00,59,6,5.7,6.509552222240419,October 2022 pilot
11,PM2.5 station-temporal Transformer,2022-10-05T00:00:00+00:00,59,6,1.5,5.96129341883602,October 2022 pilot
11,PM2.5 station-temporal Transformer,2022-10-05T01:00:00+00:00,59,6,5.8,5.772003183341692,October 2022 pilot
11,PM2.5 station-temporal Transformer,2022-10-05T02:00:00+00:00,59,6,5.1,7.357407321830288,October 2022 pilot
11,PM2.5 station-temporal Transformer,2022-10-05T03:00:00+00:00,59,6,4.3,7.521796699000842,October 2022 pilot
11,PM2.5 station-temporal Transformer,2022-10-05T04:00:00+00:00,59,6,5.7,7.748186058684952,October 2022 pilot
11,PM2.5 station-temporal Transformer,2022-10-05T01:00:00+00:00,1069,3,6.0,4.416535519324524,October 2022 pilot
11,PM2.5 station-temporal Transformer,2022-10-05T02:00:00+00:00,1069,3,6.0,8.137725113972378,October 2022 pilot
11,PM2.5 station-temporal Transformer,2022-10-05T03:00:00+00:00,1069,3,8.0,8.290465041309933,October 2022 pilot
11,PM2.5 station-temporal Transformer,2022-10-05T09:00:00+00:00,32,3,7.0,8.162763267075615,October 2022 pilot
11,PM2.5 station-temporal Transformer,2022-10-05T10:00:00+00:00,32,3,8.0,8.345042981782623,October 2022 pilot
11,PM2.5 station-temporal Transformer,2022-10-05T11:00:00+00:00,32,3,7.0,14.759376791123984,October 2022 pilot
11,PM2.5 station-temporal Transformer,2022-10-05T15:00:00+00:00,59,3,11.5,11.087485470291286,October 2022 pilot
11,PM2.5 station-temporal Transformer,2022-10-05T16:00:00+00:00,59,3,8.9,7.093959997511803,October 2022 pilot
11,PM2.5 station-temporal Transformer,2022-10-05T17:00:00+00:00,59,3,7.2,8.334832177970492,October 2022 pilot
11,PM2.5 station-temporal Transformer,2022-10-06T02:00:00+00:00,1069,3,1.0,5.291602213212827,October 2022 pilot
11,PM2.5 station-temporal Transformer,2022-10-06T03:00:00+00:00,1069,3,4.0,5.967570690310351,October 2022 pilot
11,PM2.5 station-temporal Transformer,2022-10-06T04:00:00+00:00,1069,3,8.0,5.290020112901793,October 2022 pilot
11,PM2.5 station-temporal Transformer,2022-10-07T01:00:00+00:00,32,1,7.0,5.616576704195472,October 2022 pilot
11,PM2.5 station-temporal Transformer,2022-10-06T14:00:00+00:00,59,1,11.7,10.393923935194074,October 2022 pilot
11,PM2.5 station-temporal Transformer,2022-10-06T11:00:00+00:00,1069,6,12.0,11.371665491471711,October 2022 pilot
11,PM2.5 station-temporal Transformer,2022-10-06T12:00:00+00:00,1069,6,11.0,13.585293218879062,October 2022 pilot
11,PM2.5 station-temporal Transformer,2022-10-06T13:00:00+00:00,1069,6,21.0,16.63570310963491,October 2022 pilot
11,PM2.5 station-temporal Transformer,2022-10-06T14:00:00+00:00,1069,6,20.0,18.169299110470423,October 2022 pilot
11,PM2.5 station-temporal Transformer,2022-10-06T15:00:00+00:00,1069,6,21.0,18.936918384559576,October 2022 pilot
11,PM2.5 station-temporal Transformer,2022-10-06T16:00:00+00:00,1069,6,17.0,17.837114462383028,October 2022 pilot
11,PM2.5 station-temporal Transformer,2022-10-07T09:00:00+00:00,32,6,6.0,6.952463174839808,October 2022 pilot
11,PM2.5 station-temporal Transformer,2022-10-07T10:00:00+00:00,32,6,5.0,7.863779883465775,October 2022 pilot
11,PM2.5 station-temporal Transformer,2022-10-07T11:00:00+00:00,32,6,3.0,7.956193940351403,October 2022 pilot
11,PM2.5 station-temporal Transformer,2022-10-07T12:00:00+00:00,32,6,9.0,7.528130716502938,October 2022 pilot
11,PM2.5 station-temporal Transformer,2022-10-07T13:00:00+00:00,32,6,11.0,7.262209383117235,October 2022 pilot
11,PM2.5 station-temporal Transformer,2022-10-07T14:00:00+00:00,32,6,7.0,9.50622942202132,October 2022 pilot
11,PM2.5 station-temporal Transformer,2022-10-08T01:00:00+00:00,59,3,6.2,7.43072063381553,October 2022 pilot
11,PM2.5 station-temporal Transformer,2022-10-08T02:00:00+00:00,59,3,9.7,8.218714654753626,October 2022 pilot
11,PM2.5 station-temporal Transformer,2022-10-08T03:00:00+00:00,59,3,9.1,8.027217638444847,October 2022 pilot
11,PM2.5 station-temporal Transformer,2022-10-07T21:00:00+00:00,1069,6,7.0,9.469075068466145,October 2022 pilot
11,PM2.5 station-temporal Transformer,2022-10-07T22:00:00+00:00,1069,6,7.0,8.252905371425879,October 2022 pilot
11,PM2.5 station-temporal Transformer,2022-10-07T23:00:00+00:00,1069,6,5.0,5.841474958235754,October 2022 pilot
11,PM2.5 station-temporal Transformer,2022-10-08T00:00:00+00:00,1069,6,6.0,5.373163796134868,October 2022 pilot
11,PM2.5 station-temporal Transformer,2022-10-08T01:00:00+00:00,1069,6,9.0,7.383695743051629,October 2022 pilot
11,PM2.5 station-temporal Transformer,2022-10-08T02:00:00+00:00,1069,6,9.0,9.365510942290529,October 2022 pilot
11,PM2.5 station-temporal Transformer,2022-10-09T02:00:00+00:00,32,3,9.0,6.777920899476604,October 2022 pilot
11,PM2.5 station-temporal Transformer,2022-10-09T03:00:00+00:00,32,3,7.0,8.1367314838406,October 2022 pilot
11,PM2.5 station-temporal Transformer,2022-10-09T04:00:00+00:00,32,3,9.0,7.992921096181041,October 2022 pilot
11,PM2.5 station-temporal Transformer,2022-10-08T09:00:00+00:00,59,6,12.7,9.021268359429056,October 2022 pilot
11,PM2.5 station-temporal Transformer,2022-10-08T10:00:00+00:00,59,6,11.0,9.741492523504624,October 2022 pilot
11,PM2.5 station-temporal Transformer,2022-10-08T11:00:00+00:00,59,6,9.9,9.88838105893008,October 2022 pilot
11,PM2.5 station-temporal Transformer,2022-10-08T12:00:00+00:00,59,6,8.5,9.020677052469344,October 2022 pilot
11,PM2.5 station-temporal Transformer,2022-10-08T13:00:00+00:00,59,6,9.5,8.799306128430077,October 2022 pilot
11,PM2.5 station-temporal Transformer,2022-10-08T14:00:00+00:00,59,6,10.8,11.249340129645844,October 2022 pilot
11,PM2.5 station-temporal Transformer,2022-10-08T13:00:00+00:00,1069,1,14.0,14.573462353876945,October 2022 pilot
11,PM2.5 station-temporal Transformer,2022-10-09T23:00:00+00:00,32,3,6.0,9.157697996636804,October 2022 pilot
11,PM2.5 station-temporal Transformer,2022-10-10T00:00:00+00:00,32,3,8.0,7.154345604494294,October 2022 pilot
11,PM2.5 station-temporal Transformer,2022-10-10T01:00:00+00:00,32,3,9.0,7.70881160219847,October 2022 pilot
11,PM2.5 station-temporal Transformer,2022-10-10T02:00:00+00:00,59,3,8.3,7.846860514742377,October 2022 pilot
11,PM2.5 station-temporal Transformer,2022-10-10T03:00:00+00:00,59,3,8.8,8.15988146962136,October 2022 pilot
11,PM2.5 station-temporal Transformer,2022-10-10T04:00:00+00:00,59,3,6.4,9.69157547199644,October 2022 pilot
11,PM2.5 station-temporal Transformer,2022-10-10T01:00:00+00:00,1069,3,6.0,5.94862659055954,October 2022 pilot
11,PM2.5 station-temporal Transformer,2022-10-10T02:00:00+00:00,1069,3,5.0,6.143010946324259,October 2022 pilot
11,PM2.5 station-temporal Transformer,2022-10-10T03:00:00+00:00,1069,3,10.0,6.588868655500969,October 2022 pilot
11,PM2.5 station-temporal Transformer,2022-10-10T21:00:00+00:00,32,3,5.0,12.90464750776994,October 2022 pilot
11,PM2.5 station-temporal Transformer,2022-10-10T22:00:00+00:00,32,3,12.0,9.690122116524336,October 2022 pilot
11,PM2.5 station-temporal Transformer,2022-10-10T23:00:00+00:00,32,3,11.0,8.85046141689451,October 2022 pilot
11,PM2.5 station-temporal Transformer,2022-10-10T22:00:00+00:00,59,1,1.0,8.041760427357445,October 2022 pilot
11,PM2.5 station-temporal Transformer,2022-10-10T22:00:00+00:00,1069,6,9.0,6.085649534053898,October 2022 pilot
11,PM2.5 station-temporal Transformer,2022-10-10T23:00:00+00:00,1069,6,5.0,3.26644732335504,October 2022 pilot
11,PM2.5 station-temporal Transformer,2022-10-11T00:00:00+00:00,1069,6,5.0,3.1463426980874054,October 2022 pilot
11,PM2.5 station-temporal Transformer,2022-10-11T01:00:00+00:00,1069,6,6.0,3.7661685765647768,October 2022 pilot
11,PM2.5 station-temporal Transformer,2022-10-11T02:00:00+00:00,1069,6,10.0,4.931480558970894,October 2022 pilot
11,PM2.5 station-temporal Transformer,2022-10-11T03:00:00+00:00,1069,6,6.0,4.730457104218839,October 2022 pilot
11,PM2.5 station-temporal Transformer,2022-10-11T23:00:00+00:00,32,6,0.0,4.085791792579305,October 2022 pilot
11,PM2.5 station-temporal Transformer,2022-10-12T00:00:00+00:00,32,6,7.0,3.838517000388857,October 2022 pilot
11,PM2.5 station-temporal Transformer,2022-10-12T01:00:00+00:00,32,6,5.0,3.060833906875965,October 2022 pilot
11,PM2.5 station-temporal Transformer,2022-10-12T02:00:00+00:00,32,6,6.0,2.889820732355764,October 2022 pilot
11,PM2.5 station-temporal Transformer,2022-10-12T03:00:00+00:00,32,6,9.0,3.0586393822457785,October 2022 pilot
11,PM2.5 station-temporal Transformer,2022-10-12T04:00:00+00:00,32,6,4.0,3.1488224369233,October 2022 pilot
11,PM2.5 station-temporal Transformer,2022-10-12T00:00:00+00:00,59,1,0.5,5.120975554186431,October 2022 pilot
11,PM2.5 station-temporal Transformer,2022-10-11T20:00:00+00:00,1069,3,5.0,7.361293871594546,October 2022 pilot
11,PM2.5 station-temporal Transformer,2022-10-11T21:00:00+00:00,1069,3,7.0,5.605184891749126,October 2022 pilot
11,PM2.5 station-temporal Transformer,2022-10-11T22:00:00+00:00,1069,3,5.0,2.7067404507365174,October 2022 pilot
11,PM2.5 station-temporal Transformer,2022-10-12T07:00:00+00:00,32,1,4.0,3.565683585270075,October 2022 pilot
11,PM2.5 station-temporal Transformer,2022-10-13T04:00:00+00:00,59,1,0.6,4.615719377978612,October 2022 pilot
11,PM2.5 station-temporal Transformer,2022-10-12T12:00:00+00:00,1069,6,9.0,8.155613204078497,October 2022 pilot
11,PM2.5 station-temporal Transformer,2022-10-12T13:00:00+00:00,1069,6,10.0,9.54735976742443,October 2022 pilot
11,PM2.5 station-temporal Transformer,2022-10-12T14:00:00+00:00,1069,6,14.0,9.900388415843103,October 2022 pilot
11,PM2.5 station-temporal Transformer,2022-10-12T15:00:00+00:00,1069,6,15.0,10.735724434329484,October 2022 pilot
11,PM2.5 station-temporal Transformer,2022-10-12T16:00:00+00:00,1069,6,14.0,10.80479604857089,October 2022 pilot
11,PM2.5 station-temporal Transformer,2022-10-12T17:00:00+00:00,1069,6,17.0,9.398991142746748,October 2022 pilot
11,PM2.5 station-temporal Transformer,2022-10-13T11:00:00+00:00,32,3,2.0,4.1100359648550535,October 2022 pilot
11,PM2.5 station-temporal Transformer,2022-10-13T12:00:00+00:00,32,3,4.0,4.770143858368546,October 2022 pilot
11,PM2.5 station-temporal Transformer,2022-10-13T13:00:00+00:00,32,3,4.0,5.360370356087516,October 2022 pilot
11,PM2.5 station-temporal Transformer,2022-10-14T01:00:00+00:00,59,1,5.5,5.89335655442831,October 2022 pilot
11,PM2.5 station-temporal Transformer,2022-10-13T08:00:00+00:00,1069,6,9.0,7.21166349068785,October 2022 pilot
11,PM2.5 station-temporal Transformer,2022-10-13T09:00:00+00:00,1069,6,9.0,6.001990842110303,October 2022 pilot
11,PM2.5 station-temporal Transformer,2022-10-13T10:00:00+00:00,1069,6,8.0,6.742648926627487,October 2022 pilot
11,PM2.5 station-temporal Transformer,2022-10-13T11:00:00+00:00,1069,6,8.0,7.310684795750999,October 2022 pilot
11,PM2.5 station-temporal Transformer,2022-10-13T12:00:00+00:00,1069,6,6.0,8.402138010863652,October 2022 pilot
11,PM2.5 station-temporal Transformer,2022-10-13T13:00:00+00:00,1069,6,12.0,12.037080319805696,October 2022 pilot
11,PM2.5 station-temporal Transformer,2022-10-14T19:00:00+00:00,32,1,14.0,9.633062327316654,October 2022 pilot
11,PM2.5 station-temporal Transformer,2022-10-14T23:00:00+00:00,59,6,6.9,5.326561592275707,October 2022 pilot
11,PM2.5 station-temporal Transformer,2022-10-15T00:00:00+00:00,59,6,3.4,6.604912851888575,October 2022 pilot
11,PM2.5 station-temporal Transformer,2022-10-15T01:00:00+00:00,59,6,5.8,5.050812716252869,October 2022 pilot
11,PM2.5 station-temporal Transformer,2022-10-15T02:00:00+00:00,59,6,4.9,5.93466155534542,October 2022 pilot
11,PM2.5 station-temporal Transformer,2022-10-15T03:00:00+00:00,59,6,5.6,5.303995345129886,October 2022 pilot
11,PM2.5 station-temporal Transformer,2022-10-15T04:00:00+00:00,59,6,5.0,5.956750604058869,October 2022 pilot
11,PM2.5 station-temporal Transformer,2022-10-14T20:00:00+00:00,1069,1,6.0,8.74295197645879,October 2022 pilot
11,PM2.5 station-temporal Transformer,2022-10-15T10:00:00+00:00,32,1,3.0,2.4198951901999752,October 2022 pilot
11,PM2.5 station-temporal Transformer,2022-10-15T16:00:00+00:00,59,1,4.5,6.3135115815363925,October 2022 pilot
11,PM2.5 station-temporal Transformer,2022-10-15T21:00:00+00:00,1069,3,4.0,4.4136356737213145,October 2022 pilot
11,PM2.5 station-temporal Transformer,2022-10-15T22:00:00+00:00,1069,3,-2.0,1.8751230832709416,October 2022 pilot
11,PM2.5 station-temporal Transformer,2022-10-15T23:00:00+00:00,1069,3,-3.0,-1.3384240776363985,October 2022 pilot
11,PM2.5 station-temporal Transformer,2022-10-16T13:00:00+00:00,32,3,1.0,3.4573225375964256,October 2022 pilot
11,PM2.5 station-temporal Transformer,2022-10-16T14:00:00+00:00,32,3,1.0,7.039603915662415,October 2022 pilot
11,PM2.5 station-temporal Transformer,2022-10-16T15:00:00+00:00,32,3,6.0,5.81580717200702,October 2022 pilot
11,PM2.5 station-temporal Transformer,2022-10-16T17:00:00+00:00,59,6,4.7,6.349142112072558,October 2022 pilot
11,PM2.5 station-temporal Transformer,2022-10-16T18:00:00+00:00,59,6,8.4,5.303227065178686,October 2022 pilot
11,PM2.5 station-temporal Transformer,2022-10-16T19:00:00+00:00,59,6,5.3,5.229873188945463,October 2022 pilot
11,PM2.5 station-temporal Transformer,2022-10-16T20:00:00+00:00,59,6,1.2,5.779137919025366,October 2022 pilot
11,PM2.5 station-temporal Transformer,2022-10-16T21:00:00+00:00,59,6,3.8,4.596241300009307,October 2022 pilot
11,PM2.5 station-temporal Transformer,2022-10-16T22:00:00+00:00,59,6,3.6,4.527798090917669,October 2022 pilot
11,PM2.5 station-temporal Transformer,2022-10-16T19:00:00+00:00,1069,6,5.0,6.455557159756131,October 2022 pilot
11,PM2.5 station-temporal Transformer,2022-10-16T20:00:00+00:00,1069,6,0.0,6.641343932704778,October 2022 pilot
11,PM2.5 station-temporal Transformer,2022-10-16T21:00:00+00:00,1069,6,2.0,3.756464410087447,October 2022 pilot
11,PM2.5 station-temporal Transformer,2022-10-16T22:00:00+00:00,1069,6,0.0,2.135424121199869,October 2022 pilot
11,PM2.5 station-temporal Transformer,2022-10-16T23:00:00+00:00,1069,6,3.0,0.1573111263518871,October 2022 pilot
11,PM2.5 station-temporal Transformer,2022-10-17T00:00:00+00:00,1069,6,2.0,1.1130439811318915,October 2022 pilot
11,PM2.5 station-temporal Transformer,2022-10-18T00:00:00+00:00,32,3,2.0,1.916649686669276,October 2022 pilot
11,PM2.5 station-temporal Transformer,2022-10-18T01:00:00+00:00,32,3,6.0,1.4976992536010236,October 2022 pilot
11,PM2.5 station-temporal Transformer,2022-10-18T02:00:00+00:00,32,3,7.0,3.132360147936865,October 2022 pilot
11,PM2.5 station-temporal Transformer,2022-10-17T13:00:00+00:00,59,1,6.7,2.989123275546881,October 2022 pilot
11,PM2.5 station-temporal Transformer,2022-10-17T07:00:00+00:00,1069,1,-6.0,1.2533689444807088,October 2022 pilot
11,PM2.5 station-temporal Transformer,2022-10-18T08:00:00+00:00,32,6,4.0,1.4923508859696408,October 2022 pilot
11,PM2.5 station-temporal Transformer,2022-10-18T09:00:00+00:00,32,6,2.0,0.99227683530534,October 2022 pilot
11,PM2.5 station-temporal Transformer,2022-10-18T10:00:00+00:00,32,6,2.0,1.6802305378109166,October 2022 pilot
11,PM2.5 station-temporal Transformer,2022-10-18T11:00:00+00:00,32,6,2.0,1.9627330267731693,October 2022 pilot
11,PM2.5 station-temporal Transformer,2022-10-18T12:00:00+00:00,32,6,3.0,1.558128763889567,October 2022 pilot
11,PM2.5 station-temporal Transformer,2022-10-18T13:00:00+00:00,32,6,1.0,2.012640223320949,October 2022 pilot
11,PM2.5 station-temporal Transformer,2022-10-18T23:00:00+00:00,59,3,1.8,1.793342870351923,October 2022 pilot
11,PM2.5 station-temporal Transformer,2022-10-19T00:00:00+00:00,59,3,0.7,1.4998629769678755,October 2022 pilot
11,PM2.5 station-temporal Transformer,2022-10-19T01:00:00+00:00,59,3,0.3,1.1434469920496442,October 2022 pilot
11,PM2.5 station-temporal Transformer,2022-10-18T21:00:00+00:00,1069,6,0.0,3.4873695379793617,October 2022 pilot
11,PM2.5 station-temporal Transformer,2022-10-18T22:00:00+00:00,1069,6,4.0,2.5282040977563147,October 2022 pilot
11,PM2.5 station-temporal Transformer,2022-10-18T23:00:00+00:00,1069,6,-2.0,0.4122315724945391,October 2022 pilot
11,PM2.5 station-temporal Transformer,2022-10-19T00:00:00+00:00,1069,6,0.0,1.039065679833138,October 2022 pilot
11,PM2.5 station-temporal Transformer,2022-10-19T01:00:00+00:00,1069,6,2.0,2.097174045468164,October 2022 pilot
11,PM2.5 station-temporal Transformer,2022-10-19T02:00:00+00:00,1069,6,-2.0,3.285051710787409,October 2022 pilot
11,PM2.5 station-temporal Transformer,2022-10-19T17:00:00+00:00,32,1,7.0,6.234232453737996,October 2022 pilot
11,PM2.5 station-temporal Transformer,2022-10-19T11:00:00+00:00,59,1,4.5,3.962620650477347,October 2022 pilot
11,PM2.5 station-temporal Transformer,2022-10-19T08:00:00+00:00,1069,6,7.0,4.986906860264795,October 2022 pilot
11,PM2.5 station-temporal Transformer,2022-10-19T09:00:00+00:00,1069,6,7.0,5.375046922664023,October 2022 pilot
11,PM2.5 station-temporal Transformer,2022-10-19T10:00:00+00:00,1069,6,7.0,4.839216627587206,October 2022 pilot
11,PM2.5 station-temporal Transformer,2022-10-19T11:00:00+00:00,1069,6,6.0,6.867271766028413,October 2022 pilot
11,PM2.5 station-temporal Transformer,2022-10-19T12:00:00+00:00,1069,6,12.0,6.608451478887283,October 2022 pilot
11,PM2.5 station-temporal Transformer,2022-10-19T13:00:00+00:00,1069,6,14.0,7.306703149769551,October 2022 pilot
11,PM2.5 station-temporal Transformer,2022-10-20T07:00:00+00:00,32,3,5.0,4.531160377710756,October 2022 pilot
11,PM2.5 station-temporal Transformer,2022-10-20T08:00:00+00:00,32,3,5.0,4.90454109174351,October 2022 pilot
11,PM2.5 station-temporal Transformer,2022-10-20T09:00:00+00:00,32,3,4.0,3.805853635416483,October 2022 pilot
11,PM2.5 station-temporal Transformer,2022-10-21T03:00:00+00:00,59,1,2.1,3.2402096602922352,October 2022 pilot
11,PM2.5 station-temporal Transformer,2022-10-20T13:00:00+00:00,1069,1,12.0,10.25395050931698,October 2022 pilot
11,PM2.5 station-temporal Transformer,2022-10-22T00:00:00+00:00,32,1,0.0,-0.2518316300131697,October 2022 pilot
11,PM2.5 station-temporal Transformer,2022-10-21T20:00:00+00:00,59,1,1.2,3.5617560604380163,October 2022 pilot
11,PM2.5 station-temporal Transformer,2022-10-21T07:00:00+00:00,1069,1,4.0,3.5714183147678566,October 2022 pilot
11,PM2.5 station-temporal Transformer,2022-10-22T07:00:00+00:00,32,6,6.0,1.361345228776102,October 2022 pilot
11,PM2.5 station-temporal Transformer,2022-10-22T08:00:00+00:00,32,6,7.0,2.0419292026945968,October 2022 pilot
11,PM2.5 station-temporal Transformer,2022-10-22T09:00:00+00:00,32,6,3.0,0.9620675308336306,October 2022 pilot
11,PM2.5 station-temporal Transformer,2022-10-22T10:00:00+00:00,32,6,5.0,1.676377331591694,October 2022 pilot
11,PM2.5 station-temporal Transformer,2022-10-22T11:00:00+00:00,32,6,6.0,2.210827516260526,October 2022 pilot
11,PM2.5 station-temporal Transformer,2022-10-22T12:00:00+00:00,32,6,4.0,1.631909067696336,October 2022 pilot
11,PM2.5 station-temporal Transformer,2022-10-22T15:00:00+00:00,59,3,5.8,5.831728805741841,October 2022 pilot
11,PM2.5 station-temporal Transformer,2022-10-22T16:00:00+00:00,59,3,6.7,5.869577023124496,October 2022 pilot
11,PM2.5 station-temporal Transformer,2022-10-22T17:00:00+00:00,59,3,6.5,5.216029671947288,October 2022 pilot
11,PM2.5 station-temporal Transformer,2022-10-22T21:00:00+00:00,1069,1,1.0,3.936511938861428,October 2022 pilot
11,PM2.5 station-temporal Transformer,2022-10-23T23:00:00+00:00,32,6,3.0,3.380896980466797,October 2022 pilot
11,PM2.5 station-temporal Transformer,2022-10-24T00:00:00+00:00,32,6,3.0,1.97819448842062,October 2022 pilot
11,PM2.5 station-temporal Transformer,2022-10-24T01:00:00+00:00,32,6,4.0,1.8938616825327408,October 2022 pilot
11,PM2.5 station-temporal Transformer,2022-10-24T02:00:00+00:00,32,6,6.0,1.6742800805026237,October 2022 pilot
11,PM2.5 station-temporal Transformer,2022-10-24T03:00:00+00:00,32,6,6.0,2.960096672987314,October 2022 pilot
11,PM2.5 station-temporal Transformer,2022-10-24T04:00:00+00:00,32,6,6.0,3.1946433061791826,October 2022 pilot
11,PM2.5 station-temporal Transformer,2022-10-24T03:00:00+00:00,59,1,6.0,3.934509948092336,October 2022 pilot
11,PM2.5 station-temporal Transformer,2022-10-23T10:00:00+00:00,1069,1,6.0,2.862389945574887,October 2022 pilot
11,PM2.5 station-temporal Transformer,2022-10-25T00:00:00+00:00,32,3,1.0,8.377542092833735,October 2022 pilot
11,PM2.5 station-temporal Transformer,2022-10-25T01:00:00+00:00,32,3,7.0,6.954534220772327,October 2022 pilot
11,PM2.5 station-temporal Transformer,2022-10-25T02:00:00+00:00,32,3,5.0,8.150247998768855,October 2022 pilot
11,PM2.5 station-temporal Transformer,2022-10-24T19:00:00+00:00,59,6,17.9,11.89477682195812,October 2022 pilot
11,PM2.5 station-temporal Transformer,2022-10-24T20:00:00+00:00,59,6,18.6,13.5228258555051,October 2022 pilot
11,PM2.5 station-temporal Transformer,2022-10-24T21:00:00+00:00,59,6,11.8,11.933745931786314,October 2022 pilot
11,PM2.5 station-temporal Transformer,2022-10-24T22:00:00+00:00,59,6,14.5,10.489654322190429,October 2022 pilot
11,PM2.5 station-temporal Transformer,2022-10-24T23:00:00+00:00,59,6,13.3,9.959486292330684,October 2022 pilot
11,PM2.5 station-temporal Transformer,2022-10-25T00:00:00+00:00,59,6,12.1,8.827924889984404,October 2022 pilot
11,PM2.5 station-temporal Transformer,2022-10-24T16:00:00+00:00,1069,1,13.0,14.314187303566944,October 2022 pilot
11,PM2.5 station-temporal Transformer,2022-10-25T15:00:00+00:00,32,6,2.0,1.4665817832238917,October 2022 pilot
11,PM2.5 station-temporal Transformer,2022-10-25T16:00:00+00:00,32,6,6.0,1.8717990371295297,October 2022 pilot
11,PM2.5 station-temporal Transformer,2022-10-25T17:00:00+00:00,32,6,1.0,2.72600957342072,October 2022 pilot
11,PM2.5 station-temporal Transformer,2022-10-25T18:00:00+00:00,32,6,2.0,1.8260167418640911,October 2022 pilot
11,PM2.5 station-temporal Transformer,2022-10-25T19:00:00+00:00,32,6,2.0,1.2402296073060697,October 2022 pilot
11,PM2.5 station-temporal Transformer,2022-10-25T20:00:00+00:00,32,6,2.0,1.7761388950916477,October 2022 pilot
11,PM2.5 station-temporal Transformer,2022-10-25T21:00:00+00:00,59,1,-0.8,-0.0330519295002433,October 2022 pilot
11,PM2.5 station-temporal Transformer,2022-10-25T22:00:00+00:00,1069,1,2.0,-0.2500043464396526,October 2022 pilot
11,PM2.5 station-temporal Transformer,2022-10-26T14:00:00+00:00,32,1,14.0,6.634927536187984,October 2022 pilot
11,PM2.5 station-temporal Transformer,2022-10-27T03:00:00+00:00,59,1,2.0,1.780046083693431,October 2022 pilot
11,PM2.5 station-temporal Transformer,2022-10-26T18:00:00+00:00,1069,6,5.0,5.44171435696258,October 2022 pilot
11,PM2.5 station-temporal Transformer,2022-10-26T19:00:00+00:00,1069,6,4.0,4.73908088074867,October 2022 pilot
11,PM2.5 station-temporal Transformer,2022-10-26T20:00:00+00:00,1069,6,2.0,3.4937011630651886,October 2022 pilot
11,PM2.5 station-temporal Transformer,2022-10-26T21:00:00+00:00,1069,6,2.0,3.050489421958334,October 2022 pilot
11,PM2.5 station-temporal Transformer,2022-10-26T22:00:00+00:00,1069,6,-1.0,0.6281121016906024,October 2022 pilot
11,PM2.5 station-temporal Transformer,2022-10-26T23:00:00+00:00,1069,6,-5.0,-1.140221484366066,October 2022 pilot
11,PM2.5 station-temporal Transformer,2022-10-27T12:00:00+00:00,32,3,3.0,2.6272014583367085,October 2022 pilot
11,PM2.5 station-temporal Transformer,2022-10-27T13:00:00+00:00,32,3,4.0,2.3867362333069124,October 2022 pilot
11,PM2.5 station-temporal Transformer,2022-10-27T14:00:00+00:00,32,3,12.0,4.181226360629598,October 2022 pilot
11,PM2.5 station-temporal Transformer,2022-10-27T23:00:00+00:00,59,6,2.3,3.209189285709204,October 2022 pilot
11,PM2.5 station-temporal Transformer,2022-10-28T00:00:00+00:00,59,6,4.7,2.256352221670719,October 2022 pilot
11,PM2.5 station-temporal Transformer,2022-10-28T01:00:00+00:00,59,6,-1.4,1.9474941563698591,October 2022 pilot
11,PM2.5 station-temporal Transformer,2022-10-28T02:00:00+00:00,59,6,1.9,2.0648019134411992,October 2022 pilot
11,PM2.5 station-temporal Transformer,2022-10-28T03:00:00+00:00,59,6,1.0,2.334592952748502,October 2022 pilot
11,PM2.5 station-temporal Transformer,2022-10-28T04:00:00+00:00,59,6,7.5,2.597000274994441,October 2022 pilot
11,PM2.5 station-temporal Transformer,2022-10-27T12:00:00+00:00,1069,1,10.0,4.988610257619543,October 2022 pilot
11,PM2.5 station-temporal Transformer,2022-10-28T17:00:00+00:00,32,1,4.0,3.575021425934744,October 2022 pilot
11,PM2.5 station-temporal Transformer,2022-10-28T15:00:00+00:00,59,1,-2.2,7.253677598457596,October 2022 pilot
11,PM2.5 station-temporal Transformer,2022-10-28T13:00:00+00:00,1069,6,11.0,8.314721629191247,October 2022 pilot
11,PM2.5 station-temporal Transformer,2022-10-28T14:00:00+00:00,1069,6,-10.0,2.8939042070684566,October 2022 pilot
11,PM2.5 station-temporal Transformer,2022-10-28T15:00:00+00:00,1069,6,-1.0,-3.380729402322835,October 2022 pilot
11,PM2.5 station-temporal Transformer,2022-10-28T16:00:00+00:00,1069,6,6.0,5.268521924569391,October 2022 pilot
11,PM2.5 station-temporal Transformer,2022-10-28T17:00:00+00:00,1069,6,9.0,6.050841715290314,October 2022 pilot
11,PM2.5 station-temporal Transformer,2022-10-28T18:00:00+00:00,1069,6,10.0,5.5662050188540775,October 2022 pilot
11,PM2.5 station-temporal Transformer,2022-10-29T15:00:00+00:00,32,6,4.0,4.384604370978748,October 2022 pilot
11,PM2.5 station-temporal Transformer,2022-10-29T16:00:00+00:00,32,6,8.0,4.260524841482199,October 2022 pilot
11,PM2.5 station-temporal Transformer,2022-10-29T17:00:00+00:00,32,6,5.0,3.8075462788884087,October 2022 pilot
11,PM2.5 station-temporal Transformer,2022-10-29T18:00:00+00:00,32,6,7.0,4.696764807918882,October 2022 pilot
11,PM2.5 station-temporal Transformer,2022-10-29T19:00:00+00:00,32,6,4.0,4.561684982626084,October 2022 pilot
11,PM2.5 station-temporal Transformer,2022-10-29T20:00:00+00:00,32,6,2.0,3.7772925304711897,October 2022 pilot
11,PM2.5 station-temporal Transformer,2022-10-30T01:00:00+00:00,59,3,2.4,1.7859138146770253,October 2022 pilot
11,PM2.5 station-temporal Transformer,2022-10-30T02:00:00+00:00,59,3,-0.9,2.030528207589491,October 2022 pilot
11,PM2.5 station-temporal Transformer,2022-10-30T03:00:00+00:00,59,3,1.0,3.39442762074184,October 2022 pilot
11,PM2.5 station-temporal Transformer,2022-10-29T22:00:00+00:00,1069,3,5.0,2.8945288263965514,October 2022 pilot
11,PM2.5 station-temporal Transformer,2022-10-29T23:00:00+00:00,1069,3,1.0,0.4313191332007058,October 2022 pilot
11,PM2.5 station-temporal Transformer,2022-10-30T00:00:00+00:00,1069,3,3.0,0.6353318951629596,October 2022 pilot
11,PM2.5 station-temporal Transformer,2022-10-31T04:00:00+00:00,32,1,9.0,2.541140369963994,October 2022 pilot
11,PM2.5 station-temporal Transformer,2022-10-30T21:00:00+00:00,59,6,4.5,3.5216660581642865,October 2022 pilot
11,PM2.5 station-temporal Transformer,2022-10-30T22:00:00+00:00,59,6,2.7,2.7934814431934214,October 2022 pilot
11,PM2.5 station-temporal Transformer,2022-10-30T23:00:00+00:00,59,6,5.6,3.2057473610480924,October 2022 pilot
11,PM2.5 station-temporal Transformer,2022-10-31T00:00:00+00:00,59,6,1.0,1.4268327574758093,October 2022 pilot
11,PM2.5 station-temporal Transformer,2022-10-31T01:00:00+00:00,59,6,4.0,2.596913788731648,October 2022 pilot
11,PM2.5 station-temporal Transformer,2022-10-31T02:00:00+00:00,59,6,8.0,3.740289614622052,October 2022 pilot
11,PM2.5 station-temporal Transformer,2022-10-30T09:00:00+00:00,1069,1,5.0,8.492579464240043,October 2022 pilot
11,PM2.5 station-temporal Transformer,2022-10-31T20:00:00+00:00,32,1,3.0,5.584890057818058,October 2022 pilot
11,PM2.5 station-temporal Transformer,2022-11-01T02:00:00+00:00,59,3,4.3,1.5302848056528982,October 2022 pilot
11,PM2.5 station-temporal Transformer,2022-11-01T03:00:00+00:00,59,3,0.5,2.896062913791294,October 2022 pilot
11,PM2.5 station-temporal Transformer,2022-11-01T04:00:00+00:00,59,3,6.9,3.115358167523527,October 2022 pilot
11,PM2.5 station-temporal Transformer,2022-10-31T10:00:00+00:00,1069,1,6.0,5.87308472603949,October 2022 pilot
22,PM2.5 station-temporal Transformer,2022-10-01T13:00:00+00:00,32,6,6.0,9.466696532490104,October 2022 pilot
22,PM2.5 station-temporal Transformer,2022-10-01T14:00:00+00:00,32,6,13.0,12.960201181810024,October 2022 pilot
22,PM2.5 station-temporal Transformer,2022-10-01T15:00:00+00:00,32,6,10.0,14.464330627465268,October 2022 pilot
22,PM2.5 station-temporal Transformer,2022-10-01T16:00:00+00:00,32,6,17.0,12.491125944573993,October 2022 pilot
22,PM2.5 station-temporal Transformer,2022-10-01T17:00:00+00:00,32,6,8.0,11.594282763193512,October 2022 pilot
22,PM2.5 station-temporal Transformer,2022-10-01T18:00:00+00:00,32,6,12.0,10.718952338211182,October 2022 pilot
22,PM2.5 station-temporal Transformer,2022-10-01T10:00:00+00:00,59,3,6.2,7.431474483514733,October 2022 pilot
22,PM2.5 station-temporal Transformer,2022-10-01T11:00:00+00:00,59,3,8.7,7.804042956718271,October 2022 pilot
22,PM2.5 station-temporal Transformer,2022-10-01T12:00:00+00:00,59,3,6.2,6.970572389514974,October 2022 pilot
22,PM2.5 station-temporal Transformer,2022-10-02T12:00:00+00:00,32,1,6.0,6.61928452521595,October 2022 pilot
22,PM2.5 station-temporal Transformer,2022-10-02T07:00:00+00:00,59,3,4.9,6.983423648096137,October 2022 pilot
22,PM2.5 station-temporal Transformer,2022-10-02T08:00:00+00:00,59,3,10.0,6.566153576021764,October 2022 pilot
22,PM2.5 station-temporal Transformer,2022-10-02T09:00:00+00:00,59,3,6.2,7.049616880866523,October 2022 pilot
22,PM2.5 station-temporal Transformer,2022-10-04T04:00:00+00:00,32,1,12.0,9.17548375084968,October 2022 pilot
22,PM2.5 station-temporal Transformer,2022-10-04T01:00:00+00:00,59,1,9.0,6.685889711143664,October 2022 pilot
22,PM2.5 station-temporal Transformer,2022-10-04T07:00:00+00:00,32,6,9.0,7.776285058567856,October 2022 pilot
22,PM2.5 station-temporal Transformer,2022-10-04T08:00:00+00:00,32,6,12.0,7.824972038206006,October 2022 pilot
22,PM2.5 station-temporal Transformer,2022-10-04T09:00:00+00:00,32,6,11.0,7.841675729094588,October 2022 pilot
22,PM2.5 station-temporal Transformer,2022-10-04T10:00:00+00:00,32,6,13.0,8.31825418398517,October 2022 pilot
22,PM2.5 station-temporal Transformer,2022-10-04T11:00:00+00:00,32,6,9.0,10.760276612244208,October 2022 pilot
22,PM2.5 station-temporal Transformer,2022-10-04T12:00:00+00:00,32,6,16.0,9.56613032189192,October 2022 pilot
22,PM2.5 station-temporal Transformer,2022-10-04T12:00:00+00:00,59,1,35.2,9.536519318691573,October 2022 pilot
22,PM2.5 station-temporal Transformer,2022-10-04T19:00:00+00:00,1069,3,15.0,12.120285054540838,October 2022 pilot
22,PM2.5 station-temporal Transformer,2022-10-04T20:00:00+00:00,1069,3,11.0,10.388494217804066,October 2022 pilot
22,PM2.5 station-temporal Transformer,2022-10-04T21:00:00+00:00,1069,3,4.0,8.310033357408628,October 2022 pilot
22,PM2.5 station-temporal Transformer,2022-10-05T17:00:00+00:00,32,3,12.0,10.055560833761254,October 2022 pilot
22,PM2.5 station-temporal Transformer,2022-10-05T18:00:00+00:00,32,3,11.0,10.292939825093754,October 2022 pilot
22,PM2.5 station-temporal Transformer,2022-10-05T19:00:00+00:00,32,3,11.0,8.073599226115727,October 2022 pilot
22,PM2.5 station-temporal Transformer,2022-10-05T14:00:00+00:00,59,1,12.4,10.48718470124142,October 2022 pilot
22,PM2.5 station-temporal Transformer,2022-10-06T01:00:00+00:00,1069,3,5.0,3.524331688954556,October 2022 pilot
22,PM2.5 station-temporal Transformer,2022-10-06T02:00:00+00:00,1069,3,1.0,5.295943922013406,October 2022 pilot
22,PM2.5 station-temporal Transformer,2022-10-06T03:00:00+00:00,1069,3,4.0,5.94857380015181,October 2022 pilot
22,PM2.5 station-temporal Transformer,2022-10-06T14:00:00+00:00,32,1,9.0,12.215565516043911,October 2022 pilot
22,PM2.5 station-temporal Transformer,2022-10-06T17:00:00+00:00,59,1,10.1,10.3468910291015,October 2022 pilot
22,PM2.5 station-temporal Transformer,2022-10-06T13:00:00+00:00,1069,6,21.0,16.57292121053732,October 2022 pilot
22,PM2.5 station-temporal Transformer,2022-10-06T14:00:00+00:00,1069,6,20.0,19.097850949973,October 2022 pilot
22,PM2.5 station-temporal Transformer,2022-10-06T15:00:00+00:00,1069,6,21.0,18.77274666420472,October 2022 pilot
22,PM2.5 station-temporal Transformer,2022-10-06T16:00:00+00:00,1069,6,17.0,17.605881193082595,October 2022 pilot
22,PM2.5 station-temporal Transformer,2022-10-06T17:00:00+00:00,1069,6,15.0,15.08568123239134,October 2022 pilot
22,PM2.5 station-temporal Transformer,2022-10-06T18:00:00+00:00,1069,6,13.0,12.9265930483221,October 2022 pilot
22,PM2.5 station-temporal Transformer,2022-10-07T22:00:00+00:00,32,3,11.0,7.954932843397554,October 2022 pilot
22,PM2.5 station-temporal Transformer,2022-10-07T23:00:00+00:00,32,3,11.0,7.134863642908201,October 2022 pilot
22,PM2.5 station-temporal Transformer,2022-10-08T00:00:00+00:00,32,3,7.0,6.640213640367402,October 2022 pilot
22,PM2.5 station-temporal Transformer,2022-10-07T19:00:00+00:00,59,1,8.9,7.618259394497202,October 2022 pilot
22,PM2.5 station-temporal Transformer,2022-10-07T18:00:00+00:00,1069,3,7.0,12.45240421834384,October 2022 pilot
22,PM2.5 station-temporal Transformer,2022-10-07T19:00:00+00:00,1069,3,12.0,10.259290198611772,October 2022 pilot
22,PM2.5 station-temporal Transformer,2022-10-07T20:00:00+00:00,1069,3,9.0,9.063777922064777,October 2022 pilot
22,PM2.5 station-temporal Transformer,2022-10-08T10:00:00+00:00,32,6,10.0,9.12277570786202,October 2022 pilot
22,PM2.5 station-temporal Transformer,2022-10-08T11:00:00+00:00,32,6,9.0,9.121585548266957,October 2022 pilot
22,PM2.5 station-temporal Transformer,2022-10-08T12:00:00+00:00,32,6,10.0,8.479953469353788,October 2022 pilot
22,PM2.5 station-temporal Transformer,2022-10-08T13:00:00+00:00,32,6,4.0,8.849068992798607,October 2022 pilot
22,PM2.5 station-temporal Transformer,2022-10-08T14:00:00+00:00,32,6,13.0,10.961624247063805,October 2022 pilot
22,PM2.5 station-temporal Transformer,2022-10-08T15:00:00+00:00,32,6,10.0,10.653531374523476,October 2022 pilot
22,PM2.5 station-temporal Transformer,2022-10-08T15:00:00+00:00,59,3,12.9,10.46627407548312,October 2022 pilot
22,PM2.5 station-temporal Transformer,2022-10-08T16:00:00+00:00,59,3,14.9,11.412327873342011,October 2022 pilot
22,PM2.5 station-temporal Transformer,2022-10-08T17:00:00+00:00,59,3,11.5,10.62515829365765,October 2022 pilot
22,PM2.5 station-temporal Transformer,2022-10-08T15:00:00+00:00,1069,1,17.0,15.796082555165484,October 2022 pilot
22,PM2.5 station-temporal Transformer,2022-10-09T12:00:00+00:00,32,1,15.0,12.571014775193367,October 2022 pilot
22,PM2.5 station-temporal Transformer,2022-10-09T15:00:00+00:00,59,3,14.1,15.609205600251498,October 2022 pilot
22,PM2.5 station-temporal Transformer,2022-10-09T16:00:00+00:00,59,3,10.9,13.573048466408704,October 2022 pilot
22,PM2.5 station-temporal Transformer,2022-10-09T17:00:00+00:00,59,3,9.9,12.956577433193804,October 2022 pilot
22,PM2.5 station-temporal Transformer,2022-10-09T22:00:00+00:00,1069,6,7.0,9.083945520110756,October 2022 pilot
22,PM2.5 station-temporal Transformer,2022-10-09T23:00:00+00:00,1069,6,6.0,4.597683990036799,October 2022 pilot
22,PM2.5 station-temporal Transformer,2022-10-10T00:00:00+00:00,1069,6,4.0,4.787651279701356,October 2022 pilot
22,PM2.5 station-temporal Transformer,2022-10-10T01:00:00+00:00,1069,6,6.0,6.690020113963028,October 2022 pilot
22,PM2.5 station-temporal Transformer,2022-10-10T02:00:00+00:00,1069,6,5.0,6.699486119135258,October 2022 pilot
22,PM2.5 station-temporal Transformer,2022-10-10T03:00:00+00:00,1069,6,10.0,7.225485913438386,October 2022 pilot
22,PM2.5 station-temporal Transformer,2022-10-11T02:00:00+00:00,32,3,8.0,8.261079511371168,October 2022 pilot
22,PM2.5 station-temporal Transformer,2022-10-11T03:00:00+00:00,32,3,6.0,7.129162449049019,October 2022 pilot
22,PM2.5 station-temporal Transformer,2022-10-11T04:00:00+00:00,32,3,8.0,7.599698152069935,October 2022 pilot
22,PM2.5 station-temporal Transformer,2022-10-10T09:00:00+00:00,59,6,8.8,9.344499431964728,October 2022 pilot
22,PM2.5 station-temporal Transformer,2022-10-10T10:00:00+00:00,59,6,7.5,8.689559728155903,October 2022 pilot
22,PM2.5 station-temporal Transformer,2022-10-10T11:00:00+00:00,59,6,18.6,10.766898229469652,October 2022 pilot
22,PM2.5 station-temporal Transformer,2022-10-10T12:00:00+00:00,59,6,12.2,11.783166871318809,October 2022 pilot
22,PM2.5 station-temporal Transformer,2022-10-10T13:00:00+00:00,59,6,10.3,12.467693449429788,October 2022 pilot
22,PM2.5 station-temporal Transformer,2022-10-10T14:00:00+00:00,59,6,8.1,13.052813783877337,October 2022 pilot
22,PM2.5 station-temporal Transformer,2022-10-10T20:00:00+00:00,1069,3,-2.0,9.968564960661856,October 2022 pilot
22,PM2.5 station-temporal Transformer,2022-10-10T21:00:00+00:00,1069,3,11.0,8.483533666683536,October 2022 pilot
22,PM2.5 station-temporal Transformer,2022-10-10T22:00:00+00:00,1069,3,9.0,6.446966427603657,October 2022 pilot
22,PM2.5 station-temporal Transformer,2022-10-11T12:00:00+00:00,32,6,9.0,4.872068500310825,October 2022 pilot
22,PM2.5 station-temporal Transformer,2022-10-11T13:00:00+00:00,32,6,3.0,4.72138885014399,October 2022 pilot
22,PM2.5 station-temporal Transformer,2022-10-11T14:00:00+00:00,32,6,14.0,8.190155359987179,October 2022 pilot
22,PM2.5 station-temporal Transformer,2022-10-11T15:00:00+00:00,32,6,8.0,8.700329454499585,October 2022 pilot
22,PM2.5 station-temporal Transformer,2022-10-11T16:00:00+00:00,32,6,7.0,9.117943431135036,October 2022 pilot
22,PM2.5 station-temporal Transformer,2022-10-11T17:00:00+00:00,32,6,6.0,8.97901387180626,October 2022 pilot
22,PM2.5 station-temporal Transformer,2022-10-12T00:00:00+00:00,59,3,0.5,5.4521261204665175,October 2022 pilot
22,PM2.5 station-temporal Transformer,2022-10-12T01:00:00+00:00,59,3,6.1,4.60249669518846,October 2022 pilot
22,PM2.5 station-temporal Transformer,2022-10-12T02:00:00+00:00,59,3,1.8,4.7199637089023,October 2022 pilot
22,PM2.5 station-temporal Transformer,2022-10-12T02:00:00+00:00,1069,3,2.0,3.0963626743542827,October 2022 pilot
22,PM2.5 station-temporal Transformer,2022-10-12T03:00:00+00:00,1069,3,1.0,3.088329666814767,October 2022 pilot
22,PM2.5 station-temporal Transformer,2022-10-12T04:00:00+00:00,1069,3,2.0,2.89838897384418,October 2022 pilot
22,PM2.5 station-temporal Transformer,2022-10-12T19:00:00+00:00,32,3,7.0,7.311413338083819,October 2022 pilot
22,PM2.5 station-temporal Transformer,2022-10-12T20:00:00+00:00,32,3,4.0,7.7138189883328145,October 2022 pilot
22,PM2.5 station-temporal Transformer,2022-10-12T21:00:00+00:00,32,3,8.0,5.525650890560676,October 2022 pilot
22,PM2.5 station-temporal Transformer,2022-10-12T12:00:00+00:00,59,1,11.1,5.829599414892721,October 2022 pilot
22,PM2.5 station-temporal Transformer,2022-10-12T07:00:00+00:00,1069,6,7.0,4.42159372694146,October 2022 pilot
22,PM2.5 station-temporal Transformer,2022-10-12T08:00:00+00:00,1069,6,5.0,5.632251057666233,October 2022 pilot
22,PM2.5 station-temporal Transformer,2022-10-12T09:00:00+00:00,1069,6,6.0,5.979648813214654,October 2022 pilot
22,PM2.5 station-temporal Transformer,2022-10-12T10:00:00+00:00,1069,6,9.0,6.678146100535939,October 2022 pilot
22,PM2.5 station-temporal Transformer,2022-10-12T11:00:00+00:00,1069,6,8.0,10.124928435690258,October 2022 pilot
22,PM2.5 station-temporal Transformer,2022-10-12T12:00:00+00:00,1069,6,9.0,8.739969922892401,October 2022 pilot
22,PM2.5 station-temporal Transformer,2022-10-13T13:00:00+00:00,32,6,4.0,4.929044799889736,October 2022 pilot
22,PM2.5 station-temporal Transformer,2022-10-13T14:00:00+00:00,32,6,12.0,7.04941973838257,October 2022 pilot
22,PM2.5 station-temporal Transformer,2022-10-13T15:00:00+00:00,32,6,6.0,8.134989679494986,October 2022 pilot
22,PM2.5 station-temporal Transformer,2022-10-13T16:00:00+00:00,32,6,12.0,9.487383511995024,October 2022 pilot
22,PM2.5 station-temporal Transformer,2022-10-13T17:00:00+00:00,32,6,16.0,9.539337750551924,October 2022 pilot
22,PM2.5 station-temporal Transformer,2022-10-13T18:00:00+00:00,32,6,11.0,9.076849349748445,October 2022 pilot
22,PM2.5 station-temporal Transformer,2022-10-13T20:00:00+00:00,59,6,8.8,6.739261641202544,October 2022 pilot
22,PM2.5 station-temporal Transformer,2022-10-13T21:00:00+00:00,59,6,8.3,6.338244747711445,October 2022 pilot
22,PM2.5 station-temporal Transformer,2022-10-13T22:00:00+00:00,59,6,10.3,6.48944083241945,October 2022 pilot
22,PM2.5 station-temporal Transformer,2022-10-13T23:00:00+00:00,59,6,6.3,5.2097424635393095,October 2022 pilot
22,PM2.5 station-temporal Transformer,2022-10-14T00:00:00+00:00,59,6,4.4,4.939185811258074,October 2022 pilot
22,PM2.5 station-temporal Transformer,2022-10-14T01:00:00+00:00,59,6,5.5,5.4676399272271805,October 2022 pilot
22,PM2.5 station-temporal Transformer,2022-10-13T12:00:00+00:00,1069,3,6.0,7.644088257488606,October 2022 pilot
22,PM2.5 station-temporal Transformer,2022-10-13T13:00:00+00:00,1069,3,12.0,11.471544942895624,October 2022 pilot
22,PM2.5 station-temporal Transformer,2022-10-13T14:00:00+00:00,1069,3,16.0,12.96593640936808,October 2022 pilot
22,PM2.5 station-temporal Transformer,2022-10-14T09:00:00+00:00,32,1,7.0,4.8670891012836766,October 2022 pilot
22,PM2.5 station-temporal Transformer,2022-10-14T07:00:00+00:00,59,1,3.2,6.7727938321249095,October 2022 pilot
22,PM2.5 station-temporal Transformer,2022-10-14T19:00:00+00:00,1069,3,13.0,9.80095899257058,October 2022 pilot
22,PM2.5 station-temporal Transformer,2022-10-14T20:00:00+00:00,1069,3,6.0,8.418629170066001,October 2022 pilot
22,PM2.5 station-temporal Transformer,2022-10-14T21:00:00+00:00,1069,3,12.0,8.561065951214097,October 2022 pilot
22,PM2.5 station-temporal Transformer,2022-10-15T20:00:00+00:00,32,3,6.0,6.464572425559085,October 2022 pilot
22,PM2.5 station-temporal Transformer,2022-10-15T21:00:00+00:00,32,3,6.0,5.4418117898222125,October 2022 pilot
22,PM2.5 station-temporal Transformer,2022-10-15T22:00:00+00:00,32,3,3.0,3.139428412402986,October 2022 pilot
22,PM2.5 station-temporal Transformer,2022-10-15T16:00:00+00:00,59,1,4.5,5.6803986101769945,October 2022 pilot
22,PM2.5 station-temporal Transformer,2022-10-15T16:00:00+00:00,1069,6,12.0,9.271139928125049,October 2022 pilot
22,PM2.5 station-temporal Transformer,2022-10-15T17:00:00+00:00,1069,6,10.0,8.496043582884647,October 2022 pilot
22,PM2.5 station-temporal Transformer,2022-10-15T18:00:00+00:00,1069,6,9.0,7.551520076045104,October 2022 pilot
22,PM2.5 station-temporal Transformer,2022-10-15T19:00:00+00:00,1069,6,9.0,7.290931511735146,October 2022 pilot
22,PM2.5 station-temporal Transformer,2022-10-15T20:00:00+00:00,1069,6,9.0,6.181933193049037,October 2022 pilot
22,PM2.5 station-temporal Transformer,2022-10-15T21:00:00+00:00,1069,6,4.0,4.275007257063646,October 2022 pilot
22,PM2.5 station-temporal Transformer,2022-10-16T10:00:00+00:00,32,6,7.0,4.41046697372307,October 2022 pilot
22,PM2.5 station-temporal Transformer,2022-10-16T11:00:00+00:00,32,6,5.0,5.22362723709813,October 2022 pilot
22,PM2.5 station-temporal Transformer,2022-10-16T12:00:00+00:00,32,6,5.0,5.622652107690199,October 2022 pilot
22,PM2.5 station-temporal Transformer,2022-10-16T13:00:00+00:00,32,6,1.0,4.274897426464652,October 2022 pilot
22,PM2.5 station-temporal Transformer,2022-10-16T14:00:00+00:00,32,6,1.0,7.838934355257501,October 2022 pilot
22,PM2.5 station-temporal Transformer,2022-10-16T15:00:00+00:00,32,6,6.0,6.296070333960203,October 2022 pilot
22,PM2.5 station-temporal Transformer,2022-10-16T19:00:00+00:00,59,6,5.3,4.426903673939389,October 2022 pilot
22,PM2.5 station-temporal Transformer,2022-10-16T20:00:00+00:00,59,6,1.2,4.483374822080604,October 2022 pilot
22,PM2.5 station-temporal Transformer,2022-10-16T21:00:00+00:00,59,6,3.8,3.463318691515916,October 2022 pilot
22,PM2.5 station-temporal Transformer,2022-10-16T22:00:00+00:00,59,6,3.6,3.329816667484139,October 2022 pilot
22,PM2.5 station-temporal Transformer,2022-10-16T23:00:00+00:00,59,6,7.8,3.6852462518104274,October 2022 pilot
22,PM2.5 station-temporal Transformer,2022-10-17T00:00:00+00:00,59,6,-0.1,3.2538691558590056,October 2022 pilot
22,PM2.5 station-temporal Transformer,2022-10-16T07:00:00+00:00,1069,6,9.0,3.7085274960275134,October 2022 pilot
22,PM2.5 station-temporal Transformer,2022-10-16T08:00:00+00:00,1069,6,3.0,4.079864492540556,October 2022 pilot
22,PM2.5 station-temporal Transformer,2022-10-16T09:00:00+00:00,1069,6,5.0,4.402749566283144,October 2022 pilot
22,PM2.5 station-temporal Transformer,2022-10-16T10:00:00+00:00,1069,6,3.0,4.87574315695358,October 2022 pilot
22,PM2.5 station-temporal Transformer,2022-10-16T11:00:00+00:00,1069,6,5.0,5.746440940877017,October 2022 pilot
22,PM2.5 station-temporal Transformer,2022-10-16T12:00:00+00:00,1069,6,5.0,6.264053508034565,October 2022 pilot
22,PM2.5 station-temporal Transformer,2022-10-17T22:00:00+00:00,32,3,9.0,2.5304532781988387,October 2022 pilot
22,PM2.5 station-temporal Transformer,2022-10-17T23:00:00+00:00,32,3,7.0,3.1403579617161546,October 2022 pilot
22,PM2.5 station-temporal Transformer,2022-10-18T00:00:00+00:00,32,3,2.0,1.9641309146442136,October 2022 pilot
22,PM2.5 station-temporal Transformer,2022-10-17T10:00:00+00:00,59,3,-0.7,0.935234552847751,October 2022 pilot
22,PM2.5 station-temporal Transformer,2022-10-17T11:00:00+00:00,59,3,2.5,2.9044151245972385,October 2022 pilot
22,PM2.5 station-temporal Transformer,2022-10-17T12:00:00+00:00,59,3,3.1,2.187936253846876,October 2022 pilot
22,PM2.5 station-temporal Transformer,2022-10-17T14:00:00+00:00,1069,1,9.0,5.55734630486084,October 2022 pilot
22,PM2.5 station-temporal Transformer,2022-10-18T21:00:00+00:00,32,6,4.0,2.3664559578316577,October 2022 pilot
22,PM2.5 station-temporal Transformer,2022-10-18T22:00:00+00:00,32,6,6.0,3.199825637938659,October 2022 pilot
22,PM2.5 station-temporal Transformer,2022-10-18T23:00:00+00:00,32,6,2.0,1.835490849342824,October 2022 pilot
22,PM2.5 station-temporal Transformer,2022-10-19T00:00:00+00:00,32,6,1.0,1.356921798350334,October 2022 pilot
22,PM2.5 station-temporal Transformer,2022-10-19T01:00:00+00:00,32,6,1.0,1.2299337061179043,October 2022 pilot
22,PM2.5 station-temporal Transformer,2022-10-19T02:00:00+00:00,32,6,1.0,1.317903368452524,October 2022 pilot
22,PM2.5 station-temporal Transformer,2022-10-18T14:00:00+00:00,59,6,3.5,2.253586947241855,October 2022 pilot
22,PM2.5 station-temporal Transformer,2022-10-18T15:00:00+00:00,59,6,0.0,2.1823695102976712,October 2022 pilot
22,PM2.5 station-temporal Transformer,2022-10-18T16:00:00+00:00,59,6,4.4,2.1113372377751505,October 2022 pilot
22,PM2.5 station-temporal Transformer,2022-10-18T17:00:00+00:00,59,6,1.4,2.0916172268680766,October 2022 pilot
22,PM2.5 station-temporal Transformer,2022-10-18T18:00:00+00:00,59,6,3.6,2.218044141207927,October 2022 pilot
22,PM2.5 station-temporal Transformer,2022-10-18T19:00:00+00:00,59,6,-0.7,1.1049632720839997,October 2022 pilot
22,PM2.5 station-temporal Transformer,2022-10-18T12:00:00+00:00,1069,6,3.0,3.8890739143035473,October 2022 pilot
22,PM2.5 station-temporal Transformer,2022-10-18T13:00:00+00:00,1069,6,5.0,5.848251876455482,October 2022 pilot
22,PM2.5 station-temporal Transformer,2022-10-18T14:00:00+00:00,1069,6,5.0,6.19266777992762,October 2022 pilot
22,PM2.5 station-temporal Transformer,2022-10-18T15:00:00+00:00,1069,6,2.0,5.660990800402423,October 2022 pilot
22,PM2.5 station-temporal Transformer,2022-10-18T16:00:00+00:00,1069,6,6.0,6.114544424171584,October 2022 pilot
22,PM2.5 station-temporal Transformer,2022-10-18T17:00:00+00:00,1069,6,7.0,5.656292454114512,October 2022 pilot
22,PM2.5 station-temporal Transformer,2022-10-19T15:00:00+00:00,32,6,9.0,5.798024981695436,October 2022 pilot
22,PM2.5 station-temporal Transformer,2022-10-19T16:00:00+00:00,32,6,6.0,6.650781026977432,October 2022 pilot
22,PM2.5 station-temporal Transformer,2022-10-19T17:00:00+00:00,32,6,7.0,6.488973828774137,October 2022 pilot
22,PM2.5 station-temporal Transformer,2022-10-19T18:00:00+00:00,32,6,5.0,6.585763517879983,October 2022 pilot
22,PM2.5 station-temporal Transformer,2022-10-19T19:00:00+00:00,32,6,8.0,6.544849511777917,October 2022 pilot
22,PM2.5 station-temporal Transformer,2022-10-19T20:00:00+00:00,32,6,5.0,5.921676004472067,October 2022 pilot
22,PM2.5 station-temporal Transformer,2022-10-20T00:00:00+00:00,59,3,2.7,1.024260539992257,October 2022 pilot
22,PM2.5 station-temporal Transformer,2022-10-20T01:00:00+00:00,59,3,8.0,1.5118476108111285,October 2022 pilot
22,PM2.5 station-temporal Transformer,2022-10-20T02:00:00+00:00,59,3,6.6,2.478639061902736,October 2022 pilot
22,PM2.5 station-temporal Transformer,2022-10-19T09:00:00+00:00,1069,6,7.0,5.395133068334719,October 2022 pilot
22,PM2.5 station-temporal Transformer,2022-10-19T10:00:00+00:00,1069,6,7.0,4.930731821737603,October 2022 pilot
22,PM2.5 station-temporal Transformer,2022-10-19T11:00:00+00:00,1069,6,6.0,6.8057157327347335,October 2022 pilot
22,PM2.5 station-temporal Transformer,2022-10-19T12:00:00+00:00,1069,6,12.0,6.789024695347393,October 2022 pilot
22,PM2.5 station-temporal Transformer,2022-10-19T13:00:00+00:00,1069,6,14.0,7.5385658741606205,October 2022 pilot
22,PM2.5 station-temporal Transformer,2022-10-19T14:00:00+00:00,1069,6,9.0,10.9050172272143,October 2022 pilot
22,PM2.5 station-temporal Transformer,2022-10-20T09:00:00+00:00,32,6,4.0,4.329904775400966,October 2022 pilot
22,PM2.5 station-temporal Transformer,2022-10-20T10:00:00+00:00,32,6,7.0,4.413493354842804,October 2022 pilot
22,PM2.5 station-temporal Transformer,2022-10-20T11:00:00+00:00,32,6,5.0,5.256665859912311,October 2022 pilot
22,PM2.5 station-temporal Transformer,2022-10-20T12:00:00+00:00,32,6,5.0,5.890095226927118,October 2022 pilot
22,PM2.5 station-temporal Transformer,2022-10-20T13:00:00+00:00,32,6,2.0,5.081081248242144,October 2022 pilot
22,PM2.5 station-temporal Transformer,2022-10-20T14:00:00+00:00,32,6,15.0,8.619846028878072,October 2022 pilot
22,PM2.5 station-temporal Transformer,2022-10-20T18:00:00+00:00,59,3,5.8,4.014965794288528,October 2022 pilot
22,PM2.5 station-temporal Transformer,2022-10-20T19:00:00+00:00,59,3,4.9,4.244945720944852,October 2022 pilot
22,PM2.5 station-temporal Transformer,2022-10-20T20:00:00+00:00,59,3,1.3,4.257259916978924,October 2022 pilot
22,PM2.5 station-temporal Transformer,2022-10-20T23:00:00+00:00,1069,3,0.0,0.4526392042795493,October 2022 pilot
22,PM2.5 station-temporal Transformer,2022-10-21T00:00:00+00:00,1069,3,1.0,1.2907921048180588,October 2022 pilot
22,PM2.5 station-temporal Transformer,2022-10-21T01:00:00+00:00,1069,3,6.0,2.719825218209584,October 2022 pilot
22,PM2.5 station-temporal Transformer,2022-10-21T14:00:00+00:00,32,3,10.0,6.19028451943111,October 2022 pilot
22,PM2.5 station-temporal Transformer,2022-10-21T15:00:00+00:00,32,3,5.0,7.224154464415482,October 2022 pilot
22,PM2.5 station-temporal Transformer,2022-10-21T16:00:00+00:00,32,3,8.0,8.545145190331988,October 2022 pilot
22,PM2.5 station-temporal Transformer,2022-10-22T01:00:00+00:00,59,3,4.5,0.3514012254297869,October 2022 pilot
22,PM2.5 station-temporal Transformer,2022-10-22T02:00:00+00:00,59,3,1.6,1.8870433066515304,October 2022 pilot
22,PM2.5 station-temporal Transformer,2022-10-22T03:00:00+00:00,59,3,0.9,1.4446485466144274,October 2022 pilot
22,PM2.5 station-temporal Transformer,2022-10-21T20:00:00+00:00,1069,3,2.0,4.648281379454207,October 2022 pilot
22,PM2.5 station-temporal Transformer,2022-10-21T21:00:00+00:00,1069,3,3.0,2.8231759411768564,October 2022 pilot
22,PM2.5 station-temporal Transformer,2022-10-21T22:00:00+00:00,1069,3,0.0,0.8544660865880829,October 2022 pilot
22,PM2.5 station-temporal Transformer,2022-10-22T07:00:00+00:00,32,1,6.0,1.425521447527646,October 2022 pilot
22,PM2.5 station-temporal Transformer,2022-10-22T07:00:00+00:00,59,1,2.0,1.8270915626788355,October 2022 pilot
22,PM2.5 station-temporal Transformer,2022-10-22T12:00:00+00:00,1069,1,1.0,4.586035847018352,October 2022 pilot
22,PM2.5 station-temporal Transformer,2022-10-24T00:00:00+00:00,32,3,3.0,2.299179144957029,October 2022 pilot
22,PM2.5 station-temporal Transformer,2022-10-24T01:00:00+00:00,32,3,4.0,2.128264921107963,October 2022 pilot
22,PM2.5 station-temporal Transformer,2022-10-24T02:00:00+00:00,32,3,6.0,1.925106614791336,October 2022 pilot
22,PM2.5 station-temporal Transformer,2022-10-23T20:00:00+00:00,59,3,2.2,5.449757273158518,October 2022 pilot
22,PM2.5 station-temporal Transformer,2022-10-23T21:00:00+00:00,59,3,3.2,5.869971354763221,October 2022 pilot
22,PM2.5 station-temporal Transformer,2022-10-23T22:00:00+00:00,59,3,10.4,4.792126017792418,October 2022 pilot
22,PM2.5 station-temporal Transformer,2022-10-23T17:00:00+00:00,1069,6,6.0,6.53742762701042,October 2022 pilot
22,PM2.5 station-temporal Transformer,2022-10-23T18:00:00+00:00,1069,6,1.0,5.701943865903935,October 2022 pilot
22,PM2.5 station-temporal Transformer,2022-10-23T19:00:00+00:00,1069,6,6.0,5.750471145973972,October 2022 pilot
22,PM2.5 station-temporal Transformer,2022-10-23T20:00:00+00:00,1069,6,-1.0,4.901849424006479,October 2022 pilot
22,PM2.5 station-temporal Transformer,2022-10-23T21:00:00+00:00,1069,6,10.0,4.678093452533663,October 2022 pilot
22,PM2.5 station-temporal Transformer,2022-10-23T22:00:00+00:00,1069,6,3.0,2.2435461298733665,October 2022 pilot
22,PM2.5 station-temporal Transformer,2022-10-24T07:00:00+00:00,32,1,7.0,7.662385603467518,October 2022 pilot
22,PM2.5 station-temporal Transformer,2022-10-24T10:00:00+00:00,59,3,6.8,7.690021433557022,October 2022 pilot
22,PM2.5 station-temporal Transformer,2022-10-24T11:00:00+00:00,59,3,4.1,7.836348647657794,October 2022 pilot
22,PM2.5 station-temporal Transformer,2022-10-24T12:00:00+00:00,59,3,5.1,7.556224140018679,October 2022 pilot
22,PM2.5 station-temporal Transformer,2022-10-24T12:00:00+00:00,1069,3,8.0,9.074020721967536,October 2022 pilot
22,PM2.5 station-temporal Transformer,2022-10-24T13:00:00+00:00,1069,3,4.0,10.141905589027886,October 2022 pilot
22,PM2.5 station-temporal Transformer,2022-10-24T14:00:00+00:00,1069,3,6.0,11.471265476118823,October 2022 pilot
22,PM2.5 station-temporal Transformer,2022-10-26T02:00:00+00:00,32,1,8.0,0.2545467523934857,October 2022 pilot
22,PM2.5 station-temporal Transformer,2022-10-25T09:00:00+00:00,59,6,1.4,-0.0743138777843324,October 2022 pilot
22,PM2.5 station-temporal Transformer,2022-10-25T10:00:00+00:00,59,6,0.2,-0.0455303351345968,October 2022 pilot
22,PM2.5 station-temporal Transformer,2022-10-25T11:00:00+00:00,59,6,3.2,0.3630147684362095,October 2022 pilot
22,PM2.5 station-temporal Transformer,2022-10-25T12:00:00+00:00,59,6,-0.5,-0.7334344494555349,October 2022 pilot
22,PM2.5 station-temporal Transformer,2022-10-25T13:00:00+00:00,59,6,-2.2,0.5436750464920985,October 2022 pilot
22,PM2.5 station-temporal Transformer,2022-10-25T14:00:00+00:00,59,6,-0.6,1.4784033348893777,October 2022 pilot
22,PM2.5 station-temporal Transformer,2022-10-25T22:00:00+00:00,1069,3,2.0,-0.2851329374517295,October 2022 pilot
22,PM2.5 station-temporal Transformer,2022-10-25T23:00:00+00:00,1069,3,-4.0,-2.328951855813214,October 2022 pilot
22,PM2.5 station-temporal Transformer,2022-10-26T00:00:00+00:00,1069,3,-5.0,-2.1888469196599694,October 2022 pilot
22,PM2.5 station-temporal Transformer,2022-10-26T16:00:00+00:00,32,6,7.0,6.545512607059278,October 2022 pilot
22,PM2.5 station-temporal Transformer,2022-10-26T17:00:00+00:00,32,6,8.0,6.827486800065467,October 2022 pilot
22,PM2.5 station-temporal Transformer,2022-10-26T18:00:00+00:00,32,6,7.0,6.448786439252911,October 2022 pilot
22,PM2.5 station-temporal Transformer,2022-10-26T19:00:00+00:00,32,6,8.0,6.099389103777912,October 2022 pilot
22,PM2.5 station-temporal Transformer,2022-10-26T20:00:00+00:00,32,6,5.0,5.07648213844686,October 2022 pilot
22,PM2.5 station-temporal Transformer,2022-10-26T21:00:00+00:00,32,6,7.0,4.923195808947608,October 2022 pilot
22,PM2.5 station-temporal Transformer,2022-10-26T12:00:00+00:00,59,6,3.1,3.471040352696651,October 2022 pilot
22,PM2.5 station-temporal Transformer,2022-10-26T13:00:00+00:00,59,6,2.2,2.898159538919709,October 2022 pilot
22,PM2.5 station-temporal Transformer,2022-10-26T14:00:00+00:00,59,6,3.4,6.281429654752008,October 2022 pilot
22,PM2.5 station-temporal Transformer,2022-10-26T15:00:00+00:00,59,6,5.8,4.34544809226492,October 2022 pilot
22,PM2.5 station-temporal Transformer,2022-10-26T16:00:00+00:00,59,6,3.5,3.2690229206886574,October 2022 pilot
22,PM2.5 station-temporal Transformer,2022-10-26T17:00:00+00:00,59,6,1.5,3.5421732083618034,October 2022 pilot
22,PM2.5 station-temporal Transformer,2022-10-26T23:00:00+00:00,1069,6,-5.0,-1.4021658755982005,October 2022 pilot
22,PM2.5 station-temporal Transformer,2022-10-27T00:00:00+00:00,1069,6,-2.0,-0.4933004253963453,October 2022 pilot
22,PM2.5 station-temporal Transformer,2022-10-27T01:00:00+00:00,1069,6,0.0,0.6995129415554864,October 2022 pilot
22,PM2.5 station-temporal Transformer,2022-10-27T02:00:00+00:00,1069,6,3.0,1.4735758692293093,October 2022 pilot
22,PM2.5 station-temporal Transformer,2022-10-27T03:00:00+00:00,1069,6,2.0,1.9434459602790568,October 2022 pilot
22,PM2.5 station-temporal Transformer,2022-10-27T04:00:00+00:00,1069,6,0.0,1.7500750997466987,October 2022 pilot
22,PM2.5 station-temporal Transformer,2022-10-27T08:00:00+00:00,32,6,2.0,1.889616027889013,October 2022 pilot
22,PM2.5 station-temporal Transformer,2022-10-27T09:00:00+00:00,32,6,4.0,3.002409405525433,October 2022 pilot
22,PM2.5 station-temporal Transformer,2022-10-27T10:00:00+00:00,32,6,4.0,2.669650876971396,October 2022 pilot
22,PM2.5 station-temporal Transformer,2022-10-27T11:00:00+00:00,32,6,7.0,2.311366848806906,October 2022 pilot
22,PM2.5 station-temporal Transformer,2022-10-27T12:00:00+00:00,32,6,3.0,3.1424912711006385,October 2022 pilot
22,PM2.5 station-temporal Transformer,2022-10-27T13:00:00+00:00,32,6,4.0,2.475061027923108,October 2022 pilot
22,PM2.5 station-temporal Transformer,2022-10-27T14:00:00+00:00,59,6,3.4,4.396205813107258,October 2022 pilot
22,PM2.5 station-temporal Transformer,2022-10-27T15:00:00+00:00,59,6,3.3,3.7247799988256647,October 2022 pilot
22,PM2.5 station-temporal Transformer,2022-10-27T16:00:00+00:00,59,6,2.7,5.337148920529561,October 2022 pilot
22,PM2.5 station-temporal Transformer,2022-10-27T17:00:00+00:00,59,6,4.2,5.250976980057226,October 2022 pilot
22,PM2.5 station-temporal Transformer,2022-10-27T18:00:00+00:00,59,6,0.4,4.685209947142578,October 2022 pilot
22,PM2.5 station-temporal Transformer,2022-10-27T19:00:00+00:00,59,6,3.8,4.504171339311563,October 2022 pilot
22,PM2.5 station-temporal Transformer,2022-10-28T04:00:00+00:00,1069,1,1.0,2.2087157442179297,October 2022 pilot
22,PM2.5 station-temporal Transformer,2022-10-28T21:00:00+00:00,32,6,8.0,1.1573491960148594,October 2022 pilot
22,PM2.5 station-temporal Transformer,2022-10-28T22:00:00+00:00,32,6,3.0,2.631354032264367,October 2022 pilot
22,PM2.5 station-temporal Transformer,2022-10-28T23:00:00+00:00,32,6,1.0,1.7676257831139432,October 2022 pilot
22,PM2.5 station-temporal Transformer,2022-10-29T00:00:00+00:00,32,6,5.0,1.2702133377901896,October 2022 pilot
22,PM2.5 station-temporal Transformer,2022-10-29T01:00:00+00:00,32,6,3.0,0.5055762194145252,October 2022 pilot
22,PM2.5 station-temporal Transformer,2022-10-29T02:00:00+00:00,32,6,1.0,1.6551834395384537,October 2022 pilot
22,PM2.5 station-temporal Transformer,2022-10-28T14:00:00+00:00,59,1,2.2,1.7990928733390286,October 2022 pilot
22,PM2.5 station-temporal Transformer,2022-10-28T22:00:00+00:00,1069,1,-1.0,3.839971581471452,October 2022 pilot
22,PM2.5 station-temporal Transformer,2022-10-29T19:00:00+00:00,32,6,4.0,5.015697495876741,October 2022 pilot
22,PM2.5 station-temporal Transformer,2022-10-29T20:00:00+00:00,32,6,2.0,4.528533572818109,October 2022 pilot
22,PM2.5 station-temporal Transformer,2022-10-29T21:00:00+00:00,32,6,8.0,3.625353774942403,October 2022 pilot
22,PM2.5 station-temporal Transformer,2022-10-29T22:00:00+00:00,32,6,4.0,3.488576694070127,October 2022 pilot
22,PM2.5 station-temporal Transformer,2022-10-29T23:00:00+00:00,32,6,0.0,2.204402011874281,October 2022 pilot
22,PM2.5 station-temporal Transformer,2022-10-30T00:00:00+00:00,32,6,0.0,1.4804885453434975,October 2022 pilot
22,PM2.5 station-temporal Transformer,2022-10-29T16:00:00+00:00,59,6,2.4,3.138899194860344,October 2022 pilot
22,PM2.5 station-temporal Transformer,2022-10-29T17:00:00+00:00,59,6,4.8,2.533635181117064,October 2022 pilot
22,PM2.5 station-temporal Transformer,2022-10-29T18:00:00+00:00,59,6,3.5,3.073296507056166,October 2022 pilot
22,PM2.5 station-temporal Transformer,2022-10-29T19:00:00+00:00,59,6,5.3,2.944902125486961,October 2022 pilot
22,PM2.5 station-temporal Transformer,2022-10-29T20:00:00+00:00,59,6,3.3,3.035905866773136,October 2022 pilot
22,PM2.5 station-temporal Transformer,2022-10-29T21:00:00+00:00,59,6,3.3,2.6754273134841444,October 2022 pilot
22,PM2.5 station-temporal Transformer,2022-10-29T09:00:00+00:00,1069,6,5.0,3.6648432321413793,October 2022 pilot
22,PM2.5 station-temporal Transformer,2022-10-29T10:00:00+00:00,1069,6,0.0,3.314169045981939,October 2022 pilot
22,PM2.5 station-temporal Transformer,2022-10-29T11:00:00+00:00,1069,6,5.0,4.164718423791975,October 2022 pilot
22,PM2.5 station-temporal Transformer,2022-10-29T12:00:00+00:00,1069,6,6.0,4.298938236933927,October 2022 pilot
22,PM2.5 station-temporal Transformer,2022-10-29T13:00:00+00:00,1069,6,-2.0,6.186032307762189,October 2022 pilot
22,PM2.5 station-temporal Transformer,2022-10-29T14:00:00+00:00,1069,6,12.0,8.964839983532917,October 2022 pilot
22,PM2.5 station-temporal Transformer,2022-10-31T00:00:00+00:00,32,1,1.0,1.4357762590303391,October 2022 pilot
22,PM2.5 station-temporal Transformer,2022-10-30T07:00:00+00:00,59,6,4.0,5.059481535360051,October 2022 pilot
22,PM2.5 station-temporal Transformer,2022-10-30T08:00:00+00:00,59,6,2.7,4.850415091937672,October 2022 pilot
22,PM2.5 station-temporal Transformer,2022-10-30T09:00:00+00:00,59,6,13.3,4.559655515365705,October 2022 pilot
22,PM2.5 station-temporal Transformer,2022-10-30T10:00:00+00:00,59,6,7.8,4.415894010785508,October 2022 pilot
22,PM2.5 station-temporal Transformer,2022-10-30T11:00:00+00:00,59,6,8.8,4.0112221201995215,October 2022 pilot
22,PM2.5 station-temporal Transformer,2022-10-30T12:00:00+00:00,59,6,9.5,4.287778137842302,October 2022 pilot
22,PM2.5 station-temporal Transformer,2022-10-30T20:00:00+00:00,1069,3,1.0,5.18273428816752,October 2022 pilot
22,PM2.5 station-temporal Transformer,2022-10-30T21:00:00+00:00,1069,3,5.0,4.033993658025876,October 2022 pilot
22,PM2.5 station-temporal Transformer,2022-10-30T22:00:00+00:00,1069,3,-1.0,1.7547625655688943,October 2022 pilot
22,PM2.5 station-temporal Transformer,2022-10-31T12:00:00+00:00,32,3,6.0,5.7325758212592826,October 2022 pilot
22,PM2.5 station-temporal Transformer,2022-10-31T13:00:00+00:00,32,3,4.0,5.742480322229206,October 2022 pilot
22,PM2.5 station-temporal Transformer,2022-10-31T14:00:00+00:00,32,3,4.0,7.956741837764565,October 2022 pilot
22,PM2.5 station-temporal Transformer,2022-10-31T22:00:00+00:00,59,6,2.6,2.9850127015853207,October 2022 pilot
22,PM2.5 station-temporal Transformer,2022-10-31T23:00:00+00:00,59,6,4.3,3.178699258605504,October 2022 pilot
22,PM2.5 station-temporal Transformer,2022-11-01T00:00:00+00:00,59,6,0.4,3.2145815327458136,October 2022 pilot
22,PM2.5 station-temporal Transformer,2022-11-01T01:00:00+00:00,59,6,2.3,1.4715968279078888,October 2022 pilot
22,PM2.5 station-temporal Transformer,2022-11-01T02:00:00+00:00,59,6,4.3,2.1525450845204004,October 2022 pilot
22,PM2.5 station-temporal Transformer,2022-11-01T03:00:00+00:00,59,6,0.5,3.452839375841365,October 2022 pilot
22,PM2.5 station-temporal Transformer,2022-11-01T03:00:00+00:00,1069,1,2.0,3.978786577967125,October 2022 pilot
33,PM2.5 station-temporal Transformer,2022-10-01T14:00:00+00:00,32,6,13.0,12.32261316127124,October 2022 pilot
33,PM2.5 station-temporal Transformer,2022-10-01T15:00:00+00:00,32,6,10.0,13.80636568683387,October 2022 pilot
33,PM2.5 station-temporal Transformer,2022-10-01T16:00:00+00:00,32,6,17.0,12.294395658338638,October 2022 pilot
33,PM2.5 station-temporal Transformer,2022-10-01T17:00:00+00:00,32,6,8.0,11.293297462854134,October 2022 pilot
33,PM2.5 station-temporal Transformer,2022-10-01T18:00:00+00:00,32,6,12.0,10.940902047828477,October 2022 pilot
33,PM2.5 station-temporal Transformer,2022-10-01T19:00:00+00:00,32,6,13.0,10.483956234174157,October 2022 pilot
33,PM2.5 station-temporal Transformer,2022-10-01T18:00:00+00:00,59,3,5.8,8.310695557460498,October 2022 pilot
33,PM2.5 station-temporal Transformer,2022-10-01T19:00:00+00:00,59,3,9.8,8.428206433425457,October 2022 pilot
33,PM2.5 station-temporal Transformer,2022-10-01T20:00:00+00:00,59,3,5.3,8.423152511504973,October 2022 pilot
33,PM2.5 station-temporal Transformer,2022-10-02T12:00:00+00:00,32,6,6.0,7.512754893307096,October 2022 pilot
33,PM2.5 station-temporal Transformer,2022-10-02T13:00:00+00:00,32,6,4.0,7.584374005442812,October 2022 pilot
33,PM2.5 station-temporal Transformer,2022-10-02T14:00:00+00:00,32,6,11.0,10.430789535433966,October 2022 pilot
33,PM2.5 station-temporal Transformer,2022-10-02T15:00:00+00:00,32,6,11.0,10.655510283125563,October 2022 pilot
33,PM2.5 station-temporal Transformer,2022-10-02T16:00:00+00:00,32,6,12.0,10.135205432321577,October 2022 pilot
33,PM2.5 station-temporal Transformer,2022-10-02T17:00:00+00:00,32,6,8.0,9.786158564610288,October 2022 pilot
33,PM2.5 station-temporal Transformer,2022-10-02T18:00:00+00:00,59,1,4.6,6.698024933953301,October 2022 pilot
33,PM2.5 station-temporal Transformer,2022-10-03T14:00:00+00:00,32,1,11.0,10.245713206419865,October 2022 pilot
33,PM2.5 station-temporal Transformer,2022-10-03T19:00:00+00:00,59,6,7.6,8.953461510163102,October 2022 pilot
33,PM2.5 station-temporal Transformer,2022-10-03T20:00:00+00:00,59,6,6.6,8.145932464147366,October 2022 pilot
33,PM2.5 station-temporal Transformer,2022-10-03T21:00:00+00:00,59,6,10.9,7.243954608961138,October 2022 pilot
33,PM2.5 station-temporal Transformer,2022-10-03T22:00:00+00:00,59,6,2.9,7.575852475070477,October 2022 pilot
33,PM2.5 station-temporal Transformer,2022-10-03T23:00:00+00:00,59,6,5.9,7.23228460699847,October 2022 pilot
33,PM2.5 station-temporal Transformer,2022-10-04T00:00:00+00:00,59,6,8.1,6.218814552981715,October 2022 pilot
33,PM2.5 station-temporal Transformer,2022-10-04T14:00:00+00:00,32,3,7.0,15.13888657681208,October 2022 pilot
33,PM2.5 station-temporal Transformer,2022-10-04T15:00:00+00:00,32,3,22.0,13.88276608701321,October 2022 pilot
33,PM2.5 station-temporal Transformer,2022-10-04T16:00:00+00:00,32,3,18.0,14.528633888815769,October 2022 pilot
33,PM2.5 station-temporal Transformer,2022-10-04T21:00:00+00:00,59,1,5.1,8.629555311382191,October 2022 pilot
33,PM2.5 station-temporal Transformer,2022-10-04T21:00:00+00:00,1069,3,4.0,9.102576504237096,October 2022 pilot
33,PM2.5 station-temporal Transformer,2022-10-04T22:00:00+00:00,1069,3,8.0,6.263306382722121,October 2022 pilot
33,PM2.5 station-temporal Transformer,2022-10-04T23:00:00+00:00,1069,3,0.0,2.1584415449302847,October 2022 pilot
33,PM2.5 station-temporal Transformer,2022-10-05T18:00:00+00:00,32,1,11.0,10.468801163217096,October 2022 pilot
33,PM2.5 station-temporal Transformer,2022-10-05T08:00:00+00:00,59,1,6.6,8.741865915049154,October 2022 pilot
33,PM2.5 station-temporal Transformer,2022-10-06T02:00:00+00:00,1069,1,1.0,5.1717014959323,October 2022 pilot
33,PM2.5 station-temporal Transformer,2022-10-06T09:00:00+00:00,32,3,9.0,7.295838984621949,October 2022 pilot
33,PM2.5 station-temporal Transformer,2022-10-06T10:00:00+00:00,32,3,7.0,7.108788254292686,October 2022 pilot
33,PM2.5 station-temporal Transformer,2022-10-06T11:00:00+00:00,32,3,6.0,7.453305246232299,October 2022 pilot
33,PM2.5 station-temporal Transformer,2022-10-07T03:00:00+00:00,59,1,11.1,6.472818610856889,October 2022 pilot
33,PM2.5 station-temporal Transformer,2022-10-06T09:00:00+00:00,1069,6,12.0,8.745264780638642,October 2022 pilot
33,PM2.5 station-temporal Transformer,2022-10-06T10:00:00+00:00,1069,6,13.0,9.671840505928214,October 2022 pilot
33,PM2.5 station-temporal Transformer,2022-10-06T11:00:00+00:00,1069,6,12.0,11.66306209445428,October 2022 pilot
33,PM2.5 station-temporal Transformer,2022-10-06T12:00:00+00:00,1069,6,11.0,13.694693883764202,October 2022 pilot
33,PM2.5 station-temporal Transformer,2022-10-06T13:00:00+00:00,1069,6,21.0,17.084312770677144,October 2022 pilot
33,PM2.5 station-temporal Transformer,2022-10-06T14:00:00+00:00,1069,6,20.0,18.754758433515995,October 2022 pilot
33,PM2.5 station-temporal Transformer,2022-10-07T10:00:00+00:00,32,6,5.0,7.978296103130692,October 2022 pilot
33,PM2.5 station-temporal Transformer,2022-10-07T11:00:00+00:00,32,6,3.0,8.142697454601572,October 2022 pilot
33,PM2.5 station-temporal Transformer,2022-10-07T12:00:00+00:00,32,6,9.0,7.636227825839808,October 2022 pilot
33,PM2.5 station-temporal Transformer,2022-10-07T13:00:00+00:00,32,6,11.0,7.389227139586881,October 2022 pilot
33,PM2.5 station-temporal Transformer,2022-10-07T14:00:00+00:00,32,6,7.0,9.646903995827389,October 2022 pilot
33,PM2.5 station-temporal Transformer,2022-10-07T15:00:00+00:00,32,6,7.0,11.878066998772976,October 2022 pilot
33,PM2.5 station-temporal Transformer,2022-10-07T09:00:00+00:00,59,1,5.9,7.251858791398567,October 2022 pilot
33,PM2.5 station-temporal Transformer,2022-10-07T21:00:00+00:00,1069,3,7.0,9.445177309277064,October 2022 pilot
33,PM2.5 station-temporal Transformer,2022-10-07T22:00:00+00:00,1069,3,7.0,8.265398866183364,October 2022 pilot
33,PM2.5 station-temporal Transformer,2022-10-07T23:00:00+00:00,1069,3,5.0,5.920083905146857,October 2022 pilot
33,PM2.5 station-temporal Transformer,2022-10-08T09:00:00+00:00,32,3,11.0,8.671589787617554,October 2022 pilot
33,PM2.5 station-temporal Transformer,2022-10-08T10:00:00+00:00,32,3,10.0,9.21469947937116,October 2022 pilot
33,PM2.5 station-temporal Transformer,2022-10-08T11:00:00+00:00,32,3,9.0,9.235492943529728,October 2022 pilot
33,PM2.5 station-temporal Transformer,2022-10-09T00:00:00+00:00,59,3,7.5,6.750933286213707,October 2022 pilot
33,PM2.5 station-temporal Transformer,2022-10-09T01:00:00+00:00,59,3,7.7,6.809274556914039,October 2022 pilot
33,PM2.5 station-temporal Transformer,2022-10-09T02:00:00+00:00,59,3,5.9,7.049378472148714,October 2022 pilot
33,PM2.5 station-temporal Transformer,2022-10-08T21:00:00+00:00,1069,1,5.0,8.81102127816871,October 2022 pilot
33,PM2.5 station-temporal Transformer,2022-10-09T17:00:00+00:00,32,6,16.0,14.4620245736888,October 2022 pilot
33,PM2.5 station-temporal Transformer,2022-10-09T18:00:00+00:00,32,6,13.0,13.168568653966435,October 2022 pilot
33,PM2.5 station-temporal Transformer,2022-10-09T19:00:00+00:00,32,6,17.0,12.74305351472034,October 2022 pilot
33,PM2.5 station-temporal Transformer,2022-10-09T20:00:00+00:00,32,6,7.0,11.31240773049971,October 2022 pilot
33,PM2.5 station-temporal Transformer,2022-10-09T21:00:00+00:00,32,6,16.0,10.569855479500012,October 2022 pilot
33,PM2.5 station-temporal Transformer,2022-10-09T22:00:00+00:00,32,6,12.0,10.72415091716772,October 2022 pilot
33,PM2.5 station-temporal Transformer,2022-10-09T12:00:00+00:00,59,1,12.0,12.627697226561224,October 2022 pilot
33,PM2.5 station-temporal Transformer,2022-10-09T18:00:00+00:00,1069,6,10.0,14.02955552939775,October 2022 pilot
33,PM2.5 station-temporal Transformer,2022-10-09T19:00:00+00:00,1069,6,12.0,12.473337831399686,October 2022 pilot
33,PM2.5 station-temporal Transformer,2022-10-09T20:00:00+00:00,1069,6,3.0,10.96850494615264,October 2022 pilot
33,PM2.5 station-temporal Transformer,2022-10-09T21:00:00+00:00,1069,6,12.0,9.213133117859424,October 2022 pilot
33,PM2.5 station-temporal Transformer,2022-10-09T22:00:00+00:00,1069,6,7.0,7.537671056600597,October 2022 pilot
33,PM2.5 station-temporal Transformer,2022-10-09T23:00:00+00:00,1069,6,6.0,3.939224398666208,October 2022 pilot
33,PM2.5 station-temporal Transformer,2022-10-10T09:00:00+00:00,32,3,12.0,8.736646552039517,October 2022 pilot
33,PM2.5 station-temporal Transformer,2022-10-10T10:00:00+00:00,32,3,7.0,8.839611800748427,October 2022 pilot
33,PM2.5 station-temporal Transformer,2022-10-10T11:00:00+00:00,32,3,9.0,12.184992903281785,October 2022 pilot
33,PM2.5 station-temporal Transformer,2022-10-10T14:00:00+00:00,59,1,8.1,13.081769918055905,October 2022 pilot
33,PM2.5 station-temporal Transformer,2022-10-10T12:00:00+00:00,1069,1,18.0,14.68703064011122,October 2022 pilot
33,PM2.5 station-temporal Transformer,2022-10-11T11:00:00+00:00,32,1,8.0,3.650200456177567,October 2022 pilot
33,PM2.5 station-temporal Transformer,2022-10-11T15:00:00+00:00,59,6,8.0,7.086114226638976,October 2022 pilot
33,PM2.5 station-temporal Transformer,2022-10-11T16:00:00+00:00,59,6,7.8,6.198020035983706,October 2022 pilot
33,PM2.5 station-temporal Transformer,2022-10-11T17:00:00+00:00,59,6,11.2,6.029766250425157,October 2022 pilot
33,PM2.5 station-temporal Transformer,2022-10-11T18:00:00+00:00,59,6,3.1,6.320745757372442,October 2022 pilot
33,PM2.5 station-temporal Transformer,2022-10-11T19:00:00+00:00,59,6,11.6,5.897735921598684,October 2022 pilot
33,PM2.5 station-temporal Transformer,2022-10-11T20:00:00+00:00,59,6,11.6,6.224640279073358,October 2022 pilot
33,PM2.5 station-temporal Transformer,2022-10-11T18:00:00+00:00,1069,6,7.0,8.191879206738024,October 2022 pilot
33,PM2.5 station-temporal Transformer,2022-10-11T19:00:00+00:00,1069,6,7.0,6.710047223032714,October 2022 pilot
33,PM2.5 station-temporal Transformer,2022-10-11T20:00:00+00:00,1069,6,5.0,6.64714825818363,October 2022 pilot
33,PM2.5 station-temporal Transformer,2022-10-11T21:00:00+00:00,1069,6,7.0,4.856917130404789,October 2022 pilot
33,PM2.5 station-temporal Transformer,2022-10-11T22:00:00+00:00,1069,6,5.0,2.005278437997946,October 2022 pilot
33,PM2.5 station-temporal Transformer,2022-10-11T23:00:00+00:00,1069,6,-3.0,0.2016276661901379,October 2022 pilot
33,PM2.5 station-temporal Transformer,2022-10-12T18:00:00+00:00,32,6,9.0,8.646731052010379,October 2022 pilot
33,PM2.5 station-temporal Transformer,2022-10-12T19:00:00+00:00,32,6,7.0,7.492143908756171,October 2022 pilot
33,PM2.5 station-temporal Transformer,2022-10-12T20:00:00+00:00,32,6,4.0,7.909723497674941,October 2022 pilot
33,PM2.5 station-temporal Transformer,2022-10-12T21:00:00+00:00,32,6,8.0,5.776174283598408,October 2022 pilot
33,PM2.5 station-temporal Transformer,2022-10-12T22:00:00+00:00,32,6,7.0,5.282557393149466,October 2022 pilot
33,PM2.5 station-temporal Transformer,2022-10-12T23:00:00+00:00,32,6,2.0,4.264406139629244,October 2022 pilot
33,PM2.5 station-temporal Transformer,2022-10-12T13:00:00+00:00,59,1,2.3,6.293520967685931,October 2022 pilot
33,PM2.5 station-temporal Transformer,2022-10-12T11:00:00+00:00,1069,1,8.0,10.062816591939626,October 2022 pilot
33,PM2.5 station-temporal Transformer,2022-10-14T02:00:00+00:00,32,3,10.0,5.303793213453186,October 2022 pilot
33,PM2.5 station-temporal Transformer,2022-10-14T03:00:00+00:00,32,3,7.0,4.915216024316025,October 2022 pilot
33,PM2.5 station-temporal Transformer,2022-10-14T04:00:00+00:00,32,3,9.0,4.9596339743108055,October 2022 pilot
33,PM2.5 station-temporal Transformer,2022-10-13T20:00:00+00:00,59,6,8.8,6.9620437295880775,October 2022 pilot
33,PM2.5 station-temporal Transformer,2022-10-13T21:00:00+00:00,59,6,8.3,6.566761361091018,October 2022 pilot
33,PM2.5 station-temporal Transformer,2022-10-13T22:00:00+00:00,59,6,10.3,6.681481007223357,October 2022 pilot
33,PM2.5 station-temporal Transformer,2022-10-13T23:00:00+00:00,59,6,6.3,5.414680997647895,October 2022 pilot
33,PM2.5 station-temporal Transformer,2022-10-14T00:00:00+00:00,59,6,4.4,5.0969438030325325,October 2022 pilot
33,PM2.5 station-temporal Transformer,2022-10-14T01:00:00+00:00,59,6,5.5,5.618756002617183,October 2022 pilot
33,PM2.5 station-temporal Transformer,2022-10-13T13:00:00+00:00,1069,6,12.0,10.262927095022132,October 2022 pilot
33,PM2.5 station-temporal Transformer,2022-10-13T14:00:00+00:00,1069,6,16.0,13.066040320769892,October 2022 pilot
33,PM2.5 station-temporal Transformer,2022-10-13T15:00:00+00:00,1069,6,12.0,11.385748239438987,October 2022 pilot
33,PM2.5 station-temporal Transformer,2022-10-13T16:00:00+00:00,1069,6,13.0,12.558086181835648,October 2022 pilot
33,PM2.5 station-temporal Transformer,2022-10-13T17:00:00+00:00,1069,6,14.0,12.69502570842619,October 2022 pilot
33,PM2.5 station-temporal Transformer,2022-10-13T18:00:00+00:00,1069,6,9.0,11.048110261637108,October 2022 pilot
33,PM2.5 station-temporal Transformer,2022-10-14T11:00:00+00:00,32,6,7.0,5.62471455833137,October 2022 pilot
33,PM2.5 station-temporal Transformer,2022-10-14T12:00:00+00:00,32,6,7.0,6.251190963568877,October 2022 pilot
33,PM2.5 station-temporal Transformer,2022-10-14T13:00:00+00:00,32,6,5.0,6.16833696707547,October 2022 pilot
33,PM2.5 station-temporal Transformer,2022-10-14T14:00:00+00:00,32,6,6.0,8.785016554104029,October 2022 pilot
33,PM2.5 station-temporal Transformer,2022-10-14T15:00:00+00:00,32,6,9.0,11.177018684359613,October 2022 pilot
33,PM2.5 station-temporal Transformer,2022-10-14T16:00:00+00:00,32,6,11.0,12.251120253169471,October 2022 pilot
33,PM2.5 station-temporal Transformer,2022-10-14T07:00:00+00:00,59,6,3.2,7.023870453828483,October 2022 pilot
33,PM2.5 station-temporal Transformer,2022-10-14T08:00:00+00:00,59,6,6.3,5.819133434104503,October 2022 pilot
33,PM2.5 station-temporal Transformer,2022-10-14T09:00:00+00:00,59,6,7.0,6.637747152009746,October 2022 pilot
33,PM2.5 station-temporal Transformer,2022-10-14T10:00:00+00:00,59,6,4.2,5.77318065380496,October 2022 pilot
33,PM2.5 station-temporal Transformer,2022-10-14T11:00:00+00:00,59,6,6.6,6.383408388487596,October 2022 pilot
33,PM2.5 station-temporal Transformer,2022-10-14T12:00:00+00:00,59,6,5.7,6.472953769454801,October 2022 pilot
33,PM2.5 station-temporal Transformer,2022-10-14T20:00:00+00:00,1069,3,6.0,8.984539318572931,October 2022 pilot
33,PM2.5 station-temporal Transformer,2022-10-14T21:00:00+00:00,1069,3,12.0,8.928628131339334,October 2022 pilot
33,PM2.5 station-temporal Transformer,2022-10-14T22:00:00+00:00,1069,3,0.0,4.760092268985371,October 2022 pilot
33,PM2.5 station-temporal Transformer,2022-10-15T08:00:00+00:00,32,6,5.0,3.680381249438948,October 2022 pilot
33,PM2.5 station-temporal Transformer,2022-10-15T09:00:00+00:00,32,6,5.0,3.5337925386715643,October 2022 pilot
33,PM2.5 station-temporal Transformer,2022-10-15T10:00:00+00:00,32,6,3.0,3.754032414234236,October 2022 pilot
33,PM2.5 station-temporal Transformer,2022-10-15T11:00:00+00:00,32,6,2.0,4.2287872522804495,October 2022 pilot
33,PM2.5 station-temporal Transformer,2022-10-15T12:00:00+00:00,32,6,4.0,3.965424171097858,October 2022 pilot
33,PM2.5 station-temporal Transformer,2022-10-15T13:00:00+00:00,32,6,8.0,4.689613525516807,October 2022 pilot
33,PM2.5 station-temporal Transformer,2022-10-15T07:00:00+00:00,59,6,5.8,3.769185551313743,October 2022 pilot
33,PM2.5 station-temporal Transformer,2022-10-15T08:00:00+00:00,59,6,6.5,3.90691282932955,October 2022 pilot
33,PM2.5 station-temporal Transformer,2022-10-15T09:00:00+00:00,59,6,6.1,4.418121127301617,October 2022 pilot
33,PM2.5 station-temporal Transformer,2022-10-15T10:00:00+00:00,59,6,1.9,4.398331584487232,October 2022 pilot
33,PM2.5 station-temporal Transformer,2022-10-15T11:00:00+00:00,59,6,3.4,4.852194346771344,October 2022 pilot
33,PM2.5 station-temporal Transformer,2022-10-15T12:00:00+00:00,59,6,4.4,4.190321073564107,October 2022 pilot
33,PM2.5 station-temporal Transformer,2022-10-15T08:00:00+00:00,1069,1,3.0,4.0442982650186,October 2022 pilot
33,PM2.5 station-temporal Transformer,2022-10-16T15:00:00+00:00,32,6,6.0,5.301001630536148,October 2022 pilot
33,PM2.5 station-temporal Transformer,2022-10-16T16:00:00+00:00,32,6,10.0,7.086474039386588,October 2022 pilot
33,PM2.5 station-temporal Transformer,2022-10-16T17:00:00+00:00,32,6,12.0,6.40402425832168,October 2022 pilot
33,PM2.5 station-temporal Transformer,2022-10-16T18:00:00+00:00,32,6,7.0,5.599076271727121,October 2022 pilot
33,PM2.5 station-temporal Transformer,2022-10-16T19:00:00+00:00,32,6,2.0,5.12770588205975,October 2022 pilot
33,PM2.5 station-temporal Transformer,2022-10-16T20:00:00+00:00,32,6,8.0,3.1081109442710586,October 2022 pilot
33,PM2.5 station-temporal Transformer,2022-10-16T16:00:00+00:00,59,3,9.6,5.038644632473339,October 2022 pilot
33,PM2.5 station-temporal Transformer,2022-10-16T17:00:00+00:00,59,3,4.7,5.089352252242739,October 2022 pilot
33,PM2.5 station-temporal Transformer,2022-10-16T18:00:00+00:00,59,3,8.4,4.405954377010721,October 2022 pilot
33,PM2.5 station-temporal Transformer,2022-10-16T11:00:00+00:00,1069,3,5.0,4.848172862791667,October 2022 pilot
33,PM2.5 station-temporal Transformer,2022-10-16T12:00:00+00:00,1069,3,5.0,5.200821651988312,October 2022 pilot
33,PM2.5 station-temporal Transformer,2022-10-16T13:00:00+00:00,1069,3,2.0,6.812386465668684,October 2022 pilot
33,PM2.5 station-temporal Transformer,2022-10-17T14:00:00+00:00,32,6,4.0,4.476196634154943,October 2022 pilot
33,PM2.5 station-temporal Transformer,2022-10-17T15:00:00+00:00,32,6,6.0,3.5865168943691765,October 2022 pilot
33,PM2.5 station-temporal Transformer,2022-10-17T16:00:00+00:00,32,6,0.0,4.946267248057397,October 2022 pilot
33,PM2.5 station-temporal Transformer,2022-10-17T17:00:00+00:00,32,6,4.0,4.915184158845659,October 2022 pilot
33,PM2.5 station-temporal Transformer,2022-10-17T18:00:00+00:00,32,6,5.0,4.933679129415424,October 2022 pilot
33,PM2.5 station-temporal Transformer,2022-10-17T19:00:00+00:00,32,6,10.0,5.580976055635636,October 2022 pilot
33,PM2.5 station-temporal Transformer,2022-10-17T16:00:00+00:00,59,6,1.6,3.798727658497492,October 2022 pilot
33,PM2.5 station-temporal Transformer,2022-10-17T17:00:00+00:00,59,6,4.5,4.089510475871354,October 2022 pilot
33,PM2.5 station-temporal Transformer,2022-10-17T18:00:00+00:00,59,6,6.6,3.478009164294659,October 2022 pilot
33,PM2.5 station-temporal Transformer,2022-10-17T19:00:00+00:00,59,6,3.6,3.94314714446907,October 2022 pilot
33,PM2.5 station-temporal Transformer,2022-10-17T20:00:00+00:00,59,6,2.8,2.7260423510427128,October 2022 pilot
33,PM2.5 station-temporal Transformer,2022-10-17T21:00:00+00:00,59,6,3.9,3.670344706830859,October 2022 pilot
33,PM2.5 station-temporal Transformer,2022-10-17T16:00:00+00:00,1069,1,5.0,6.802344601773972,October 2022 pilot
33,PM2.5 station-temporal Transformer,2022-10-18T23:00:00+00:00,32,1,2.0,0.8520159361005799,October 2022 pilot
33,PM2.5 station-temporal Transformer,2022-10-19T04:00:00+00:00,59,1,0.7,2.261092202267231,October 2022 pilot
33,PM2.5 station-temporal Transformer,2022-10-18T19:00:00+00:00,1069,1,-2.0,3.0195530340883057,October 2022 pilot
33,PM2.5 station-temporal Transformer,2022-10-19T15:00:00+00:00,32,6,9.0,5.741652658564707,October 2022 pilot
33,PM2.5 station-temporal Transformer,2022-10-19T16:00:00+00:00,32,6,6.0,6.606882568006114,October 2022 pilot
33,PM2.5 station-temporal Transformer,2022-10-19T17:00:00+00:00,32,6,7.0,6.504379945130951,October 2022 pilot
33,PM2.5 station-temporal Transformer,2022-10-19T18:00:00+00:00,32,6,5.0,6.6744801319969245,October 2022 pilot
33,PM2.5 station-temporal Transformer,2022-10-19T19:00:00+00:00,32,6,8.0,6.718485717648223,October 2022 pilot
33,PM2.5 station-temporal Transformer,2022-10-19T20:00:00+00:00,32,6,5.0,6.232841064745777,October 2022 pilot
33,PM2.5 station-temporal Transformer,2022-10-19T21:00:00+00:00,59,3,3.9,3.010591299553933,October 2022 pilot
33,PM2.5 station-temporal Transformer,2022-10-19T22:00:00+00:00,59,3,4.9,3.572233471128806,October 2022 pilot
33,PM2.5 station-temporal Transformer,2022-10-19T23:00:00+00:00,59,3,4.2,2.356180990732556,October 2022 pilot
33,PM2.5 station-temporal Transformer,2022-10-19T23:00:00+00:00,1069,1,2.0,-0.2177038705531071,October 2022 pilot
33,PM2.5 station-temporal Transformer,2022-10-20T07:00:00+00:00,32,3,5.0,4.698981135239318,October 2022 pilot
33,PM2.5 station-temporal Transformer,2022-10-20T08:00:00+00:00,32,3,5.0,5.009759617043592,October 2022 pilot
33,PM2.5 station-temporal Transformer,2022-10-20T09:00:00+00:00,32,3,4.0,3.925225460949001,October 2022 pilot
33,PM2.5 station-temporal Transformer,2022-10-20T17:00:00+00:00,59,1,5.1,4.417652120299422,October 2022 pilot
33,PM2.5 station-temporal Transformer,2022-10-20T19:00:00+00:00,1069,6,7.0,7.048617495554304,October 2022 pilot
33,PM2.5 station-temporal Transformer,2022-10-20T20:00:00+00:00,1069,6,6.0,6.203754974491416,October 2022 pilot
33,PM2.5 station-temporal Transformer,2022-10-20T21:00:00+00:00,1069,6,5.0,5.926685526974507,October 2022 pilot
33,PM2.5 station-temporal Transformer,2022-10-20T22:00:00+00:00,1069,6,5.0,3.300948474177539,October 2022 pilot
33,PM2.5 station-temporal Transformer,2022-10-20T23:00:00+00:00,1069,6,0.0,0.6783750175323213,October 2022 pilot
33,PM2.5 station-temporal Transformer,2022-10-21T00:00:00+00:00,1069,6,1.0,1.4464802857567491,October 2022 pilot
33,PM2.5 station-temporal Transformer,2022-10-21T17:00:00+00:00,32,3,11.0,8.374930486931888,October 2022 pilot
33,PM2.5 station-temporal Transformer,2022-10-21T18:00:00+00:00,32,3,6.0,8.258310045606258,October 2022 pilot
33,PM2.5 station-temporal Transformer,2022-10-21T19:00:00+00:00,32,3,6.0,7.7407562121369695,October 2022 pilot
33,PM2.5 station-temporal Transformer,2022-10-21T23:00:00+00:00,59,6,1.1,2.206443552091086,October 2022 pilot
33,PM2.5 station-temporal Transformer,2022-10-22T00:00:00+00:00,59,6,-2.9,0.9567486774618414,October 2022 pilot
33,PM2.5 station-temporal Transformer,2022-10-22T01:00:00+00:00,59,6,4.5,0.7348858866152366,October 2022 pilot
33,PM2.5 station-temporal Transformer,2022-10-22T02:00:00+00:00,59,6,1.6,2.2158892235763963,October 2022 pilot
33,PM2.5 station-temporal Transformer,2022-10-22T03:00:00+00:00,59,6,0.9,1.794803611900596,October 2022 pilot
33,PM2.5 station-temporal Transformer,2022-10-22T04:00:00+00:00,59,6,4.8,1.6122017743945154,October 2022 pilot
33,PM2.5 station-temporal Transformer,2022-10-21T16:00:00+00:00,1069,6,12.0,9.656814885010672,October 2022 pilot
33,PM2.5 station-temporal Transformer,2022-10-21T17:00:00+00:00,1069,6,8.0,8.181593338325142,October 2022 pilot
33,PM2.5 station-temporal Transformer,2022-10-21T18:00:00+00:00,1069,6,8.0,6.6615731363506185,October 2022 pilot
33,PM2.5 station-temporal Transformer,2022-10-21T19:00:00+00:00,1069,6,3.0,5.35531056381706,October 2022 pilot
33,PM2.5 station-temporal Transformer,2022-10-21T20:00:00+00:00,1069,6,2.0,4.832507410043039,October 2022 pilot
33,PM2.5 station-temporal Transformer,2022-10-21T21:00:00+00:00,1069,6,3.0,2.896496578770157,October 2022 pilot
33,PM2.5 station-temporal Transformer,2022-10-22T17:00:00+00:00,32,3,11.0,7.360944333404157,October 2022 pilot
33,PM2.5 station-temporal Transformer,2022-10-22T18:00:00+00:00,32,3,9.0,6.579912430525331,October 2022 pilot
33,PM2.5 station-temporal Transformer,2022-10-22T19:00:00+00:00,32,3,7.0,6.527747816971642,October 2022 pilot
33,PM2.5 station-temporal Transformer,2022-10-23T01:00:00+00:00,59,3,3.0,3.774844496077026,October 2022 pilot
33,PM2.5 station-temporal Transformer,2022-10-23T02:00:00+00:00,59,3,1.1,2.730816621346941,October 2022 pilot
33,PM2.5 station-temporal Transformer,2022-10-23T03:00:00+00:00,59,3,2.4,3.090714916582039,October 2022 pilot
33,PM2.5 station-temporal Transformer,2022-10-22T22:00:00+00:00,1069,6,7.0,1.869681238492492,October 2022 pilot
33,PM2.5 station-temporal Transformer,2022-10-22T23:00:00+00:00,1069,6,-2.0,-0.3845755583261834,October 2022 pilot
33,PM2.5 station-temporal Transformer,2022-10-23T00:00:00+00:00,1069,6,-2.0,-0.0085112009499894,October 2022 pilot
33,PM2.5 station-temporal Transformer,2022-10-23T01:00:00+00:00,1069,6,1.0,1.6114023552657455,October 2022 pilot
33,PM2.5 station-temporal Transformer,2022-10-23T02:00:00+00:00,1069,6,0.0,1.5218528985878956,October 2022 pilot
33,PM2.5 station-temporal Transformer,2022-10-23T03:00:00+00:00,1069,6,2.0,2.132664512710323,October 2022 pilot
33,PM2.5 station-temporal Transformer,2022-10-23T07:00:00+00:00,32,6,5.0,1.9209012112680703,October 2022 pilot
33,PM2.5 station-temporal Transformer,2022-10-23T08:00:00+00:00,32,6,3.0,2.063489547657043,October 2022 pilot
33,PM2.5 station-temporal Transformer,2022-10-23T09:00:00+00:00,32,6,4.0,1.2891800011778685,October 2022 pilot
33,PM2.5 station-temporal Transformer,2022-10-23T10:00:00+00:00,32,6,3.0,2.1800668552949887,October 2022 pilot
33,PM2.5 station-temporal Transformer,2022-10-23T11:00:00+00:00,32,6,2.0,1.7299398330164255,October 2022 pilot
33,PM2.5 station-temporal Transformer,2022-10-23T12:00:00+00:00,32,6,1.0,1.5006426167848037,October 2022 pilot
33,PM2.5 station-temporal Transformer,2022-10-23T22:00:00+00:00,59,3,10.4,4.418175228840457,October 2022 pilot
33,PM2.5 station-temporal Transformer,2022-10-23T23:00:00+00:00,59,3,5.2,4.079576366549476,October 2022 pilot
33,PM2.5 station-temporal Transformer,2022-10-24T00:00:00+00:00,59,3,2.9,3.471399251637404,October 2022 pilot
33,PM2.5 station-temporal Transformer,2022-10-23T20:00:00+00:00,1069,3,-1.0,4.211604365459863,October 2022 pilot
33,PM2.5 station-temporal Transformer,2022-10-23T21:00:00+00:00,1069,3,10.0,3.881577273425769,October 2022 pilot
33,PM2.5 station-temporal Transformer,2022-10-23T22:00:00+00:00,1069,3,3.0,1.910205734538887,October 2022 pilot
33,PM2.5 station-temporal Transformer,2022-10-24T15:00:00+00:00,32,6,16.0,10.29202285425573,October 2022 pilot
33,PM2.5 station-temporal Transformer,2022-10-24T16:00:00+00:00,32,6,18.0,11.930713577565946,October 2022 pilot
33,PM2.5 station-temporal Transformer,2022-10-24T17:00:00+00:00,32,6,10.0,12.039049677930558,October 2022 pilot
33,PM2.5 station-temporal Transformer,2022-10-24T18:00:00+00:00,32,6,17.0,14.318551131932171,October 2022 pilot
33,PM2.5 station-temporal Transformer,2022-10-24T19:00:00+00:00,32,6,19.0,12.596944043855956,October 2022 pilot
33,PM2.5 station-temporal Transformer,2022-10-24T20:00:00+00:00,32,6,23.0,12.949298578837396,October 2022 pilot
33,PM2.5 station-temporal Transformer,2022-10-24T19:00:00+00:00,59,3,17.9,9.818524923382196,October 2022 pilot
33,PM2.5 station-temporal Transformer,2022-10-24T20:00:00+00:00,59,3,18.6,11.112347413368648,October 2022 pilot
33,PM2.5 station-temporal Transformer,2022-10-24T21:00:00+00:00,59,3,11.8,11.242548481537696,October 2022 pilot
33,PM2.5 station-temporal Transformer,2022-10-24T11:00:00+00:00,1069,6,8.0,6.39571701620376,October 2022 pilot
33,PM2.5 station-temporal Transformer,2022-10-24T12:00:00+00:00,1069,6,8.0,7.373812653360315,October 2022 pilot
33,PM2.5 station-temporal Transformer,2022-10-24T13:00:00+00:00,1069,6,4.0,9.034103063747397,October 2022 pilot
33,PM2.5 station-temporal Transformer,2022-10-24T14:00:00+00:00,1069,6,6.0,10.066876214592034,October 2022 pilot
33,PM2.5 station-temporal Transformer,2022-10-24T15:00:00+00:00,1069,6,13.0,12.072268753379204,October 2022 pilot
33,PM2.5 station-temporal Transformer,2022-10-24T16:00:00+00:00,1069,6,13.0,12.99137131138833,October 2022 pilot
33,PM2.5 station-temporal Transformer,2022-10-25T12:00:00+00:00,32,1,-2.0,-1.6816914691785296,October 2022 pilot
33,PM2.5 station-temporal Transformer,2022-10-26T01:00:00+00:00,59,3,0.5,-2.4590609422544656,October 2022 pilot
33,PM2.5 station-temporal Transformer,2022-10-26T02:00:00+00:00,59,3,1.0,-0.3358506224510558,October 2022 pilot
33,PM2.5 station-temporal Transformer,2022-10-26T03:00:00+00:00,59,3,3.9,-0.7624557340787632,October 2022 pilot
33,PM2.5 station-temporal Transformer,2022-10-25T22:00:00+00:00,1069,1,2.0,-0.597343468367276,October 2022 pilot
33,PM2.5 station-temporal Transformer,2022-10-26T21:00:00+00:00,32,3,7.0,4.101229355123981,October 2022 pilot
33,PM2.5 station-temporal Transformer,2022-10-26T22:00:00+00:00,32,3,2.0,3.301406887509497,October 2022 pilot
33,PM2.5 station-temporal Transformer,2022-10-26T23:00:00+00:00,32,3,0.0,1.7501970479539155,October 2022 pilot
33,PM2.5 station-temporal Transformer,2022-10-26T08:00:00+00:00,59,1,2.3,1.126879729268616,October 2022 pilot
33,PM2.5 station-temporal Transformer,2022-10-26T11:00:00+00:00,1069,3,10.0,4.383281995237367,October 2022 pilot
33,PM2.5 station-temporal Transformer,2022-10-26T12:00:00+00:00,1069,3,17.0,5.178281759808731,October 2022 pilot
33,PM2.5 station-temporal Transformer,2022-10-26T13:00:00+00:00,1069,3,15.0,6.144109873361495,October 2022 pilot
33,PM2.5 station-temporal Transformer,2022-10-27T15:00:00+00:00,32,1,4.0,4.2833199734213165,October 2022 pilot
33,PM2.5 station-temporal Transformer,2022-10-27T20:00:00+00:00,59,1,5.1,3.5539928706112702,October 2022 pilot
33,PM2.5 station-temporal Transformer,2022-10-27T12:00:00+00:00,1069,1,10.0,4.622075979269235,October 2022 pilot
33,PM2.5 station-temporal Transformer,2022-10-28T19:00:00+00:00,32,3,3.0,3.82689826289801,October 2022 pilot
33,PM2.5 station-temporal Transformer,2022-10-28T20:00:00+00:00,32,3,3.0,3.470226375964522,October 2022 pilot
33,PM2.5 station-temporal Transformer,2022-10-28T21:00:00+00:00,32,3,8.0,1.790464939716066,October 2022 pilot
33,PM2.5 station-temporal Transformer,2022-10-28T19:00:00+00:00,59,3,1.6,2.2910252121189343,October 2022 pilot
33,PM2.5 station-temporal Transformer,2022-10-28T20:00:00+00:00,59,3,-1.0,2.39157025507527,October 2022 pilot
33,PM2.5 station-temporal Transformer,2022-10-28T21:00:00+00:00,59,3,0.1,1.4696625073959932,October 2022 pilot
33,PM2.5 station-temporal Transformer,2022-10-28T20:00:00+00:00,1069,1,1.0,4.7694857377195,October 2022 pilot
33,PM2.5 station-temporal Transformer,2022-10-29T11:00:00+00:00,32,3,2.0,1.787235625864004,October 2022 pilot
33,PM2.5 station-temporal Transformer,2022-10-29T12:00:00+00:00,32,3,0.0,2.321032568390338,October 2022 pilot
33,PM2.5 station-temporal Transformer,2022-10-29T13:00:00+00:00,32,3,-1.0,0.4592949779683604,October 2022 pilot
33,PM2.5 station-temporal Transformer,2022-10-29T12:00:00+00:00,59,3,0.1,2.67340079175817,October 2022 pilot
33,PM2.5 station-temporal Transformer,2022-10-29T13:00:00+00:00,59,3,-0.2,1.628216210887822,October 2022 pilot
33,PM2.5 station-temporal Transformer,2022-10-29T14:00:00+00:00,59,3,3.7,3.708197496174541,October 2022 pilot
33,PM2.5 station-temporal Transformer,2022-10-29T20:00:00+00:00,1069,1,6.0,4.015708833901364,October 2022 pilot
33,PM2.5 station-temporal Transformer,2022-10-30T18:00:00+00:00,32,3,10.0,6.761438275288684,October 2022 pilot
33,PM2.5 station-temporal Transformer,2022-10-30T19:00:00+00:00,32,3,6.0,5.919431585223808,October 2022 pilot
33,PM2.5 station-temporal Transformer,2022-10-30T20:00:00+00:00,32,3,5.0,4.596911421550375,October 2022 pilot
33,PM2.5 station-temporal Transformer,2022-10-30T22:00:00+00:00,59,6,2.7,3.0197546524457204,October 2022 pilot
33,PM2.5 station-temporal Transformer,2022-10-30T23:00:00+00:00,59,6,5.6,3.328808550077309,October 2022 pilot
33,PM2.5 station-temporal Transformer,2022-10-31T00:00:00+00:00,59,6,1.0,1.6271753277602858,October 2022 pilot
33,PM2.5 station-temporal Transformer,2022-10-31T01:00:00+00:00,59,6,4.0,2.7523280789837647,October 2022 pilot
33,PM2.5 station-temporal Transformer,2022-10-31T02:00:00+00:00,59,6,8.0,3.845829905999002,October 2022 pilot
33,PM2.5 station-temporal Transformer,2022-10-31T03:00:00+00:00,59,6,6.6,3.05158540712109,October 2022 pilot
33,PM2.5 station-temporal Transformer,2022-10-30T11:00:00+00:00,1069,3,1.0,9.346423986054678,October 2022 pilot
33,PM2.5 station-temporal Transformer,2022-10-30T12:00:00+00:00,1069,3,7.0,9.7849060239759,October 2022 pilot
33,PM2.5 station-temporal Transformer,2022-10-30T13:00:00+00:00,1069,3,5.0,9.728949451095962,October 2022 pilot
33,PM2.5 station-temporal Transformer,2022-10-31T09:00:00+00:00,32,6,5.0,4.495132270637265,October 2022 pilot
33,PM2.5 station-temporal Transformer,2022-10-31T10:00:00+00:00,32,6,5.0,5.172435778238111,October 2022 pilot
33,PM2.5 station-temporal Transformer,2022-10-31T11:00:00+00:00,32,6,4.0,6.552260539691723,October 2022 pilot
33,PM2.5 station-temporal Transformer,2022-10-31T12:00:00+00:00,32,6,6.0,6.77645844209982,October 2022 pilot
33,PM2.5 station-temporal Transformer,2022-10-31T13:00:00+00:00,32,6,4.0,6.84611489283051,October 2022 pilot
33,PM2.5 station-temporal Transformer,2022-10-31T14:00:00+00:00,32,6,4.0,8.649183697432589,October 2022 pilot
33,PM2.5 station-temporal Transformer,2022-10-31T08:00:00+00:00,59,6,4.1,3.431537466418357,October 2022 pilot
33,PM2.5 station-temporal Transformer,2022-10-31T09:00:00+00:00,59,6,1.3,4.119912873722004,October 2022 pilot
33,PM2.5 station-temporal Transformer,2022-10-31T10:00:00+00:00,59,6,1.8,4.618476270478923,October 2022 pilot
33,PM2.5 station-temporal Transformer,2022-10-31T11:00:00+00:00,59,6,2.6,5.881362586164624,October 2022 pilot
33,PM2.5 station-temporal Transformer,2022-10-31T12:00:00+00:00,59,6,5.6,5.526374958071111,October 2022 pilot
33,PM2.5 station-temporal Transformer,2022-10-31T13:00:00+00:00,59,6,3.3,6.0517129016024,October 2022 pilot
33,PM2.5 station-temporal Transformer,2022-10-31T16:00:00+00:00,1069,3,6.0,12.342284838251178,October 2022 pilot
33,PM2.5 station-temporal Transformer,2022-10-31T17:00:00+00:00,1069,3,3.0,10.689186264584272,October 2022 pilot
33,PM2.5 station-temporal Transformer,2022-10-31T18:00:00+00:00,1069,3,11.0,7.705196579767116,October 2022 pilot
11,PM2.5 station-temporal Transformer,2022-11-01T09:00:00+00:00,32,1,2.0,4.0700913399041125,November-December 2022
11,PM2.5 station-temporal Transformer,2022-11-01T15:00:00+00:00,59,6,2.5,6.169162865711571,November-December 2022
11,PM2.5 station-temporal Transformer,2022-11-01T16:00:00+00:00,59,6,5.9,4.888050141637362,November-December 2022
11,PM2.5 station-temporal Transformer,2022-11-01T17:00:00+00:00,59,6,5.5,5.170516561900005,November-December 2022
11,PM2.5 station-temporal Transformer,2022-11-01T18:00:00+00:00,59,6,2.3,4.300743457326213,November-December 2022
11,PM2.5 station-temporal Transformer,2022-11-01T19:00:00+00:00,59,6,5.1,4.630209255967221,November-December 2022
11,PM2.5 station-temporal Transformer,2022-11-01T20:00:00+00:00,59,6,-0.2,4.901345975803974,November-December 2022
11,PM2.5 station-temporal Transformer,2022-11-01T19:00:00+00:00,1069,3,-3.0,5.925317409155872,November-December 2022
11,PM2.5 station-temporal Transformer,2022-11-01T20:00:00+00:00,1069,3,2.0,5.699449418393671,November-December 2022
11,PM2.5 station-temporal Transformer,2022-11-01T21:00:00+00:00,1069,3,3.0,2.4182960807846774,November-December 2022
11,PM2.5 station-temporal Transformer,2022-11-02T07:00:00+00:00,32,6,4.0,5.79527721380015,November-December 2022
11,PM2.5 station-temporal Transformer,2022-11-02T08:00:00+00:00,32,6,3.0,6.589210858634548,November-December 2022
11,PM2.5 station-temporal Transformer,2022-11-02T09:00:00+00:00,32,6,2.0,6.008299979607491,November-December 2022
11,PM2.5 station-temporal Transformer,2022-11-02T10:00:00+00:00,32,6,5.0,5.860649645537923,November-December 2022
11,PM2.5 station-temporal Transformer,2022-11-02T11:00:00+00:00,32,6,8.0,5.740741767323002,November-December 2022
11,PM2.5 station-temporal Transformer,2022-11-02T12:00:00+00:00,32,6,10.0,5.822472086703513,November-December 2022
11,PM2.5 station-temporal Transformer,2022-11-02T09:00:00+00:00,59,3,3.1,5.854471073387268,November-December 2022
11,PM2.5 station-temporal Transformer,2022-11-02T10:00:00+00:00,59,3,3.9,5.877999908828008,November-December 2022
11,PM2.5 station-temporal Transformer,2022-11-02T11:00:00+00:00,59,3,6.4,6.060850346715025,November-December 2022
11,PM2.5 station-temporal Transformer,2022-11-03T01:00:00+00:00,1069,3,11.0,9.791792351323098,November-December 2022
11,PM2.5 station-temporal Transformer,2022-11-03T02:00:00+00:00,1069,3,9.0,11.683005988110253,November-December 2022
11,PM2.5 station-temporal Transformer,2022-11-03T03:00:00+00:00,1069,3,12.0,12.970108866479755,November-December 2022
11,PM2.5 station-temporal Transformer,2022-11-03T08:00:00+00:00,32,3,17.0,11.505457974190328,November-December 2022
11,PM2.5 station-temporal Transformer,2022-11-03T09:00:00+00:00,32,3,17.0,10.633092610261404,November-December 2022
11,PM2.5 station-temporal Transformer,2022-11-03T10:00:00+00:00,32,3,12.0,10.856704670189652,November-December 2022
11,PM2.5 station-temporal Transformer,2022-11-03T08:00:00+00:00,59,3,13.9,10.499155238204835,November-December 2022
11,PM2.5 station-temporal Transformer,2022-11-03T09:00:00+00:00,59,3,13.7,9.84203051802104,November-December 2022
11,PM2.5 station-temporal Transformer,2022-11-03T10:00:00+00:00,59,3,12.4,9.756473315808693,November-December 2022
11,PM2.5 station-temporal Transformer,2022-11-03T23:00:00+00:00,1069,6,2.0,1.6824397069796992,November-December 2022
11,PM2.5 station-temporal Transformer,2022-11-04T00:00:00+00:00,1069,6,1.0,0.8916829210570558,November-December 2022
11,PM2.5 station-temporal Transformer,2022-11-04T01:00:00+00:00,1069,6,1.0,1.997915183570232,November-December 2022
11,PM2.5 station-temporal Transformer,2022-11-04T02:00:00+00:00,1069,6,0.0,3.11560659138258,November-December 2022
11,PM2.5 station-temporal Transformer,2022-11-04T03:00:00+00:00,1069,6,0.0,3.1816103172725096,November-December 2022
11,PM2.5 station-temporal Transformer,2022-11-04T04:00:00+00:00,1069,6,2.0,3.61865001345736,November-December 2022
11,PM2.5 station-temporal Transformer,2022-11-04T17:00:00+00:00,32,6,8.0,6.866990549462598,November-December 2022
11,PM2.5 station-temporal Transformer,2022-11-04T18:00:00+00:00,32,6,9.0,7.247337642312804,November-December 2022
11,PM2.5 station-temporal Transformer,2022-11-04T19:00:00+00:00,32,6,12.0,7.66288853283204,November-December 2022
11,PM2.5 station-temporal Transformer,2022-11-04T20:00:00+00:00,32,6,10.0,6.263193134910375,November-December 2022
11,PM2.5 station-temporal Transformer,2022-11-04T21:00:00+00:00,32,6,5.0,7.608133172681118,November-December 2022
11,PM2.5 station-temporal Transformer,2022-11-04T22:00:00+00:00,32,6,8.0,5.145690166538653,November-December 2022
11,PM2.5 station-temporal Transformer,2022-11-04T13:00:00+00:00,59,6,4.3,4.287644407982213,November-December 2022
11,PM2.5 station-temporal Transformer,2022-11-04T14:00:00+00:00,59,6,-0.3,4.603946006834561,November-December 2022
11,PM2.5 station-temporal Transformer,2022-11-04T15:00:00+00:00,59,6,3.1,5.125228811431763,November-December 2022
11,PM2.5 station-temporal Transformer,2022-11-04T16:00:00+00:00,59,6,4.0,4.425129372063498,November-December 2022
11,PM2.5 station-temporal Transformer,2022-11-04T17:00:00+00:00,59,6,3.3,5.3322744480794535,November-December 2022
11,PM2.5 station-temporal Transformer,2022-11-04T18:00:00+00:00,59,6,4.3,4.92628373723506,November-December 2022
11,PM2.5 station-temporal Transformer,2022-11-04T18:00:00+00:00,1069,1,5.0,6.767833174956075,November-December 2022
11,PM2.5 station-temporal Transformer,2022-11-05T20:00:00+00:00,32,3,1.0,4.808629799485245,November-December 2022
11,PM2.5 station-temporal Transformer,2022-11-05T21:00:00+00:00,32,3,3.0,4.294464921681726,November-December 2022
11,PM2.5 station-temporal Transformer,2022-11-05T22:00:00+00:00,32,3,3.0,3.3796441643424187,November-December 2022
11,PM2.5 station-temporal Transformer,2022-11-05T11:00:00+00:00,59,6,3.5,2.9038238176375257,November-December 2022
11,PM2.5 station-temporal Transformer,2022-11-05T12:00:00+00:00,59,6,0.1,2.140625220125054,November-December 2022
11,PM2.5 station-temporal Transformer,2022-11-05T13:00:00+00:00,59,6,0.3,1.6752174942499494,November-December 2022
11,PM2.5 station-temporal Transformer,2022-11-05T14:00:00+00:00,59,6,0.0,2.5349290460881884,November-December 2022
11,PM2.5 station-temporal Transformer,2022-11-05T15:00:00+00:00,59,6,7.1,3.33921623836241,November-December 2022
11,PM2.5 station-temporal Transformer,2022-11-05T16:00:00+00:00,59,6,3.2,2.727922189019017,November-December 2022
11,PM2.5 station-temporal Transformer,2022-11-05T09:00:00+00:00,1069,6,-5.0,3.676909668619544,November-December 2022
11,PM2.5 station-temporal Transformer,2022-11-05T10:00:00+00:00,1069,6,2.0,4.73536701511788,November-December 2022
11,PM2.5 station-temporal Transformer,2022-11-05T11:00:00+00:00,1069,6,3.0,6.162741663448259,November-December 2022
11,PM2.5 station-temporal Transformer,2022-11-05T12:00:00+00:00,1069,6,6.0,6.020485215944886,November-December 2022
11,PM2.5 station-temporal Transformer,2022-11-05T13:00:00+00:00,1069,6,-1.0,7.239721189415782,November-December 2022
11,PM2.5 station-temporal Transformer,2022-11-05T14:00:00+00:00,1069,6,12.0,9.802658561613317,November-December 2022
11,PM2.5 station-temporal Transformer,2022-11-06T22:00:00+00:00,32,3,1.0,8.442013381648042,November-December 2022
11,PM2.5 station-temporal Transformer,2022-11-06T23:00:00+00:00,32,3,-5.0,6.074887911326714,November-December 2022
11,PM2.5 station-temporal Transformer,2022-11-07T00:00:00+00:00,32,3,3.0,4.428263000357314,November-December 2022
11,PM2.5 station-temporal Transformer,2022-11-06T21:00:00+00:00,59,1,6.7,7.70961965051789,November-December 2022
11,PM2.5 station-temporal Transformer,2022-11-06T17:00:00+00:00,1069,3,13.0,12.654493152775562,November-December 2022
11,PM2.5 station-temporal Transformer,2022-11-06T18:00:00+00:00,1069,3,13.0,11.584034854083455,November-December 2022
11,PM2.5 station-temporal Transformer,2022-11-06T19:00:00+00:00,1069,3,13.0,10.016689260520216,November-December 2022
11,PM2.5 station-temporal Transformer,2022-11-07T20:00:00+00:00,32,6,-4.0,6.576760474295407,November-December 2022
11,PM2.5 station-temporal Transformer,2022-11-07T21:00:00+00:00,32,6,4.0,4.963376070666253,November-December 2022
11,PM2.5 station-temporal Transformer,2022-11-07T22:00:00+00:00,32,6,7.0,5.504765590430977,November-December 2022
11,PM2.5 station-temporal Transformer,2022-11-07T23:00:00+00:00,32,6,3.0,4.230006525804443,November-December 2022
11,PM2.5 station-temporal Transformer,2022-11-08T00:00:00+00:00,32,6,2.0,3.2751820246810173,November-December 2022
11,PM2.5 station-temporal Transformer,2022-11-08T01:00:00+00:00,32,6,4.0,2.776607747536429,November-December 2022
11,PM2.5 station-temporal Transformer,2022-11-07T16:00:00+00:00,59,6,3.6,7.770211564283792,November-December 2022
11,PM2.5 station-temporal Transformer,2022-11-07T17:00:00+00:00,59,6,1.5,6.641316710582911,November-December 2022
11,PM2.5 station-temporal Transformer,2022-11-07T18:00:00+00:00,59,6,7.0,6.214300408210183,November-December 2022
11,PM2.5 station-temporal Transformer,2022-11-07T19:00:00+00:00,59,6,2.1,7.342253295065368,November-December 2022
11,PM2.5 station-temporal Transformer,2022-11-07T20:00:00+00:00,59,6,7.6,6.323618377636292,November-December 2022
11,PM2.5 station-temporal Transformer,2022-11-07T21:00:00+00:00,59,6,3.0,5.567897508133836,November-December 2022
11,PM2.5 station-temporal Transformer,2022-11-07T23:00:00+00:00,1069,6,-1.0,2.7963809809422058,November-December 2022
11,PM2.5 station-temporal Transformer,2022-11-08T00:00:00+00:00,1069,6,-2.0,2.247870107544633,November-December 2022
11,PM2.5 station-temporal Transformer,2022-11-08T01:00:00+00:00,1069,6,0.0,2.7372371871956087,November-December 2022
11,PM2.5 station-temporal Transformer,2022-11-08T02:00:00+00:00,1069,6,2.0,3.0953374926957835,November-December 2022
11,PM2.5 station-temporal Transformer,2022-11-08T03:00:00+00:00,1069,6,-1.0,3.61618055072022,November-December 2022
11,PM2.5 station-temporal Transformer,2022-11-08T04:00:00+00:00,1069,6,1.0,2.9699143345944714,November-December 2022
11,PM2.5 station-temporal Transformer,2022-11-08T11:00:00+00:00,32,1,0.0,2.239015879059041,November-December 2022
11,PM2.5 station-temporal Transformer,2022-11-08T19:00:00+00:00,59,1,1.1,3.784076809380997,November-December 2022
11,PM2.5 station-temporal Transformer,2022-11-08T19:00:00+00:00,1069,6,5.0,5.0302050691081455,November-December 2022
11,PM2.5 station-temporal Transformer,2022-11-08T20:00:00+00:00,1069,6,7.0,4.804637701583853,November-December 2022
11,PM2.5 station-temporal Transformer,2022-11-08T21:00:00+00:00,1069,6,7.0,4.741825981950596,November-December 2022
11,PM2.5 station-temporal Transformer,2022-11-08T22:00:00+00:00,1069,6,1.0,3.4648518097114227,November-December 2022
11,PM2.5 station-temporal Transformer,2022-11-08T23:00:00+00:00,1069,6,1.0,2.3807802349986424,November-December 2022
11,PM2.5 station-temporal Transformer,2022-11-09T00:00:00+00:00,1069,6,-1.0,1.809044806041852,November-December 2022
11,PM2.5 station-temporal Transformer,2022-11-09T13:00:00+00:00,32,6,9.0,5.0280927445665,November-December 2022
11,PM2.5 station-temporal Transformer,2022-11-09T14:00:00+00:00,32,6,7.0,7.390265492710047,November-December 2022
11,PM2.5 station-temporal Transformer,2022-11-09T15:00:00+00:00,32,6,6.0,7.649184808265389,November-December 2022
11,PM2.5 station-temporal Transformer,2022-11-09T16:00:00+00:00,32,6,4.0,8.967654218146942,November-December 2022
11,PM2.5 station-temporal Transformer,2022-11-09T17:00:00+00:00,32,6,14.0,8.922170189973363,November-December 2022
11,PM2.5 station-temporal Transformer,2022-11-09T18:00:00+00:00,32,6,6.0,8.890726308166235,November-December 2022
11,PM2.5 station-temporal Transformer,2022-11-09T17:00:00+00:00,59,6,6.5,6.180726212395866,November-December 2022
11,PM2.5 station-temporal Transformer,2022-11-09T18:00:00+00:00,59,6,-0.5,6.037007569950314,November-December 2022
11,PM2.5 station-temporal Transformer,2022-11-09T19:00:00+00:00,59,6,6.7,4.980174965867451,November-December 2022
11,PM2.5 station-temporal Transformer,2022-11-09T20:00:00+00:00,59,6,7.6,6.594890827566084,November-December 2022
11,PM2.5 station-temporal Transformer,2022-11-09T21:00:00+00:00,59,6,-0.3,4.756833526624812,November-December 2022
11,PM2.5 station-temporal Transformer,2022-11-09T22:00:00+00:00,59,6,7.2,5.223644844535729,November-December 2022
11,PM2.5 station-temporal Transformer,2022-11-09T11:00:00+00:00,1069,6,2.0,4.2373511741639485,November-December 2022
11,PM2.5 station-temporal Transformer,2022-11-09T12:00:00+00:00,1069,6,4.0,5.109324994927651,November-December 2022
11,PM2.5 station-temporal Transformer,2022-11-09T13:00:00+00:00,1069,6,6.0,6.78238942467207,November-December 2022
11,PM2.5 station-temporal Transformer,2022-11-09T14:00:00+00:00,1069,6,11.0,8.236444737974564,November-December 2022
11,PM2.5 station-temporal Transformer,2022-11-09T15:00:00+00:00,1069,6,12.0,8.69728162459942,November-December 2022
11,PM2.5 station-temporal Transformer,2022-11-09T16:00:00+00:00,1069,6,14.0,8.618962823440722,November-December 2022
11,PM2.5 station-temporal Transformer,2022-11-10T23:00:00+00:00,32,3,2.0,2.906594548243275,November-December 2022
11,PM2.5 station-temporal Transformer,2022-11-11T00:00:00+00:00,32,3,7.0,2.7248204882370723,November-December 2022
11,PM2.5 station-temporal Transformer,2022-11-11T01:00:00+00:00,32,3,5.0,1.7331255414879871,November-December 2022
11,PM2.5 station-temporal Transformer,2022-11-10T21:00:00+00:00,59,6,5.2,6.19100255205058,November-December 2022
11,PM2.5 station-temporal Transformer,2022-11-10T22:00:00+00:00,59,6,6.7,5.42886855471348,November-December 2022
11,PM2.5 station-temporal Transformer,2022-11-10T23:00:00+00:00,59,6,2.9,4.16816877938976,November-December 2022
11,PM2.5 station-temporal Transformer,2022-11-11T00:00:00+00:00,59,6,-1.0,4.404942640134744,November-December 2022
11,PM2.5 station-temporal Transformer,2022-11-11T01:00:00+00:00,59,6,6.4,3.6309660254938447,November-December 2022
11,PM2.5 station-temporal Transformer,2022-11-11T02:00:00+00:00,59,6,3.3,3.14304405852962,November-December 2022
11,PM2.5 station-temporal Transformer,2022-11-10T09:00:00+00:00,1069,6,7.0,3.448668930371004,November-December 2022
11,PM2.5 station-temporal Transformer,2022-11-10T10:00:00+00:00,1069,6,6.0,3.661675404697407,November-December 2022
11,PM2.5 station-temporal Transformer,2022-11-10T11:00:00+00:00,1069,6,3.0,4.16045932593479,November-December 2022
11,PM2.5 station-temporal Transformer,2022-11-10T12:00:00+00:00,1069,6,5.0,4.835935965683965,November-December 2022
11,PM2.5 station-temporal Transformer,2022-11-10T13:00:00+00:00,1069,6,3.0,7.396964068011112,November-December 2022
11,PM2.5 station-temporal Transformer,2022-11-10T14:00:00+00:00,1069,6,8.0,8.011201819893195,November-December 2022
11,PM2.5 station-temporal Transformer,2022-11-11T09:00:00+00:00,32,6,6.0,4.448223782563901,November-December 2022
11,PM2.5 station-temporal Transformer,2022-11-11T10:00:00+00:00,32,6,6.0,3.680412276344304,November-December 2022
11,PM2.5 station-temporal Transformer,2022-11-11T11:00:00+00:00,32,6,11.0,4.235878158001832,November-December 2022
11,PM2.5 station-temporal Transformer,2022-11-11T12:00:00+00:00,32,6,9.0,4.9073305782480245,November-December 2022
11,PM2.5 station-temporal Transformer,2022-11-11T13:00:00+00:00,32,6,2.0,4.250965200372484,November-December 2022
11,PM2.5 station-temporal Transformer,2022-11-11T14:00:00+00:00,32,6,5.0,8.201084744629803,November-December 2022
11,PM2.5 station-temporal Transformer,2022-11-11T09:00:00+00:00,59,6,4.3,3.381285899761571,November-December 2022
11,PM2.5 station-temporal Transformer,2022-11-11T10:00:00+00:00,59,6,4.4,2.4897622620888304,November-December 2022
11,PM2.5 station-temporal Transformer,2022-11-11T11:00:00+00:00,59,6,3.7,3.135163521703137,November-December 2022
11,PM2.5 station-temporal Transformer,2022-11-11T12:00:00+00:00,59,6,4.8,2.9468768316546115,November-December 2022
11,PM2.5 station-temporal Transformer,2022-11-11T13:00:00+00:00,59,6,5.6,2.4989050411559885,November-December 2022
11,PM2.5 station-temporal Transformer,2022-11-11T14:00:00+00:00,59,6,3.3,4.46066893962503,November-December 2022
11,PM2.5 station-temporal Transformer,2022-11-11T08:00:00+00:00,1069,1,2.0,5.279183572029659,November-December 2022
11,PM2.5 station-temporal Transformer,2022-11-12T22:00:00+00:00,32,6,3.0,1.60468337752887,November-December 2022
11,PM2.5 station-temporal Transformer,2022-11-12T23:00:00+00:00,32,6,0.0,0.9250155358833894,November-December 2022
11,PM2.5 station-temporal Transformer,2022-11-13T00:00:00+00:00,32,6,6.0,0.1178941984251373,November-December 2022
11,PM2.5 station-temporal Transformer,2022-11-13T01:00:00+00:00,32,6,2.0,-0.3308579965201463,November-December 2022
11,PM2.5 station-temporal Transformer,2022-11-13T02:00:00+00:00,32,6,6.0,1.266452373722026,November-December 2022
11,PM2.5 station-temporal Transformer,2022-11-13T03:00:00+00:00,32,6,4.0,1.8402606071175656,November-December 2022
11,PM2.5 station-temporal Transformer,2022-11-12T16:00:00+00:00,59,1,-1.8,1.7601500522867513,November-December 2022
11,PM2.5 station-temporal Transformer,2022-11-12T10:00:00+00:00,1069,1,1.0,2.1410279640234124,November-December 2022
11,PM2.5 station-temporal Transformer,2022-11-13T18:00:00+00:00,32,6,9.0,5.876254082519514,November-December 2022
11,PM2.5 station-temporal Transformer,2022-11-13T19:00:00+00:00,32,6,4.0,6.489151185273673,November-December 2022
11,PM2.5 station-temporal Transformer,2022-11-13T20:00:00+00:00,32,6,2.0,5.092852185282238,November-December 2022
11,PM2.5 station-temporal Transformer,2022-11-13T21:00:00+00:00,32,6,3.0,4.513611727754352,November-December 2022
11,PM2.5 station-temporal Transformer,2022-11-13T22:00:00+00:00,32,6,4.0,4.006506309484354,November-December 2022
11,PM2.5 station-temporal Transformer,2022-11-13T23:00:00+00:00,32,6,1.0,3.5973192888231544,November-December 2022
11,PM2.5 station-temporal Transformer,2022-11-13T11:00:00+00:00,59,1,5.7,2.662998818424355,November-December 2022
11,PM2.5 station-temporal Transformer,2022-11-14T02:00:00+00:00,1069,3,4.0,2.767283391778048,November-December 2022
11,PM2.5 station-temporal Transformer,2022-11-14T03:00:00+00:00,1069,3,4.0,2.2871759914309244,November-December 2022
11,PM2.5 station-temporal Transformer,2022-11-14T04:00:00+00:00,1069,3,3.0,2.0540051932727605,November-December 2022
11,PM2.5 station-temporal Transformer,2022-11-14T10:00:00+00:00,32,6,7.0,4.595555042647307,November-December 2022
11,PM2.5 station-temporal Transformer,2022-11-14T11:00:00+00:00,32,6,3.0,5.016341933086637,November-December 2022
11,PM2.5 station-temporal Transformer,2022-11-14T12:00:00+00:00,32,6,3.0,4.238562823880143,November-December 2022
11,PM2.5 station-temporal Transformer,2022-11-14T13:00:00+00:00,32,6,5.0,4.391491924685296,November-December 2022
11,PM2.5 station-temporal Transformer,2022-11-14T14:00:00+00:00,32,6,4.0,6.547786166441621,November-December 2022
11,PM2.5 station-temporal Transformer,2022-11-14T15:00:00+00:00,32,6,8.0,6.59098589111867,November-December 2022
11,PM2.5 station-temporal Transformer,2022-11-14T07:00:00+00:00,59,3,1.7,1.813922028935642,November-December 2022
11,PM2.5 station-temporal Transformer,2022-11-14T08:00:00+00:00,59,3,3.1,1.0320625914877466,November-December 2022
11,PM2.5 station-temporal Transformer,2022-11-14T09:00:00+00:00,59,3,1.5,2.617511616156235,November-December 2022
11,PM2.5 station-temporal Transformer,2022-11-14T11:00:00+00:00,1069,1,7.0,4.241287887851795,November-December 2022
11,PM2.5 station-temporal Transformer,2022-11-15T12:00:00+00:00,32,3,1.0,4.774861625112691,November-December 2022
11,PM2.5 station-temporal Transformer,2022-11-15T13:00:00+00:00,32,3,3.0,2.9252098528919213,November-December 2022
11,PM2.5 station-temporal Transformer,2022-11-15T14:00:00+00:00,32,3,8.0,5.536766489045748,November-December 2022
11,PM2.5 station-temporal Transformer,2022-11-15T11:00:00+00:00,59,6,2.4,4.31534058590062,November-December 2022
11,PM2.5 station-temporal Transformer,2022-11-15T12:00:00+00:00,59,6,3.8,3.710128006718913,November-December 2022
11,PM2.5 station-temporal Transformer,2022-11-15T13:00:00+00:00,59,6,1.8,3.0925566548831034,November-December 2022
11,PM2.5 station-temporal Transformer,2022-11-15T14:00:00+00:00,59,6,3.0,4.5372576687844415,November-December 2022
11,PM2.5 station-temporal Transformer,2022-11-15T15:00:00+00:00,59,6,4.2,3.973197120323758,November-December 2022
11,PM2.5 station-temporal Transformer,2022-11-15T16:00:00+00:00,59,6,0.3,3.1304719276941784,November-December 2022
11,PM2.5 station-temporal Transformer,2022-11-16T01:00:00+00:00,1069,3,5.0,5.056100174530127,November-December 2022
11,PM2.5 station-temporal Transformer,2022-11-16T02:00:00+00:00,1069,3,4.0,4.307415328666709,November-December 2022
11,PM2.5 station-temporal Transformer,2022-11-16T03:00:00+00:00,1069,3,9.0,4.934642341711691,November-December 2022
11,PM2.5 station-temporal Transformer,2022-11-16T20:00:00+00:00,32,3,8.0,5.779854326143143,November-December 2022
11,PM2.5 station-temporal Transformer,2022-11-16T21:00:00+00:00,32,3,2.0,5.050093336158998,November-December 2022
11,PM2.5 station-temporal Transformer,2022-11-16T22:00:00+00:00,32,3,0.0,2.907457850920683,November-December 2022
11,PM2.5 station-temporal Transformer,2022-11-16T12:00:00+00:00,59,6,7.2,3.997422798824624,November-December 2022
11,PM2.5 station-temporal Transformer,2022-11-16T13:00:00+00:00,59,6,9.0,5.202944719483126,November-December 2022
11,PM2.5 station-temporal Transformer,2022-11-16T14:00:00+00:00,59,6,8.1,3.708914532062544,November-December 2022
11,PM2.5 station-temporal Transformer,2022-11-16T15:00:00+00:00,59,6,7.7,4.965791385972759,November-December 2022
11,PM2.5 station-temporal Transformer,2022-11-16T16:00:00+00:00,59,6,2.8,4.314771757749298,November-December 2022
11,PM2.5 station-temporal Transformer,2022-11-16T17:00:00+00:00,59,6,0.5,4.773409552331144,November-December 2022
11,PM2.5 station-temporal Transformer,2022-11-16T07:00:00+00:00,1069,6,9.0,5.9108169721991946,November-December 2022
11,PM2.5 station-temporal Transformer,2022-11-16T08:00:00+00:00,1069,6,8.0,5.390623316785871,November-December 2022
11,PM2.5 station-temporal Transformer,2022-11-16T09:00:00+00:00,1069,6,11.0,6.151141475075001,November-December 2022
11,PM2.5 station-temporal Transformer,2022-11-16T10:00:00+00:00,1069,6,7.0,6.189420565381948,November-December 2022
11,PM2.5 station-temporal Transformer,2022-11-16T11:00:00+00:00,1069,6,7.0,7.211826697673578,November-December 2022
11,PM2.5 station-temporal Transformer,2022-11-16T12:00:00+00:00,1069,6,10.0,6.4165809136829886,November-December 2022
11,PM2.5 station-temporal Transformer,2022-11-17T10:00:00+00:00,32,1,4.0,3.2304273908348726,November-December 2022
11,PM2.5 station-temporal Transformer,2022-11-18T04:00:00+00:00,59,1,2.8,0.6386499169284585,November-December 2022
11,PM2.5 station-temporal Transformer,2022-11-17T17:00:00+00:00,1069,1,5.0,4.886318163668338,November-December 2022
11,PM2.5 station-temporal Transformer,2022-11-18T18:00:00+00:00,32,6,6.0,6.230173799091415,November-December 2022
11,PM2.5 station-temporal Transformer,2022-11-18T19:00:00+00:00,32,6,0.0,5.770320680548727,November-December 2022
11,PM2.5 station-temporal Transformer,2022-11-18T20:00:00+00:00,32,6,2.0,5.1047396828586695,November-December 2022
11,PM2.5 station-temporal Transformer,2022-11-18T21:00:00+00:00,32,6,1.0,5.380886268330476,November-December 2022
11,PM2.5 station-temporal Transformer,2022-11-18T22:00:00+00:00,32,6,-1.0,5.890983476913561,November-December 2022
11,PM2.5 station-temporal Transformer,2022-11-18T23:00:00+00:00,32,6,5.0,5.731938302210716,November-December 2022
11,PM2.5 station-temporal Transformer,2022-11-18T07:00:00+00:00,59,6,4.4,4.843659638521004,November-December 2022
11,PM2.5 station-temporal Transformer,2022-11-18T08:00:00+00:00,59,6,3.1,4.758087005940181,November-December 2022
11,PM2.5 station-temporal Transformer,2022-11-18T09:00:00+00:00,59,6,1.5,4.519716387805922,November-December 2022
11,PM2.5 station-temporal Transformer,2022-11-18T10:00:00+00:00,59,6,3.0,4.3272082537408885,November-December 2022
11,PM2.5 station-temporal Transformer,2022-11-18T11:00:00+00:00,59,6,3.4,4.193929112809262,November-December 2022
11,PM2.5 station-temporal Transformer,2022-11-18T12:00:00+00:00,59,6,5.3,4.130672984003069,November-December 2022
11,PM2.5 station-temporal Transformer,2022-11-18T07:00:00+00:00,1069,3,7.0,6.60897051739992,November-December 2022
11,PM2.5 station-temporal Transformer,2022-11-18T08:00:00+00:00,1069,3,5.0,6.464669751282723,November-December 2022
11,PM2.5 station-temporal Transformer,2022-11-18T09:00:00+00:00,1069,3,6.0,6.218645496292995,November-December 2022
11,PM2.5 station-temporal Transformer,2022-11-20T01:00:00+00:00,32,1,9.0,5.960519383924118,November-December 2022
11,PM2.5 station-temporal Transformer,2022-11-19T19:00:00+00:00,59,1,2.0,2.9496695378496467,November-December 2022
11,PM2.5 station-temporal Transformer,2022-11-19T13:00:00+00:00,1069,1,7.0,7.1652488343775165,November-December 2022
11,PM2.5 station-temporal Transformer,2022-11-20T12:00:00+00:00,32,6,4.0,4.463717109681717,November-December 2022
11,PM2.5 station-temporal Transformer,2022-11-20T13:00:00+00:00,32,6,4.0,3.877315726254146,November-December 2022
11,PM2.5 station-temporal Transformer,2022-11-20T14:00:00+00:00,32,6,5.0,4.567710910785243,November-December 2022
11,PM2.5 station-temporal Transformer,2022-11-20T15:00:00+00:00,32,6,3.0,3.910718286282504,November-December 2022
11,PM2.5 station-temporal Transformer,2022-11-20T16:00:00+00:00,32,6,0.0,5.158646834502356,November-December 2022
11,PM2.5 station-temporal Transformer,2022-11-20T17:00:00+00:00,32,6,4.0,5.459269874757577,November-December 2022
11,PM2.5 station-temporal Transformer,2022-11-20T08:00:00+00:00,59,1,0.0,2.996760355448586,November-December 2022
11,PM2.5 station-temporal Transformer,2022-11-20T09:00:00+00:00,1069,6,3.0,4.763619151797944,November-December 2022
11,PM2.5 station-temporal Transformer,2022-11-20T10:00:00+00:00,1069,6,4.0,4.915703883683843,November-December 2022
11,PM2.5 station-temporal Transformer,2022-11-20T11:00:00+00:00,1069,6,3.0,4.853500261190002,November-December 2022
11,PM2.5 station-temporal Transformer,2022-11-20T12:00:00+00:00,1069,6,1.0,5.736349913396479,November-December 2022
11,PM2.5 station-temporal Transformer,2022-11-20T13:00:00+00:00,1069,6,4.0,7.908881517327174,November-December 2022
11,PM2.5 station-temporal Transformer,2022-11-20T14:00:00+00:00,1069,6,3.0,8.194247319951929,November-December 2022
11,PM2.5 station-temporal Transformer,2022-11-21T07:00:00+00:00,32,3,4.0,6.247009878430891,November-December 2022
11,PM2.5 station-temporal Transformer,2022-11-21T08:00:00+00:00,32,3,6.0,6.273485052914744,November-December 2022
11,PM2.5 station-temporal Transformer,2022-11-21T09:00:00+00:00,32,3,7.0,6.404577920869285,November-December 2022
11,PM2.5 station-temporal Transformer,2022-11-22T01:00:00+00:00,59,1,9.3,5.95197938172866,November-December 2022
11,PM2.5 station-temporal Transformer,2022-11-21T19:00:00+00:00,1069,1,6.0,7.587619244896997,November-December 2022
11,PM2.5 station-temporal Transformer,2022-11-22T09:00:00+00:00,32,3,16.0,8.039865747370445,November-December 2022
11,PM2.5 station-temporal Transformer,2022-11-22T10:00:00+00:00,32,3,13.0,7.748149001261816,November-December 2022
11,PM2.5 station-temporal Transformer,2022-11-22T11:00:00+00:00,32,3,10.0,8.383147795102447,November-December 2022
11,PM2.5 station-temporal Transformer,2022-11-22T21:00:00+00:00,59,3,3.1,7.109409368196718,November-December 2022
11,PM2.5 station-temporal Transformer,2022-11-22T22:00:00+00:00,59,3,3.2,6.633369308826382,November-December 2022
11,PM2.5 station-temporal Transformer,2022-11-22T23:00:00+00:00,59,3,3.3,7.18440143521604,November-December 2022
11,PM2.5 station-temporal Transformer,2022-11-22T10:00:00+00:00,1069,6,11.0,7.899628890177025,November-December 2022
11,PM2.5 station-temporal Transformer,2022-11-22T11:00:00+00:00,1069,6,10.0,8.946779569013781,November-December 2022
11,PM2.5 station-temporal Transformer,2022-11-22T12:00:00+00:00,1069,6,10.0,10.071189311797584,November-December 2022
11,PM2.5 station-temporal Transformer,2022-11-22T13:00:00+00:00,1069,6,13.0,11.25944497255538,November-December 2022
11,PM2.5 station-temporal Transformer,2022-11-22T14:00:00+00:00,1069,6,13.0,11.713944995351657,November-December 2022
11,PM2.5 station-temporal Transformer,2022-11-22T15:00:00+00:00,1069,6,16.0,11.436148370042782,November-December 2022
11,PM2.5 station-temporal Transformer,2022-11-23T08:00:00+00:00,32,6,13.0,10.52692199921352,November-December 2022
11,PM2.5 station-temporal Transformer,2022-11-23T09:00:00+00:00,32,6,11.0,10.613598175020792,November-December 2022
11,PM2.5 station-temporal Transformer,2022-11-23T10:00:00+00:00,32,6,12.0,11.582778070543974,November-December 2022
11,PM2.5 station-temporal Transformer,2022-11-23T11:00:00+00:00,32,6,8.0,10.088957523834544,November-December 2022
11,PM2.5 station-temporal Transformer,2022-11-23T12:00:00+00:00,32,6,8.0,9.444730741345504,November-December 2022
11,PM2.5 station-temporal Transformer,2022-11-23T13:00:00+00:00,32,6,7.0,11.445135800223015,November-December 2022
11,PM2.5 station-temporal Transformer,2022-11-23T20:00:00+00:00,59,1,7.8,9.62147359354326,November-December 2022
11,PM2.5 station-temporal Transformer,2022-11-23T22:00:00+00:00,1069,6,4.0,14.197003881853735,November-December 2022
11,PM2.5 station-temporal Transformer,2022-11-23T23:00:00+00:00,1069,6,12.0,12.582875912537007,November-December 2022
11,PM2.5 station-temporal Transformer,2022-11-24T00:00:00+00:00,1069,6,13.0,15.254908339501654,November-December 2022
11,PM2.5 station-temporal Transformer,2022-11-24T01:00:00+00:00,1069,6,22.0,16.73900708689763,November-December 2022
11,PM2.5 station-temporal Transformer,2022-11-24T02:00:00+00:00,1069,6,8.0,16.859673063600127,November-December 2022
11,PM2.5 station-temporal Transformer,2022-11-24T03:00:00+00:00,1069,6,15.0,15.626936044097503,November-December 2022
11,PM2.5 station-temporal Transformer,2022-11-24T07:00:00+00:00,32,6,14.0,5.622134503438009,November-December 2022
11,PM2.5 station-temporal Transformer,2022-11-24T08:00:00+00:00,32,6,16.0,5.992274582991069,November-December 2022
11,PM2.5 station-temporal Transformer,2022-11-24T09:00:00+00:00,32,6,11.0,5.553463156952374,November-December 2022
11,PM2.5 station-temporal Transformer,2022-11-24T10:00:00+00:00,32,6,10.0,6.960655954983837,November-December 2022
11,PM2.5 station-temporal Transformer,2022-11-24T11:00:00+00:00,32,6,1.0,6.880996891177097,November-December 2022
11,PM2.5 station-temporal Transformer,2022-11-24T12:00:00+00:00,32,6,7.0,6.690137398574121,November-December 2022
11,PM2.5 station-temporal Transformer,2022-11-24T23:00:00+00:00,59,3,6.2,2.5585222699800827,November-December 2022
11,PM2.5 station-temporal Transformer,2022-11-25T00:00:00+00:00,59,3,0.4,1.501733671022122,November-December 2022
11,PM2.5 station-temporal Transformer,2022-11-25T01:00:00+00:00,59,3,2.7,-0.2067300610717906,November-December 2022
11,PM2.5 station-temporal Transformer,2022-11-24T10:00:00+00:00,1069,3,5.0,7.314746030324254,November-December 2022
11,PM2.5 station-temporal Transformer,2022-11-24T11:00:00+00:00,1069,3,5.0,8.028735085922934,November-December 2022
11,PM2.5 station-temporal Transformer,2022-11-24T12:00:00+00:00,1069,3,4.0,7.931729689368685,November-December 2022
11,PM2.5 station-temporal Transformer,2022-11-25T08:00:00+00:00,32,6,0.0,2.179211099702667,November-December 2022
11,PM2.5 station-temporal Transformer,2022-11-25T09:00:00+00:00,32,6,0.0,2.884393958895981,November-December 2022
11,PM2.5 station-temporal Transformer,2022-11-25T10:00:00+00:00,32,6,1.0,1.6392289016653452,November-December 2022
11,PM2.5 station-temporal Transformer,2022-11-25T11:00:00+00:00,32,6,1.0,2.051890097161417,November-December 2022
11,PM2.5 station-temporal Transformer,2022-11-25T12:00:00+00:00,32,6,2.0,3.627446413923921,November-December 2022
11,PM2.5 station-temporal Transformer,2022-11-25T13:00:00+00:00,32,6,-4.0,2.739415292947076,November-December 2022
11,PM2.5 station-temporal Transformer,2022-11-25T07:00:00+00:00,59,6,-2.9,0.8829831342376577,November-December 2022
11,PM2.5 station-temporal Transformer,2022-11-25T08:00:00+00:00,59,6,0.8,1.5962033397648092,November-December 2022
11,PM2.5 station-temporal Transformer,2022-11-25T09:00:00+00:00,59,6,3.9,2.2586888747531404,November-December 2022
11,PM2.5 station-temporal Transformer,2022-11-25T10:00:00+00:00,59,6,-0.3,1.2631169289858164,November-December 2022
11,PM2.5 station-temporal Transformer,2022-11-25T11:00:00+00:00,59,6,1.8,1.8491409877300369,November-December 2022
11,PM2.5 station-temporal Transformer,2022-11-25T12:00:00+00:00,59,6,2.0,2.5384578380088456,November-December 2022
11,PM2.5 station-temporal Transformer,2022-11-25T12:00:00+00:00,1069,3,-1.0,4.67592421005422,November-December 2022
11,PM2.5 station-temporal Transformer,2022-11-25T13:00:00+00:00,1069,3,0.0,6.338179501580897,November-December 2022
11,PM2.5 station-temporal Transformer,2022-11-25T14:00:00+00:00,1069,3,0.0,6.279108042782296,November-December 2022
11,PM2.5 station-temporal Transformer,2022-11-26T19:00:00+00:00,32,6,8.0,1.4509232587991798,November-December 2022
11,PM2.5 station-temporal Transformer,2022-11-26T20:00:00+00:00,32,6,1.0,2.5801030352886647,November-December 2022
11,PM2.5 station-temporal Transformer,2022-11-26T21:00:00+00:00,32,6,-1.0,1.6959586631314272,November-December 2022
11,PM2.5 station-temporal Transformer,2022-11-26T22:00:00+00:00,32,6,1.0,2.342468386448856,November-December 2022
11,PM2.5 station-temporal Transformer,2022-11-26T23:00:00+00:00,32,6,3.0,1.592375758882616,November-December 2022
11,PM2.5 station-temporal Transformer,2022-11-27T00:00:00+00:00,32,6,-3.0,1.688220385222616,November-December 2022
11,PM2.5 station-temporal Transformer,2022-11-26T16:00:00+00:00,59,3,-1.1,0.4496953395729886,November-December 2022
11,PM2.5 station-temporal Transformer,2022-11-26T17:00:00+00:00,59,3,-2.1,0.5973346290990342,November-December 2022
11,PM2.5 station-temporal Transformer,2022-11-26T18:00:00+00:00,59,3,0.9,0.2148809451255582,November-December 2022
11,PM2.5 station-temporal Transformer,2022-11-27T01:00:00+00:00,1069,1,-3.0,2.1702351638051463,November-December 2022
11,PM2.5 station-temporal Transformer,2022-11-27T10:00:00+00:00,32,6,2.0,4.657152254711753,November-December 2022
11,PM2.5 station-temporal Transformer,2022-11-27T11:00:00+00:00,32,6,4.0,4.651493618026809,November-December 2022
11,PM2.5 station-temporal Transformer,2022-11-27T12:00:00+00:00,32,6,4.0,4.10736429673439,November-December 2022
11,PM2.5 station-temporal Transformer,2022-11-27T13:00:00+00:00,32,6,-2.0,4.104148819204987,November-December 2022
11,PM2.5 station-temporal Transformer,2022-11-27T14:00:00+00:00,32,6,-2.0,5.342229679234318,November-December 2022
11,PM2.5 station-temporal Transformer,2022-11-27T15:00:00+00:00,32,6,5.0,7.333351980686231,November-December 2022
11,PM2.5 station-temporal Transformer,2022-11-27T13:00:00+00:00,59,1,-3.0,3.60022377854006,November-December 2022
11,PM2.5 station-temporal Transformer,2022-11-27T12:00:00+00:00,1069,3,8.0,8.207056247470103,November-December 2022
11,PM2.5 station-temporal Transformer,2022-11-27T13:00:00+00:00,1069,3,4.0,11.914204399622378,November-December 2022
11,PM2.5 station-temporal Transformer,2022-11-27T14:00:00+00:00,1069,3,21.0,12.238805161616169,November-December 2022
11,PM2.5 station-temporal Transformer,2022-11-29T02:00:00+00:00,32,3,8.0,6.014121717186807,November-December 2022
11,PM2.5 station-temporal Transformer,2022-11-29T03:00:00+00:00,32,3,5.0,6.019341365089212,November-December 2022
11,PM2.5 station-temporal Transformer,2022-11-29T04:00:00+00:00,32,3,1.0,6.340059148311308,November-December 2022
11,PM2.5 station-temporal Transformer,2022-11-29T01:00:00+00:00,59,3,2.1,3.2705141419775208,November-December 2022
11,PM2.5 station-temporal Transformer,2022-11-29T02:00:00+00:00,59,3,1.8,4.453963968278055,November-December 2022
11,PM2.5 station-temporal Transformer,2022-11-29T03:00:00+00:00,59,3,2.2,4.460847817600278,November-December 2022
11,PM2.5 station-temporal Transformer,2022-11-28T13:00:00+00:00,1069,3,7.0,8.467267974909618,November-December 2022
11,PM2.5 station-temporal Transformer,2022-11-28T14:00:00+00:00,1069,3,24.0,10.274717288565196,November-December 2022
11,PM2.5 station-temporal Transformer,2022-11-28T15:00:00+00:00,1069,3,13.0,12.044554192301511,November-December 2022
11,PM2.5 station-temporal Transformer,2022-11-29T14:00:00+00:00,32,6,13.0,11.596132847245997,November-December 2022
11,PM2.5 station-temporal Transformer,2022-11-29T15:00:00+00:00,32,6,12.0,12.190640219339098,November-December 2022
11,PM2.5 station-temporal Transformer,2022-11-29T16:00:00+00:00,32,6,11.0,13.275583385517134,November-December 2022
11,PM2.5 station-temporal Transformer,2022-11-29T17:00:00+00:00,32,6,15.0,13.063238180237567,November-December 2022
11,PM2.5 station-temporal Transformer,2022-11-29T18:00:00+00:00,32,6,6.0,12.110883881991242,November-December 2022
11,PM2.5 station-temporal Transformer,2022-11-29T19:00:00+00:00,32,6,11.0,11.957348498684132,November-December 2022
11,PM2.5 station-temporal Transformer,2022-11-29T12:00:00+00:00,59,6,8.9,7.481400357478965,November-December 2022
11,PM2.5 station-temporal Transformer,2022-11-29T13:00:00+00:00,59,6,11.5,7.900190463721603,November-December 2022
11,PM2.5 station-temporal Transformer,2022-11-29T14:00:00+00:00,59,6,9.2,8.086990409193106,November-December 2022
11,PM2.5 station-temporal Transformer,2022-11-29T15:00:00+00:00,59,6,13.7,9.081861130437652,November-December 2022
11,PM2.5 station-temporal Transformer,2022-11-29T16:00:00+00:00,59,6,11.4,9.040127698672476,November-December 2022
11,PM2.5 station-temporal Transformer,2022-11-29T17:00:00+00:00,59,6,7.9,8.93639009342947,November-December 2022
11,PM2.5 station-temporal Transformer,2022-11-29T19:00:00+00:00,1069,6,11.0,10.973791240569383,November-December 2022
11,PM2.5 station-temporal Transformer,2022-11-29T20:00:00+00:00,1069,6,9.0,11.6743193466674,November-December 2022
11,PM2.5 station-temporal Transformer,2022-11-29T21:00:00+00:00,1069,6,12.0,11.068823243027063,November-December 2022
11,PM2.5 station-temporal Transformer,2022-11-29T22:00:00+00:00,1069,6,9.0,7.787898596688195,November-December 2022
11,PM2.5 station-temporal Transformer,2022-11-29T23:00:00+00:00,1069,6,7.0,6.568245135718005,November-December 2022
11,PM2.5 station-temporal Transformer,2022-11-30T00:00:00+00:00,1069,6,9.0,7.231384939266981,November-December 2022
11,PM2.5 station-temporal Transformer,2022-11-30T16:00:00+00:00,32,6,3.0,2.1059909573223274,November-December 2022
11,PM2.5 station-temporal Transformer,2022-11-30T17:00:00+00:00,32,6,4.0,2.3844004104726046,November-December 2022
11,PM2.5 station-temporal Transformer,2022-11-30T18:00:00+00:00,32,6,4.0,2.843622089563046,November-December 2022
11,PM2.5 station-temporal Transformer,2022-11-30T19:00:00+00:00,32,6,0.0,2.074001379335185,November-December 2022
11,PM2.5 station-temporal Transformer,2022-11-30T20:00:00+00:00,32,6,5.0,1.471219886292122,November-December 2022
11,PM2.5 station-temporal Transformer,2022-11-30T21:00:00+00:00,32,6,1.0,1.4105899589662787,November-December 2022
11,PM2.5 station-temporal Transformer,2022-11-30T08:00:00+00:00,59,1,3.2,1.584459876865821,November-December 2022
11,PM2.5 station-temporal Transformer,2022-11-30T15:00:00+00:00,1069,3,8.0,5.06768948243767,November-December 2022
11,PM2.5 station-temporal Transformer,2022-11-30T16:00:00+00:00,1069,3,6.0,5.751699832639367,November-December 2022
11,PM2.5 station-temporal Transformer,2022-11-30T17:00:00+00:00,1069,3,4.0,5.566615655689773,November-December 2022
11,PM2.5 station-temporal Transformer,2022-12-01T11:00:00+00:00,32,6,3.0,5.642503247521779,November-December 2022
11,PM2.5 station-temporal Transformer,2022-12-01T12:00:00+00:00,32,6,6.0,4.866255567664111,November-December 2022
11,PM2.5 station-temporal Transformer,2022-12-01T13:00:00+00:00,32,6,2.0,4.389113754318001,November-December 2022
11,PM2.5 station-temporal Transformer,2022-12-01T14:00:00+00:00,32,6,1.0,5.165403572067403,November-December 2022
11,PM2.5 station-temporal Transformer,2022-12-01T15:00:00+00:00,32,6,4.0,5.690828491178902,November-December 2022
11,PM2.5 station-temporal Transformer,2022-12-01T16:00:00+00:00,32,6,4.0,7.351580287582936,November-December 2022
11,PM2.5 station-temporal Transformer,2022-12-02T01:00:00+00:00,59,1,5.5,5.679553178383436,November-December 2022
11,PM2.5 station-temporal Transformer,2022-12-01T23:00:00+00:00,1069,1,8.0,4.665910957754536,November-December 2022
11,PM2.5 station-temporal Transformer,2022-12-02T19:00:00+00:00,32,1,5.0,9.036941909914647,November-December 2022
11,PM2.5 station-temporal Transformer,2022-12-02T21:00:00+00:00,59,1,4.9,5.287406746530723,November-December 2022
11,PM2.5 station-temporal Transformer,2022-12-02T18:00:00+00:00,1069,6,10.0,9.08149293216998,November-December 2022
11,PM2.5 station-temporal Transformer,2022-12-02T19:00:00+00:00,1069,6,9.0,8.250372338560346,November-December 2022
11,PM2.5 station-temporal Transformer,2022-12-02T20:00:00+00:00,1069,6,7.0,7.408678299784274,November-December 2022
11,PM2.5 station-temporal Transformer,2022-12-02T21:00:00+00:00,1069,6,8.0,7.331562797537636,November-December 2022
11,PM2.5 station-temporal Transformer,2022-12-02T22:00:00+00:00,1069,6,6.0,6.837954754138998,November-December 2022
11,PM2.5 station-temporal Transformer,2022-12-02T23:00:00+00:00,1069,6,5.0,5.292680588259268,November-December 2022
11,PM2.5 station-temporal Transformer,2022-12-03T20:00:00+00:00,32,6,7.0,4.317941806973668,November-December 2022
11,PM2.5 station-temporal Transformer,2022-12-03T21:00:00+00:00,32,6,4.0,3.5821685155117704,November-December 2022
11,PM2.5 station-temporal Transformer,2022-12-03T22:00:00+00:00,32,6,5.0,3.957106444767396,November-December 2022
11,PM2.5 station-temporal Transformer,2022-12-03T23:00:00+00:00,32,6,6.0,4.725909554110873,November-December 2022
11,PM2.5 station-temporal Transformer,2022-12-04T00:00:00+00:00,32,6,3.0,2.480893666847548,November-December 2022
11,PM2.5 station-temporal Transformer,2022-12-04T01:00:00+00:00,32,6,3.0,2.1860177318857863,November-December 2022
11,PM2.5 station-temporal Transformer,2022-12-04T01:00:00+00:00,59,3,5.2,1.6107772275373202,November-December 2022
11,PM2.5 station-temporal Transformer,2022-12-04T02:00:00+00:00,59,3,4.7,2.16117046999781,November-December 2022
11,PM2.5 station-temporal Transformer,2022-12-04T03:00:00+00:00,59,3,6.3,1.5962357244887624,November-December 2022
11,PM2.5 station-temporal Transformer,2022-12-03T09:00:00+00:00,1069,3,4.0,4.828001688296308,November-December 2022
11,PM2.5 station-temporal Transformer,2022-12-03T10:00:00+00:00,1069,3,3.0,5.612525982265197,November-December 2022
11,PM2.5 station-temporal Transformer,2022-12-03T11:00:00+00:00,1069,3,1.0,5.846984906669977,November-December 2022
11,PM2.5 station-temporal Transformer,2022-12-04T19:00:00+00:00,32,3,5.0,8.609555106669651,November-December 2022
11,PM2.5 station-temporal Transformer,2022-12-04T20:00:00+00:00,32,3,7.0,9.281435509532631,November-December 2022
11,PM2.5 station-temporal Transformer,2022-12-04T21:00:00+00:00,32,3,4.0,9.9837359587363,November-December 2022
11,PM2.5 station-temporal Transformer,2022-12-04T10:00:00+00:00,59,1,3.4,4.286504084702303,November-December 2022
11,PM2.5 station-temporal Transformer,2022-12-04T15:00:00+00:00,1069,3,8.0,8.06027513815005,November-December 2022
11,PM2.5 station-temporal Transformer,2022-12-04T16:00:00+00:00,1069,3,5.0,8.138502059820487,November-December 2022
11,PM2.5 station-temporal Transformer,2022-12-04T17:00:00+00:00,1069,3,6.0,7.903331270871783,November-December 2022
11,PM2.5 station-temporal Transformer,2022-12-05T22:00:00+00:00,32,3,5.0,8.600756882588675,November-December 2022
11,PM2.5 station-temporal Transformer,2022-12-05T23:00:00+00:00,32,3,4.0,8.947304210750104,November-December 2022
11,PM2.5 station-temporal Transformer,2022-12-06T00:00:00+00:00,32,3,9.0,7.170994474195371,November-December 2022
11,PM2.5 station-temporal Transformer,2022-12-05T23:00:00+00:00,59,6,6.9,7.471090061488694,November-December 2022
11,PM2.5 station-temporal Transformer,2022-12-06T00:00:00+00:00,59,6,4.4,6.326249731706689,November-December 2022
11,PM2.5 station-temporal Transformer,2022-12-06T01:00:00+00:00,59,6,3.5,5.816604949157252,November-December 2022
11,PM2.5 station-temporal Transformer,2022-12-06T02:00:00+00:00,59,6,6.6,6.715918160681842,November-December 2022
11,PM2.5 station-temporal Transformer,2022-12-06T03:00:00+00:00,59,6,4.2,6.15440714723898,November-December 2022
11,PM2.5 station-temporal Transformer,2022-12-06T04:00:00+00:00,59,6,4.5,7.228906523105681,November-December 2022
11,PM2.5 station-temporal Transformer,2022-12-05T23:00:00+00:00,1069,1,6.0,6.086649327959062,November-December 2022
11,PM2.5 station-temporal Transformer,2022-12-06T07:00:00+00:00,32,3,4.0,6.710342832122267,November-December 2022
11,PM2.5 station-temporal Transformer,2022-12-06T08:00:00+00:00,32,3,6.0,6.705103897224641,November-December 2022
11,PM2.5 station-temporal Transformer,2022-12-06T09:00:00+00:00,32,3,5.0,5.735464677717438,November-December 2022
11,PM2.5 station-temporal Transformer,2022-12-06T14:00:00+00:00,59,1,4.0,6.315664117938221,November-December 2022
11,PM2.5 station-temporal Transformer,2022-12-06T09:00:00+00:00,1069,3,11.0,6.461792069591157,November-December 2022
11,PM2.5 station-temporal Transformer,2022-12-06T10:00:00+00:00,1069,3,10.0,6.926126421473134,November-December 2022
11,PM2.5 station-temporal Transformer,2022-12-06T11:00:00+00:00,1069,3,9.0,7.738516998569409,November-December 2022
11,PM2.5 station-temporal Transformer,2022-12-08T02:00:00+00:00,32,3,9.0,8.041342145890514,November-December 2022
11,PM2.5 station-temporal Transformer,2022-12-08T03:00:00+00:00,32,3,5.0,8.24405632721392,November-December 2022
11,PM2.5 station-temporal Transformer,2022-12-08T04:00:00+00:00,32,3,6.0,7.696287004855976,November-December 2022
11,PM2.5 station-temporal Transformer,2022-12-07T10:00:00+00:00,59,1,12.3,9.901229602909384,November-December 2022
11,PM2.5 station-temporal Transformer,2022-12-07T11:00:00+00:00,1069,6,9.0,8.888998352107908,November-December 2022
11,PM2.5 station-temporal Transformer,2022-12-07T12:00:00+00:00,1069,6,12.0,10.047932114841222,November-December 2022
11,PM2.5 station-temporal Transformer,2022-12-07T13:00:00+00:00,1069,6,12.0,11.870531620672276,November-December 2022
11,PM2.5 station-temporal Transformer,2022-12-07T14:00:00+00:00,1069,6,12.0,14.092147221835436,November-December 2022
11,PM2.5 station-temporal Transformer,2022-12-07T15:00:00+00:00,1069,6,17.0,14.0287080620126,November-December 2022
11,PM2.5 station-temporal Transformer,2022-12-07T16:00:00+00:00,1069,6,15.0,14.841321285675823,November-December 2022
11,PM2.5 station-temporal Transformer,2022-12-08T08:00:00+00:00,32,6,10.0,9.363656074981892,November-December 2022
11,PM2.5 station-temporal Transformer,2022-12-08T09:00:00+00:00,32,6,11.0,8.300164345135679,November-December 2022
11,PM2.5 station-temporal Transformer,2022-12-08T10:00:00+00:00,32,6,12.0,9.346694944635358,November-December 2022
11,PM2.5 station-temporal Transformer,2022-12-08T11:00:00+00:00,32,6,14.0,9.382544227720546,November-December 2022
11,PM2.5 station-temporal Transformer,2022-12-08T12:00:00+00:00,32,6,14.0,9.968941680374634,November-December 2022
11,PM2.5 station-temporal Transformer,2022-12-08T13:00:00+00:00,32,6,12.0,9.7477586812277,November-December 2022
11,PM2.5 station-temporal Transformer,2022-12-08T08:00:00+00:00,59,6,6.7,8.248431115576187,November-December 2022
11,PM2.5 station-temporal Transformer,2022-12-08T09:00:00+00:00,59,6,8.7,7.35460111406284,November-December 2022
11,PM2.5 station-temporal Transformer,2022-12-08T10:00:00+00:00,59,6,6.9,8.174368156762169,November-December 2022
11,PM2.5 station-temporal Transformer,2022-12-08T11:00:00+00:00,59,6,9.1,8.459094125889468,November-December 2022
11,PM2.5 station-temporal Transformer,2022-12-08T12:00:00+00:00,59,6,5.7,8.40997602457105,November-December 2022
11,PM2.5 station-temporal Transformer,2022-12-08T13:00:00+00:00,59,6,10.8,8.649603931988203,November-December 2022
11,PM2.5 station-temporal Transformer,2022-12-09T00:00:00+00:00,1069,3,14.0,12.994035010587496,November-December 2022
11,PM2.5 station-temporal Transformer,2022-12-09T01:00:00+00:00,1069,3,13.0,13.0487710067788,November-December 2022
11,PM2.5 station-temporal Transformer,2022-12-09T02:00:00+00:00,1069,3,11.0,11.447808803957685,November-December 2022
11,PM2.5 station-temporal Transformer,2022-12-09T19:00:00+00:00,32,3,18.0,18.09392132767922,November-December 2022
11,PM2.5 station-temporal Transformer,2022-12-09T20:00:00+00:00,32,3,19.0,18.709038950578865,November-December 2022
11,PM2.5 station-temporal Transformer,2022-12-09T21:00:00+00:00,32,3,17.0,16.595665610633887,November-December 2022
11,PM2.5 station-temporal Transformer,2022-12-09T10:00:00+00:00,59,1,13.3,9.483041471535527,November-December 2022
11,PM2.5 station-temporal Transformer,2022-12-09T17:00:00+00:00,1069,1,17.0,17.118506447598136,November-December 2022
11,PM2.5 station-temporal Transformer,2022-12-10T08:00:00+00:00,32,3,7.0,2.3522259289008414,November-December 2022
11,PM2.5 station-temporal Transformer,2022-12-10T09:00:00+00:00,32,3,5.0,2.509534435468756,November-December 2022
11,PM2.5 station-temporal Transformer,2022-12-10T10:00:00+00:00,32,3,6.0,2.409451701570116,November-December 2022
11,PM2.5 station-temporal Transformer,2022-12-10T20:00:00+00:00,59,1,2.2,5.168426985211509,November-December 2022
11,PM2.5 station-temporal Transformer,2022-12-10T11:00:00+00:00,1069,3,3.0,3.8211552264477415,November-December 2022
11,PM2.5 station-temporal Transformer,2022-12-10T12:00:00+00:00,1069,3,7.0,3.7495557173385015,November-December 2022
11,PM2.5 station-temporal Transformer,2022-12-10T13:00:00+00:00,1069,3,5.0,5.685724315364254,November-December 2022
11,PM2.5 station-temporal Transformer,2022-12-11T07:00:00+00:00,32,1,8.0,2.441489916327815,November-December 2022
11,PM2.5 station-temporal Transformer,2022-12-11T09:00:00+00:00,59,3,-1.2,2.1765505468983832,November-December 2022
11,PM2.5 station-temporal Transformer,2022-12-11T10:00:00+00:00,59,3,1.6,2.605525458325972,November-December 2022
11,PM2.5 station-temporal Transformer,2022-12-11T11:00:00+00:00,59,3,4.4,1.81188788727462,November-December 2022
11,PM2.5 station-temporal Transformer,2022-12-11T16:00:00+00:00,1069,6,5.0,7.072764271327936,November-December 2022
11,PM2.5 station-temporal Transformer,2022-12-11T17:00:00+00:00,1069,6,5.0,5.689013842832152,November-December 2022
11,PM2.5 station-temporal Transformer,2022-12-11T18:00:00+00:00,1069,6,7.0,5.3888066819916425,November-December 2022
11,PM2.5 station-temporal Transformer,2022-12-11T19:00:00+00:00,1069,6,6.0,4.957331739549804,November-December 2022
11,PM2.5 station-temporal Transformer,2022-12-11T20:00:00+00:00,1069,6,5.0,4.614466100951977,November-December 2022
11,PM2.5 station-temporal Transformer,2022-12-11T21:00:00+00:00,1069,6,3.0,3.857131284844969,November-December 2022
11,PM2.5 station-temporal Transformer,2022-12-12T21:00:00+00:00,32,1,9.0,12.514115833236596,November-December 2022
11,PM2.5 station-temporal Transformer,2022-12-12T14:00:00+00:00,59,1,10.0,8.164011712540264,November-December 2022
11,PM2.5 station-temporal Transformer,2022-12-12T19:00:00+00:00,1069,3,15.0,9.768851745695532,November-December 2022
11,PM2.5 station-temporal Transformer,2022-12-12T20:00:00+00:00,1069,3,14.0,12.019867020064028,November-December 2022
11,PM2.5 station-temporal Transformer,2022-12-12T21:00:00+00:00,1069,3,11.0,10.638297721963928,November-December 2022
11,PM2.5 station-temporal Transformer,2022-12-13T14:00:00+00:00,32,1,9.0,8.710029135965907,November-December 2022
11,PM2.5 station-temporal Transformer,2022-12-13T09:00:00+00:00,59,1,8.5,6.085489406692236,November-December 2022
11,PM2.5 station-temporal Transformer,2022-12-13T13:00:00+00:00,1069,1,8.0,9.001675346859013,November-December 2022
11,PM2.5 station-temporal Transformer,2022-12-14T13:00:00+00:00,32,6,0.0,0.2373377212659786,November-December 2022
11,PM2.5 station-temporal Transformer,2022-12-14T14:00:00+00:00,32,6,2.0,0.6554386879794816,November-December 2022
11,PM2.5 station-temporal Transformer,2022-12-14T15:00:00+00:00,32,6,1.0,2.3179927702304512,November-December 2022
11,PM2.5 station-temporal Transformer,2022-12-14T16:00:00+00:00,32,6,6.0,3.344747281466911,November-December 2022
11,PM2.5 station-temporal Transformer,2022-12-14T17:00:00+00:00,32,6,4.0,3.4211367803011257,November-December 2022
11,PM2.5 station-temporal Transformer,2022-12-14T18:00:00+00:00,32,6,1.0,2.085495589922104,November-December 2022
11,PM2.5 station-temporal Transformer,2022-12-15T03:00:00+00:00,59,1,2.7,-0.7776971281614671,November-December 2022
11,PM2.5 station-temporal Transformer,2022-12-14T09:00:00+00:00,1069,3,3.0,1.231714399826176,November-December 2022
11,PM2.5 station-temporal Transformer,2022-12-14T10:00:00+00:00,1069,3,3.0,0.343299389406372,November-December 2022
11,PM2.5 station-temporal Transformer,2022-12-14T11:00:00+00:00,1069,3,1.0,0.2610906202643814,November-December 2022
11,PM2.5 station-temporal Transformer,2022-12-15T08:00:00+00:00,32,1,5.0,3.8683376299786056,November-December 2022
11,PM2.5 station-temporal Transformer,2022-12-15T16:00:00+00:00,59,6,4.4,2.750239835783902,November-December 2022
11,PM2.5 station-temporal Transformer,2022-12-15T17:00:00+00:00,59,6,6.9,2.7019313525643174,November-December 2022
11,PM2.5 station-temporal Transformer,2022-12-15T18:00:00+00:00,59,6,2.2,2.186499896090357,November-December 2022
11,PM2.5 station-temporal Transformer,2022-12-15T19:00:00+00:00,59,6,6.1,2.351199077198274,November-December 2022
11,PM2.5 station-temporal Transformer,2022-12-15T20:00:00+00:00,59,6,3.2,2.708013584719508,November-December 2022
11,PM2.5 station-temporal Transformer,2022-12-15T21:00:00+00:00,59,6,1.5,2.1442027796300174,November-December 2022
11,PM2.5 station-temporal Transformer,2022-12-15T23:00:00+00:00,1069,6,-4.0,2.5060256788266058,November-December 2022
11,PM2.5 station-temporal Transformer,2022-12-16T00:00:00+00:00,1069,6,1.0,1.7349480285608667,November-December 2022
11,PM2.5 station-temporal Transformer,2022-12-16T01:00:00+00:00,1069,6,3.0,3.478734075023392,November-December 2022
11,PM2.5 station-temporal Transformer,2022-12-16T02:00:00+00:00,1069,6,6.0,5.579334114150427,November-December 2022
11,PM2.5 station-temporal Transformer,2022-12-16T03:00:00+00:00,1069,6,7.0,5.265585810747131,November-December 2022
11,PM2.5 station-temporal Transformer,2022-12-16T04:00:00+00:00,1069,6,10.0,5.565556623693493,November-December 2022
11,PM2.5 station-temporal Transformer,2022-12-17T01:00:00+00:00,32,3,3.0,1.352953708724793,November-December 2022
11,PM2.5 station-temporal Transformer,2022-12-17T02:00:00+00:00,32,3,3.0,2.1044270335793778,November-December 2022
11,PM2.5 station-temporal Transformer,2022-12-17T03:00:00+00:00,32,3,3.0,2.4995169378637856,November-December 2022
11,PM2.5 station-temporal Transformer,2022-12-16T21:00:00+00:00,59,3,7.3,1.8187561157299967,November-December 2022
11,PM2.5 station-temporal Transformer,2022-12-16T22:00:00+00:00,59,3,-1.5,1.530801437249142,November-December 2022
11,PM2.5 station-temporal Transformer,2022-12-16T23:00:00+00:00,59,3,-2.4,0.810130459232207,November-December 2022
11,PM2.5 station-temporal Transformer,2022-12-16T08:00:00+00:00,1069,6,7.0,5.0277992772444495,November-December 2022
11,PM2.5 station-temporal Transformer,2022-12-16T09:00:00+00:00,1069,6,10.0,4.483197311900117,November-December 2022
11,PM2.5 station-temporal Transformer,2022-12-16T10:00:00+00:00,1069,6,9.0,4.612620048602297,November-December 2022
11,PM2.5 station-temporal Transformer,2022-12-16T11:00:00+00:00,1069,6,10.0,5.013224691928824,November-December 2022
11,PM2.5 station-temporal Transformer,2022-12-16T12:00:00+00:00,1069,6,12.0,4.067546193430093,November-December 2022
11,PM2.5 station-temporal Transformer,2022-12-16T13:00:00+00:00,1069,6,7.0,6.485520350414966,November-December 2022
11,PM2.5 station-temporal Transformer,2022-12-17T20:00:00+00:00,32,6,-1.0,5.634974610865373,November-December 2022
11,PM2.5 station-temporal Transformer,2022-12-17T21:00:00+00:00,32,6,0.0,5.1213650727394775,November-December 2022
11,PM2.5 station-temporal Transformer,2022-12-17T22:00:00+00:00,32,6,4.0,5.490558412396672,November-December 2022
11,PM2.5 station-temporal Transformer,2022-12-17T23:00:00+00:00,32,6,1.0,2.30352626596692,November-December 2022
11,PM2.5 station-temporal Transformer,2022-12-18T00:00:00+00:00,32,6,3.0,4.189629620591042,November-December 2022
11,PM2.5 station-temporal Transformer,2022-12-18T01:00:00+00:00,32,6,16.0,6.8133525771870005,November-December 2022
11,PM2.5 station-temporal Transformer,2022-12-17T18:00:00+00:00,59,6,-0.8,3.5554985697767254,November-December 2022
11,PM2.5 station-temporal Transformer,2022-12-17T19:00:00+00:00,59,6,0.8,2.344812809634674,November-December 2022
11,PM2.5 station-temporal Transformer,2022-12-17T20:00:00+00:00,59,6,0.8,2.19471799603946,November-December 2022
11,PM2.5 station-temporal Transformer,2022-12-17T21:00:00+00:00,59,6,2.7,2.0129170137069075,November-December 2022
11,PM2.5 station-temporal Transformer,2022-12-17T22:00:00+00:00,59,6,3.0,2.1343543945774286,November-December 2022
11,PM2.5 station-temporal Transformer,2022-12-17T23:00:00+00:00,59,6,-2.0,0.4795982506812528,November-December 2022
11,PM2.5 station-temporal Transformer,2022-12-17T09:00:00+00:00,1069,3,2.0,2.703293358005856,November-December 2022
11,PM2.5 station-temporal Transformer,2022-12-17T10:00:00+00:00,1069,3,2.0,2.7602062533006237,November-December 2022
11,PM2.5 station-temporal Transformer,2022-12-17T11:00:00+00:00,1069,3,4.0,3.096675386998542,November-December 2022
11,PM2.5 station-temporal Transformer,2022-12-18T14:00:00+00:00,32,6,7.0,6.465170532052199,November-December 2022
11,PM2.5 station-temporal Transformer,2022-12-18T15:00:00+00:00,32,6,9.0,6.620287239326208,November-December 2022
11,PM2.5 station-temporal Transformer,2022-12-18T16:00:00+00:00,32,6,8.0,7.37585936512721,November-December 2022
11,PM2.5 station-temporal Transformer,2022-12-18T17:00:00+00:00,32,6,5.0,7.09150081733678,November-December 2022
11,PM2.5 station-temporal Transformer,2022-12-18T18:00:00+00:00,32,6,6.0,6.881008002163474,November-December 2022
11,PM2.5 station-temporal Transformer,2022-12-18T19:00:00+00:00,32,6,9.0,6.075784756604508,November-December 2022
11,PM2.5 station-temporal Transformer,2022-12-18T07:00:00+00:00,59,6,9.0,6.566693543669092,November-December 2022
11,PM2.5 station-temporal Transformer,2022-12-18T08:00:00+00:00,59,6,6.5,6.366436126158774,November-December 2022
11,PM2.5 station-temporal Transformer,2022-12-18T09:00:00+00:00,59,6,7.5,5.595693316702994,November-December 2022
11,PM2.5 station-temporal Transformer,2022-12-18T10:00:00+00:00,59,6,4.7,5.7116870159753335,November-December 2022
11,PM2.5 station-temporal Transformer,2022-12-18T11:00:00+00:00,59,6,7.7,5.441381250055549,November-December 2022
11,PM2.5 station-temporal Transformer,2022-12-18T12:00:00+00:00,59,6,4.8,4.738653885587659,November-December 2022
11,PM2.5 station-temporal Transformer,2022-12-18T23:00:00+00:00,1069,3,1.0,1.537048476409712,November-December 2022
11,PM2.5 station-temporal Transformer,2022-12-19T00:00:00+00:00,1069,3,-1.0,1.6419450314689676,November-December 2022
11,PM2.5 station-temporal Transformer,2022-12-19T01:00:00+00:00,1069,3,3.0,1.7772416077365127,November-December 2022
11,PM2.5 station-temporal Transformer,2022-12-19T21:00:00+00:00,32,3,8.0,4.657549734526315,November-December 2022
11,PM2.5 station-temporal Transformer,2022-12-19T22:00:00+00:00,32,3,7.0,5.227638932104172,November-December 2022
11,PM2.5 station-temporal Transformer,2022-12-19T23:00:00+00:00,32,3,7.0,5.22421884471242,November-December 2022
11,PM2.5 station-temporal Transformer,2022-12-19T23:00:00+00:00,59,3,2.9,2.319964963437151,November-December 2022
11,PM2.5 station-temporal Transformer,2022-12-20T00:00:00+00:00,59,3,2.5,2.055518546572408,November-December 2022
11,PM2.5 station-temporal Transformer,2022-12-20T01:00:00+00:00,59,3,-0.2,2.144319364636249,November-December 2022
11,PM2.5 station-temporal Transformer,2022-12-19T19:00:00+00:00,1069,6,8.0,4.5196077829655295,November-December 2022
11,PM2.5 station-temporal Transformer,2022-12-19T20:00:00+00:00,1069,6,4.0,5.281029221399127,November-December 2022
11,PM2.5 station-temporal Transformer,2022-12-19T21:00:00+00:00,1069,6,5.0,5.20442187719941,November-December 2022
11,PM2.5 station-temporal Transformer,2022-12-19T22:00:00+00:00,1069,6,5.0,5.057992972584362,November-December 2022
11,PM2.5 station-temporal Transformer,2022-12-19T23:00:00+00:00,1069,6,6.0,3.4163491114342985,November-December 2022
11,PM2.5 station-temporal Transformer,2022-12-20T00:00:00+00:00,1069,6,9.0,2.45081738982722,November-December 2022
11,PM2.5 station-temporal Transformer,2022-12-20T12:00:00+00:00,32,3,0.0,3.0584255481683247,November-December 2022
11,PM2.5 station-temporal Transformer,2022-12-20T13:00:00+00:00,32,3,0.0,2.5230101751734155,November-December 2022
11,PM2.5 station-temporal Transformer,2022-12-20T14:00:00+00:00,32,3,-2.0,2.8345534282664664,November-December 2022
11,PM2.5 station-temporal Transformer,2022-12-21T00:00:00+00:00,59,1,6.2,1.19852883553326,November-December 2022
11,PM2.5 station-temporal Transformer,2022-12-20T11:00:00+00:00,1069,3,3.0,4.925291185899788,November-December 2022
11,PM2.5 station-temporal Transformer,2022-12-20T12:00:00+00:00,1069,3,5.0,5.5980041873573,November-December 2022
11,PM2.5 station-temporal Transformer,2022-12-20T13:00:00+00:00,1069,3,2.0,7.363353100476202,November-December 2022
11,PM2.5 station-temporal Transformer,2022-12-21T10:00:00+00:00,32,1,13.0,12.19079199960584,November-December 2022
11,PM2.5 station-temporal Transformer,2022-12-21T15:00:00+00:00,59,1,10.5,10.795693011523584,November-December 2022
11,PM2.5 station-temporal Transformer,2022-12-21T17:00:00+00:00,1069,1,21.0,16.678436743201708,November-December 2022
11,PM2.5 station-temporal Transformer,2022-12-22T12:00:00+00:00,32,3,15.0,9.813390648835952,November-December 2022
11,PM2.5 station-temporal Transformer,2022-12-22T13:00:00+00:00,32,3,16.0,10.652978969823389,November-December 2022
11,PM2.5 station-temporal Transformer,2022-12-22T14:00:00+00:00,32,3,11.0,12.222423929616376,November-December 2022
11,PM2.5 station-temporal Transformer,2022-12-22T19:00:00+00:00,59,3,10.1,9.050923051153138,November-December 2022
11,PM2.5 station-temporal Transformer,2022-12-22T20:00:00+00:00,59,3,15.9,4.61313279102662,November-December 2022
11,PM2.5 station-temporal Transformer,2022-12-22T21:00:00+00:00,59,3,3.2,1.659060945968,November-December 2022
11,PM2.5 station-temporal Transformer,2022-12-22T12:00:00+00:00,1069,6,15.0,11.317254498821123,November-December 2022
11,PM2.5 station-temporal Transformer,2022-12-22T13:00:00+00:00,1069,6,16.0,15.0825283152152,November-December 2022
11,PM2.5 station-temporal Transformer,2022-12-22T14:00:00+00:00,1069,6,17.0,15.793178276779948,November-December 2022
11,PM2.5 station-temporal Transformer,2022-12-22T15:00:00+00:00,1069,6,16.0,15.21342394459105,November-December 2022
11,PM2.5 station-temporal Transformer,2022-12-22T16:00:00+00:00,1069,6,22.0,14.743514361480557,November-December 2022
11,PM2.5 station-temporal Transformer,2022-12-22T17:00:00+00:00,1069,6,17.0,14.91279385601839,November-December 2022
11,PM2.5 station-temporal Transformer,2022-12-23T12:00:00+00:00,32,1,1.0,2.3970166210423995,November-December 2022
11,PM2.5 station-temporal Transformer,2022-12-23T17:00:00+00:00,59,6,3.0,0.9187297735341158,November-December 2022
11,PM2.5 station-temporal Transformer,2022-12-23T18:00:00+00:00,59,6,2.6,0.0618680774037709,November-December 2022
11,PM2.5 station-temporal Transformer,2022-12-23T19:00:00+00:00,59,6,1.4,0.7880120737688223,November-December 2022
11,PM2.5 station-temporal Transformer,2022-12-23T20:00:00+00:00,59,6,3.2,-0.3192384020532453,November-December 2022
11,PM2.5 station-temporal Transformer,2022-12-23T21:00:00+00:00,59,6,-0.9,0.0921230295112458,November-December 2022
11,PM2.5 station-temporal Transformer,2022-12-23T22:00:00+00:00,59,6,2.3,0.3344712537404817,November-December 2022
11,PM2.5 station-temporal Transformer,2022-12-23T14:00:00+00:00,1069,1,6.0,4.883560167099639,November-December 2022
11,PM2.5 station-temporal Transformer,2022-12-24T19:00:00+00:00,32,6,1.0,4.178821775464501,November-December 2022
11,PM2.5 station-temporal Transformer,2022-12-24T20:00:00+00:00,32,6,3.0,4.389785864173215,November-December 2022
11,PM2.5 station-temporal Transformer,2022-12-24T21:00:00+00:00,32,6,5.0,4.126537666396941,November-December 2022
11,PM2.5 station-temporal Transformer,2022-12-24T22:00:00+00:00,32,6,6.0,3.9352421199889616,November-December 2022
11,PM2.5 station-temporal Transformer,2022-12-24T23:00:00+00:00,32,6,9.0,3.4202973767264915,November-December 2022
11,PM2.5 station-temporal Transformer,2022-12-25T00:00:00+00:00,32,6,12.0,3.948786202741905,November-December 2022
11,PM2.5 station-temporal Transformer,2022-12-24T12:00:00+00:00,59,3,0.7,0.3333495993014388,November-December 2022
11,PM2.5 station-temporal Transformer,2022-12-24T13:00:00+00:00,59,3,-1.1,0.294780536063258,November-December 2022
11,PM2.5 station-temporal Transformer,2022-12-24T14:00:00+00:00,59,3,3.0,1.3661418798034737,November-December 2022
11,PM2.5 station-temporal Transformer,2022-12-25T00:00:00+00:00,1069,1,-2.0,2.493705767795298,November-December 2022
11,PM2.5 station-temporal Transformer,2022-12-25T15:00:00+00:00,32,3,12.0,14.789996992450408,November-December 2022
11,PM2.5 station-temporal Transformer,2022-12-25T16:00:00+00:00,32,3,11.0,10.283027252935613,November-December 2022
11,PM2.5 station-temporal Transformer,2022-12-25T17:00:00+00:00,32,3,8.0,9.61589454310556,November-December 2022
11,PM2.5 station-temporal Transformer,2022-12-25T16:00:00+00:00,59,6,12.6,7.297499106736554,November-December 2022
11,PM2.5 station-temporal Transformer,2022-12-25T17:00:00+00:00,59,6,10.6,5.636322810378112,November-December 2022
11,PM2.5 station-temporal Transformer,2022-12-25T18:00:00+00:00,59,6,3.5,3.747499216167572,November-December 2022
11,PM2.5 station-temporal Transformer,2022-12-25T19:00:00+00:00,59,6,6.2,3.225276873578971,November-December 2022
11,PM2.5 station-temporal Transformer,2022-12-25T20:00:00+00:00,59,6,2.4,3.337421743658642,November-December 2022
11,PM2.5 station-temporal Transformer,2022-12-25T21:00:00+00:00,59,6,3.2,3.4021203261693937,November-December 2022
11,PM2.5 station-temporal Transformer,2022-12-25T20:00:00+00:00,1069,3,3.0,6.296288298146608,November-December 2022
11,PM2.5 station-temporal Transformer,2022-12-25T21:00:00+00:00,1069,3,1.0,5.891545652516504,November-December 2022
11,PM2.5 station-temporal Transformer,2022-12-25T22:00:00+00:00,1069,3,4.0,4.345515898739883,November-December 2022
11,PM2.5 station-temporal Transformer,2022-12-26T15:00:00+00:00,32,6,7.0,7.71447390760533,November-December 2022
11,PM2.5 station-temporal Transformer,2022-12-26T16:00:00+00:00,32,6,0.0,9.380009979440835,November-December 2022
11,PM2.5 station-temporal Transformer,2022-12-26T17:00:00+00:00,32,6,8.0,9.385851004015372,November-December 2022
11,PM2.5 station-temporal Transformer,2022-12-26T18:00:00+00:00,32,6,7.0,8.275966189114834,November-December 2022
11,PM2.5 station-temporal Transformer,2022-12-26T19:00:00+00:00,32,6,7.0,7.36002327456171,November-December 2022
11,PM2.5 station-temporal Transformer,2022-12-26T20:00:00+00:00,32,6,4.0,5.774494008960373,November-December 2022
11,PM2.5 station-temporal Transformer,2022-12-26T12:00:00+00:00,59,3,3.8,7.677447183427144,November-December 2022
11,PM2.5 station-temporal Transformer,2022-12-26T13:00:00+00:00,59,3,1.8,5.299815048762637,November-December 2022
11,PM2.5 station-temporal Transformer,2022-12-26T14:00:00+00:00,59,3,8.5,7.777968027136628,November-December 2022
11,PM2.5 station-temporal Transformer,2022-12-27T04:00:00+00:00,1069,1,8.0,8.338608281238244,November-December 2022
11,PM2.5 station-temporal Transformer,2022-12-27T09:00:00+00:00,32,1,3.0,3.4262998250653816,November-December 2022
11,PM2.5 station-temporal Transformer,2022-12-27T13:00:00+00:00,59,3,2.0,2.6706553291604305,November-December 2022
11,PM2.5 station-temporal Transformer,2022-12-27T14:00:00+00:00,59,3,9.7,4.364070451528352,November-December 2022
11,PM2.5 station-temporal Transformer,2022-12-27T15:00:00+00:00,59,3,0.9,4.388381473301754,November-December 2022
11,PM2.5 station-temporal Transformer,2022-12-27T19:00:00+00:00,1069,1,5.0,4.929173094278847,November-December 2022
11,PM2.5 station-temporal Transformer,2022-12-28T07:00:00+00:00,32,6,2.0,4.673301339667094,November-December 2022
11,PM2.5 station-temporal Transformer,2022-12-28T08:00:00+00:00,32,6,4.0,3.880365167911644,November-December 2022
11,PM2.5 station-temporal Transformer,2022-12-28T09:00:00+00:00,32,6,6.0,4.615876407808034,November-December 2022
11,PM2.5 station-temporal Transformer,2022-12-28T10:00:00+00:00,32,6,5.0,5.367855387363422,November-December 2022
11,PM2.5 station-temporal Transformer,2022-12-28T11:00:00+00:00,32,6,4.0,4.533889068252074,November-December 2022
11,PM2.5 station-temporal Transformer,2022-12-28T12:00:00+00:00,32,6,4.0,6.911420658650018,November-December 2022
11,PM2.5 station-temporal Transformer,2022-12-28T10:00:00+00:00,59,3,1.2,4.435848334695304,November-December 2022
11,PM2.5 station-temporal Transformer,2022-12-28T11:00:00+00:00,59,3,3.4,3.992019883878948,November-December 2022
11,PM2.5 station-temporal Transformer,2022-12-28T12:00:00+00:00,59,3,3.3,5.200832663986239,November-December 2022
11,PM2.5 station-temporal Transformer,2022-12-28T22:00:00+00:00,1069,3,4.0,4.172251332888805,November-December 2022
11,PM2.5 station-temporal Transformer,2022-12-28T23:00:00+00:00,1069,3,1.0,3.154760148748859,November-December 2022
11,PM2.5 station-temporal Transformer,2022-12-29T00:00:00+00:00,1069,3,1.0,2.743597020896253,November-December 2022
11,PM2.5 station-temporal Transformer,2022-12-29T20:00:00+00:00,32,6,13.0,14.347260662884167,November-December 2022
11,PM2.5 station-temporal Transformer,2022-12-29T21:00:00+00:00,32,6,11.0,12.245531846304084,November-December 2022
11,PM2.5 station-temporal Transformer,2022-12-29T22:00:00+00:00,32,6,9.0,11.740797470598798,November-December 2022
11,PM2.5 station-temporal Transformer,2022-12-29T23:00:00+00:00,32,6,11.0,11.1425658216567,November-December 2022
11,PM2.5 station-temporal Transformer,2022-12-30T00:00:00+00:00,32,6,4.0,8.083243562291413,November-December 2022
11,PM2.5 station-temporal Transformer,2022-12-30T01:00:00+00:00,32,6,2.0,8.162341678517027,November-December 2022
11,PM2.5 station-temporal Transformer,2022-12-29T21:00:00+00:00,59,1,13.5,9.319635393405228,November-December 2022
11,PM2.5 station-temporal Transformer,2022-12-30T01:00:00+00:00,1069,3,10.0,6.745197977956432,November-December 2022
11,PM2.5 station-temporal Transformer,2022-12-30T02:00:00+00:00,1069,3,10.0,7.201986525374808,November-December 2022
11,PM2.5 station-temporal Transformer,2022-12-30T03:00:00+00:00,1069,3,9.0,7.243005679631034,November-December 2022
11,PM2.5 station-temporal Transformer,2022-12-30T19:00:00+00:00,32,6,5.0,6.207052465363554,November-December 2022
11,PM2.5 station-temporal Transformer,2022-12-30T20:00:00+00:00,32,6,-1.0,6.083157839451628,November-December 2022
11,PM2.5 station-temporal Transformer,2022-12-30T21:00:00+00:00,32,6,-1.0,6.05105799016572,November-December 2022
11,PM2.5 station-temporal Transformer,2022-12-30T22:00:00+00:00,32,6,1.0,5.737435095848802,November-December 2022
11,PM2.5 station-temporal Transformer,2022-12-30T23:00:00+00:00,32,6,4.0,5.550435727626379,November-December 2022
11,PM2.5 station-temporal Transformer,2022-12-31T00:00:00+00:00,32,6,2.0,4.318149771096055,November-December 2022
11,PM2.5 station-temporal Transformer,2022-12-30T13:00:00+00:00,59,1,4.3,3.238473077094831,November-December 2022
11,PM2.5 station-temporal Transformer,2022-12-30T19:00:00+00:00,1069,3,3.0,4.815294916261793,November-December 2022
11,PM2.5 station-temporal Transformer,2022-12-30T20:00:00+00:00,1069,3,4.0,4.816635228445822,November-December 2022
11,PM2.5 station-temporal Transformer,2022-12-30T21:00:00+00:00,1069,3,1.0,4.907874784131434,November-December 2022
11,PM2.5 station-temporal Transformer,2022-12-31T12:00:00+00:00,32,6,3.0,7.132974984865275,November-December 2022
11,PM2.5 station-temporal Transformer,2022-12-31T13:00:00+00:00,32,6,1.0,5.681170737963061,November-December 2022
11,PM2.5 station-temporal Transformer,2022-12-31T14:00:00+00:00,32,6,0.0,9.892037092983257,November-December 2022
11,PM2.5 station-temporal Transformer,2022-12-31T15:00:00+00:00,32,6,10.0,8.347439600580127,November-December 2022
11,PM2.5 station-temporal Transformer,2022-12-31T16:00:00+00:00,32,6,6.0,11.31525759368492,November-December 2022
11,PM2.5 station-temporal Transformer,2022-12-31T17:00:00+00:00,32,6,4.0,9.975054190371036,November-December 2022
11,PM2.5 station-temporal Transformer,2022-12-31T21:00:00+00:00,59,3,3.5,4.940201358101577,November-December 2022
11,PM2.5 station-temporal Transformer,2022-12-31T22:00:00+00:00,59,3,0.4,5.283215210759279,November-December 2022
11,PM2.5 station-temporal Transformer,2022-12-31T23:00:00+00:00,59,3,-0.7,4.515899181343704,November-December 2022
11,PM2.5 station-temporal Transformer,2022-12-31T15:00:00+00:00,1069,1,19.0,14.22944862465606,November-December 2022
22,PM2.5 station-temporal Transformer,2022-11-01T18:00:00+00:00,32,6,2.0,6.394761888507876,November-December 2022
22,PM2.5 station-temporal Transformer,2022-11-01T19:00:00+00:00,32,6,8.0,4.05680092306658,November-December 2022
22,PM2.5 station-temporal Transformer,2022-11-01T20:00:00+00:00,32,6,11.0,3.814635926762276,November-December 2022
22,PM2.5 station-temporal Transformer,2022-11-01T21:00:00+00:00,32,6,2.0,2.993709293550583,November-December 2022
22,PM2.5 station-temporal Transformer,2022-11-01T22:00:00+00:00,32,6,3.0,2.788690211477599,November-December 2022
22,PM2.5 station-temporal Transformer,2022-11-01T23:00:00+00:00,32,6,2.0,1.9492866368438468,November-December 2022
22,PM2.5 station-temporal Transformer,2022-11-01T10:00:00+00:00,59,3,8.5,4.356456231431791,November-December 2022
22,PM2.5 station-temporal Transformer,2022-11-01T11:00:00+00:00,59,3,3.6,4.388298416009732,November-December 2022
22,PM2.5 station-temporal Transformer,2022-11-01T12:00:00+00:00,59,3,2.6,4.25057037600042,November-December 2022
22,PM2.5 station-temporal Transformer,2022-11-01T08:00:00+00:00,1069,6,6.0,3.795176301141732,November-December 2022
22,PM2.5 station-temporal Transformer,2022-11-01T09:00:00+00:00,1069,6,9.0,4.024800067476737,November-December 2022
22,PM2.5 station-temporal Transformer,2022-11-01T10:00:00+00:00,1069,6,7.0,5.165794209009366,November-December 2022
22,PM2.5 station-temporal Transformer,2022-11-01T11:00:00+00:00,1069,6,11.0,6.484952752786822,November-December 2022
22,PM2.5 station-temporal Transformer,2022-11-01T12:00:00+00:00,1069,6,8.0,7.305242346502232,November-December 2022
22,PM2.5 station-temporal Transformer,2022-11-01T13:00:00+00:00,1069,6,5.0,11.129711336619891,November-December 2022
22,PM2.5 station-temporal Transformer,2022-11-02T21:00:00+00:00,32,1,15.0,10.164649126939498,November-December 2022
22,PM2.5 station-temporal Transformer,2022-11-02T17:00:00+00:00,59,1,7.5,9.46248917322285,November-December 2022
22,PM2.5 station-temporal Transformer,2022-11-03T04:00:00+00:00,1069,1,14.0,12.410198287364231,November-December 2022
22,PM2.5 station-temporal Transformer,2022-11-04T01:00:00+00:00,32,1,3.0,2.543928598620994,November-December 2022
22,PM2.5 station-temporal Transformer,2022-11-04T01:00:00+00:00,59,1,4.5,3.382052084230632,November-December 2022
22,PM2.5 station-temporal Transformer,2022-11-03T07:00:00+00:00,1069,1,17.0,11.175386524241803,November-December 2022
22,PM2.5 station-temporal Transformer,2022-11-04T19:00:00+00:00,32,1,12.0,7.3021975086280495,November-December 2022
22,PM2.5 station-temporal Transformer,2022-11-04T20:00:00+00:00,59,1,2.7,5.872514317587064,November-December 2022
22,PM2.5 station-temporal Transformer,2022-11-04T08:00:00+00:00,1069,3,2.0,3.0077956834324957,November-December 2022
22,PM2.5 station-temporal Transformer,2022-11-04T09:00:00+00:00,1069,3,8.0,3.0243206929726254,November-December 2022
22,PM2.5 station-temporal Transformer,2022-11-04T10:00:00+00:00,1069,3,6.0,3.534359045561649,November-December 2022
22,PM2.5 station-temporal Transformer,2022-11-05T16:00:00+00:00,32,3,7.0,4.948169113499224,November-December 2022
22,PM2.5 station-temporal Transformer,2022-11-05T17:00:00+00:00,32,3,7.0,5.552052480964933,November-December 2022
22,PM2.5 station-temporal Transformer,2022-11-05T18:00:00+00:00,32,3,3.0,5.0849730284518095,November-December 2022
22,PM2.5 station-temporal Transformer,2022-11-05T12:00:00+00:00,59,6,0.1,1.4606751750038107,November-December 2022
22,PM2.5 station-temporal Transformer,2022-11-05T13:00:00+00:00,59,6,0.3,0.1484968329822242,November-December 2022
22,PM2.5 station-temporal Transformer,2022-11-05T14:00:00+00:00,59,6,0.0,2.5836432908490714,November-December 2022
22,PM2.5 station-temporal Transformer,2022-11-05T15:00:00+00:00,59,6,7.1,2.8969064406010903,November-December 2022
22,PM2.5 station-temporal Transformer,2022-11-05T16:00:00+00:00,59,6,3.2,2.409680173706734,November-December 2022
22,PM2.5 station-temporal Transformer,2022-11-05T17:00:00+00:00,59,6,3.8,2.5595707730426662,November-December 2022
22,PM2.5 station-temporal Transformer,2022-11-05T11:00:00+00:00,1069,1,3.0,4.919253736368482,November-December 2022
22,PM2.5 station-temporal Transformer,2022-11-06T22:00:00+00:00,32,3,1.0,8.449154181987495,November-December 2022
22,PM2.5 station-temporal Transformer,2022-11-06T23:00:00+00:00,32,3,-5.0,6.03013243891556,November-December 2022
22,PM2.5 station-temporal Transformer,2022-11-07T00:00:00+00:00,32,3,3.0,4.376418718637302,November-December 2022
22,PM2.5 station-temporal Transformer,2022-11-06T15:00:00+00:00,59,3,6.0,7.455735035124591,November-December 2022
22,PM2.5 station-temporal Transformer,2022-11-06T16:00:00+00:00,59,3,10.2,9.114065928674682,November-December 2022
22,PM2.5 station-temporal Transformer,2022-11-06T17:00:00+00:00,59,3,7.9,8.53226121846483,November-December 2022
22,PM2.5 station-temporal Transformer,2022-11-06T09:00:00+00:00,1069,3,6.0,6.275180396149212,November-December 2022
22,PM2.5 station-temporal Transformer,2022-11-06T10:00:00+00:00,1069,3,15.0,6.429213537358555,November-December 2022
22,PM2.5 station-temporal Transformer,2022-11-06T11:00:00+00:00,1069,3,15.0,7.882170981446869,November-December 2022
22,PM2.5 station-temporal Transformer,2022-11-07T14:00:00+00:00,32,3,3.0,6.795216512441354,November-December 2022
22,PM2.5 station-temporal Transformer,2022-11-07T15:00:00+00:00,32,3,9.0,6.290033923738424,November-December 2022
22,PM2.5 station-temporal Transformer,2022-11-07T16:00:00+00:00,32,3,12.0,7.752877459709834,November-December 2022
22,PM2.5 station-temporal Transformer,2022-11-08T01:00:00+00:00,59,3,-0.7,1.7349086364440076,November-December 2022
22,PM2.5 station-temporal Transformer,2022-11-08T02:00:00+00:00,59,3,3.5,1.7351155176805566,November-December 2022
22,PM2.5 station-temporal Transformer,2022-11-08T03:00:00+00:00,59,3,3.6,1.9040250938991607,November-December 2022
22,PM2.5 station-temporal Transformer,2022-11-07T15:00:00+00:00,1069,1,9.0,8.12028130954963,November-December 2022
22,PM2.5 station-temporal Transformer,2022-11-08T10:00:00+00:00,32,3,4.0,2.781636202616641,November-December 2022
22,PM2.5 station-temporal Transformer,2022-11-08T11:00:00+00:00,32,3,0.0,2.437809454500574,November-December 2022
22,PM2.5 station-temporal Transformer,2022-11-08T12:00:00+00:00,32,3,7.0,2.5558496387978105,November-December 2022
22,PM2.5 station-temporal Transformer,2022-11-08T08:00:00+00:00,59,3,4.0,2.1409883100300835,November-December 2022
22,PM2.5 station-temporal Transformer,2022-11-08T09:00:00+00:00,59,3,0.8,2.322844917888484,November-December 2022
22,PM2.5 station-temporal Transformer,2022-11-08T10:00:00+00:00,59,3,2.6,3.0393169306973045,November-December 2022
22,PM2.5 station-temporal Transformer,2022-11-08T19:00:00+00:00,1069,1,5.0,4.564243886111639,November-December 2022
22,PM2.5 station-temporal Transformer,2022-11-09T20:00:00+00:00,32,3,9.0,7.811349549624662,November-December 2022
22,PM2.5 station-temporal Transformer,2022-11-09T21:00:00+00:00,32,3,0.0,5.726895591525341,November-December 2022
22,PM2.5 station-temporal Transformer,2022-11-09T22:00:00+00:00,32,3,10.0,5.675660108002317,November-December 2022
22,PM2.5 station-temporal Transformer,2022-11-09T14:00:00+00:00,59,6,7.4,6.172515827630999,November-December 2022
22,PM2.5 station-temporal Transformer,2022-11-09T15:00:00+00:00,59,6,7.9,6.428100260035096,November-December 2022
22,PM2.5 station-temporal Transformer,2022-11-09T16:00:00+00:00,59,6,9.2,6.122065380669465,November-December 2022
22,PM2.5 station-temporal Transformer,2022-11-09T17:00:00+00:00,59,6,6.5,7.064938284267228,November-December 2022
22,PM2.5 station-temporal Transformer,2022-11-09T18:00:00+00:00,59,6,-0.5,5.910761438569472,November-December 2022
22,PM2.5 station-temporal Transformer,2022-11-09T19:00:00+00:00,59,6,6.7,4.935121147405177,November-December 2022
22,PM2.5 station-temporal Transformer,2022-11-09T21:00:00+00:00,1069,6,5.0,3.993678711689551,November-December 2022
22,PM2.5 station-temporal Transformer,2022-11-09T22:00:00+00:00,1069,6,1.0,2.8962725217724667,November-December 2022
22,PM2.5 station-temporal Transformer,2022-11-09T23:00:00+00:00,1069,6,1.0,0.2514956614244141,November-December 2022
22,PM2.5 station-temporal Transformer,2022-11-10T00:00:00+00:00,1069,6,3.0,0.1519256988030708,November-December 2022
22,PM2.5 station-temporal Transformer,2022-11-10T01:00:00+00:00,1069,6,4.0,1.440282450101198,November-December 2022
22,PM2.5 station-temporal Transformer,2022-11-10T02:00:00+00:00,1069,6,2.0,2.6201230780788105,November-December 2022
22,PM2.5 station-temporal Transformer,2022-11-10T18:00:00+00:00,32,1,4.0,7.110677331618117,November-December 2022
22,PM2.5 station-temporal Transformer,2022-11-10T20:00:00+00:00,59,6,1.0,5.905347093721225,November-December 2022
22,PM2.5 station-temporal Transformer,2022-11-10T21:00:00+00:00,59,6,5.2,6.260549413484711,November-December 2022
22,PM2.5 station-temporal Transformer,2022-11-10T22:00:00+00:00,59,6,6.7,5.48564945321439,November-December 2022
22,PM2.5 station-temporal Transformer,2022-11-10T23:00:00+00:00,59,6,2.9,3.690624020970445,November-December 2022
22,PM2.5 station-temporal Transformer,2022-11-11T00:00:00+00:00,59,6,-1.0,4.613356245621899,November-December 2022
22,PM2.5 station-temporal Transformer,2022-11-11T01:00:00+00:00,59,6,6.4,3.5512580759225987,November-December 2022
22,PM2.5 station-temporal Transformer,2022-11-10T19:00:00+00:00,1069,1,4.0,5.851803744041179,November-December 2022
22,PM2.5 station-temporal Transformer,2022-11-11T09:00:00+00:00,32,6,6.0,4.977520146683583,November-December 2022
22,PM2.5 station-temporal Transformer,2022-11-11T10:00:00+00:00,32,6,6.0,5.543843977726976,November-December 2022
22,PM2.5 station-temporal Transformer,2022-11-11T11:00:00+00:00,32,6,11.0,4.71547528969612,November-December 2022
22,PM2.5 station-temporal Transformer,2022-11-11T12:00:00+00:00,32,6,9.0,5.366325425503363,November-December 2022
22,PM2.5 station-temporal Transformer,2022-11-11T13:00:00+00:00,32,6,2.0,4.632933658668798,November-December 2022
22,PM2.5 station-temporal Transformer,2022-11-11T14:00:00+00:00,32,6,5.0,8.638851004204627,November-December 2022
22,PM2.5 station-temporal Transformer,2022-11-11T10:00:00+00:00,59,6,4.4,3.3451666456412736,November-December 2022
22,PM2.5 station-temporal Transformer,2022-11-11T11:00:00+00:00,59,6,3.7,3.320923060293045,November-December 2022
22,PM2.5 station-temporal Transformer,2022-11-11T12:00:00+00:00,59,6,4.8,3.1106852423554354,November-December 2022
22,PM2.5 station-temporal Transformer,2022-11-11T13:00:00+00:00,59,6,5.6,2.634209560823333,November-December 2022
22,PM2.5 station-temporal Transformer,2022-11-11T14:00:00+00:00,59,6,3.3,4.616363262490156,November-December 2022
22,PM2.5 station-temporal Transformer,2022-11-11T15:00:00+00:00,59,6,4.6,5.144767467884698,November-December 2022
22,PM2.5 station-temporal Transformer,2022-11-11T08:00:00+00:00,1069,3,2.0,5.361443922638744,November-December 2022
22,PM2.5 station-temporal Transformer,2022-11-11T09:00:00+00:00,1069,3,5.0,4.468797619996358,November-December 2022
22,PM2.5 station-temporal Transformer,2022-11-11T10:00:00+00:00,1069,3,1.0,4.546576830651623,November-December 2022
22,PM2.5 station-temporal Transformer,2022-11-12T22:00:00+00:00,32,1,3.0,2.4945224446664644,November-December 2022
22,PM2.5 station-temporal Transformer,2022-11-13T01:00:00+00:00,59,1,-1.0,-0.9676232472355366,November-December 2022
22,PM2.5 station-temporal Transformer,2022-11-12T21:00:00+00:00,1069,3,4.0,2.979799842167055,November-December 2022
22,PM2.5 station-temporal Transformer,2022-11-12T22:00:00+00:00,1069,3,1.0,2.005057604841948,November-December 2022
22,PM2.5 station-temporal Transformer,2022-11-12T23:00:00+00:00,1069,3,-3.0,-0.1617492622017007,November-December 2022
22,PM2.5 station-temporal Transformer,2022-11-13T14:00:00+00:00,32,6,5.0,5.309727738026297,November-December 2022
22,PM2.5 station-temporal Transformer,2022-11-13T15:00:00+00:00,32,6,3.0,4.588831428400141,November-December 2022
22,PM2.5 station-temporal Transformer,2022-11-13T16:00:00+00:00,32,6,4.0,5.33430523989337,November-December 2022
22,PM2.5 station-temporal Transformer,2022-11-13T17:00:00+00:00,32,6,2.0,5.432859269779465,November-December 2022
22,PM2.5 station-temporal Transformer,2022-11-13T18:00:00+00:00,32,6,9.0,5.517923094714485,November-December 2022
22,PM2.5 station-temporal Transformer,2022-11-13T19:00:00+00:00,32,6,4.0,6.053462575330817,November-December 2022
22,PM2.5 station-temporal Transformer,2022-11-13T08:00:00+00:00,59,1,2.6,1.9619998457236925,November-December 2022
22,PM2.5 station-temporal Transformer,2022-11-13T09:00:00+00:00,1069,1,3.0,4.217033717851751,November-December 2022
22,PM2.5 station-temporal Transformer,2022-11-14T19:00:00+00:00,32,1,2.0,7.6142847807710945,November-December 2022
22,PM2.5 station-temporal Transformer,2022-11-14T20:00:00+00:00,59,3,4.1,4.795313436622932,November-December 2022
22,PM2.5 station-temporal Transformer,2022-11-14T21:00:00+00:00,59,3,2.5,5.738512044819396,November-December 2022
22,PM2.5 station-temporal Transformer,2022-11-14T22:00:00+00:00,59,3,6.0,6.480723340977149,November-December 2022
22,PM2.5 station-temporal Transformer,2022-11-14T07:00:00+00:00,1069,6,2.0,3.434050420212306,November-December 2022
22,PM2.5 station-temporal Transformer,2022-11-14T08:00:00+00:00,1069,6,0.0,3.3102403918983256,November-December 2022
22,PM2.5 station-temporal Transformer,2022-11-14T09:00:00+00:00,1069,6,5.0,3.5831293226993246,November-December 2022
22,PM2.5 station-temporal Transformer,2022-11-14T10:00:00+00:00,1069,6,5.0,4.07339625716297,November-December 2022
22,PM2.5 station-temporal Transformer,2022-11-14T11:00:00+00:00,1069,6,7.0,3.8107547101646384,November-December 2022
22,PM2.5 station-temporal Transformer,2022-11-14T12:00:00+00:00,1069,6,4.0,3.655693163455101,November-December 2022
22,PM2.5 station-temporal Transformer,2022-11-16T02:00:00+00:00,32,3,6.0,3.715935567282002,November-December 2022
22,PM2.5 station-temporal Transformer,2022-11-16T03:00:00+00:00,32,3,8.0,5.8799110645264845,November-December 2022
22,PM2.5 station-temporal Transformer,2022-11-16T04:00:00+00:00,32,3,11.0,5.701855830696712,November-December 2022
22,PM2.5 station-temporal Transformer,2022-11-15T22:00:00+00:00,59,3,3.2,2.667755562877973,November-December 2022
22,PM2.5 station-temporal Transformer,2022-11-15T23:00:00+00:00,59,3,2.1,1.947113540614219,November-December 2022
22,PM2.5 station-temporal Transformer,2022-11-16T00:00:00+00:00,59,3,3.1,3.1511943410567973,November-December 2022
22,PM2.5 station-temporal Transformer,2022-11-15T22:00:00+00:00,1069,1,5.0,3.779928738872609,November-December 2022
22,PM2.5 station-temporal Transformer,2022-11-16T23:00:00+00:00,32,6,-1.0,3.3937714690595566,November-December 2022
22,PM2.5 station-temporal Transformer,2022-11-17T00:00:00+00:00,32,6,2.0,2.003006788490388,November-December 2022
22,PM2.5 station-temporal Transformer,2022-11-17T01:00:00+00:00,32,6,1.0,3.104807836698149,November-December 2022
22,PM2.5 station-temporal Transformer,2022-11-17T02:00:00+00:00,32,6,1.0,3.293947432466385,November-December 2022
22,PM2.5 station-temporal Transformer,2022-11-17T03:00:00+00:00,32,6,1.0,5.971552803038247,November-December 2022
22,PM2.5 station-temporal Transformer,2022-11-17T04:00:00+00:00,32,6,2.0,4.350739761630087,November-December 2022
22,PM2.5 station-temporal Transformer,2022-11-16T20:00:00+00:00,59,1,5.2,3.5070559757002977,November-December 2022
22,PM2.5 station-temporal Transformer,2022-11-16T15:00:00+00:00,1069,6,8.0,10.239573384305077,November-December 2022
22,PM2.5 station-temporal Transformer,2022-11-16T16:00:00+00:00,1069,6,12.0,7.760019418194035,November-December 2022
22,PM2.5 station-temporal Transformer,2022-11-16T17:00:00+00:00,1069,6,15.0,7.044917935721028,November-December 2022
22,PM2.5 station-temporal Transformer,2022-11-16T18:00:00+00:00,1069,6,7.0,7.179159308304303,November-December 2022
22,PM2.5 station-temporal Transformer,2022-11-16T19:00:00+00:00,1069,6,7.0,6.14210625574905,November-December 2022
22,PM2.5 station-temporal Transformer,2022-11-16T20:00:00+00:00,1069,6,7.0,6.498219465825459,November-December 2022
22,PM2.5 station-temporal Transformer,2022-11-17T11:00:00+00:00,32,1,6.0,3.8868493718485615,November-December 2022
22,PM2.5 station-temporal Transformer,2022-11-17T20:00:00+00:00,59,3,0.1,1.4720052564264536,November-December 2022
22,PM2.5 station-temporal Transformer,2022-11-17T21:00:00+00:00,59,3,3.9,1.4652536129773086,November-December 2022
22,PM2.5 station-temporal Transformer,2022-11-17T22:00:00+00:00,59,3,4.6,1.6814887007943264,November-December 2022
22,PM2.5 station-temporal Transformer,2022-11-17T18:00:00+00:00,1069,6,6.0,5.250488963077175,November-December 2022
22,PM2.5 station-temporal Transformer,2022-11-17T19:00:00+00:00,1069,6,2.0,3.68936618994261,November-December 2022
22,PM2.5 station-temporal Transformer,2022-11-17T20:00:00+00:00,1069,6,-1.0,4.071220164019929,November-December 2022
22,PM2.5 station-temporal Transformer,2022-11-17T21:00:00+00:00,1069,6,-2.0,3.1880640453624745,November-December 2022
22,PM2.5 station-temporal Transformer,2022-11-17T22:00:00+00:00,1069,6,-4.0,2.180370922089179,November-December 2022
22,PM2.5 station-temporal Transformer,2022-11-17T23:00:00+00:00,1069,6,1.0,0.7953077855538666,November-December 2022
22,PM2.5 station-temporal Transformer,2022-11-19T02:00:00+00:00,32,3,3.0,4.227614099831985,November-December 2022
22,PM2.5 station-temporal Transformer,2022-11-19T03:00:00+00:00,32,3,7.0,5.944224388657102,November-December 2022
22,PM2.5 station-temporal Transformer,2022-11-19T04:00:00+00:00,32,3,8.0,5.681244741325161,November-December 2022
22,PM2.5 station-temporal Transformer,2022-11-19T01:00:00+00:00,59,3,4.0,3.1556070454430047,November-December 2022
22,PM2.5 station-temporal Transformer,2022-11-19T02:00:00+00:00,59,3,-0.3,2.005216688344306,November-December 2022
22,PM2.5 station-temporal Transformer,2022-11-19T03:00:00+00:00,59,3,1.6,3.1076464122583536,November-December 2022
22,PM2.5 station-temporal Transformer,2022-11-18T16:00:00+00:00,1069,3,7.0,7.984193683126569,November-December 2022
22,PM2.5 station-temporal Transformer,2022-11-18T17:00:00+00:00,1069,3,5.0,6.205049749911526,November-December 2022
22,PM2.5 station-temporal Transformer,2022-11-18T18:00:00+00:00,1069,3,3.0,6.513788807793603,November-December 2022
22,PM2.5 station-temporal Transformer,2022-11-19T21:00:00+00:00,32,6,6.0,4.446434284833363,November-December 2022
22,PM2.5 station-temporal Transformer,2022-11-19T22:00:00+00:00,32,6,9.0,5.07495469228183,November-December 2022
22,PM2.5 station-temporal Transformer,2022-11-19T23:00:00+00:00,32,6,6.0,4.9985085903094655,November-December 2022
22,PM2.5 station-temporal Transformer,2022-11-20T00:00:00+00:00,32,6,7.0,4.752294163573687,November-December 2022
22,PM2.5 station-temporal Transformer,2022-11-20T01:00:00+00:00,32,6,9.0,5.879398701305604,November-December 2022
22,PM2.5 station-temporal Transformer,2022-11-20T02:00:00+00:00,32,6,10.0,5.447761408565496,November-December 2022
22,PM2.5 station-temporal Transformer,2022-11-20T04:00:00+00:00,59,1,5.7,3.5216710111220677,November-December 2022
22,PM2.5 station-temporal Transformer,2022-11-19T16:00:00+00:00,1069,1,7.0,6.470266340462456,November-December 2022
22,PM2.5 station-temporal Transformer,2022-11-20T19:00:00+00:00,32,3,2.0,4.4965544768935874,November-December 2022
22,PM2.5 station-temporal Transformer,2022-11-20T20:00:00+00:00,32,3,-2.0,4.908515470606623,November-December 2022
22,PM2.5 station-temporal Transformer,2022-11-20T21:00:00+00:00,32,3,0.0,4.892965540350659,November-December 2022
22,PM2.5 station-temporal Transformer,2022-11-20T17:00:00+00:00,59,6,2.7,1.7093753770889304,November-December 2022
22,PM2.5 station-temporal Transformer,2022-11-20T18:00:00+00:00,59,6,4.6,1.5195807018944354,November-December 2022
22,PM2.5 station-temporal Transformer,2022-11-20T19:00:00+00:00,59,6,2.0,1.0582477362861669,November-December 2022
22,PM2.5 station-temporal Transformer,2022-11-20T20:00:00+00:00,59,6,1.7,1.6822110706368625,November-December 2022
22,PM2.5 station-temporal Transformer,2022-11-20T21:00:00+00:00,59,6,2.1,1.8939481107951368,November-December 2022
22,PM2.5 station-temporal Transformer,2022-11-20T22:00:00+00:00,59,6,4.7,2.424126046570442,November-December 2022
22,PM2.5 station-temporal Transformer,2022-11-20T16:00:00+00:00,1069,3,8.0,5.549142433711573,November-December 2022
22,PM2.5 station-temporal Transformer,2022-11-20T17:00:00+00:00,1069,3,10.0,5.79851525277021,November-December 2022
22,PM2.5 station-temporal Transformer,2022-11-20T18:00:00+00:00,1069,3,6.0,5.756677041233756,November-December 2022
22,PM2.5 station-temporal Transformer,2022-11-21T14:00:00+00:00,32,6,2.0,6.32237423154084,November-December 2022
22,PM2.5 station-temporal Transformer,2022-11-21T15:00:00+00:00,32,6,6.0,6.105005812212374,November-December 2022
22,PM2.5 station-temporal Transformer,2022-11-21T16:00:00+00:00,32,6,9.0,7.003742892667091,November-December 2022
22,PM2.5 station-temporal Transformer,2022-11-21T17:00:00+00:00,32,6,4.0,7.143564803089313,November-December 2022
22,PM2.5 station-temporal Transformer,2022-11-21T18:00:00+00:00,32,6,7.0,7.833716908588245,November-December 2022
22,PM2.5 station-temporal Transformer,2022-11-21T19:00:00+00:00,32,6,7.0,6.760394261851703,November-December 2022
22,PM2.5 station-temporal Transformer,2022-11-21T10:00:00+00:00,59,6,0.9,4.760379082402574,November-December 2022
22,PM2.5 station-temporal Transformer,2022-11-21T11:00:00+00:00,59,6,3.9,4.888032996783505,November-December 2022
22,PM2.5 station-temporal Transformer,2022-11-21T12:00:00+00:00,59,6,5.3,5.0458477570740685,November-December 2022
22,PM2.5 station-temporal Transformer,2022-11-21T13:00:00+00:00,59,6,1.7,4.142545985797871,November-December 2022
22,PM2.5 station-temporal Transformer,2022-11-21T14:00:00+00:00,59,6,3.0,3.0712913211483253,November-December 2022
22,PM2.5 station-temporal Transformer,2022-11-21T15:00:00+00:00,59,6,7.6,3.699811757654386,November-December 2022
22,PM2.5 station-temporal Transformer,2022-11-21T10:00:00+00:00,1069,1,5.0,5.900348352260318,November-December 2022
22,PM2.5 station-temporal Transformer,2022-11-22T13:00:00+00:00,32,1,8.0,8.844953708808719,November-December 2022
22,PM2.5 station-temporal Transformer,2022-11-22T20:00:00+00:00,59,1,1.5,6.783144847143093,November-December 2022
22,PM2.5 station-temporal Transformer,2022-11-22T18:00:00+00:00,1069,6,9.0,10.693311371521077,November-December 2022
22,PM2.5 station-temporal Transformer,2022-11-22T19:00:00+00:00,1069,6,7.0,8.765296926960975,November-December 2022
22,PM2.5 station-temporal Transformer,2022-11-22T20:00:00+00:00,1069,6,7.0,10.494069290794728,November-December 2022
22,PM2.5 station-temporal Transformer,2022-11-22T21:00:00+00:00,1069,6,11.0,9.62839551154276,November-December 2022
22,PM2.5 station-temporal Transformer,2022-11-22T22:00:00+00:00,1069,6,7.0,8.335813411980176,November-December 2022
22,PM2.5 station-temporal Transformer,2022-11-22T23:00:00+00:00,1069,6,8.0,7.596301856537733,November-December 2022
22,PM2.5 station-temporal Transformer,2022-11-23T20:00:00+00:00,32,6,11.0,13.30050176406062,November-December 2022
22,PM2.5 station-temporal Transformer,2022-11-23T21:00:00+00:00,32,6,17.0,14.335364779657638,November-December 2022
22,PM2.5 station-temporal Transformer,2022-11-23T22:00:00+00:00,32,6,14.0,11.922394383746717,November-December 2022
22,PM2.5 station-temporal Transformer,2022-11-23T23:00:00+00:00,32,6,11.0,13.960425173271997,November-December 2022
22,PM2.5 station-temporal Transformer,2022-11-24T00:00:00+00:00,32,6,18.0,12.5275605460359,November-December 2022
22,PM2.5 station-temporal Transformer,2022-11-24T01:00:00+00:00,32,6,23.0,12.566982535344591,November-December 2022
22,PM2.5 station-temporal Transformer,2022-11-23T12:00:00+00:00,59,3,7.9,8.41734888322497,November-December 2022
22,PM2.5 station-temporal Transformer,2022-11-23T13:00:00+00:00,59,3,10.7,9.30080958187602,November-December 2022
22,PM2.5 station-temporal Transformer,2022-11-23T14:00:00+00:00,59,3,7.0,10.331361410975612,November-December 2022
22,PM2.5 station-temporal Transformer,2022-11-23T18:00:00+00:00,1069,1,17.0,13.328010099755364,November-December 2022
22,PM2.5 station-temporal Transformer,2022-11-24T16:00:00+00:00,32,1,7.0,7.264775182405433,November-December 2022
22,PM2.5 station-temporal Transformer,2022-11-24T10:00:00+00:00,59,1,8.9,4.942617830003625,November-December 2022
22,PM2.5 station-temporal Transformer,2022-11-24T23:00:00+00:00,1069,6,-2.0,3.7053439523552862,November-December 2022
22,PM2.5 station-temporal Transformer,2022-11-25T00:00:00+00:00,1069,6,-6.0,3.429062331152201,November-December 2022
22,PM2.5 station-temporal Transformer,2022-11-25T01:00:00+00:00,1069,6,-4.0,1.9025104244167537,November-December 2022
22,PM2.5 station-temporal Transformer,2022-11-25T02:00:00+00:00,1069,6,-1.0,2.614714277677717,November-December 2022
22,PM2.5 station-temporal Transformer,2022-11-25T03:00:00+00:00,1069,6,2.0,2.0236172614708217,November-December 2022
22,PM2.5 station-temporal Transformer,2022-11-25T04:00:00+00:00,1069,6,2.0,2.195324711783991,November-December 2022
22,PM2.5 station-temporal Transformer,2022-11-25T14:00:00+00:00,32,1,2.0,1.7721498413408652,November-December 2022
22,PM2.5 station-temporal Transformer,2022-11-25T18:00:00+00:00,59,6,3.2,1.2962602174731774,November-December 2022
22,PM2.5 station-temporal Transformer,2022-11-25T19:00:00+00:00,59,6,4.2,2.220007798469757,November-December 2022
22,PM2.5 station-temporal Transformer,2022-11-25T20:00:00+00:00,59,6,0.6,1.991879135033308,November-December 2022
22,PM2.5 station-temporal Transformer,2022-11-25T21:00:00+00:00,59,6,2.1,2.039460295452576,November-December 2022
22,PM2.5 station-temporal Transformer,2022-11-25T22:00:00+00:00,59,6,1.7,1.9768564330864784,November-December 2022
22,PM2.5 station-temporal Transformer,2022-11-25T23:00:00+00:00,59,6,5.7,2.164575056977188,November-December 2022
22,PM2.5 station-temporal Transformer,2022-11-25T20:00:00+00:00,1069,3,5.0,3.535177498371559,November-December 2022
22,PM2.5 station-temporal Transformer,2022-11-25T21:00:00+00:00,1069,3,4.0,3.24406660835907,November-December 2022
22,PM2.5 station-temporal Transformer,2022-11-25T22:00:00+00:00,1069,3,2.0,2.5094695477155744,November-December 2022
22,PM2.5 station-temporal Transformer,2022-11-26T22:00:00+00:00,32,3,1.0,2.7086361835513264,November-December 2022
22,PM2.5 station-temporal Transformer,2022-11-26T23:00:00+00:00,32,3,3.0,1.897959749734773,November-December 2022
22,PM2.5 station-temporal Transformer,2022-11-27T00:00:00+00:00,32,3,-3.0,2.130547075781656,November-December 2022
22,PM2.5 station-temporal Transformer,2022-11-26T21:00:00+00:00,59,6,0.3,-0.0598222853103385,November-December 2022
22,PM2.5 station-temporal Transformer,2022-11-26T22:00:00+00:00,59,6,2.1,1.3766185285007575,November-December 2022
22,PM2.5 station-temporal Transformer,2022-11-26T23:00:00+00:00,59,6,3.1,0.4768634559925804,November-December 2022
22,PM2.5 station-temporal Transformer,2022-11-27T00:00:00+00:00,59,6,2.7,0.7413742613084775,November-December 2022
22,PM2.5 station-temporal Transformer,2022-11-27T01:00:00+00:00,59,6,-1.9,-0.4326718031495087,November-December 2022
22,PM2.5 station-temporal Transformer,2022-11-27T02:00:00+00:00,59,6,2.1,1.9383715701305773,November-December 2022
22,PM2.5 station-temporal Transformer,2022-11-27T03:00:00+00:00,1069,1,8.0,4.206081118678654,November-December 2022
22,PM2.5 station-temporal Transformer,2022-11-27T13:00:00+00:00,32,3,-2.0,3.7645484387374273,November-December 2022
22,PM2.5 station-temporal Transformer,2022-11-27T14:00:00+00:00,32,3,-2.0,5.616893891410362,November-December 2022
22,PM2.5 station-temporal Transformer,2022-11-27T15:00:00+00:00,32,3,5.0,6.24155710945581,November-December 2022
22,PM2.5 station-temporal Transformer,2022-11-27T18:00:00+00:00,59,6,-0.6,3.14066625779794,November-December 2022
22,PM2.5 station-temporal Transformer,2022-11-27T19:00:00+00:00,59,6,3.5,3.4591597309668014,November-December 2022
22,PM2.5 station-temporal Transformer,2022-11-27T20:00:00+00:00,59,6,4.3,3.1723495667301336,November-December 2022
22,PM2.5 station-temporal Transformer,2022-11-27T21:00:00+00:00,59,6,2.9,3.718053501162178,November-December 2022
22,PM2.5 station-temporal Transformer,2022-11-27T22:00:00+00:00,59,6,0.2,3.4821593619184688,November-December 2022
22,PM2.5 station-temporal Transformer,2022-11-27T23:00:00+00:00,59,6,1.4,2.664166573470437,November-December 2022
22,PM2.5 station-temporal Transformer,2022-11-27T12:00:00+00:00,1069,6,8.0,6.994855301044511,November-December 2022
22,PM2.5 station-temporal Transformer,2022-11-27T13:00:00+00:00,1069,6,4.0,9.280411419786354,November-December 2022
22,PM2.5 station-temporal Transformer,2022-11-27T14:00:00+00:00,1069,6,21.0,11.375250403434766,November-December 2022
22,PM2.5 station-temporal Transformer,2022-11-27T15:00:00+00:00,1069,6,18.0,11.227564200559293,November-December 2022
22,PM2.5 station-temporal Transformer,2022-11-27T16:00:00+00:00,1069,6,12.0,11.042789109432054,November-December 2022
22,PM2.5 station-temporal Transformer,2022-11-27T17:00:00+00:00,1069,6,10.0,7.622133492576376,November-December 2022
22,PM2.5 station-temporal Transformer,2022-11-28T12:00:00+00:00,32,3,6.0,6.424540170564638,November-December 2022
22,PM2.5 station-temporal Transformer,2022-11-28T13:00:00+00:00,32,3,4.0,4.867830392752185,November-December 2022
22,PM2.5 station-temporal Transformer,2022-11-28T14:00:00+00:00,32,3,2.0,10.384065322021469,November-December 2022
22,PM2.5 station-temporal Transformer,2022-11-28T20:00:00+00:00,59,6,4.6,6.44325097689073,November-December 2022
22,PM2.5 station-temporal Transformer,2022-11-28T21:00:00+00:00,59,6,4.4,6.0413540761507925,November-December 2022
22,PM2.5 station-temporal Transformer,2022-11-28T22:00:00+00:00,59,6,6.2,6.321725395272031,November-December 2022
22,PM2.5 station-temporal Transformer,2022-11-28T23:00:00+00:00,59,6,0.6,5.47439633313573,November-December 2022
22,PM2.5 station-temporal Transformer,2022-11-29T00:00:00+00:00,59,6,-0.5,4.681301491958161,November-December 2022
22,PM2.5 station-temporal Transformer,2022-11-29T01:00:00+00:00,59,6,2.1,4.210077660159412,November-December 2022
22,PM2.5 station-temporal Transformer,2022-11-28T19:00:00+00:00,1069,6,8.0,7.477961881617021,November-December 2022
22,PM2.5 station-temporal Transformer,2022-11-28T20:00:00+00:00,1069,6,4.0,7.441519172134675,November-December 2022
22,PM2.5 station-temporal Transformer,2022-11-28T21:00:00+00:00,1069,6,6.0,5.687951586994178,November-December 2022
22,PM2.5 station-temporal Transformer,2022-11-28T22:00:00+00:00,1069,6,3.0,4.762294152861959,November-December 2022
22,PM2.5 station-temporal Transformer,2022-11-28T23:00:00+00:00,1069,6,1.0,3.490197653104892,November-December 2022
22,PM2.5 station-temporal Transformer,2022-11-29T00:00:00+00:00,1069,6,0.0,3.102900222328276,November-December 2022
22,PM2.5 station-temporal Transformer,2022-11-29T21:00:00+00:00,32,3,11.0,12.196354620597182,November-December 2022
22,PM2.5 station-temporal Transformer,2022-11-29T22:00:00+00:00,32,3,8.0,10.72267210777325,November-December 2022
22,PM2.5 station-temporal Transformer,2022-11-29T23:00:00+00:00,32,3,-2.0,10.632243877651035,November-December 2022
22,PM2.5 station-temporal Transformer,2022-11-29T09:00:00+00:00,59,1,13.3,6.903782087208995,November-December 2022
22,PM2.5 station-temporal Transformer,2022-11-29T23:00:00+00:00,1069,6,7.0,8.21353314692224,November-December 2022
22,PM2.5 station-temporal Transformer,2022-11-30T00:00:00+00:00,1069,6,9.0,7.483275578688159,November-December 2022
22,PM2.5 station-temporal Transformer,2022-11-30T01:00:00+00:00,1069,6,10.0,8.653140280408193,November-December 2022
22,PM2.5 station-temporal Transformer,2022-11-30T02:00:00+00:00,1069,6,12.0,11.196463598253008,November-December 2022
22,PM2.5 station-temporal Transformer,2022-11-30T03:00:00+00:00,1069,6,13.0,10.807716647655,November-December 2022
22,PM2.5 station-temporal Transformer,2022-11-30T04:00:00+00:00,1069,6,17.0,9.774183476131142,November-December 2022
22,PM2.5 station-temporal Transformer,2022-11-30T22:00:00+00:00,32,1,2.0,1.993882362620668,November-December 2022
22,PM2.5 station-temporal Transformer,2022-11-30T14:00:00+00:00,59,6,0.4,2.458568914980213,November-December 2022
22,PM2.5 station-temporal Transformer,2022-11-30T15:00:00+00:00,59,6,-2.3,2.294371506595197,November-December 2022
22,PM2.5 station-temporal Transformer,2022-11-30T16:00:00+00:00,59,6,-0.7,1.6699288783299917,November-December 2022
22,PM2.5 station-temporal Transformer,2022-11-30T17:00:00+00:00,59,6,1.9,1.269372133666594,November-December 2022
22,PM2.5 station-temporal Transformer,2022-11-30T18:00:00+00:00,59,6,-0.7,1.4564598269353413,November-December 2022
22,PM2.5 station-temporal Transformer,2022-11-30T19:00:00+00:00,59,6,-0.8,0.6844015309427389,November-December 2022
22,PM2.5 station-temporal Transformer,2022-12-01T01:00:00+00:00,1069,3,-1.0,0.4762586804462057,November-December 2022
22,PM2.5 station-temporal Transformer,2022-12-01T02:00:00+00:00,1069,3,1.0,1.5446599666478171,November-December 2022
22,PM2.5 station-temporal Transformer,2022-12-01T03:00:00+00:00,1069,3,3.0,2.0719144398399925,November-December 2022
22,PM2.5 station-temporal Transformer,2022-12-01T08:00:00+00:00,32,6,4.0,4.762345623061546,November-December 2022
22,PM2.5 station-temporal Transformer,2022-12-01T09:00:00+00:00,32,6,0.0,6.847720535182688,November-December 2022
22,PM2.5 station-temporal Transformer,2022-12-01T10:00:00+00:00,32,6,3.0,5.713463247559929,November-December 2022
22,PM2.5 station-temporal Transformer,2022-12-01T11:00:00+00:00,32,6,3.0,6.252042735977403,November-December 2022
22,PM2.5 station-temporal Transformer,2022-12-01T12:00:00+00:00,32,6,6.0,6.278728180637419,November-December 2022
22,PM2.5 station-temporal Transformer,2022-12-01T13:00:00+00:00,32,6,2.0,5.3707241182613465,November-December 2022
22,PM2.5 station-temporal Transformer,2022-12-01T12:00:00+00:00,59,6,-0.6,4.037761972974419,November-December 2022
22,PM2.5 station-temporal Transformer,2022-12-01T13:00:00+00:00,59,6,0.6,3.7232240080888954,November-December 2022
22,PM2.5 station-temporal Transformer,2022-12-01T14:00:00+00:00,59,6,1.6,3.061425791241879,November-December 2022
22,PM2.5 station-temporal Transformer,2022-12-01T15:00:00+00:00,59,6,3.9,3.530484989991911,November-December 2022
22,PM2.5 station-temporal Transformer,2022-12-01T16:00:00+00:00,59,6,7.4,3.4727022605305864,November-December 2022
22,PM2.5 station-temporal Transformer,2022-12-01T17:00:00+00:00,59,6,2.3,4.320985814780817,November-December 2022
22,PM2.5 station-temporal Transformer,2022-12-01T10:00:00+00:00,1069,1,6.0,5.206341674927828,November-December 2022
22,PM2.5 station-temporal Transformer,2022-12-02T13:00:00+00:00,32,3,8.0,7.1199759693685865,November-December 2022
22,PM2.5 station-temporal Transformer,2022-12-02T14:00:00+00:00,32,3,8.0,8.695713678224735,November-December 2022
22,PM2.5 station-temporal Transformer,2022-12-02T15:00:00+00:00,32,3,5.0,10.4285662899522,November-December 2022
22,PM2.5 station-temporal Transformer,2022-12-02T20:00:00+00:00,59,6,3.1,5.352540236834329,November-December 2022
22,PM2.5 station-temporal Transformer,2022-12-02T21:00:00+00:00,59,6,4.9,5.762663809950299,November-December 2022
22,PM2.5 station-temporal Transformer,2022-12-02T22:00:00+00:00,59,6,1.4,5.729813317467151,November-December 2022
22,PM2.5 station-temporal Transformer,2022-12-02T23:00:00+00:00,59,6,8.1,5.274354178790515,November-December 2022
22,PM2.5 station-temporal Transformer,2022-12-03T00:00:00+00:00,59,6,4.7,5.8901131290751945,November-December 2022
22,PM2.5 station-temporal Transformer,2022-12-03T01:00:00+00:00,59,6,8.7,5.735466356780773,November-December 2022
22,PM2.5 station-temporal Transformer,2022-12-02T09:00:00+00:00,1069,6,5.0,7.386232704974224,November-December 2022
22,PM2.5 station-temporal Transformer,2022-12-02T10:00:00+00:00,1069,6,9.0,6.937737691802212,November-December 2022
22,PM2.5 station-temporal Transformer,2022-12-02T11:00:00+00:00,1069,6,7.0,7.819698369661736,November-December 2022
22,PM2.5 station-temporal Transformer,2022-12-02T12:00:00+00:00,1069,6,10.0,6.6439995722997125,November-December 2022
22,PM2.5 station-temporal Transformer,2022-12-02T13:00:00+00:00,1069,6,8.0,9.552239908160333,November-December 2022
22,PM2.5 station-temporal Transformer,2022-12-02T14:00:00+00:00,1069,6,6.0,10.568063509811845,November-December 2022
22,PM2.5 station-temporal Transformer,2022-12-03T22:00:00+00:00,32,3,5.0,3.7500701945637616,November-December 2022
22,PM2.5 station-temporal Transformer,2022-12-03T23:00:00+00:00,32,3,6.0,4.504284369152303,November-December 2022
22,PM2.5 station-temporal Transformer,2022-12-04T00:00:00+00:00,32,3,3.0,2.2422032646606223,November-December 2022
22,PM2.5 station-temporal Transformer,2022-12-03T20:00:00+00:00,59,1,6.2,3.145563209056438,November-December 2022
22,PM2.5 station-temporal Transformer,2022-12-03T14:00:00+00:00,1069,1,3.0,6.644240151486082,November-December 2022
22,PM2.5 station-temporal Transformer,2022-12-05T01:00:00+00:00,32,1,9.0,8.901062237731031,November-December 2022
22,PM2.5 station-temporal Transformer,2022-12-04T07:00:00+00:00,59,3,2.6,3.9434942325105,November-December 2022
22,PM2.5 station-temporal Transformer,2022-12-04T08:00:00+00:00,59,3,9.0,4.461440077051873,November-December 2022
22,PM2.5 station-temporal Transformer,2022-12-04T09:00:00+00:00,59,3,1.7,3.9161070429582816,November-December 2022
22,PM2.5 station-temporal Transformer,2022-12-04T11:00:00+00:00,1069,3,5.0,6.333274426444397,November-December 2022
22,PM2.5 station-temporal Transformer,2022-12-04T12:00:00+00:00,1069,3,4.0,6.570380729349773,November-December 2022
22,PM2.5 station-temporal Transformer,2022-12-04T13:00:00+00:00,1069,3,9.0,7.635188641003884,November-December 2022
22,PM2.5 station-temporal Transformer,2022-12-05T17:00:00+00:00,32,3,8.0,11.964806276597225,November-December 2022
22,PM2.5 station-temporal Transformer,2022-12-05T18:00:00+00:00,32,3,8.0,11.834732265129375,November-December 2022
22,PM2.5 station-temporal Transformer,2022-12-05T19:00:00+00:00,32,3,1.0,10.54647607739044,November-December 2022
22,PM2.5 station-temporal Transformer,2022-12-05T10:00:00+00:00,59,6,22.5,8.550600592390424,November-December 2022
22,PM2.5 station-temporal Transformer,2022-12-05T11:00:00+00:00,59,6,25.6,7.34605030869971,November-December 2022
22,PM2.5 station-temporal Transformer,2022-12-05T12:00:00+00:00,59,6,24.5,6.845177119131414,November-December 2022
22,PM2.5 station-temporal Transformer,2022-12-05T13:00:00+00:00,59,6,22.3,7.374993989046936,November-December 2022
22,PM2.5 station-temporal Transformer,2022-12-05T14:00:00+00:00,59,6,21.3,8.374359590914722,November-December 2022
22,PM2.5 station-temporal Transformer,2022-12-05T15:00:00+00:00,59,6,19.7,9.01462949101862,November-December 2022
22,PM2.5 station-temporal Transformer,2022-12-05T13:00:00+00:00,1069,6,12.0,13.180850592016547,November-December 2022
22,PM2.5 station-temporal Transformer,2022-12-05T14:00:00+00:00,1069,6,26.0,14.96286293837829,November-December 2022
22,PM2.5 station-temporal Transformer,2022-12-05T15:00:00+00:00,1069,6,20.0,15.892178828362194,November-December 2022
22,PM2.5 station-temporal Transformer,2022-12-05T16:00:00+00:00,1069,6,19.0,14.019391965479112,November-December 2022
22,PM2.5 station-temporal Transformer,2022-12-05T17:00:00+00:00,1069,6,13.0,12.124606211350622,November-December 2022
22,PM2.5 station-temporal Transformer,2022-12-05T18:00:00+00:00,1069,6,6.0,11.24216780045016,November-December 2022
22,PM2.5 station-temporal Transformer,2022-12-07T02:00:00+00:00,32,3,4.0,5.403387902516226,November-December 2022
22,PM2.5 station-temporal Transformer,2022-12-07T03:00:00+00:00,32,3,8.0,5.530603455507515,November-December 2022
22,PM2.5 station-temporal Transformer,2022-12-07T04:00:00+00:00,32,3,5.0,4.648047954402263,November-December 2022
22,PM2.5 station-temporal Transformer,2022-12-06T16:00:00+00:00,59,6,9.8,7.608808332503153,November-December 2022
22,PM2.5 station-temporal Transformer,2022-12-06T17:00:00+00:00,59,6,6.6,7.855623987730232,November-December 2022
22,PM2.5 station-temporal Transformer,2022-12-06T18:00:00+00:00,59,6,4.2,7.827684591010017,November-December 2022
22,PM2.5 station-temporal Transformer,2022-12-06T19:00:00+00:00,59,6,8.4,8.2138435160251,November-December 2022
22,PM2.5 station-temporal Transformer,2022-12-06T20:00:00+00:00,59,6,8.2,7.824635140628462,November-December 2022
22,PM2.5 station-temporal Transformer,2022-12-06T21:00:00+00:00,59,6,8.0,8.03273061382737,November-December 2022
22,PM2.5 station-temporal Transformer,2022-12-06T22:00:00+00:00,1069,1,3.0,7.728523290809991,November-December 2022
22,PM2.5 station-temporal Transformer,2022-12-07T14:00:00+00:00,32,6,16.0,12.753504969717792,November-December 2022
22,PM2.5 station-temporal Transformer,2022-12-07T15:00:00+00:00,32,6,15.0,14.03003319687338,November-December 2022
22,PM2.5 station-temporal Transformer,2022-12-07T16:00:00+00:00,32,6,14.0,14.850418117088855,November-December 2022
22,PM2.5 station-temporal Transformer,2022-12-07T17:00:00+00:00,32,6,13.0,15.243708880145114,November-December 2022
22,PM2.5 station-temporal Transformer,2022-12-07T18:00:00+00:00,32,6,13.0,15.58497758569932,November-December 2022
22,PM2.5 station-temporal Transformer,2022-12-07T19:00:00+00:00,32,6,13.0,13.520582731553969,November-December 2022
22,PM2.5 station-temporal Transformer,2022-12-07T11:00:00+00:00,59,1,10.9,8.803064661392428,November-December 2022
22,PM2.5 station-temporal Transformer,2022-12-07T09:00:00+00:00,1069,3,7.0,8.157102417450739,November-December 2022
22,PM2.5 station-temporal Transformer,2022-12-07T10:00:00+00:00,1069,3,10.0,9.75309401047843,November-December 2022
22,PM2.5 station-temporal Transformer,2022-12-07T11:00:00+00:00,1069,3,9.0,8.99003627089533,November-December 2022
22,PM2.5 station-temporal Transformer,2022-12-08T10:00:00+00:00,32,6,12.0,9.047165484870732,November-December 2022
22,PM2.5 station-temporal Transformer,2022-12-08T11:00:00+00:00,32,6,14.0,9.106591023201505,November-December 2022
22,PM2.5 station-temporal Transformer,2022-12-08T12:00:00+00:00,32,6,14.0,9.591886007597516,November-December 2022
22,PM2.5 station-temporal Transformer,2022-12-08T13:00:00+00:00,32,6,12.0,9.276489967567748,November-December 2022
22,PM2.5 station-temporal Transformer,2022-12-08T14:00:00+00:00,32,6,8.0,11.342416198651614,November-December 2022
22,PM2.5 station-temporal Transformer,2022-12-08T15:00:00+00:00,32,6,12.0,12.458426311664953,November-December 2022
22,PM2.5 station-temporal Transformer,2022-12-08T19:00:00+00:00,59,6,10.9,10.506624870033864,November-December 2022
22,PM2.5 station-temporal Transformer,2022-12-08T20:00:00+00:00,59,6,7.8,11.189749189597665,November-December 2022
22,PM2.5 station-temporal Transformer,2022-12-08T21:00:00+00:00,59,6,13.1,11.318300922825609,November-December 2022
22,PM2.5 station-temporal Transformer,2022-12-08T22:00:00+00:00,59,6,10.3,10.484156539053409,November-December 2022
22,PM2.5 station-temporal Transformer,2022-12-08T23:00:00+00:00,59,6,10.1,10.941833078828967,November-December 2022
22,PM2.5 station-temporal Transformer,2022-12-09T00:00:00+00:00,59,6,15.3,12.001611359302949,November-December 2022
22,PM2.5 station-temporal Transformer,2022-12-08T23:00:00+00:00,1069,6,13.0,9.363528103345246,November-December 2022
22,PM2.5 station-temporal Transformer,2022-12-09T00:00:00+00:00,1069,6,14.0,11.398297647700844,November-December 2022
22,PM2.5 station-temporal Transformer,2022-12-09T01:00:00+00:00,1069,6,13.0,12.420547020690137,November-December 2022
22,PM2.5 station-temporal Transformer,2022-12-09T02:00:00+00:00,1069,6,11.0,10.907679515982728,November-December 2022
22,PM2.5 station-temporal Transformer,2022-12-09T03:00:00+00:00,1069,6,9.0,9.31417823991813,November-December 2022
22,PM2.5 station-temporal Transformer,2022-12-09T04:00:00+00:00,1069,6,11.0,9.374383886522487,November-December 2022
22,PM2.5 station-temporal Transformer,2022-12-09T11:00:00+00:00,32,6,11.0,10.740766139447787,November-December 2022
22,PM2.5 station-temporal Transformer,2022-12-09T12:00:00+00:00,32,6,9.0,10.446639671963377,November-December 2022
22,PM2.5 station-temporal Transformer,2022-12-09T13:00:00+00:00,32,6,14.0,9.83473317653715,November-December 2022
22,PM2.5 station-temporal Transformer,2022-12-09T14:00:00+00:00,32,6,14.0,13.630309801628291,November-December 2022
22,PM2.5 station-temporal Transformer,2022-12-09T15:00:00+00:00,32,6,17.0,14.892722463976876,November-December 2022
22,PM2.5 station-temporal Transformer,2022-12-09T16:00:00+00:00,32,6,19.0,16.717417702946225,November-December 2022
22,PM2.5 station-temporal Transformer,2022-12-09T14:00:00+00:00,59,3,10.6,9.26708032038348,November-December 2022
22,PM2.5 station-temporal Transformer,2022-12-09T15:00:00+00:00,59,3,10.1,10.696923032436644,November-December 2022
22,PM2.5 station-temporal Transformer,2022-12-09T16:00:00+00:00,59,3,9.1,11.879290446963632,November-December 2022
22,PM2.5 station-temporal Transformer,2022-12-09T13:00:00+00:00,1069,6,14.0,10.202078493490047,November-December 2022
22,PM2.5 station-temporal Transformer,2022-12-09T14:00:00+00:00,1069,6,16.0,12.426226422303367,November-December 2022
22,PM2.5 station-temporal Transformer,2022-12-09T15:00:00+00:00,1069,6,11.0,13.725466661668287,November-December 2022
22,PM2.5 station-temporal Transformer,2022-12-09T16:00:00+00:00,1069,6,16.0,14.993124737373977,November-December 2022
22,PM2.5 station-temporal Transformer,2022-12-09T17:00:00+00:00,1069,6,17.0,16.00597560437649,November-December 2022
22,PM2.5 station-temporal Transformer,2022-12-09T18:00:00+00:00,1069,6,18.0,18.73519535616005,November-December 2022
22,PM2.5 station-temporal Transformer,2022-12-10T19:00:00+00:00,32,1,8.0,5.051274454975054,November-December 2022
22,PM2.5 station-temporal Transformer,2022-12-10T07:00:00+00:00,59,3,4.1,2.974519670027684,November-December 2022
22,PM2.5 station-temporal Transformer,2022-12-10T08:00:00+00:00,59,3,0.6,3.050999053119158,November-December 2022
22,PM2.5 station-temporal Transformer,2022-12-10T09:00:00+00:00,59,3,4.4,3.0368393088164973,November-December 2022
22,PM2.5 station-temporal Transformer,2022-12-10T20:00:00+00:00,1069,6,7.0,4.929077990948891,November-December 2022
22,PM2.5 station-temporal Transformer,2022-12-10T21:00:00+00:00,1069,6,0.0,3.823125799682829,November-December 2022
22,PM2.5 station-temporal Transformer,2022-12-10T22:00:00+00:00,1069,6,3.0,3.1331084249558083,November-December 2022
22,PM2.5 station-temporal Transformer,2022-12-10T23:00:00+00:00,1069,6,3.0,3.4304699410315798,November-December 2022
22,PM2.5 station-temporal Transformer,2022-12-11T00:00:00+00:00,1069,6,8.0,4.132286979336636,November-December 2022
22,PM2.5 station-temporal Transformer,2022-12-11T01:00:00+00:00,1069,6,12.0,4.91428539333875,November-December 2022
22,PM2.5 station-temporal Transformer,2022-12-11T19:00:00+00:00,32,6,5.0,5.904755858990376,November-December 2022
22,PM2.5 station-temporal Transformer,2022-12-11T20:00:00+00:00,32,6,4.0,5.386034218924559,November-December 2022
22,PM2.5 station-temporal Transformer,2022-12-11T21:00:00+00:00,32,6,3.0,5.367830649695638,November-December 2022
22,PM2.5 station-temporal Transformer,2022-12-11T22:00:00+00:00,32,6,3.0,4.617909508673868,November-December 2022
22,PM2.5 station-temporal Transformer,2022-12-11T23:00:00+00:00,32,6,7.0,4.640333994878731,November-December 2022
22,PM2.5 station-temporal Transformer,2022-12-12T00:00:00+00:00,32,6,3.0,2.6621427851577266,November-December 2022
22,PM2.5 station-temporal Transformer,2022-12-11T08:00:00+00:00,59,3,4.4,3.011805155207054,November-December 2022
22,PM2.5 station-temporal Transformer,2022-12-11T09:00:00+00:00,59,3,-1.2,2.194309567520895,November-December 2022
22,PM2.5 station-temporal Transformer,2022-12-11T10:00:00+00:00,59,3,1.6,2.6045562025878857,November-December 2022
22,PM2.5 station-temporal Transformer,2022-12-11T21:00:00+00:00,1069,3,3.0,5.27526096264922,November-December 2022
22,PM2.5 station-temporal Transformer,2022-12-11T22:00:00+00:00,1069,3,3.0,3.643845142251664,November-December 2022
22,PM2.5 station-temporal Transformer,2022-12-11T23:00:00+00:00,1069,3,-3.0,2.6766104262700496,November-December 2022
22,PM2.5 station-temporal Transformer,2022-12-12T12:00:00+00:00,32,6,10.0,9.324135344643318,November-December 2022
22,PM2.5 station-temporal Transformer,2022-12-12T13:00:00+00:00,32,6,10.0,9.31804537108155,November-December 2022
22,PM2.5 station-temporal Transformer,2022-12-12T14:00:00+00:00,32,6,10.0,12.307948755665436,November-December 2022
22,PM2.5 station-temporal Transformer,2022-12-12T15:00:00+00:00,32,6,8.0,11.888061645481434,November-December 2022
22,PM2.5 station-temporal Transformer,2022-12-12T16:00:00+00:00,32,6,11.0,12.688833159045558,November-December 2022
22,PM2.5 station-temporal Transformer,2022-12-12T17:00:00+00:00,32,6,7.0,13.107196177324573,November-December 2022
22,PM2.5 station-temporal Transformer,2022-12-12T14:00:00+00:00,59,6,10.0,7.871740245605616,November-December 2022
22,PM2.5 station-temporal Transformer,2022-12-12T15:00:00+00:00,59,6,11.0,7.86130874502349,November-December 2022
22,PM2.5 station-temporal Transformer,2022-12-12T16:00:00+00:00,59,6,11.6,7.77532939840949,November-December 2022
22,PM2.5 station-temporal Transformer,2022-12-12T17:00:00+00:00,59,6,10.0,8.439102750045501,November-December 2022
22,PM2.5 station-temporal Transformer,2022-12-12T18:00:00+00:00,59,6,9.9,8.894617228500422,November-December 2022
22,PM2.5 station-temporal Transformer,2022-12-12T19:00:00+00:00,59,6,6.2,9.751862683609614,November-December 2022
22,PM2.5 station-temporal Transformer,2022-12-12T11:00:00+00:00,1069,3,9.0,7.964741425328836,November-December 2022
22,PM2.5 station-temporal Transformer,2022-12-12T12:00:00+00:00,1069,3,9.0,7.841433107378391,November-December 2022
22,PM2.5 station-temporal Transformer,2022-12-12T13:00:00+00:00,1069,3,7.0,10.147672336602,November-December 2022
22,PM2.5 station-temporal Transformer,2022-12-13T20:00:00+00:00,32,3,17.0,12.30721899446581,November-December 2022
22,PM2.5 station-temporal Transformer,2022-12-13T21:00:00+00:00,32,3,16.0,11.50594245512464,November-December 2022
22,PM2.5 station-temporal Transformer,2022-12-13T22:00:00+00:00,32,3,0.0,9.87728626277115,November-December 2022
22,PM2.5 station-temporal Transformer,2022-12-13T20:00:00+00:00,59,6,13.8,9.4430314785798,November-December 2022
22,PM2.5 station-temporal Transformer,2022-12-13T21:00:00+00:00,59,6,14.1,9.234154200044982,November-December 2022
22,PM2.5 station-temporal Transformer,2022-12-13T22:00:00+00:00,59,6,18.6,8.24084504161471,November-December 2022
22,PM2.5 station-temporal Transformer,2022-12-13T23:00:00+00:00,59,6,12.8,4.527334608368383,November-December 2022
22,PM2.5 station-temporal Transformer,2022-12-14T00:00:00+00:00,59,6,-0.5,4.426129869535281,November-December 2022
22,PM2.5 station-temporal Transformer,2022-12-14T01:00:00+00:00,59,6,0.4,3.391572050082659,November-December 2022
22,PM2.5 station-temporal Transformer,2022-12-13T07:00:00+00:00,1069,6,7.0,5.945992711896036,November-December 2022
22,PM2.5 station-temporal Transformer,2022-12-13T08:00:00+00:00,1069,6,8.0,6.48178492534285,November-December 2022
22,PM2.5 station-temporal Transformer,2022-12-13T09:00:00+00:00,1069,6,6.0,7.199113679445782,November-December 2022
22,PM2.5 station-temporal Transformer,2022-12-13T10:00:00+00:00,1069,6,8.0,8.214760020176682,November-December 2022
22,PM2.5 station-temporal Transformer,2022-12-13T11:00:00+00:00,1069,6,9.0,8.922082725251213,November-December 2022
22,PM2.5 station-temporal Transformer,2022-12-13T12:00:00+00:00,1069,6,7.0,8.611805491901174,November-December 2022
22,PM2.5 station-temporal Transformer,2022-12-14T10:00:00+00:00,32,1,1.0,-0.4472793310663032,November-December 2022
22,PM2.5 station-temporal Transformer,2022-12-14T21:00:00+00:00,59,3,-2.3,-0.7535465060208217,November-December 2022
22,PM2.5 station-temporal Transformer,2022-12-14T22:00:00+00:00,59,3,-2.3,-0.1220375309889956,November-December 2022
22,PM2.5 station-temporal Transformer,2022-12-14T23:00:00+00:00,59,3,-4.1,-1.2360948947893051,November-December 2022
22,PM2.5 station-temporal Transformer,2022-12-14T09:00:00+00:00,1069,3,3.0,0.9419547024634304,November-December 2022
22,PM2.5 station-temporal Transformer,2022-12-14T10:00:00+00:00,1069,3,3.0,1.912481766774424,November-December 2022
22,PM2.5 station-temporal Transformer,2022-12-14T11:00:00+00:00,1069,3,1.0,0.035286300375624,November-December 2022
22,PM2.5 station-temporal Transformer,2022-12-15T16:00:00+00:00,32,3,4.0,7.943697330116105,November-December 2022
22,PM2.5 station-temporal Transformer,2022-12-15T17:00:00+00:00,32,3,6.0,7.97661215977074,November-December 2022
22,PM2.5 station-temporal Transformer,2022-12-15T18:00:00+00:00,32,3,3.0,7.477607489134963,November-December 2022
22,PM2.5 station-temporal Transformer,2022-12-15T21:00:00+00:00,59,1,1.5,1.9750832742008448,November-December 2022
22,PM2.5 station-temporal Transformer,2022-12-15T10:00:00+00:00,1069,3,4.0,3.99434282307839,November-December 2022
22,PM2.5 station-temporal Transformer,2022-12-15T11:00:00+00:00,1069,3,2.0,4.675812181555375,November-December 2022
22,PM2.5 station-temporal Transformer,2022-12-15T12:00:00+00:00,1069,3,11.0,4.994673497884395,November-December 2022
22,PM2.5 station-temporal Transformer,2022-12-16T16:00:00+00:00,32,3,2.0,8.565310949273115,November-December 2022
22,PM2.5 station-temporal Transformer,2022-12-16T17:00:00+00:00,32,3,6.0,10.522346054776628,November-December 2022
22,PM2.5 station-temporal Transformer,2022-12-16T18:00:00+00:00,32,3,1.0,9.833936330136751,November-December 2022
22,PM2.5 station-temporal Transformer,2022-12-16T14:00:00+00:00,59,6,0.9,4.2711594404997015,November-December 2022
22,PM2.5 station-temporal Transformer,2022-12-16T15:00:00+00:00,59,6,4.0,4.179757557607277,November-December 2022
22,PM2.5 station-temporal Transformer,2022-12-16T16:00:00+00:00,59,6,3.7,4.045376955064484,November-December 2022
22,PM2.5 station-temporal Transformer,2022-12-16T17:00:00+00:00,59,6,0.9,5.113865583291661,November-December 2022
22,PM2.5 station-temporal Transformer,2022-12-16T18:00:00+00:00,59,6,3.2,4.554347849608128,November-December 2022
22,PM2.5 station-temporal Transformer,2022-12-16T19:00:00+00:00,59,6,3.7,3.782347084125136,November-December 2022
22,PM2.5 station-temporal Transformer,2022-12-16T10:00:00+00:00,1069,1,9.0,4.742832626519358,November-December 2022
22,PM2.5 station-temporal Transformer,2022-12-17T20:00:00+00:00,32,6,-1.0,4.437812159404408,November-December 2022
22,PM2.5 station-temporal Transformer,2022-12-17T21:00:00+00:00,32,6,0.0,4.170245771111075,November-December 2022
22,PM2.5 station-temporal Transformer,2022-12-17T22:00:00+00:00,32,6,4.0,4.576055890478518,November-December 2022
22,PM2.5 station-temporal Transformer,2022-12-17T23:00:00+00:00,32,6,1.0,1.376688452757194,November-December 2022
22,PM2.5 station-temporal Transformer,2022-12-18T00:00:00+00:00,32,6,3.0,4.003912627909586,November-December 2022
22,PM2.5 station-temporal Transformer,2022-12-18T01:00:00+00:00,32,6,16.0,5.179103627912137,November-December 2022
22,PM2.5 station-temporal Transformer,2022-12-17T08:00:00+00:00,59,6,4.4,2.486278046788202,November-December 2022
22,PM2.5 station-temporal Transformer,2022-12-17T09:00:00+00:00,59,6,0.6,2.394345054422943,November-December 2022
22,PM2.5 station-temporal Transformer,2022-12-17T10:00:00+00:00,59,6,1.5,2.2293475528579023,November-December 2022
22,PM2.5 station-temporal Transformer,2022-12-17T11:00:00+00:00,59,6,-0.8,2.865840727404525,November-December 2022
22,PM2.5 station-temporal Transformer,2022-12-17T12:00:00+00:00,59,6,1.1,1.8228278280228127,November-December 2022
22,PM2.5 station-temporal Transformer,2022-12-17T13:00:00+00:00,59,6,-0.9,1.6684574688722522,November-December 2022
22,PM2.5 station-temporal Transformer,2022-12-18T01:00:00+00:00,1069,1,14.0,3.786419541142048,November-December 2022
22,PM2.5 station-temporal Transformer,2022-12-18T12:00:00+00:00,32,6,12.0,5.856479671386315,November-December 2022
22,PM2.5 station-temporal Transformer,2022-12-18T13:00:00+00:00,32,6,8.0,6.0520556728859205,November-December 2022
22,PM2.5 station-temporal Transformer,2022-12-18T14:00:00+00:00,32,6,7.0,7.292445102386748,November-December 2022
22,PM2.5 station-temporal Transformer,2022-12-18T15:00:00+00:00,32,6,9.0,7.556018139283624,November-December 2022
22,PM2.5 station-temporal Transformer,2022-12-18T16:00:00+00:00,32,6,8.0,8.104152342241381,November-December 2022
22,PM2.5 station-temporal Transformer,2022-12-18T17:00:00+00:00,32,6,5.0,8.207019164382286,November-December 2022
22,PM2.5 station-temporal Transformer,2022-12-18T13:00:00+00:00,59,6,4.9,5.144708413388077,November-December 2022
22,PM2.5 station-temporal Transformer,2022-12-18T14:00:00+00:00,59,6,6.4,5.22195359995186,November-December 2022
22,PM2.5 station-temporal Transformer,2022-12-18T15:00:00+00:00,59,6,4.5,4.948766355593732,November-December 2022
22,PM2.5 station-temporal Transformer,2022-12-18T16:00:00+00:00,59,6,2.9,4.058717556349501,November-December 2022
22,PM2.5 station-temporal Transformer,2022-12-18T17:00:00+00:00,59,6,-0.6,3.802887000043359,November-December 2022
22,PM2.5 station-temporal Transformer,2022-12-18T18:00:00+00:00,59,6,4.7,2.6182347479922754,November-December 2022
22,PM2.5 station-temporal Transformer,2022-12-18T10:00:00+00:00,1069,6,10.0,8.952489194142888,November-December 2022
22,PM2.5 station-temporal Transformer,2022-12-18T11:00:00+00:00,1069,6,10.0,9.200663953032215,November-December 2022
22,PM2.5 station-temporal Transformer,2022-12-18T12:00:00+00:00,1069,6,6.0,8.748644676419008,November-December 2022
22,PM2.5 station-temporal Transformer,2022-12-18T13:00:00+00:00,1069,6,6.0,11.672366101581416,November-December 2022
22,PM2.5 station-temporal Transformer,2022-12-18T14:00:00+00:00,1069,6,8.0,12.542959110649816,November-December 2022
22,PM2.5 station-temporal Transformer,2022-12-18T15:00:00+00:00,1069,6,8.0,12.290674759561831,November-December 2022
22,PM2.5 station-temporal Transformer,2022-12-20T01:00:00+00:00,32,1,7.0,4.234200189417574,November-December 2022
22,PM2.5 station-temporal Transformer,2022-12-19T23:00:00+00:00,59,6,2.9,3.00588332268462,November-December 2022
22,PM2.5 station-temporal Transformer,2022-12-20T00:00:00+00:00,59,6,2.5,2.922334163855754,November-December 2022
22,PM2.5 station-temporal Transformer,2022-12-20T01:00:00+00:00,59,6,-0.2,1.88729171653409,November-December 2022
22,PM2.5 station-temporal Transformer,2022-12-20T02:00:00+00:00,59,6,1.2,2.5794340387286407,November-December 2022
22,PM2.5 station-temporal Transformer,2022-12-20T03:00:00+00:00,59,6,0.5,2.544312615102859,November-December 2022
22,PM2.5 station-temporal Transformer,2022-12-20T04:00:00+00:00,59,6,2.5,2.201245613398197,November-December 2022
22,PM2.5 station-temporal Transformer,2022-12-19T10:00:00+00:00,1069,6,4.0,3.0287740272918384,November-December 2022
22,PM2.5 station-temporal Transformer,2022-12-19T11:00:00+00:00,1069,6,9.0,3.7285515827456113,November-December 2022
22,PM2.5 station-temporal Transformer,2022-12-19T12:00:00+00:00,1069,6,8.0,3.364903045691104,November-December 2022
22,PM2.5 station-temporal Transformer,2022-12-19T13:00:00+00:00,1069,6,7.0,5.257978350311143,November-December 2022
22,PM2.5 station-temporal Transformer,2022-12-19T14:00:00+00:00,1069,6,4.0,5.516663437591257,November-December 2022
22,PM2.5 station-temporal Transformer,2022-12-19T15:00:00+00:00,1069,6,8.0,6.559405563284821,November-December 2022
22,PM2.5 station-temporal Transformer,2022-12-20T17:00:00+00:00,32,6,2.0,3.840647374795807,November-December 2022
22,PM2.5 station-temporal Transformer,2022-12-20T18:00:00+00:00,32,6,3.0,3.5378734152909006,November-December 2022
22,PM2.5 station-temporal Transformer,2022-12-20T19:00:00+00:00,32,6,2.0,4.443565134652935,November-December 2022
22,PM2.5 station-temporal Transformer,2022-12-20T20:00:00+00:00,32,6,6.0,3.444680750793837,November-December 2022
22,PM2.5 station-temporal Transformer,2022-12-20T21:00:00+00:00,32,6,2.0,3.851497148172829,November-December 2022
22,PM2.5 station-temporal Transformer,2022-12-20T22:00:00+00:00,32,6,3.0,2.7313583603346068,November-December 2022
22,PM2.5 station-temporal Transformer,2022-12-20T07:00:00+00:00,59,3,1.2,0.9994210757232872,November-December 2022
22,PM2.5 station-temporal Transformer,2022-12-20T08:00:00+00:00,59,3,-1.2,1.368432813275609,November-December 2022
22,PM2.5 station-temporal Transformer,2022-12-20T09:00:00+00:00,59,3,2.6,0.9308287064030862,November-December 2022
22,PM2.5 station-temporal Transformer,2022-12-20T15:00:00+00:00,1069,1,4.0,6.0443545398427805,November-December 2022
22,PM2.5 station-temporal Transformer,2022-12-21T11:00:00+00:00,32,1,13.0,11.253724112561205,November-December 2022
22,PM2.5 station-temporal Transformer,2022-12-21T19:00:00+00:00,59,3,11.7,14.361004613888383,November-December 2022
22,PM2.5 station-temporal Transformer,2022-12-21T20:00:00+00:00,59,3,11.9,15.562118211623329,November-December 2022
22,PM2.5 station-temporal Transformer,2022-12-21T21:00:00+00:00,59,3,8.2,15.63031586830805,November-December 2022
22,PM2.5 station-temporal Transformer,2022-12-21T11:00:00+00:00,1069,3,13.0,12.081238085440546,November-December 2022
22,PM2.5 station-temporal Transformer,2022-12-21T12:00:00+00:00,1069,3,12.0,13.463372764777624,November-December 2022
22,PM2.5 station-temporal Transformer,2022-12-21T13:00:00+00:00,1069,3,10.0,16.314105557668622,November-December 2022
22,PM2.5 station-temporal Transformer,2022-12-22T19:00:00+00:00,32,3,16.0,11.335440385977805,November-December 2022
22,PM2.5 station-temporal Transformer,2022-12-22T20:00:00+00:00,32,3,4.0,8.547894897408858,November-December 2022
22,PM2.5 station-temporal Transformer,2022-12-22T21:00:00+00:00,32,3,-2.0,2.943174850375604,November-December 2022
22,PM2.5 station-temporal Transformer,2022-12-22T23:00:00+00:00,59,6,1.2,2.6444496105373814,November-December 2022
22,PM2.5 station-temporal Transformer,2022-12-23T00:00:00+00:00,59,6,3.5,3.04623125975972,November-December 2022
22,PM2.5 station-temporal Transformer,2022-12-23T01:00:00+00:00,59,6,1.6,2.305568620151255,November-December 2022
22,PM2.5 station-temporal Transformer,2022-12-23T02:00:00+00:00,59,6,2.4,1.733850608462614,November-December 2022
22,PM2.5 station-temporal Transformer,2022-12-23T03:00:00+00:00,59,6,2.5,2.2548777642389606,November-December 2022
22,PM2.5 station-temporal Transformer,2022-12-23T04:00:00+00:00,59,6,2.9,1.6916232144079624,November-December 2022
22,PM2.5 station-temporal Transformer,2022-12-22T10:00:00+00:00,1069,3,14.0,13.90208885864304,November-December 2022
22,PM2.5 station-temporal Transformer,2022-12-22T11:00:00+00:00,1069,3,19.0,13.6912177764583,November-December 2022
22,PM2.5 station-temporal Transformer,2022-12-22T12:00:00+00:00,1069,3,15.0,14.713382725093243,November-December 2022
22,PM2.5 station-temporal Transformer,2022-12-23T09:00:00+00:00,32,6,2.0,3.767477546316045,November-December 2022
22,PM2.5 station-temporal Transformer,2022-12-23T10:00:00+00:00,32,6,4.0,3.457675573465478,November-December 2022
22,PM2.5 station-temporal Transformer,2022-12-23T11:00:00+00:00,32,6,4.0,3.806533292356783,November-December 2022
22,PM2.5 station-temporal Transformer,2022-12-23T12:00:00+00:00,32,6,1.0,3.4261233071308554,November-December 2022
22,PM2.5 station-temporal Transformer,2022-12-23T13:00:00+00:00,32,6,-3.0,1.9297497492496245,November-December 2022
22,PM2.5 station-temporal Transformer,2022-12-23T14:00:00+00:00,32,6,-2.0,3.940564492105046,November-December 2022
22,PM2.5 station-temporal Transformer,2022-12-24T01:00:00+00:00,59,1,0.4,0.853692103913736,November-December 2022
22,PM2.5 station-temporal Transformer,2022-12-23T07:00:00+00:00,1069,6,0.0,3.3989669629839367,November-December 2022
22,PM2.5 station-temporal Transformer,2022-12-23T08:00:00+00:00,1069,6,2.0,4.013188998637765,November-December 2022
22,PM2.5 station-temporal Transformer,2022-12-23T09:00:00+00:00,1069,6,-3.0,4.0652878923238704,November-December 2022
22,PM2.5 station-temporal Transformer,2022-12-23T10:00:00+00:00,1069,6,3.0,3.767643887119717,November-December 2022
22,PM2.5 station-temporal Transformer,2022-12-23T11:00:00+00:00,1069,6,1.0,4.6245099797477485,November-December 2022
22,PM2.5 station-temporal Transformer,2022-12-23T12:00:00+00:00,1069,6,3.0,4.881524714050472,November-December 2022
22,PM2.5 station-temporal Transformer,2022-12-24T21:00:00+00:00,32,3,5.0,4.017588784651546,November-December 2022
22,PM2.5 station-temporal Transformer,2022-12-24T22:00:00+00:00,32,3,6.0,4.237315039145822,November-December 2022
22,PM2.5 station-temporal Transformer,2022-12-24T23:00:00+00:00,32,3,9.0,4.256405390872421,November-December 2022
22,PM2.5 station-temporal Transformer,2022-12-24T22:00:00+00:00,59,6,2.4,0.2659916594589893,November-December 2022
22,PM2.5 station-temporal Transformer,2022-12-24T23:00:00+00:00,59,6,-1.6,0.3781258616295941,November-December 2022
22,PM2.5 station-temporal Transformer,2022-12-25T00:00:00+00:00,59,6,-1.6,0.7320215530307506,November-December 2022
22,PM2.5 station-temporal Transformer,2022-12-25T01:00:00+00:00,59,6,5.4,7.357125455670409,November-December 2022
22,PM2.5 station-temporal Transformer,2022-12-25T02:00:00+00:00,59,6,2.4,12.706672138380869,November-December 2022
22,PM2.5 station-temporal Transformer,2022-12-25T03:00:00+00:00,59,6,8.9,23.39586635093194,November-December 2022
22,PM2.5 station-temporal Transformer,2022-12-24T09:00:00+00:00,1069,1,4.0,2.4534238658363297,November-December 2022
22,PM2.5 station-temporal Transformer,2022-12-25T18:00:00+00:00,32,1,6.0,7.595967690803996,November-December 2022
22,PM2.5 station-temporal Transformer,2022-12-25T23:00:00+00:00,59,6,1.5,3.279262589405953,November-December 2022
22,PM2.5 station-temporal Transformer,2022-12-26T00:00:00+00:00,59,6,-1.1,2.1139085848570467,November-December 2022
22,PM2.5 station-temporal Transformer,2022-12-26T01:00:00+00:00,59,6,6.6,5.540392971581881,November-December 2022
22,PM2.5 station-temporal Transformer,2022-12-26T02:00:00+00:00,59,6,3.8,5.473856841734342,November-December 2022
22,PM2.5 station-temporal Transformer,2022-12-26T03:00:00+00:00,59,6,2.0,7.919017751613228,November-December 2022
22,PM2.5 station-temporal Transformer,2022-12-26T04:00:00+00:00,59,6,5.9,10.852468385571584,November-December 2022
22,PM2.5 station-temporal Transformer,2022-12-25T10:00:00+00:00,1069,1,19.0,16.69599700890563,November-December 2022
22,PM2.5 station-temporal Transformer,2022-12-26T23:00:00+00:00,32,3,2.0,4.727595489062723,November-December 2022
22,PM2.5 station-temporal Transformer,2022-12-27T00:00:00+00:00,32,3,1.0,3.121544755725237,November-December 2022
22,PM2.5 station-temporal Transformer,2022-12-27T01:00:00+00:00,32,3,6.0,4.206303227959903,November-December 2022
22,PM2.5 station-temporal Transformer,2022-12-26T20:00:00+00:00,59,3,0.4,3.827038384177509,November-December 2022
22,PM2.5 station-temporal Transformer,2022-12-26T21:00:00+00:00,59,3,4.0,3.5981050556000067,November-December 2022
22,PM2.5 station-temporal Transformer,2022-12-26T22:00:00+00:00,59,3,4.8,3.738364438032213,November-December 2022
22,PM2.5 station-temporal Transformer,2022-12-26T08:00:00+00:00,1069,6,28.0,15.17269876439924,November-December 2022
22,PM2.5 station-temporal Transformer,2022-12-26T09:00:00+00:00,1069,6,25.0,11.925532374862648,November-December 2022
22,PM2.5 station-temporal Transformer,2022-12-26T10:00:00+00:00,1069,6,17.0,12.23968849424016,November-December 2022
22,PM2.5 station-temporal Transformer,2022-12-26T11:00:00+00:00,1069,6,18.0,11.896504904255323,November-December 2022
22,PM2.5 station-temporal Transformer,2022-12-26T12:00:00+00:00,1069,6,21.0,11.204377122159762,November-December 2022
22,PM2.5 station-temporal Transformer,2022-12-26T13:00:00+00:00,1069,6,8.0,12.296874811608548,November-December 2022
22,PM2.5 station-temporal Transformer,2022-12-27T10:00:00+00:00,32,1,3.0,4.605657654600754,November-December 2022
22,PM2.5 station-temporal Transformer,2022-12-28T01:00:00+00:00,59,3,5.9,1.2603870872549257,November-December 2022
22,PM2.5 station-temporal Transformer,2022-12-28T02:00:00+00:00,59,3,4.3,1.6691078303285858,November-December 2022
22,PM2.5 station-temporal Transformer,2022-12-28T03:00:00+00:00,59,3,3.1,2.011138901863492,November-December 2022
22,PM2.5 station-temporal Transformer,2022-12-27T08:00:00+00:00,1069,3,-1.0,6.517077932281289,November-December 2022
22,PM2.5 station-temporal Transformer,2022-12-27T09:00:00+00:00,1069,3,1.0,5.727622973932459,November-December 2022
22,PM2.5 station-temporal Transformer,2022-12-27T10:00:00+00:00,1069,3,5.0,6.128987234957992,November-December 2022
22,PM2.5 station-temporal Transformer,2022-12-28T13:00:00+00:00,32,6,4.0,6.178855926556195,November-December 2022
22,PM2.5 station-temporal Transformer,2022-12-28T14:00:00+00:00,32,6,3.0,10.22597978015151,November-December 2022
22,PM2.5 station-temporal Transformer,2022-12-28T15:00:00+00:00,32,6,21.0,11.04715578163294,November-December 2022
22,PM2.5 station-temporal Transformer,2022-12-28T16:00:00+00:00,32,6,9.0,11.49933099894751,November-December 2022
22,PM2.5 station-temporal Transformer,2022-12-28T17:00:00+00:00,32,6,8.0,11.68271216879466,November-December 2022
22,PM2.5 station-temporal Transformer,2022-12-28T18:00:00+00:00,32,6,7.0,11.317601802169325,November-December 2022
22,PM2.5 station-temporal Transformer,2022-12-28T07:00:00+00:00,59,6,2.5,3.117738254235721,November-December 2022
22,PM2.5 station-temporal Transformer,2022-12-28T08:00:00+00:00,59,6,2.3,3.082008378796369,November-December 2022
22,PM2.5 station-temporal Transformer,2022-12-28T09:00:00+00:00,59,6,2.5,4.244197824319906,November-December 2022
22,PM2.5 station-temporal Transformer,2022-12-28T10:00:00+00:00,59,6,1.2,4.49738254867906,November-December 2022
22,PM2.5 station-temporal Transformer,2022-12-28T11:00:00+00:00,59,6,3.4,4.047865625851111,November-December 2022
22,PM2.5 station-temporal Transformer,2022-12-28T12:00:00+00:00,59,6,3.3,3.845799045262059,November-December 2022
22,PM2.5 station-temporal Transformer,2022-12-28T12:00:00+00:00,1069,1,17.0,8.835286580497101,November-December 2022
22,PM2.5 station-temporal Transformer,2022-12-29T11:00:00+00:00,32,1,9.0,10.166386528818814,November-December 2022
22,PM2.5 station-temporal Transformer,2022-12-29T22:00:00+00:00,59,3,10.1,8.834078749529045,November-December 2022
22,PM2.5 station-temporal Transformer,2022-12-29T23:00:00+00:00,59,3,10.8,8.543943626634249,November-December 2022
22,PM2.5 station-temporal Transformer,2022-12-30T00:00:00+00:00,59,3,8.3,6.53981936624397,November-December 2022
22,PM2.5 station-temporal Transformer,2022-12-29T08:00:00+00:00,1069,1,10.0,8.865018410141909,November-December 2022
22,PM2.5 station-temporal Transformer,2022-12-30T09:00:00+00:00,32,3,2.0,3.89922784923813,November-December 2022
22,PM2.5 station-temporal Transformer,2022-12-30T10:00:00+00:00,32,3,7.0,4.689223592787332,November-December 2022
22,PM2.5 station-temporal Transformer,2022-12-30T11:00:00+00:00,32,3,2.0,4.204040360281432,November-December 2022
22,PM2.5 station-temporal Transformer,2022-12-30T16:00:00+00:00,59,6,8.2,2.8691645430723955,November-December 2022
22,PM2.5 station-temporal Transformer,2022-12-30T17:00:00+00:00,59,6,2.7,1.7146784708854792,November-December 2022
22,PM2.5 station-temporal Transformer,2022-12-30T18:00:00+00:00,59,6,2.9,1.276590498137419,November-December 2022
22,PM2.5 station-temporal Transformer,2022-12-30T19:00:00+00:00,59,6,1.3,2.457064358805016,November-December 2022
22,PM2.5 station-temporal Transformer,2022-12-30T20:00:00+00:00,59,6,1.3,2.040753398430196,November-December 2022
22,PM2.5 station-temporal Transformer,2022-12-30T21:00:00+00:00,59,6,2.4,1.6016645472136002,November-December 2022
22,PM2.5 station-temporal Transformer,2022-12-30T10:00:00+00:00,1069,6,6.0,5.353269469044929,November-December 2022
22,PM2.5 station-temporal Transformer,2022-12-30T11:00:00+00:00,1069,6,9.0,5.449017164358542,November-December 2022
22,PM2.5 station-temporal Transformer,2022-12-30T12:00:00+00:00,1069,6,9.0,4.874516485189243,November-December 2022
22,PM2.5 station-temporal Transformer,2022-12-30T13:00:00+00:00,1069,6,8.0,7.6486723588865075,November-December 2022
22,PM2.5 station-temporal Transformer,2022-12-30T14:00:00+00:00,1069,6,6.0,7.8872845988429106,November-December 2022
22,PM2.5 station-temporal Transformer,2022-12-30T15:00:00+00:00,1069,6,13.0,8.377548460582442,November-December 2022
22,PM2.5 station-temporal Transformer,2022-12-31T17:00:00+00:00,32,3,4.0,9.224074190691098,November-December 2022
22,PM2.5 station-temporal Transformer,2022-12-31T18:00:00+00:00,32,3,4.0,8.546862728702637,November-December 2022
22,PM2.5 station-temporal Transformer,2022-12-31T19:00:00+00:00,32,3,4.0,7.697630700463272,November-December 2022
22,PM2.5 station-temporal Transformer,2022-12-31T07:00:00+00:00,59,6,10.5,6.9222499046647386,November-December 2022
22,PM2.5 station-temporal Transformer,2022-12-31T08:00:00+00:00,59,6,9.9,7.079204660035964,November-December 2022
22,PM2.5 station-temporal Transformer,2022-12-31T09:00:00+00:00,59,6,7.7,5.616823777587426,November-December 2022
22,PM2.5 station-temporal Transformer,2022-12-31T10:00:00+00:00,59,6,10.8,5.345633908703714,November-December 2022
22,PM2.5 station-temporal Transformer,2022-12-31T11:00:00+00:00,59,6,7.0,5.494472766504668,November-December 2022
22,PM2.5 station-temporal Transformer,2022-12-31T12:00:00+00:00,59,6,4.2,4.804692052679821,November-December 2022
22,PM2.5 station-temporal Transformer,2022-12-31T10:00:00+00:00,1069,3,13.0,9.279364426823898,November-December 2022
22,PM2.5 station-temporal Transformer,2022-12-31T11:00:00+00:00,1069,3,12.0,9.991058510117092,November-December 2022
22,PM2.5 station-temporal Transformer,2022-12-31T12:00:00+00:00,1069,3,13.0,9.909310548847152,November-December 2022
33,PM2.5 station-temporal Transformer,2022-11-01T18:00:00+00:00,32,6,2.0,7.860286421635681,November-December 2022
33,PM2.5 station-temporal Transformer,2022-11-01T19:00:00+00:00,32,6,8.0,5.006792774039543,November-December 2022
33,PM2.5 station-temporal Transformer,2022-11-01T20:00:00+00:00,32,6,11.0,5.533875116892564,November-December 2022
33,PM2.5 station-temporal Transformer,2022-11-01T21:00:00+00:00,32,6,2.0,3.9048328177624567,November-December 2022
33,PM2.5 station-temporal Transformer,2022-11-01T22:00:00+00:00,32,6,3.0,4.331400356095631,November-December 2022
33,PM2.5 station-temporal Transformer,2022-11-01T23:00:00+00:00,32,6,2.0,3.6553823686545392,November-December 2022
33,PM2.5 station-temporal Transformer,2022-11-01T18:00:00+00:00,59,3,2.3,4.730734677590808,November-December 2022
33,PM2.5 station-temporal Transformer,2022-11-01T19:00:00+00:00,59,3,5.1,3.134416006074944,November-December 2022
33,PM2.5 station-temporal Transformer,2022-11-01T20:00:00+00:00,59,3,-0.2,3.968577153704248,November-December 2022
33,PM2.5 station-temporal Transformer,2022-11-01T22:00:00+00:00,1069,6,1.0,3.436837431356245,November-December 2022
33,PM2.5 station-temporal Transformer,2022-11-01T23:00:00+00:00,1069,6,0.0,1.7294658857612497,November-December 2022
33,PM2.5 station-temporal Transformer,2022-11-02T00:00:00+00:00,1069,6,-1.0,0.4640338727448529,November-December 2022
33,PM2.5 station-temporal Transformer,2022-11-02T01:00:00+00:00,1069,6,3.0,1.4502545984192912,November-December 2022
33,PM2.5 station-temporal Transformer,2022-11-02T02:00:00+00:00,1069,6,3.0,3.368013246964807,November-December 2022
33,PM2.5 station-temporal Transformer,2022-11-02T03:00:00+00:00,1069,6,-1.0,2.9166133509369407,November-December 2022
33,PM2.5 station-temporal Transformer,2022-11-02T12:00:00+00:00,32,1,10.0,5.434008523125155,November-December 2022
33,PM2.5 station-temporal Transformer,2022-11-02T18:00:00+00:00,59,3,10.4,9.468690657361542,November-December 2022
33,PM2.5 station-temporal Transformer,2022-11-02T19:00:00+00:00,59,3,8.9,8.37061739318813,November-December 2022
33,PM2.5 station-temporal Transformer,2022-11-02T20:00:00+00:00,59,3,5.3,8.527226346381966,November-December 2022
33,PM2.5 station-temporal Transformer,2022-11-02T14:00:00+00:00,1069,1,11.0,11.305289411866196,November-December 2022
33,PM2.5 station-temporal Transformer,2022-11-03T19:00:00+00:00,32,6,10.0,12.4386732839395,November-December 2022
33,PM2.5 station-temporal Transformer,2022-11-03T20:00:00+00:00,32,6,12.0,10.593116434301976,November-December 2022
33,PM2.5 station-temporal Transformer,2022-11-03T21:00:00+00:00,32,6,10.0,8.327113832953101,November-December 2022
33,PM2.5 station-temporal Transformer,2022-11-03T22:00:00+00:00,32,6,2.0,7.611802733163234,November-December 2022
33,PM2.5 station-temporal Transformer,2022-11-03T23:00:00+00:00,32,6,3.0,5.781232927018966,November-December 2022
33,PM2.5 station-temporal Transformer,2022-11-04T00:00:00+00:00,32,6,2.0,3.760852882740013,November-December 2022
33,PM2.5 station-temporal Transformer,2022-11-03T19:00:00+00:00,59,6,8.4,9.299298548756031,November-December 2022
33,PM2.5 station-temporal Transformer,2022-11-03T20:00:00+00:00,59,6,1.4,8.802819299483888,November-December 2022
33,PM2.5 station-temporal Transformer,2022-11-03T21:00:00+00:00,59,6,3.0,7.588594217176953,November-December 2022
33,PM2.5 station-temporal Transformer,2022-11-03T22:00:00+00:00,59,6,2.7,7.248245394386581,November-December 2022
33,PM2.5 station-temporal Transformer,2022-11-03T23:00:00+00:00,59,6,5.8,5.945753323299441,November-December 2022
33,PM2.5 station-temporal Transformer,2022-11-04T00:00:00+00:00,59,6,0.1,4.662151261694289,November-December 2022
33,PM2.5 station-temporal Transformer,2022-11-03T09:00:00+00:00,1069,3,14.0,11.018397321689724,November-December 2022
33,PM2.5 station-temporal Transformer,2022-11-03T10:00:00+00:00,1069,3,13.0,10.910102233015312,November-December 2022
33,PM2.5 station-temporal Transformer,2022-11-03T11:00:00+00:00,1069,3,13.0,11.376059789189917,November-December 2022
33,PM2.5 station-temporal Transformer,2022-11-04T15:00:00+00:00,32,6,8.0,5.0058217157583975,November-December 2022
33,PM2.5 station-temporal Transformer,2022-11-04T16:00:00+00:00,32,6,4.0,6.074606153483481,November-December 2022
33,PM2.5 station-temporal Transformer,2022-11-04T17:00:00+00:00,32,6,8.0,6.33076931549344,November-December 2022
33,PM2.5 station-temporal Transformer,2022-11-04T18:00:00+00:00,32,6,9.0,6.124925504733491,November-December 2022
33,PM2.5 station-temporal Transformer,2022-11-04T19:00:00+00:00,32,6,12.0,7.23412122883737,November-December 2022
33,PM2.5 station-temporal Transformer,2022-11-04T20:00:00+00:00,32,6,10.0,5.836250338735395,November-December 2022
33,PM2.5 station-temporal Transformer,2022-11-04T11:00:00+00:00,59,3,6.1,4.893350187459892,November-December 2022
33,PM2.5 station-temporal Transformer,2022-11-04T12:00:00+00:00,59,3,5.8,3.319741208367124,November-December 2022
33,PM2.5 station-temporal Transformer,2022-11-04T13:00:00+00:00,59,3,4.3,4.189891690224161,November-December 2022
33,PM2.5 station-temporal Transformer,2022-11-04T07:00:00+00:00,1069,3,6.0,3.5491048974672363,November-December 2022
33,PM2.5 station-temporal Transformer,2022-11-04T08:00:00+00:00,1069,3,2.0,3.0021019760217484,November-December 2022
33,PM2.5 station-temporal Transformer,2022-11-04T09:00:00+00:00,1069,3,8.0,3.001939977976656,November-December 2022
33,PM2.5 station-temporal Transformer,2022-11-05T09:00:00+00:00,32,1,2.0,0.1164954719890847,November-December 2022
33,PM2.5 station-temporal Transformer,2022-11-05T12:00:00+00:00,59,6,0.1,1.530910402320326,November-December 2022
33,PM2.5 station-temporal Transformer,2022-11-05T13:00:00+00:00,59,6,0.3,0.1912484785681671,November-December 2022
33,PM2.5 station-temporal Transformer,2022-11-05T14:00:00+00:00,59,6,0.0,2.628834077643829,November-December 2022
33,PM2.5 station-temporal Transformer,2022-11-05T15:00:00+00:00,59,6,7.1,2.924675388899205,November-December 2022
33,PM2.5 station-temporal Transformer,2022-11-05T16:00:00+00:00,59,6,3.2,2.304742238195316,November-December 2022
33,PM2.5 station-temporal Transformer,2022-11-05T17:00:00+00:00,59,6,3.8,2.437333298992121,November-December 2022
33,PM2.5 station-temporal Transformer,2022-11-05T07:00:00+00:00,1069,1,1.0,2.1172746984264803,November-December 2022
33,PM2.5 station-temporal Transformer,2022-11-06T20:00:00+00:00,32,6,12.0,10.081566831122222,November-December 2022
33,PM2.5 station-temporal Transformer,2022-11-06T21:00:00+00:00,32,6,6.0,9.732366610834797,November-December 2022
33,PM2.5 station-temporal Transformer,2022-11-06T22:00:00+00:00,32,6,1.0,8.493089275767671,November-December 2022
33,PM2.5 station-temporal Transformer,2022-11-06T23:00:00+00:00,32,6,-5.0,6.162990066932855,November-December 2022
33,PM2.5 station-temporal Transformer,2022-11-07T00:00:00+00:00,32,6,3.0,4.225760451878212,November-December 2022
33,PM2.5 station-temporal Transformer,2022-11-07T01:00:00+00:00,32,6,9.0,4.720779213381993,November-December 2022
33,PM2.5 station-temporal Transformer,2022-11-07T00:00:00+00:00,59,1,4.2,4.942888337697823,November-December 2022
33,PM2.5 station-temporal Transformer,2022-11-06T07:00:00+00:00,1069,3,6.0,6.016979288103319,November-December 2022
33,PM2.5 station-temporal Transformer,2022-11-06T08:00:00+00:00,1069,3,9.0,5.510487362867135,November-December 2022
33,PM2.5 station-temporal Transformer,2022-11-06T09:00:00+00:00,1069,3,6.0,6.801379867147223,November-December 2022
33,PM2.5 station-temporal Transformer,2022-11-07T18:00:00+00:00,32,1,6.0,7.556279457104749,November-December 2022
33,PM2.5 station-temporal Transformer,2022-11-07T14:00:00+00:00,59,6,5.4,5.31448304273299,November-December 2022
33,PM2.5 station-temporal Transformer,2022-11-07T15:00:00+00:00,59,6,5.6,5.688726818187538,November-December 2022
33,PM2.5 station-temporal Transformer,2022-11-07T16:00:00+00:00,59,6,3.6,7.028269728079169,November-December 2022
33,PM2.5 station-temporal Transformer,2022-11-07T17:00:00+00:00,59,6,1.5,5.830088043227664,November-December 2022
33,PM2.5 station-temporal Transformer,2022-11-07T18:00:00+00:00,59,6,7.0,5.273233476843353,November-December 2022
33,PM2.5 station-temporal Transformer,2022-11-07T19:00:00+00:00,59,6,2.1,6.259306602078407,November-December 2022
33,PM2.5 station-temporal Transformer,2022-11-07T15:00:00+00:00,1069,1,9.0,8.667190487723378,November-December 2022
33,PM2.5 station-temporal Transformer,2022-11-08T08:00:00+00:00,32,6,1.0,2.675770724411633,November-December 2022
33,PM2.5 station-temporal Transformer,2022-11-08T09:00:00+00:00,32,6,2.0,2.075556498145533,November-December 2022
33,PM2.5 station-temporal Transformer,2022-11-08T10:00:00+00:00,32,6,4.0,3.131307329567281,November-December 2022
33,PM2.5 station-temporal Transformer,2022-11-08T11:00:00+00:00,32,6,0.0,3.361752960579583,November-December 2022
33,PM2.5 station-temporal Transformer,2022-11-08T12:00:00+00:00,32,6,7.0,3.278730831801746,November-December 2022
33,PM2.5 station-temporal Transformer,2022-11-08T13:00:00+00:00,32,6,8.0,3.442998589384532,November-December 2022
33,PM2.5 station-temporal Transformer,2022-11-09T01:00:00+00:00,59,3,5.2,2.569411919156961,November-December 2022
33,PM2.5 station-temporal Transformer,2022-11-09T02:00:00+00:00,59,3,3.2,2.222345975539189,November-December 2022
33,PM2.5 station-temporal Transformer,2022-11-09T03:00:00+00:00,59,3,5.2,3.412571067087515,November-December 2022
33,PM2.5 station-temporal Transformer,2022-11-08T11:00:00+00:00,1069,3,3.0,3.947446000944789,November-December 2022
33,PM2.5 station-temporal Transformer,2022-11-08T12:00:00+00:00,1069,3,4.0,4.236999775419369,November-December 2022
33,PM2.5 station-temporal Transformer,2022-11-08T13:00:00+00:00,1069,3,5.0,6.362796353771448,November-December 2022
33,PM2.5 station-temporal Transformer,2022-11-10T03:00:00+00:00,32,1,4.0,2.17814654142295,November-December 2022
33,PM2.5 station-temporal Transformer,2022-11-09T15:00:00+00:00,59,3,7.9,6.232833328485991,November-December 2022
33,PM2.5 station-temporal Transformer,2022-11-09T16:00:00+00:00,59,3,9.2,5.802939167144068,November-December 2022
33,PM2.5 station-temporal Transformer,2022-11-09T17:00:00+00:00,59,3,6.5,6.772026409416403,November-December 2022
33,PM2.5 station-temporal Transformer,2022-11-09T11:00:00+00:00,1069,1,2.0,4.1626334041767725,November-December 2022
33,PM2.5 station-temporal Transformer,2022-11-10T12:00:00+00:00,32,3,6.0,3.4555414255159844,November-December 2022
33,PM2.5 station-temporal Transformer,2022-11-10T13:00:00+00:00,32,3,8.0,3.076499559103258,November-December 2022
33,PM2.5 station-temporal Transformer,2022-11-10T14:00:00+00:00,32,3,7.0,5.865947279986223,November-December 2022
33,PM2.5 station-temporal Transformer,2022-11-10T12:00:00+00:00,59,1,3.9,3.4657978373837324,November-December 2022
33,PM2.5 station-temporal Transformer,2022-11-11T00:00:00+00:00,1069,1,5.0,1.5791639383317984,November-December 2022
33,PM2.5 station-temporal Transformer,2022-11-11T13:00:00+00:00,32,3,2.0,4.147699273697311,November-December 2022
33,PM2.5 station-temporal Transformer,2022-11-11T14:00:00+00:00,32,3,5.0,7.562679490078826,November-December 2022
33,PM2.5 station-temporal Transformer,2022-11-11T15:00:00+00:00,32,3,10.0,7.69202971512274,November-December 2022
33,PM2.5 station-temporal Transformer,2022-11-12T00:00:00+00:00,59,3,1.5,0.8781437134887708,November-December 2022
33,PM2.5 station-temporal Transformer,2022-11-12T01:00:00+00:00,59,3,3.3,1.897090191012116,November-December 2022
33,PM2.5 station-temporal Transformer,2022-11-12T02:00:00+00:00,59,3,1.6,1.156589094026665,November-December 2022
33,PM2.5 station-temporal Transformer,2022-11-11T10:00:00+00:00,1069,3,1.0,4.427152435981296,November-December 2022
33,PM2.5 station-temporal Transformer,2022-11-11T11:00:00+00:00,1069,3,3.0,5.271962166636454,November-December 2022
33,PM2.5 station-temporal Transformer,2022-11-11T12:00:00+00:00,1069,3,4.0,5.658574934033436,November-December 2022
33,PM2.5 station-temporal Transformer,2022-11-12T13:00:00+00:00,32,1,5.0,0.8306492996553576,November-December 2022
33,PM2.5 station-temporal Transformer,2022-11-12T18:00:00+00:00,59,1,-1.9,0.8036039848637264,November-December 2022
33,PM2.5 station-temporal Transformer,2022-11-12T19:00:00+00:00,1069,6,3.0,3.4794703198701207,November-December 2022
33,PM2.5 station-temporal Transformer,2022-11-12T20:00:00+00:00,1069,6,1.0,3.6466446457821657,November-December 2022
33,PM2.5 station-temporal Transformer,2022-11-12T21:00:00+00:00,1069,6,4.0,3.231020124006113,November-December 2022
33,PM2.5 station-temporal Transformer,2022-11-12T22:00:00+00:00,1069,6,1.0,1.7705618077477991,November-December 2022
33,PM2.5 station-temporal Transformer,2022-11-12T23:00:00+00:00,1069,6,-3.0,0.0992368420870732,November-December 2022
33,PM2.5 station-temporal Transformer,2022-11-13T00:00:00+00:00,1069,6,-3.0,1.394895594820739,November-December 2022
33,PM2.5 station-temporal Transformer,2022-11-13T19:00:00+00:00,32,6,4.0,6.621506932132707,November-December 2022
33,PM2.5 station-temporal Transformer,2022-11-13T20:00:00+00:00,32,6,2.0,5.286972018642631,November-December 2022
33,PM2.5 station-temporal Transformer,2022-11-13T21:00:00+00:00,32,6,3.0,4.757703327168267,November-December 2022
33,PM2.5 station-temporal Transformer,2022-11-13T22:00:00+00:00,32,6,4.0,4.273943558766204,November-December 2022
33,PM2.5 station-temporal Transformer,2022-11-13T23:00:00+00:00,32,6,1.0,4.199075216859447,November-December 2022
33,PM2.5 station-temporal Transformer,2022-11-14T00:00:00+00:00,32,6,1.0,1.837900885180484,November-December 2022
33,PM2.5 station-temporal Transformer,2022-11-13T23:00:00+00:00,59,3,3.0,1.4860727995150356,November-December 2022
33,PM2.5 station-temporal Transformer,2022-11-14T00:00:00+00:00,59,3,1.2,0.34112955298529,November-December 2022
33,PM2.5 station-temporal Transformer,2022-11-14T01:00:00+00:00,59,3,3.4,1.4132822269802237,November-December 2022
33,PM2.5 station-temporal Transformer,2022-11-14T01:00:00+00:00,1069,1,0.0,1.3669513350223932,November-December 2022
33,PM2.5 station-temporal Transformer,2022-11-14T18:00:00+00:00,32,1,4.0,7.540915793101546,November-December 2022
33,PM2.5 station-temporal Transformer,2022-11-14T20:00:00+00:00,59,3,4.1,4.579502969686455,November-December 2022
33,PM2.5 station-temporal Transformer,2022-11-14T21:00:00+00:00,59,3,2.5,5.515169843583252,November-December 2022
33,PM2.5 station-temporal Transformer,2022-11-14T22:00:00+00:00,59,3,6.0,6.27798001490666,November-December 2022
33,PM2.5 station-temporal Transformer,2022-11-14T23:00:00+00:00,1069,1,3.0,3.8449790135817175,November-December 2022
33,PM2.5 station-temporal Transformer,2022-11-15T10:00:00+00:00,32,1,2.0,3.046304090954208,November-December 2022
33,PM2.5 station-temporal Transformer,2022-11-16T04:00:00+00:00,59,1,2.9,4.280212685330048,November-December 2022
33,PM2.5 station-temporal Transformer,2022-11-15T17:00:00+00:00,1069,3,12.0,7.245847294593656,November-December 2022
33,PM2.5 station-temporal Transformer,2022-11-15T18:00:00+00:00,1069,3,8.0,5.538030254374654,November-December 2022
33,PM2.5 station-temporal Transformer,2022-11-15T19:00:00+00:00,1069,3,7.0,6.288485190817852,November-December 2022
33,PM2.5 station-temporal Transformer,2022-11-16T19:00:00+00:00,32,3,3.0,6.125522982302848,November-December 2022
33,PM2.5 station-temporal Transformer,2022-11-16T20:00:00+00:00,32,3,8.0,5.953099760718963,November-December 2022
33,PM2.5 station-temporal Transformer,2022-11-16T21:00:00+00:00,32,3,2.0,5.853800456180565,November-December 2022
33,PM2.5 station-temporal Transformer,2022-11-16T21:00:00+00:00,59,1,6.3,2.8539094331066064,November-December 2022
33,PM2.5 station-temporal Transformer,2022-11-16T21:00:00+00:00,1069,3,4.0,5.597598789264356,November-December 2022
33,PM2.5 station-temporal Transformer,2022-11-16T22:00:00+00:00,1069,3,-1.0,2.7989503827718414,November-December 2022
33,PM2.5 station-temporal Transformer,2022-11-16T23:00:00+00:00,1069,3,0.0,1.5003813069494631,November-December 2022
33,PM2.5 station-temporal Transformer,2022-11-17T08:00:00+00:00,32,3,6.0,4.153857695127991,November-December 2022
33,PM2.5 station-temporal Transformer,2022-11-17T09:00:00+00:00,32,3,6.0,4.419154507222776,November-December 2022
33,PM2.5 station-temporal Transformer,2022-11-17T10:00:00+00:00,32,3,4.0,3.7998926960455695,November-December 2022
33,PM2.5 station-temporal Transformer,2022-11-17T08:00:00+00:00,59,3,4.7,2.3503159267262284,November-December 2022
33,PM2.5 station-temporal Transformer,2022-11-17T09:00:00+00:00,59,3,3.6,2.8711221043861874,November-December 2022
33,PM2.5 station-temporal Transformer,2022-11-17T10:00:00+00:00,59,3,4.1,2.42811508256799,November-December 2022
33,PM2.5 station-temporal Transformer,2022-11-17T12:00:00+00:00,1069,6,6.0,5.620957940214271,November-December 2022
33,PM2.5 station-temporal Transformer,2022-11-17T13:00:00+00:00,1069,6,9.0,7.66166000812856,November-December 2022
33,PM2.5 station-temporal Transformer,2022-11-17T14:00:00+00:00,1069,6,13.0,9.333620020230358,November-December 2022
33,PM2.5 station-temporal Transformer,2022-11-17T15:00:00+00:00,1069,6,6.0,6.439217924093583,November-December 2022
33,PM2.5 station-temporal Transformer,2022-11-17T16:00:00+00:00,1069,6,10.0,8.883256186326706,November-December 2022
33,PM2.5 station-temporal Transformer,2022-11-17T17:00:00+00:00,1069,6,5.0,5.088528798123985,November-December 2022
33,PM2.5 station-temporal Transformer,2022-11-18T09:00:00+00:00,32,6,4.0,5.015242993641524,November-December 2022
33,PM2.5 station-temporal Transformer,2022-11-18T10:00:00+00:00,32,6,6.0,4.914022327024825,November-December 2022
33,PM2.5 station-temporal Transformer,2022-11-18T11:00:00+00:00,32,6,6.0,4.598792742149466,November-December 2022
33,PM2.5 station-temporal Transformer,2022-11-18T12:00:00+00:00,32,6,9.0,5.062098652119282,November-December 2022
33,PM2.5 station-temporal Transformer,2022-11-18T13:00:00+00:00,32,6,8.0,4.448609941750833,November-December 2022
33,PM2.5 station-temporal Transformer,2022-11-18T14:00:00+00:00,32,6,8.0,5.639802019984527,November-December 2022
33,PM2.5 station-temporal Transformer,2022-11-18T21:00:00+00:00,59,3,4.6,2.4712385809842674,November-December 2022
33,PM2.5 station-temporal Transformer,2022-11-18T22:00:00+00:00,59,3,4.7,2.30855868266403,November-December 2022
33,PM2.5 station-temporal Transformer,2022-11-18T23:00:00+00:00,59,3,5.7,2.9040577496434947,November-December 2022
33,PM2.5 station-temporal Transformer,2022-11-18T16:00:00+00:00,1069,3,7.0,7.984435068273362,November-December 2022
33,PM2.5 station-temporal Transformer,2022-11-18T17:00:00+00:00,1069,3,5.0,6.216996501266823,November-December 2022
33,PM2.5 station-temporal Transformer,2022-11-18T18:00:00+00:00,1069,3,3.0,6.500936358412568,November-December 2022
33,PM2.5 station-temporal Transformer,2022-11-19T10:00:00+00:00,32,6,6.0,4.900099632170035,November-December 2022
33,PM2.5 station-temporal Transformer,2022-11-19T11:00:00+00:00,32,6,3.0,4.5273436490694525,November-December 2022
33,PM2.5 station-temporal Transformer,2022-11-19T12:00:00+00:00,32,6,6.0,3.674161193480061,November-December 2022
33,PM2.5 station-temporal Transformer,2022-11-19T13:00:00+00:00,32,6,9.0,3.99957640824482,November-December 2022
33,PM2.5 station-temporal Transformer,2022-11-19T14:00:00+00:00,32,6,8.0,4.819886696174439,November-December 2022
33,PM2.5 station-temporal Transformer,2022-11-19T15:00:00+00:00,32,6,10.0,4.524009095308681,November-December 2022
33,PM2.5 station-temporal Transformer,2022-11-19T13:00:00+00:00,59,6,3.7,3.9760420230738713,November-December 2022
33,PM2.5 station-temporal Transformer,2022-11-19T14:00:00+00:00,59,6,9.7,3.573548290921312,November-December 2022
33,PM2.5 station-temporal Transformer,2022-11-19T15:00:00+00:00,59,6,3.0,4.350759186993269,November-December 2022
33,PM2.5 station-temporal Transformer,2022-11-19T16:00:00+00:00,59,6,3.9,4.662812862554818,November-December 2022
33,PM2.5 station-temporal Transformer,2022-11-19T17:00:00+00:00,59,6,4.7,4.461549232621433,November-December 2022
33,PM2.5 station-temporal Transformer,2022-11-19T18:00:00+00:00,59,6,7.1,3.383143639926236,November-December 2022
33,PM2.5 station-temporal Transformer,2022-11-19T11:00:00+00:00,1069,1,4.0,4.7685028689832265,November-December 2022
33,PM2.5 station-temporal Transformer,2022-11-20T21:00:00+00:00,32,3,0.0,4.28831027379359,November-December 2022
33,PM2.5 station-temporal Transformer,2022-11-20T22:00:00+00:00,32,3,5.0,4.649887346750874,November-December 2022
33,PM2.5 station-temporal Transformer,2022-11-20T23:00:00+00:00,32,3,4.0,5.121812027889607,November-December 2022
33,PM2.5 station-temporal Transformer,2022-11-20T13:00:00+00:00,59,6,2.7,2.3083868531287006,November-December 2022
33,PM2.5 station-temporal Transformer,2022-11-20T14:00:00+00:00,59,6,2.1,2.159769163942511,November-December 2022
33,PM2.5 station-temporal Transformer,2022-11-20T15:00:00+00:00,59,6,4.0,2.05905114846059,November-December 2022
33,PM2.5 station-temporal Transformer,2022-11-20T16:00:00+00:00,59,6,2.9,1.8583923508716271,November-December 2022
33,PM2.5 station-temporal Transformer,2022-11-20T17:00:00+00:00,59,6,2.7,2.316657530629633,November-December 2022
33,PM2.5 station-temporal Transformer,2022-11-20T18:00:00+00:00,59,6,4.6,1.6154722505170511,November-December 2022
33,PM2.5 station-temporal Transformer,2022-11-21T00:00:00+00:00,1069,3,5.0,2.1776459698978377,November-December 2022
33,PM2.5 station-temporal Transformer,2022-11-21T01:00:00+00:00,1069,3,5.0,2.8425762145272837,November-December 2022
33,PM2.5 station-temporal Transformer,2022-11-21T02:00:00+00:00,1069,3,4.0,4.278251650747836,November-December 2022
33,PM2.5 station-temporal Transformer,2022-11-21T19:00:00+00:00,32,6,7.0,6.579039903632816,November-December 2022
33,PM2.5 station-temporal Transformer,2022-11-21T20:00:00+00:00,32,6,5.0,6.969408057989284,November-December 2022
33,PM2.5 station-temporal Transformer,2022-11-21T21:00:00+00:00,32,6,7.0,7.1656094193448165,November-December 2022
33,PM2.5 station-temporal Transformer,2022-11-21T22:00:00+00:00,32,6,3.0,6.496848373497013,November-December 2022
33,PM2.5 station-temporal Transformer,2022-11-21T23:00:00+00:00,32,6,7.0,6.741209990844027,November-December 2022
33,PM2.5 station-temporal Transformer,2022-11-22T00:00:00+00:00,32,6,8.0,7.667398545095051,November-December 2022
33,PM2.5 station-temporal Transformer,2022-11-21T16:00:00+00:00,59,3,5.7,3.6529643969802255,November-December 2022
33,PM2.5 station-temporal Transformer,2022-11-21T17:00:00+00:00,59,3,6.5,2.8855870270875146,November-December 2022
33,PM2.5 station-temporal Transformer,2022-11-21T18:00:00+00:00,59,3,7.0,3.793146437071696,November-December 2022
33,PM2.5 station-temporal Transformer,2022-11-21T21:00:00+00:00,1069,3,6.0,9.008428187011091,November-December 2022
33,PM2.5 station-temporal Transformer,2022-11-21T22:00:00+00:00,1069,3,10.0,7.401960015185345,November-December 2022
33,PM2.5 station-temporal Transformer,2022-11-21T23:00:00+00:00,1069,3,8.0,6.100626293620775,November-December 2022
33,PM2.5 station-temporal Transformer,2022-11-22T23:00:00+00:00,32,6,11.0,9.160206092170275,November-December 2022
33,PM2.5 station-temporal Transformer,2022-11-23T00:00:00+00:00,32,6,12.0,8.419222128072093,November-December 2022
33,PM2.5 station-temporal Transformer,2022-11-23T01:00:00+00:00,32,6,9.0,8.035463595531798,November-December 2022
33,PM2.5 station-temporal Transformer,2022-11-23T02:00:00+00:00,32,6,13.0,8.215301723392656,November-December 2022
33,PM2.5 station-temporal Transformer,2022-11-23T03:00:00+00:00,32,6,9.0,8.339494039883,November-December 2022
33,PM2.5 station-temporal Transformer,2022-11-23T04:00:00+00:00,32,6,6.0,7.973192386840867,November-December 2022
33,PM2.5 station-temporal Transformer,2022-11-22T19:00:00+00:00,59,6,1.5,5.919746294482764,November-December 2022
33,PM2.5 station-temporal Transformer,2022-11-22T20:00:00+00:00,59,6,1.5,6.589808426138358,November-December 2022
33,PM2.5 station-temporal Transformer,2022-11-22T21:00:00+00:00,59,6,3.1,7.21349425197953,November-December 2022
33,PM2.5 station-temporal Transformer,2022-11-22T22:00:00+00:00,59,6,3.2,6.698622051113488,November-December 2022
33,PM2.5 station-temporal Transformer,2022-11-22T23:00:00+00:00,59,6,3.3,6.106150098580968,November-December 2022
33,PM2.5 station-temporal Transformer,2022-11-23T00:00:00+00:00,59,6,5.6,5.788736560706763,November-December 2022
33,PM2.5 station-temporal Transformer,2022-11-22T16:00:00+00:00,1069,1,11.0,10.655027646941695,November-December 2022
33,PM2.5 station-temporal Transformer,2022-11-23T13:00:00+00:00,32,6,7.0,12.174655493125645,November-December 2022
33,PM2.5 station-temporal Transformer,2022-11-23T14:00:00+00:00,32,6,13.0,13.470560651599868,November-December 2022
33,PM2.5 station-temporal Transformer,2022-11-23T15:00:00+00:00,32,6,10.0,12.761617247620894,November-December 2022
33,PM2.5 station-temporal Transformer,2022-11-23T16:00:00+00:00,32,6,11.0,14.115381504987912,November-December 2022
33,PM2.5 station-temporal Transformer,2022-11-23T17:00:00+00:00,32,6,15.0,13.630933693995454,November-December 2022
33,PM2.5 station-temporal Transformer,2022-11-23T18:00:00+00:00,32,6,13.0,15.833761794907094,November-December 2022
33,PM2.5 station-temporal Transformer,2022-11-24T00:00:00+00:00,59,3,9.7,14.669989170111036,November-December 2022
33,PM2.5 station-temporal Transformer,2022-11-24T01:00:00+00:00,59,3,7.5,17.483121363036055,November-December 2022
33,PM2.5 station-temporal Transformer,2022-11-24T02:00:00+00:00,59,3,8.9,14.585369791404702,November-December 2022
33,PM2.5 station-temporal Transformer,2022-11-23T19:00:00+00:00,1069,3,12.0,17.604766549817104,November-December 2022
33,PM2.5 station-temporal Transformer,2022-11-23T20:00:00+00:00,1069,3,7.0,13.77578317387816,November-December 2022
33,PM2.5 station-temporal Transformer,2022-11-23T21:00:00+00:00,1069,3,11.0,16.27296853170048,November-December 2022
33,PM2.5 station-temporal Transformer,2022-11-24T20:00:00+00:00,32,3,-1.0,7.38545558863547,November-December 2022
33,PM2.5 station-temporal Transformer,2022-11-24T21:00:00+00:00,32,3,8.0,6.419290124680634,November-December 2022
33,PM2.5 station-temporal Transformer,2022-11-24T22:00:00+00:00,32,3,6.0,6.239013112857863,November-December 2022
33,PM2.5 station-temporal Transformer,2022-11-24T10:00:00+00:00,59,1,8.9,4.689790290099838,November-December 2022
33,PM2.5 station-temporal Transformer,2022-11-24T16:00:00+00:00,1069,1,7.0,8.032803171159786,November-December 2022
33,PM2.5 station-temporal Transformer,2022-11-25T07:00:00+00:00,32,6,-1.0,2.2734943179947464,November-December 2022
33,PM2.5 station-temporal Transformer,2022-11-25T08:00:00+00:00,32,6,0.0,2.9605214061646885,November-December 2022
33,PM2.5 station-temporal Transformer,2022-11-25T09:00:00+00:00,32,6,0.0,3.182633378111346,November-December 2022
33,PM2.5 station-temporal Transformer,2022-11-25T10:00:00+00:00,32,6,1.0,2.4812827610120136,November-December 2022
33,PM2.5 station-temporal Transformer,2022-11-25T11:00:00+00:00,32,6,1.0,2.7357918535404897,November-December 2022
33,PM2.5 station-temporal Transformer,2022-11-25T12:00:00+00:00,32,6,2.0,2.878227990380215,November-December 2022
33,PM2.5 station-temporal Transformer,2022-11-25T16:00:00+00:00,59,6,4.7,2.898433475584679,November-December 2022
33,PM2.5 station-temporal Transformer,2022-11-25T17:00:00+00:00,59,6,2.0,2.0399639731592387,November-December 2022
33,PM2.5 station-temporal Transformer,2022-11-25T18:00:00+00:00,59,6,3.2,1.8757688507547368,November-December 2022
33,PM2.5 station-temporal Transformer,2022-11-25T19:00:00+00:00,59,6,4.2,2.765785646271766,November-December 2022
33,PM2.5 station-temporal Transformer,2022-11-25T20:00:00+00:00,59,6,0.6,2.8226585554883785,November-December 2022
33,PM2.5 station-temporal Transformer,2022-11-25T21:00:00+00:00,59,6,2.1,2.7211191110082997,November-December 2022
33,PM2.5 station-temporal Transformer,2022-11-25T07:00:00+00:00,1069,6,0.0,1.8832705371905731,November-December 2022
33,PM2.5 station-temporal Transformer,2022-11-25T08:00:00+00:00,1069,6,-1.0,2.493244758433142,November-December 2022
33,PM2.5 station-temporal Transformer,2022-11-25T09:00:00+00:00,1069,6,2.0,3.2910408026933133,November-December 2022
33,PM2.5 station-temporal Transformer,2022-11-25T10:00:00+00:00,1069,6,-3.0,2.8571495909022744,November-December 2022
33,PM2.5 station-temporal Transformer,2022-11-25T11:00:00+00:00,1069,6,-1.0,3.4824886416555616,November-December 2022
33,PM2.5 station-temporal Transformer,2022-11-25T12:00:00+00:00,1069,6,-1.0,4.251958803856931,November-December 2022
33,PM2.5 station-temporal Transformer,2022-11-26T21:00:00+00:00,32,1,-1.0,1.292571996641798,November-December 2022
33,PM2.5 station-temporal Transformer,2022-11-26T10:00:00+00:00,59,1,-3.6,0.8744808107112707,November-December 2022
33,PM2.5 station-temporal Transformer,2022-11-26T08:00:00+00:00,1069,3,0.0,2.389323415486138,November-December 2022
33,PM2.5 station-temporal Transformer,2022-11-26T09:00:00+00:00,1069,3,0.0,1.7772802938368342,November-December 2022
33,PM2.5 station-temporal Transformer,2022-11-26T10:00:00+00:00,1069,3,1.0,2.9788290628371312,November-December 2022
33,PM2.5 station-temporal Transformer,2022-11-27T10:00:00+00:00,32,3,2.0,4.128400957848326,November-December 2022
33,PM2.5 station-temporal Transformer,2022-11-27T11:00:00+00:00,32,3,4.0,4.155085773584585,November-December 2022
33,PM2.5 station-temporal Transformer,2022-11-27T12:00:00+00:00,32,3,4.0,3.3932809085289266,November-December 2022
33,PM2.5 station-temporal Transformer,2022-11-27T16:00:00+00:00,59,1,3.9,3.959273975004333,November-December 2022
33,PM2.5 station-temporal Transformer,2022-11-27T16:00:00+00:00,1069,3,12.0,11.620558159608136,November-December 2022
33,PM2.5 station-temporal Transformer,2022-11-27T17:00:00+00:00,1069,3,10.0,7.541703881068928,November-December 2022
33,PM2.5 station-temporal Transformer,2022-11-27T18:00:00+00:00,1069,3,6.0,5.727651182547277,November-December 2022
33,PM2.5 station-temporal Transformer,2022-11-28T12:00:00+00:00,32,3,6.0,5.996698013416836,November-December 2022
33,PM2.5 station-temporal Transformer,2022-11-28T13:00:00+00:00,32,3,4.0,4.509631898218676,November-December 2022
33,PM2.5 station-temporal Transformer,2022-11-28T14:00:00+00:00,32,3,2.0,9.98827060384647,November-December 2022
33,PM2.5 station-temporal Transformer,2022-11-28T19:00:00+00:00,59,3,6.5,5.405479164084115,November-December 2022
33,PM2.5 station-temporal Transformer,2022-11-28T20:00:00+00:00,59,3,4.6,5.613150778395987,November-December 2022
33,PM2.5 station-temporal Transformer,2022-11-28T21:00:00+00:00,59,3,4.4,5.275720814141346,November-December 2022
33,PM2.5 station-temporal Transformer,2022-11-28T20:00:00+00:00,1069,1,4.0,6.407406666184009,November-December 2022
33,PM2.5 station-temporal Transformer,2022-11-29T11:00:00+00:00,32,1,9.0,9.724328755576298,November-December 2022
33,PM2.5 station-temporal Transformer,2022-11-29T14:00:00+00:00,59,3,9.2,9.034633916001356,November-December 2022
33,PM2.5 station-temporal Transformer,2022-11-29T15:00:00+00:00,59,3,13.7,9.617821358674828,November-December 2022
33,PM2.5 station-temporal Transformer,2022-11-29T16:00:00+00:00,59,3,11.4,9.544866195542982,November-December 2022
33,PM2.5 station-temporal Transformer,2022-11-30T01:00:00+00:00,1069,3,10.0,8.41444240715681,November-December 2022
33,PM2.5 station-temporal Transformer,2022-11-30T02:00:00+00:00,1069,3,12.0,10.91387674716796,November-December 2022
33,PM2.5 station-temporal Transformer,2022-11-30T03:00:00+00:00,1069,3,13.0,10.54504306372984,November-December 2022
33,PM2.5 station-temporal Transformer,2022-11-30T19:00:00+00:00,32,6,0.0,2.261070138812156,November-December 2022
33,PM2.5 station-temporal Transformer,2022-11-30T20:00:00+00:00,32,6,5.0,1.7006470801002358,November-December 2022
33,PM2.5 station-temporal Transformer,2022-11-30T21:00:00+00:00,32,6,1.0,1.6814120759094768,November-December 2022
33,PM2.5 station-temporal Transformer,2022-11-30T22:00:00+00:00,32,6,2.0,2.6148301087497234,November-December 2022
33,PM2.5 station-temporal Transformer,2022-11-30T23:00:00+00:00,32,6,0.0,-0.2519926344950178,November-December 2022
33,PM2.5 station-temporal Transformer,2022-12-01T00:00:00+00:00,32,6,1.0,1.0217255613133205,November-December 2022
33,PM2.5 station-temporal Transformer,2022-12-01T00:00:00+00:00,59,1,0.6,-0.4959317419232256,November-December 2022
33,PM2.5 station-temporal Transformer,2022-11-30T22:00:00+00:00,1069,1,1.0,2.9164968896557677,November-December 2022
33,PM2.5 station-temporal Transformer,2022-12-01T21:00:00+00:00,32,1,7.0,7.263135787811618,November-December 2022
33,PM2.5 station-temporal Transformer,2022-12-02T00:00:00+00:00,59,3,4.9,5.082933980951937,November-December 2022
33,PM2.5 station-temporal Transformer,2022-12-02T01:00:00+00:00,59,3,5.5,5.522602137730546,November-December 2022
33,PM2.5 station-temporal Transformer,2022-12-02T02:00:00+00:00,59,3,4.3,5.763430756412864,November-December 2022
33,PM2.5 station-temporal Transformer,2022-12-01T07:00:00+00:00,1069,1,5.0,4.403532959814639,November-December 2022
33,PM2.5 station-temporal Transformer,2022-12-02T18:00:00+00:00,32,3,7.0,9.251166981407115,November-December 2022
33,PM2.5 station-temporal Transformer,2022-12-02T19:00:00+00:00,32,3,5.0,9.06805141392419,November-December 2022
33,PM2.5 station-temporal Transformer,2022-12-02T20:00:00+00:00,32,3,2.0,8.590658044177772,November-December 2022
33,PM2.5 station-temporal Transformer,2022-12-03T00:00:00+00:00,59,3,4.7,5.949246873020503,November-December 2022
33,PM2.5 station-temporal Transformer,2022-12-03T01:00:00+00:00,59,3,8.7,5.8178694773784425,November-December 2022
33,PM2.5 station-temporal Transformer,2022-12-03T02:00:00+00:00,59,3,3.9,5.904119522185017,November-December 2022
33,PM2.5 station-temporal Transformer,2022-12-02T16:00:00+00:00,1069,6,13.0,11.4045611691309,November-December 2022
33,PM2.5 station-temporal Transformer,2022-12-02T17:00:00+00:00,1069,6,12.0,9.99182437400938,November-December 2022
33,PM2.5 station-temporal Transformer,2022-12-02T18:00:00+00:00,1069,6,10.0,8.812159495776584,November-December 2022
33,PM2.5 station-temporal Transformer,2022-12-02T19:00:00+00:00,1069,6,9.0,8.164426784288027,November-December 2022
33,PM2.5 station-temporal Transformer,2022-12-02T20:00:00+00:00,1069,6,7.0,7.932443367323561,November-December 2022
33,PM2.5 station-temporal Transformer,2022-12-02T21:00:00+00:00,1069,6,8.0,7.614712007508076,November-December 2022
33,PM2.5 station-temporal Transformer,2022-12-03T07:00:00+00:00,32,3,3.0,4.079709261281996,November-December 2022
33,PM2.5 station-temporal Transformer,2022-12-03T08:00:00+00:00,32,3,1.0,2.7077028606956146,November-December 2022
33,PM2.5 station-temporal Transformer,2022-12-03T09:00:00+00:00,32,3,-2.0,3.731901845065245,November-December 2022
33,PM2.5 station-temporal Transformer,2022-12-04T03:00:00+00:00,59,1,6.3,1.5911090321885712,November-December 2022
33,PM2.5 station-temporal Transformer,2022-12-03T19:00:00+00:00,1069,6,9.0,7.095449840854037,November-December 2022
33,PM2.5 station-temporal Transformer,2022-12-03T20:00:00+00:00,1069,6,6.0,6.789515525245212,November-December 2022
33,PM2.5 station-temporal Transformer,2022-12-03T21:00:00+00:00,1069,6,5.0,5.199590547441646,November-December 2022
33,PM2.5 station-temporal Transformer,2022-12-03T22:00:00+00:00,1069,6,5.0,4.365065274768629,November-December 2022
33,PM2.5 station-temporal Transformer,2022-12-03T23:00:00+00:00,1069,6,6.0,3.535721118677108,November-December 2022
33,PM2.5 station-temporal Transformer,2022-12-04T00:00:00+00:00,1069,6,2.0,1.894765950708796,November-December 2022
33,PM2.5 station-temporal Transformer,2022-12-04T14:00:00+00:00,32,3,-1.0,5.079822142880193,November-December 2022
33,PM2.5 station-temporal Transformer,2022-12-04T15:00:00+00:00,32,3,4.0,6.812117790210328,November-December 2022
33,PM2.5 station-temporal Transformer,2022-12-04T16:00:00+00:00,32,3,4.0,7.381910974339789,November-December 2022
33,PM2.5 station-temporal Transformer,2022-12-04T10:00:00+00:00,59,6,3.4,5.414723859782539,November-December 2022
33,PM2.5 station-temporal Transformer,2022-12-04T11:00:00+00:00,59,6,7.5,5.47406029400012,November-December 2022
33,PM2.5 station-temporal Transformer,2022-12-04T12:00:00+00:00,59,6,3.6,5.230701285386788,November-December 2022
33,PM2.5 station-temporal Transformer,2022-12-04T13:00:00+00:00,59,6,6.2,5.032253030955205,November-December 2022
33,PM2.5 station-temporal Transformer,2022-12-04T14:00:00+00:00,59,6,2.6,3.7994976529340767,November-December 2022
33,PM2.5 station-temporal Transformer,2022-12-04T15:00:00+00:00,59,6,3.7,4.98178258166417,November-December 2022
33,PM2.5 station-temporal Transformer,2022-12-04T07:00:00+00:00,1069,6,5.0,5.079340043337387,November-December 2022
33,PM2.5 station-temporal Transformer,2022-12-04T08:00:00+00:00,1069,6,5.0,6.803436476657503,November-December 2022
33,PM2.5 station-temporal Transformer,2022-12-04T09:00:00+00:00,1069,6,4.0,5.567039993852666,November-December 2022
33,PM2.5 station-temporal Transformer,2022-12-04T10:00:00+00:00,1069,6,5.0,6.732973371745185,November-December 2022
33,PM2.5 station-temporal Transformer,2022-12-04T11:00:00+00:00,1069,6,5.0,6.829742017425076,November-December 2022
33,PM2.5 station-temporal Transformer,2022-12-04T12:00:00+00:00,1069,6,4.0,7.456286986461799,November-December 2022
33,PM2.5 station-temporal Transformer,2022-12-06T03:00:00+00:00,32,1,4.0,6.284929578524842,November-December 2022
33,PM2.5 station-temporal Transformer,2022-12-05T22:00:00+00:00,59,6,6.5,6.7850639277848925,November-December 2022
33,PM2.5 station-temporal Transformer,2022-12-05T23:00:00+00:00,59,6,6.9,6.568182478977441,November-December 2022
33,PM2.5 station-temporal Transformer,2022-12-06T00:00:00+00:00,59,6,4.4,6.699190403018869,November-December 2022
33,PM2.5 station-temporal Transformer,2022-12-06T01:00:00+00:00,59,6,3.5,5.597182823506472,November-December 2022
33,PM2.5 station-temporal Transformer,2022-12-06T02:00:00+00:00,59,6,6.6,6.513331043279834,November-December 2022
33,PM2.5 station-temporal Transformer,2022-12-06T03:00:00+00:00,59,6,4.2,5.958160101544345,November-December 2022
33,PM2.5 station-temporal Transformer,2022-12-05T09:00:00+00:00,1069,3,16.0,14.847531210737728,November-December 2022
33,PM2.5 station-temporal Transformer,2022-12-05T10:00:00+00:00,1069,3,16.0,14.554245839503045,November-December 2022
33,PM2.5 station-temporal Transformer,2022-12-05T11:00:00+00:00,1069,3,15.0,14.807934778118817,November-December 2022
33,PM2.5 station-temporal Transformer,2022-12-06T10:00:00+00:00,32,1,4.0,6.1684994390460846,November-December 2022
33,PM2.5 station-temporal Transformer,2022-12-06T21:00:00+00:00,59,3,8.0,7.8521891591336335,November-December 2022
33,PM2.5 station-temporal Transformer,2022-12-06T22:00:00+00:00,59,3,7.0,7.717097092780341,November-December 2022
33,PM2.5 station-temporal Transformer,2022-12-06T23:00:00+00:00,59,3,3.9,6.277987253844955,November-December 2022
33,PM2.5 station-temporal Transformer,2022-12-06T09:00:00+00:00,1069,3,11.0,6.563280621000282,November-December 2022
33,PM2.5 station-temporal Transformer,2022-12-06T10:00:00+00:00,1069,3,10.0,6.703197163904568,November-December 2022
33,PM2.5 station-temporal Transformer,2022-12-06T11:00:00+00:00,1069,3,9.0,7.596744530300257,November-December 2022
33,PM2.5 station-temporal Transformer,2022-12-07T18:00:00+00:00,32,3,13.0,14.21915560205892,November-December 2022
33,PM2.5 station-temporal Transformer,2022-12-07T19:00:00+00:00,32,3,13.0,13.819660715778957,November-December 2022
33,PM2.5 station-temporal Transformer,2022-12-07T20:00:00+00:00,32,3,9.0,13.527684957902975,November-December 2022
33,PM2.5 station-temporal Transformer,2022-12-07T14:00:00+00:00,59,1,11.0,11.185323531321874,November-December 2022
33,PM2.5 station-temporal Transformer,2022-12-07T16:00:00+00:00,1069,6,15.0,14.493169352661257,November-December 2022
33,PM2.5 station-temporal Transformer,2022-12-07T17:00:00+00:00,1069,6,17.0,14.00249057242128,November-December 2022
33,PM2.5 station-temporal Transformer,2022-12-07T18:00:00+00:00,1069,6,18.0,12.896709244764969,November-December 2022
33,PM2.5 station-temporal Transformer,2022-12-07T19:00:00+00:00,1069,6,10.0,11.726784750856025,November-December 2022
33,PM2.5 station-temporal Transformer,2022-12-07T20:00:00+00:00,1069,6,12.0,12.219479842585114,November-December 2022
33,PM2.5 station-temporal Transformer,2022-12-07T21:00:00+00:00,1069,6,12.0,12.335391055770064,November-December 2022
33,PM2.5 station-temporal Transformer,2022-12-08T10:00:00+00:00,32,6,12.0,9.008565289271472,November-December 2022
33,PM2.5 station-temporal Transformer,2022-12-08T11:00:00+00:00,32,6,14.0,9.02646529796691,November-December 2022
33,PM2.5 station-temporal Transformer,2022-12-08T12:00:00+00:00,32,6,14.0,9.489390302883685,November-December 2022
33,PM2.5 station-temporal Transformer,2022-12-08T13:00:00+00:00,32,6,12.0,9.17483197619595,November-December 2022
33,PM2.5 station-temporal Transformer,2022-12-08T14:00:00+00:00,32,6,8.0,11.371223422427231,November-December 2022
33,PM2.5 station-temporal Transformer,2022-12-08T15:00:00+00:00,32,6,12.0,11.62569603737779,November-December 2022
33,PM2.5 station-temporal Transformer,2022-12-08T13:00:00+00:00,59,3,10.8,8.536580578646703,November-December 2022
33,PM2.5 station-temporal Transformer,2022-12-08T14:00:00+00:00,59,3,11.2,9.60797030664497,November-December 2022
33,PM2.5 station-temporal Transformer,2022-12-08T15:00:00+00:00,59,3,10.8,10.128404821972971,November-December 2022
33,PM2.5 station-temporal Transformer,2022-12-08T13:00:00+00:00,1069,3,11.0,11.488593826710929,November-December 2022
33,PM2.5 station-temporal Transformer,2022-12-08T14:00:00+00:00,1069,3,12.0,12.91958199859939,November-December 2022
33,PM2.5 station-temporal Transformer,2022-12-08T15:00:00+00:00,1069,3,17.0,13.622098207571703,November-December 2022
33,PM2.5 station-temporal Transformer,2022-12-09T10:00:00+00:00,32,3,8.0,10.917637529125225,November-December 2022
33,PM2.5 station-temporal Transformer,2022-12-09T11:00:00+00:00,32,3,11.0,10.983588570719636,November-December 2022
33,PM2.5 station-temporal Transformer,2022-12-09T12:00:00+00:00,32,3,9.0,10.938478594950665,November-December 2022
33,PM2.5 station-temporal Transformer,2022-12-09T23:00:00+00:00,59,6,13.3,14.44864377285418,November-December 2022
33,PM2.5 station-temporal Transformer,2022-12-10T00:00:00+00:00,59,6,13.1,15.191217111175892,November-December 2022
33,PM2.5 station-temporal Transformer,2022-12-10T01:00:00+00:00,59,6,15.2,14.098294399224292,November-December 2022
33,PM2.5 station-temporal Transformer,2022-12-10T02:00:00+00:00,59,6,11.8,14.335624134231017,November-December 2022
33,PM2.5 station-temporal Transformer,2022-12-10T03:00:00+00:00,59,6,8.8,12.742067117674868,November-December 2022
33,PM2.5 station-temporal Transformer,2022-12-10T04:00:00+00:00,59,6,4.8,11.372410843593867,November-December 2022
33,PM2.5 station-temporal Transformer,2022-12-09T16:00:00+00:00,1069,1,16.0,18.032850816757914,November-December 2022
33,PM2.5 station-temporal Transformer,2022-12-10T08:00:00+00:00,32,6,7.0,2.641400879644673,November-December 2022
33,PM2.5 station-temporal Transformer,2022-12-10T09:00:00+00:00,32,6,5.0,2.7415108669061263,November-December 2022
33,PM2.5 station-temporal Transformer,2022-12-10T10:00:00+00:00,32,6,6.0,2.6040532905285394,November-December 2022
33,PM2.5 station-temporal Transformer,2022-12-10T11:00:00+00:00,32,6,6.0,2.640286007464378,November-December 2022
33,PM2.5 station-temporal Transformer,2022-12-10T12:00:00+00:00,32,6,3.0,3.2390922830793185,November-December 2022
33,PM2.5 station-temporal Transformer,2022-12-10T13:00:00+00:00,32,6,6.0,2.8241807983799205,November-December 2022
33,PM2.5 station-temporal Transformer,2022-12-10T15:00:00+00:00,59,6,2.8,3.3481578511443058,November-December 2022
33,PM2.5 station-temporal Transformer,2022-12-10T16:00:00+00:00,59,6,4.7,2.9845189297942207,November-December 2022
33,PM2.5 station-temporal Transformer,2022-12-10T17:00:00+00:00,59,6,6.2,3.8443207778627766,November-December 2022
33,PM2.5 station-temporal Transformer,2022-12-10T18:00:00+00:00,59,6,1.9,4.393038777602998,November-December 2022
33,PM2.5 station-temporal Transformer,2022-12-10T19:00:00+00:00,59,6,6.6,4.80322826315713,November-December 2022
33,PM2.5 station-temporal Transformer,2022-12-10T20:00:00+00:00,59,6,2.2,5.528842102541227,November-December 2022
33,PM2.5 station-temporal Transformer,2022-12-10T20:00:00+00:00,1069,3,7.0,5.663718170475036,November-December 2022
33,PM2.5 station-temporal Transformer,2022-12-10T21:00:00+00:00,1069,3,0.0,3.954063339000693,November-December 2022
33,PM2.5 station-temporal Transformer,2022-12-10T22:00:00+00:00,1069,3,3.0,3.336831444145869,November-December 2022
33,PM2.5 station-temporal Transformer,2022-12-12T00:00:00+00:00,32,3,3.0,3.6643000882493855,November-December 2022
33,PM2.5 station-temporal Transformer,2022-12-12T01:00:00+00:00,32,3,7.0,3.220147003099385,November-December 2022
33,PM2.5 station-temporal Transformer,2022-12-12T02:00:00+00:00,32,3,3.0,3.7633249723883857,November-December 2022
33,PM2.5 station-temporal Transformer,2022-12-11T14:00:00+00:00,59,1,6.2,3.4042920076580296,November-December 2022
33,PM2.5 station-temporal Transformer,2022-12-11T20:00:00+00:00,1069,6,5.0,4.949979768568016,November-December 2022
33,PM2.5 station-temporal Transformer,2022-12-11T21:00:00+00:00,1069,6,3.0,4.240856296045092,November-December 2022
33,PM2.5 station-temporal Transformer,2022-12-11T22:00:00+00:00,1069,6,3.0,2.686068371838047,November-December 2022
33,PM2.5 station-temporal Transformer,2022-12-11T23:00:00+00:00,1069,6,-3.0,2.641219092159962,November-December 2022
33,PM2.5 station-temporal Transformer,2022-12-12T00:00:00+00:00,1069,6,1.0,2.6710388218634407,November-December 2022
33,PM2.5 station-temporal Transformer,2022-12-12T01:00:00+00:00,1069,6,0.0,3.17080158203498,November-December 2022
33,PM2.5 station-temporal Transformer,2022-12-12T20:00:00+00:00,32,3,13.0,13.93907740453949,November-December 2022
33,PM2.5 station-temporal Transformer,2022-12-12T21:00:00+00:00,32,3,9.0,12.467682182599932,November-December 2022
33,PM2.5 station-temporal Transformer,2022-12-12T22:00:00+00:00,32,3,13.0,11.818581712685267,November-December 2022
33,PM2.5 station-temporal Transformer,2022-12-13T01:00:00+00:00,59,3,5.7,7.879456572831818,November-December 2022
33,PM2.5 station-temporal Transformer,2022-12-13T02:00:00+00:00,59,3,3.7,9.402448847505225,November-December 2022
33,PM2.5 station-temporal Transformer,2022-12-13T03:00:00+00:00,59,3,6.5,8.738851087747472,November-December 2022
33,PM2.5 station-temporal Transformer,2022-12-12T14:00:00+00:00,1069,1,12.0,11.82701197420261,November-December 2022
33,PM2.5 station-temporal Transformer,2022-12-13T11:00:00+00:00,32,3,13.0,7.212827337906733,November-December 2022
33,PM2.5 station-temporal Transformer,2022-12-13T12:00:00+00:00,32,3,11.0,6.643883829773275,November-December 2022
33,PM2.5 station-temporal Transformer,2022-12-13T13:00:00+00:00,32,3,8.0,6.603406296758718,November-December 2022
33,PM2.5 station-temporal Transformer,2022-12-13T07:00:00+00:00,59,1,4.5,5.993707955785242,November-December 2022
33,PM2.5 station-temporal Transformer,2022-12-13T16:00:00+00:00,1069,6,11.0,11.479824372834576,November-December 2022
33,PM2.5 station-temporal Transformer,2022-12-13T17:00:00+00:00,1069,6,10.0,10.574368135223487,November-December 2022
33,PM2.5 station-temporal Transformer,2022-12-13T18:00:00+00:00,1069,6,18.0,12.62970785485653,November-December 2022
33,PM2.5 station-temporal Transformer,2022-12-13T19:00:00+00:00,1069,6,16.0,12.993452704181628,November-December 2022
33,PM2.5 station-temporal Transformer,2022-12-13T20:00:00+00:00,1069,6,15.0,12.59351700800648,November-December 2022
33,PM2.5 station-temporal Transformer,2022-12-13T21:00:00+00:00,1069,6,14.0,11.497185767804035,November-December 2022
33,PM2.5 station-temporal Transformer,2022-12-14T18:00:00+00:00,32,3,1.0,2.39012110096826,November-December 2022
33,PM2.5 station-temporal Transformer,2022-12-14T19:00:00+00:00,32,3,3.0,2.4524851807340067,November-December 2022
33,PM2.5 station-temporal Transformer,2022-12-14T20:00:00+00:00,32,3,-1.0,1.7235298420828586,November-December 2022
33,PM2.5 station-temporal Transformer,2022-12-14T14:00:00+00:00,59,3,1.0,0.3060100343432701,November-December 2022
33,PM2.5 station-temporal Transformer,2022-12-14T15:00:00+00:00,59,3,-2.3,1.5415501176276347,November-December 2022
33,PM2.5 station-temporal Transformer,2022-12-14T16:00:00+00:00,59,3,2.0,1.328659800299869,November-December 2022
33,PM2.5 station-temporal Transformer,2022-12-15T00:00:00+00:00,1069,3,-1.0,0.3464692317514011,November-December 2022
33,PM2.5 station-temporal Transformer,2022-12-15T01:00:00+00:00,1069,3,-4.0,0.9262255788413576,November-December 2022
33,PM2.5 station-temporal Transformer,2022-12-15T02:00:00+00:00,1069,3,2.0,2.601316797560392,November-December 2022
33,PM2.5 station-temporal Transformer,2022-12-15T11:00:00+00:00,32,6,4.0,2.503897601474062,November-December 2022
33,PM2.5 station-temporal Transformer,2022-12-15T12:00:00+00:00,32,6,3.0,4.0466349994549065,November-December 2022
33,PM2.5 station-temporal Transformer,2022-12-15T13:00:00+00:00,32,6,-1.0,3.221022464969433,November-December 2022
33,PM2.5 station-temporal Transformer,2022-12-15T14:00:00+00:00,32,6,2.0,6.900162504113309,November-December 2022
33,PM2.5 station-temporal Transformer,2022-12-15T15:00:00+00:00,32,6,9.0,6.8537087279164135,November-December 2022
33,PM2.5 station-temporal Transformer,2022-12-15T16:00:00+00:00,32,6,4.0,7.507010827811797,November-December 2022
33,PM2.5 station-temporal Transformer,2022-12-16T00:00:00+00:00,59,1,6.0,1.3686953200380074,November-December 2022
33,PM2.5 station-temporal Transformer,2022-12-16T03:00:00+00:00,1069,1,7.0,4.731022082475607,November-December 2022
33,PM2.5 station-temporal Transformer,2022-12-16T16:00:00+00:00,32,1,2.0,7.91567018144069,November-December 2022
33,PM2.5 station-temporal Transformer,2022-12-16T07:00:00+00:00,59,3,2.1,1.8661102020848384,November-December 2022
33,PM2.5 station-temporal Transformer,2022-12-16T08:00:00+00:00,59,3,2.3,3.7868077941021454,November-December 2022
33,PM2.5 station-temporal Transformer,2022-12-16T09:00:00+00:00,59,3,-1.3,4.230023983137407,November-December 2022
33,PM2.5 station-temporal Transformer,2022-12-16T19:00:00+00:00,1069,1,3.0,5.9964599387050725,November-December 2022
33,PM2.5 station-temporal Transformer,2022-12-17T20:00:00+00:00,32,3,-1.0,3.7437553807587873,November-December 2022
33,PM2.5 station-temporal Transformer,2022-12-17T21:00:00+00:00,32,3,0.0,3.483733561857042,November-December 2022
33,PM2.5 station-temporal Transformer,2022-12-17T22:00:00+00:00,32,3,4.0,3.8108175209909527,November-December 2022
33,PM2.5 station-temporal Transformer,2022-12-18T01:00:00+00:00,59,3,7.6,3.993369755372674,November-December 2022
33,PM2.5 station-temporal Transformer,2022-12-18T02:00:00+00:00,59,3,11.1,3.0628994866801325,November-December 2022
33,PM2.5 station-temporal Transformer,2022-12-18T03:00:00+00:00,59,3,10.7,6.008317657252478,November-December 2022
33,PM2.5 station-temporal Transformer,2022-12-18T02:00:00+00:00,1069,1,21.0,6.490825181921446,November-December 2022
33,PM2.5 station-temporal Transformer,2022-12-18T16:00:00+00:00,32,3,8.0,7.444871273827378,November-December 2022
33,PM2.5 station-temporal Transformer,2022-12-18T17:00:00+00:00,32,3,5.0,7.158705932903087,November-December 2022
33,PM2.5 station-temporal Transformer,2022-12-18T18:00:00+00:00,32,3,6.0,6.913255438891076,November-December 2022
33,PM2.5 station-temporal Transformer,2022-12-18T20:00:00+00:00,59,3,0.9,2.3478855484427177,November-December 2022
33,PM2.5 station-temporal Transformer,2022-12-18T21:00:00+00:00,59,3,0.9,2.0953098473922624,November-December 2022
33,PM2.5 station-temporal Transformer,2022-12-18T22:00:00+00:00,59,3,1.8,2.0790309991527955,November-December 2022
33,PM2.5 station-temporal Transformer,2022-12-18T11:00:00+00:00,1069,1,10.0,8.66812217797277,November-December 2022
33,PM2.5 station-temporal Transformer,2022-12-19T18:00:00+00:00,32,6,4.0,4.483425064537903,November-December 2022
33,PM2.5 station-temporal Transformer,2022-12-19T19:00:00+00:00,32,6,4.0,5.442339666495771,November-December 2022
33,PM2.5 station-temporal Transformer,2022-12-19T20:00:00+00:00,32,6,6.0,4.4848304994940325,November-December 2022
33,PM2.5 station-temporal Transformer,2022-12-19T21:00:00+00:00,32,6,8.0,4.556411247280559,November-December 2022
33,PM2.5 station-temporal Transformer,2022-12-19T22:00:00+00:00,32,6,7.0,5.147262895214204,November-December 2022
33,PM2.5 station-temporal Transformer,2022-12-19T23:00:00+00:00,32,6,7.0,5.42552056809774,November-December 2022
33,PM2.5 station-temporal Transformer,2022-12-19T22:00:00+00:00,59,3,3.5,2.3023030969865,November-December 2022
33,PM2.5 station-temporal Transformer,2022-12-19T23:00:00+00:00,59,3,2.9,2.489695206660409,November-December 2022
33,PM2.5 station-temporal Transformer,2022-12-20T00:00:00+00:00,59,3,2.5,2.798206183919839,November-December 2022
33,PM2.5 station-temporal Transformer,2022-12-19T18:00:00+00:00,1069,1,3.0,4.984100103090484,November-December 2022
33,PM2.5 station-temporal Transformer,2022-12-20T12:00:00+00:00,32,6,0.0,3.3504499428148597,November-December 2022
33,PM2.5 station-temporal Transformer,2022-12-20T13:00:00+00:00,32,6,0.0,2.2205234241843046,November-December 2022
33,PM2.5 station-temporal Transformer,2022-12-20T14:00:00+00:00,32,6,-2.0,3.5711837331681995,November-December 2022
33,PM2.5 station-temporal Transformer,2022-12-20T15:00:00+00:00,32,6,1.0,3.200060016858849,November-December 2022
33,PM2.5 station-temporal Transformer,2022-12-20T16:00:00+00:00,32,6,1.0,3.7877926222391984,November-December 2022
33,PM2.5 station-temporal Transformer,2022-12-20T17:00:00+00:00,32,6,2.0,3.7080761167293,November-December 2022
33,PM2.5 station-temporal Transformer,2022-12-20T07:00:00+00:00,59,1,1.2,1.38808538775751,November-December 2022
33,PM2.5 station-temporal Transformer,2022-12-20T14:00:00+00:00,1069,6,5.0,8.004591533990995,November-December 2022
33,PM2.5 station-temporal Transformer,2022-12-20T15:00:00+00:00,1069,6,4.0,7.719181000562745,November-December 2022
33,PM2.5 station-temporal Transformer,2022-12-20T16:00:00+00:00,1069,6,5.0,7.262504078663003,November-December 2022
33,PM2.5 station-temporal Transformer,2022-12-20T17:00:00+00:00,1069,6,8.0,6.737975363622594,November-December 2022
33,PM2.5 station-temporal Transformer,2022-12-20T18:00:00+00:00,1069,6,6.0,5.627442294800323,November-December 2022
33,PM2.5 station-temporal Transformer,2022-12-20T19:00:00+00:00,1069,6,8.0,5.429899783116712,November-December 2022
33,PM2.5 station-temporal Transformer,2022-12-21T14:00:00+00:00,32,1,15.0,13.43600883822582,November-December 2022
33,PM2.5 station-temporal Transformer,2022-12-22T02:00:00+00:00,59,1,13.2,15.265817037287816,November-December 2022
33,PM2.5 station-temporal Transformer,2022-12-21T10:00:00+00:00,1069,6,15.0,11.54825142022741,November-December 2022
33,PM2.5 station-temporal Transformer,2022-12-21T11:00:00+00:00,1069,6,13.0,12.591814416612156,November-December 2022
33,PM2.5 station-temporal Transformer,2022-12-21T12:00:00+00:00,1069,6,12.0,13.043296520603205,November-December 2022
33,PM2.5 station-temporal Transformer,2022-12-21T13:00:00+00:00,1069,6,10.0,15.842700112012396,November-December 2022
33,PM2.5 station-temporal Transformer,2022-12-21T14:00:00+00:00,1069,6,15.0,15.42523840345132,November-December 2022
33,PM2.5 station-temporal Transformer,2022-12-21T15:00:00+00:00,1069,6,13.0,15.555810036736982,November-December 2022
33,PM2.5 station-temporal Transformer,2022-12-22T07:00:00+00:00,32,6,20.0,12.094557230895113,November-December 2022
33,PM2.5 station-temporal Transformer,2022-12-22T08:00:00+00:00,32,6,15.0,12.181663800193576,November-December 2022
33,PM2.5 station-temporal Transformer,2022-12-22T09:00:00+00:00,32,6,15.0,12.018731876671122,November-December 2022
33,PM2.5 station-temporal Transformer,2022-12-22T10:00:00+00:00,32,6,15.0,10.496190268740811,November-December 2022
33,PM2.5 station-temporal Transformer,2022-12-22T11:00:00+00:00,32,6,14.0,10.846379838508655,November-December 2022
33,PM2.5 station-temporal Transformer,2022-12-22T12:00:00+00:00,32,6,15.0,10.641735594994971,November-December 2022
33,PM2.5 station-temporal Transformer,2022-12-22T12:00:00+00:00,59,6,6.5,8.720020609008046,November-December 2022
33,PM2.5 station-temporal Transformer,2022-12-22T13:00:00+00:00,59,6,11.0,10.108334484552072,November-December 2022
33,PM2.5 station-temporal Transformer,2022-12-22T14:00:00+00:00,59,6,10.1,9.416821378494095,November-December 2022
33,PM2.5 station-temporal Transformer,2022-12-22T15:00:00+00:00,59,6,6.0,9.561594429451896,November-December 2022
33,PM2.5 station-temporal Transformer,2022-12-22T16:00:00+00:00,59,6,7.4,10.95703484924942,November-December 2022
33,PM2.5 station-temporal Transformer,2022-12-22T17:00:00+00:00,59,6,8.5,10.14446421608306,November-December 2022
33,PM2.5 station-temporal Transformer,2022-12-22T13:00:00+00:00,1069,3,16.0,17.222339134898572,November-December 2022
33,PM2.5 station-temporal Transformer,2022-12-22T14:00:00+00:00,1069,3,17.0,16.43909228820069,November-December 2022
33,PM2.5 station-temporal Transformer,2022-12-22T15:00:00+00:00,1069,3,16.0,16.245300716327346,November-December 2022
33,PM2.5 station-temporal Transformer,2022-12-23T11:00:00+00:00,32,6,4.0,2.7219106676536766,November-December 2022
33,PM2.5 station-temporal Transformer,2022-12-23T12:00:00+00:00,32,6,1.0,2.728570131677607,November-December 2022
33,PM2.5 station-temporal Transformer,2022-12-23T13:00:00+00:00,32,6,-3.0,1.9156492786127943,November-December 2022
33,PM2.5 station-temporal Transformer,2022-12-23T14:00:00+00:00,32,6,-2.0,4.196652602546644,November-December 2022
33,PM2.5 station-temporal Transformer,2022-12-23T15:00:00+00:00,32,6,2.0,3.5909784795028816,November-December 2022
33,PM2.5 station-temporal Transformer,2022-12-23T16:00:00+00:00,32,6,4.0,4.382652191636343,November-December 2022
33,PM2.5 station-temporal Transformer,2022-12-23T19:00:00+00:00,59,6,1.4,1.0449699994652946,November-December 2022
33,PM2.5 station-temporal Transformer,2022-12-23T20:00:00+00:00,59,6,3.2,-0.0610094711907924,November-December 2022
33,PM2.5 station-temporal Transformer,2022-12-23T21:00:00+00:00,59,6,-0.9,0.3526752785697873,November-December 2022
33,PM2.5 station-temporal Transformer,2022-12-23T22:00:00+00:00,59,6,2.3,0.5943323746901825,November-December 2022
33,PM2.5 station-temporal Transformer,2022-12-23T23:00:00+00:00,59,6,0.8,-0.0574486755429344,November-December 2022
33,PM2.5 station-temporal Transformer,2022-12-24T00:00:00+00:00,59,6,-0.5,0.4099451864023917,November-December 2022
33,PM2.5 station-temporal Transformer,2022-12-23T14:00:00+00:00,1069,1,6.0,7.0964161874016325,November-December 2022
33,PM2.5 station-temporal Transformer,2022-12-24T10:00:00+00:00,32,6,6.0,3.3306547771976724,November-December 2022
33,PM2.5 station-temporal Transformer,2022-12-24T11:00:00+00:00,32,6,3.0,3.808282958249364,November-December 2022
33,PM2.5 station-temporal Transformer,2022-12-24T12:00:00+00:00,32,6,4.0,2.6272043933142424,November-December 2022
33,PM2.5 station-temporal Transformer,2022-12-24T13:00:00+00:00,32,6,1.0,2.252501681543816,November-December 2022
33,PM2.5 station-temporal Transformer,2022-12-24T14:00:00+00:00,32,6,3.0,4.503943073193386,November-December 2022
33,PM2.5 station-temporal Transformer,2022-12-24T15:00:00+00:00,32,6,1.0,4.166175376554359,November-December 2022
33,PM2.5 station-temporal Transformer,2022-12-24T11:00:00+00:00,59,1,2.1,1.0741459687699937,November-December 2022
33,PM2.5 station-temporal Transformer,2022-12-25T00:00:00+00:00,1069,1,-2.0,3.690506623941648,November-December 2022
33,PM2.5 station-temporal Transformer,2022-12-25T09:00:00+00:00,32,3,34.0,16.167527859320195,November-December 2022
33,PM2.5 station-temporal Transformer,2022-12-25T10:00:00+00:00,32,3,19.0,13.12017087443598,November-December 2022
33,PM2.5 station-temporal Transformer,2022-12-25T11:00:00+00:00,32,3,21.0,15.248468994422248,November-December 2022
33,PM2.5 station-temporal Transformer,2022-12-25T20:00:00+00:00,59,1,2.4,3.250320171110471,November-December 2022
33,PM2.5 station-temporal Transformer,2022-12-25T15:00:00+00:00,1069,6,19.0,19.82487399753807,November-December 2022
33,PM2.5 station-temporal Transformer,2022-12-25T16:00:00+00:00,1069,6,10.0,17.285117810154475,November-December 2022
33,PM2.5 station-temporal Transformer,2022-12-25T17:00:00+00:00,1069,6,10.0,13.420452551372822,November-December 2022
33,PM2.5 station-temporal Transformer,2022-12-25T18:00:00+00:00,1069,6,7.0,8.865505310982664,November-December 2022
33,PM2.5 station-temporal Transformer,2022-12-25T19:00:00+00:00,1069,6,4.0,8.774548345170489,November-December 2022
33,PM2.5 station-temporal Transformer,2022-12-25T20:00:00+00:00,1069,6,3.0,6.15741587697077,November-December 2022
33,PM2.5 station-temporal Transformer,2022-12-26T13:00:00+00:00,32,1,5.0,5.482184502210567,November-December 2022
33,PM2.5 station-temporal Transformer,2022-12-26T23:00:00+00:00,59,3,1.9,3.70813996566493,November-December 2022
33,PM2.5 station-temporal Transformer,2022-12-27T00:00:00+00:00,59,3,-0.8,2.7293513078372404,November-December 2022
33,PM2.5 station-temporal Transformer,2022-12-27T01:00:00+00:00,59,3,1.7,3.7797928818970976,November-December 2022
33,PM2.5 station-temporal Transformer,2022-12-26T18:00:00+00:00,1069,6,12.0,10.20898335792698,November-December 2022
33,PM2.5 station-temporal Transformer,2022-12-26T19:00:00+00:00,1069,6,7.0,9.298098120531687,November-December 2022
33,PM2.5 station-temporal Transformer,2022-12-26T20:00:00+00:00,1069,6,5.0,7.131810342373202,November-December 2022
33,PM2.5 station-temporal Transformer,2022-12-26T21:00:00+00:00,1069,6,1.0,6.390642286398146,November-December 2022
33,PM2.5 station-temporal Transformer,2022-12-26T22:00:00+00:00,1069,6,4.0,4.428473405115164,November-December 2022
33,PM2.5 station-temporal Transformer,2022-12-26T23:00:00+00:00,1069,6,3.0,3.0344411380086145,November-December 2022
33,PM2.5 station-temporal Transformer,2022-12-27T21:00:00+00:00,32,6,0.0,6.739188629888328,November-December 2022
33,PM2.5 station-temporal Transformer,2022-12-27T22:00:00+00:00,32,6,1.0,6.111350185433938,November-December 2022
33,PM2.5 station-temporal Transformer,2022-12-27T23:00:00+00:00,32,6,0.0,5.627329204031377,November-December 2022
33,PM2.5 station-temporal Transformer,2022-12-28T00:00:00+00:00,32,6,2.0,4.377271958534594,November-December 2022
33,PM2.5 station-temporal Transformer,2022-12-28T01:00:00+00:00,32,6,12.0,3.1466165916654845,November-December 2022
33,PM2.5 station-temporal Transformer,2022-12-28T02:00:00+00:00,32,6,7.0,4.381228308250001,November-December 2022
33,PM2.5 station-temporal Transformer,2022-12-27T13:00:00+00:00,59,1,2.0,2.9520160968476308,November-December 2022
33,PM2.5 station-temporal Transformer,2022-12-27T21:00:00+00:00,1069,3,-2.0,3.982450071071457,November-December 2022
33,PM2.5 station-temporal Transformer,2022-12-27T22:00:00+00:00,1069,3,0.0,2.5021457853486053,November-December 2022
33,PM2.5 station-temporal Transformer,2022-12-27T23:00:00+00:00,1069,3,-3.0,1.8536402081865824,November-December 2022
33,PM2.5 station-temporal Transformer,2022-12-28T17:00:00+00:00,32,3,8.0,11.616438698954044,November-December 2022
33,PM2.5 station-temporal Transformer,2022-12-28T18:00:00+00:00,32,3,7.0,11.398368610353774,November-December 2022
33,PM2.5 station-temporal Transformer,2022-12-28T19:00:00+00:00,32,3,5.0,10.81851138826131,November-December 2022
33,PM2.5 station-temporal Transformer,2022-12-28T21:00:00+00:00,59,3,4.8,5.912262375275522,November-December 2022
33,PM2.5 station-temporal Transformer,2022-12-28T22:00:00+00:00,59,3,3.7,5.516440086755728,November-December 2022
33,PM2.5 station-temporal Transformer,2022-12-28T23:00:00+00:00,59,3,2.1,4.77249877959455,November-December 2022
33,PM2.5 station-temporal Transformer,2022-12-28T23:00:00+00:00,1069,1,1.0,3.15898418732763,November-December 2022
33,PM2.5 station-temporal Transformer,2022-12-29T14:00:00+00:00,32,1,13.0,13.158396021834688,November-December 2022
33,PM2.5 station-temporal Transformer,2022-12-29T20:00:00+00:00,59,1,10.9,10.9758240850904,November-December 2022
33,PM2.5 station-temporal Transformer,2022-12-30T00:00:00+00:00,1069,3,4.0,5.88474334654344,November-December 2022
33,PM2.5 station-temporal Transformer,2022-12-30T01:00:00+00:00,1069,3,10.0,5.945700954222784,November-December 2022
33,PM2.5 station-temporal Transformer,2022-12-30T02:00:00+00:00,1069,3,10.0,7.002157705460262,November-December 2022
33,PM2.5 station-temporal Transformer,2022-12-30T09:00:00+00:00,32,1,2.0,3.2202300210353387,November-December 2022
33,PM2.5 station-temporal Transformer,2022-12-31T01:00:00+00:00,59,3,7.2,2.597921525141726,November-December 2022
33,PM2.5 station-temporal Transformer,2022-12-31T02:00:00+00:00,59,3,6.0,2.0427071497764637,November-December 2022
33,PM2.5 station-temporal Transformer,2022-12-31T03:00:00+00:00,59,3,7.2,2.272370849128301,November-December 2022
33,PM2.5 station-temporal Transformer,2022-12-30T11:00:00+00:00,1069,6,9.0,4.405974213936962,November-December 2022
33,PM2.5 station-temporal Transformer,2022-12-30T12:00:00+00:00,1069,6,9.0,4.5884468776248,November-December 2022
33,PM2.5 station-temporal Transformer,2022-12-30T13:00:00+00:00,1069,6,8.0,7.388150084821371,November-December 2022
33,PM2.5 station-temporal Transformer,2022-12-30T14:00:00+00:00,1069,6,6.0,7.650777930492506,November-December 2022
33,PM2.5 station-temporal Transformer,2022-12-30T15:00:00+00:00,1069,6,13.0,8.234822339642362,November-December 2022
33,PM2.5 station-temporal Transformer,2022-12-30T16:00:00+00:00,1069,6,7.0,7.8215512726750145,November-December 2022
33,PM2.5 station-temporal Transformer,2022-12-31T19:00:00+00:00,32,6,4.0,8.366524711275416,November-December 2022
33,PM2.5 station-temporal Transformer,2022-12-31T20:00:00+00:00,32,6,2.0,9.25680077560365,November-December 2022
33,PM2.5 station-temporal Transformer,2022-12-31T21:00:00+00:00,32,6,1.0,7.637553597120023,November-December 2022
33,PM2.5 station-temporal Transformer,2022-12-31T22:00:00+00:00,32,6,2.0,6.635511806358439,November-December 2022
33,PM2.5 station-temporal Transformer,2022-12-31T23:00:00+00:00,32,6,3.0,6.88751191237812,November-December 2022
33,PM2.5 station-temporal Transformer,2023-01-01T00:00:00+00:00,32,6,3.0,6.65256004264535,November-December 2022
33,PM2.5 station-temporal Transformer,2022-12-31T10:00:00+00:00,59,6,10.8,6.60637349818806,November-December 2022
33,PM2.5 station-temporal Transformer,2022-12-31T11:00:00+00:00,59,6,7.0,6.523705870595042,November-December 2022
33,PM2.5 station-temporal Transformer,2022-12-31T12:00:00+00:00,59,6,4.2,5.838920690938375,November-December 2022
33,PM2.5 station-temporal Transformer,2022-12-31T13:00:00+00:00,59,6,5.6,4.84013313258086,November-December 2022
33,PM2.5 station-temporal Transformer,2022-12-31T14:00:00+00:00,59,6,10.3,6.642044033383227,November-December 2022
33,PM2.5 station-temporal Transformer,2022-12-31T15:00:00+00:00,59,6,3.5,8.099042622335315,November-December 2022
33,PM2.5 station-temporal Transformer,2022-12-31T23:00:00+00:00,1069,6,-1.0,4.23750793346629,November-December 2022
33,PM2.5 station-temporal Transformer,2023-01-01T00:00:00+00:00,1069,6,4.0,3.93554720423468,November-December 2022
33,PM2.5 station-temporal Transformer,2023-01-01T01:00:00+00:00,1069,6,54.0,10.352148626552731,November-December 2022
33,PM2.5 station-temporal Transformer,2023-01-01T02:00:00+00:00,1069,6,59.0,18.924986140491896,November-December 2022
33,PM2.5 station-temporal Transformer,2023-01-01T03:00:00+00:00,1069,6,40.0,21.39527498706623,November-December 2022
33,PM2.5 station-temporal Transformer,2023-01-01T04:00:00+00:00,1069,6,30.0,27.539935791766403,November-December 2022
