seed,method,datetime_utc,site,gap_hours,truth,prediction,period
11,Random Forest,2022-10-01T09:00:00+00:00,32,1,10.0,10.046045140886031,October 2022 pilot
11,Random Forest,2022-10-01T15:00:00+00:00,59,6,10.4,9.805132802287831,October 2022 pilot
11,Random Forest,2022-10-01T16:00:00+00:00,59,6,5.8,8.197538544154185,October 2022 pilot
11,Random Forest,2022-10-01T17:00:00+00:00,59,6,7.6,8.636902180527573,October 2022 pilot
11,Random Forest,2022-10-01T18:00:00+00:00,59,6,5.8,8.384600085432341,October 2022 pilot
11,Random Forest,2022-10-01T19:00:00+00:00,59,6,9.8,8.413470634459074,October 2022 pilot
11,Random Forest,2022-10-01T20:00:00+00:00,59,6,5.3,8.717535747407952,October 2022 pilot
11,Random Forest,2022-10-02T21:00:00+00:00,32,3,9.0,7.446691256606999,October 2022 pilot
11,Random Forest,2022-10-02T22:00:00+00:00,32,3,3.0,7.954319023144227,October 2022 pilot
11,Random Forest,2022-10-02T23:00:00+00:00,32,3,5.0,8.311132635466663,October 2022 pilot
11,Random Forest,2022-10-02T17:00:00+00:00,59,1,8.5,6.272695161166854,October 2022 pilot
11,Random Forest,2022-10-04T01:00:00+00:00,32,3,10.0,8.897507795933825,October 2022 pilot
11,Random Forest,2022-10-04T02:00:00+00:00,32,3,10.0,10.356477989989022,October 2022 pilot
11,Random Forest,2022-10-04T03:00:00+00:00,32,3,9.0,10.706454793732629,October 2022 pilot
11,Random Forest,2022-10-03T08:00:00+00:00,59,3,5.4,7.817845859281832,October 2022 pilot
11,Random Forest,2022-10-03T09:00:00+00:00,59,3,8.2,8.354908039441465,October 2022 pilot
11,Random Forest,2022-10-03T10:00:00+00:00,59,3,9.3,10.001496683388226,October 2022 pilot
11,Random Forest,2022-10-04T23:00:00+00:00,32,1,1.0,6.728577343121232,October 2022 pilot
11,Random Forest,2022-10-04T23:00:00+00:00,59,6,5.7,7.011492464740603,October 2022 pilot
11,Random Forest,2022-10-05T00:00:00+00:00,59,6,1.5,5.510003171055893,October 2022 pilot
11,Random Forest,2022-10-05T01:00:00+00:00,59,6,5.8,6.887161764188394,October 2022 pilot
11,Random Forest,2022-10-05T02:00:00+00:00,59,6,5.1,8.513133181566108,October 2022 pilot
11,Random Forest,2022-10-05T03:00:00+00:00,59,6,4.3,7.117823577467805,October 2022 pilot
11,Random Forest,2022-10-05T04:00:00+00:00,59,6,5.7,8.032586664307118,October 2022 pilot
11,Random Forest,2022-10-05T01:00:00+00:00,1069,3,6.0,6.057529346316651,October 2022 pilot
11,Random Forest,2022-10-05T02:00:00+00:00,1069,3,6.0,7.623899374665138,October 2022 pilot
11,Random Forest,2022-10-05T03:00:00+00:00,1069,3,8.0,9.46608579916312,October 2022 pilot
11,Random Forest,2022-10-05T09:00:00+00:00,32,3,7.0,11.2264674377479,October 2022 pilot
11,Random Forest,2022-10-05T10:00:00+00:00,32,3,8.0,11.109842412807511,October 2022 pilot
11,Random Forest,2022-10-05T11:00:00+00:00,32,3,7.0,12.78126580352823,October 2022 pilot
11,Random Forest,2022-10-05T15:00:00+00:00,59,3,11.5,9.586529554042505,October 2022 pilot
11,Random Forest,2022-10-05T16:00:00+00:00,59,3,8.9,8.900892037097307,October 2022 pilot
11,Random Forest,2022-10-05T17:00:00+00:00,59,3,7.2,9.5781890446924,October 2022 pilot
11,Random Forest,2022-10-06T02:00:00+00:00,1069,3,1.0,5.641221556970245,October 2022 pilot
11,Random Forest,2022-10-06T03:00:00+00:00,1069,3,4.0,6.710768366556733,October 2022 pilot
11,Random Forest,2022-10-06T04:00:00+00:00,1069,3,8.0,7.287831076437621,October 2022 pilot
11,Random Forest,2022-10-07T01:00:00+00:00,32,1,7.0,6.566096581442184,October 2022 pilot
11,Random Forest,2022-10-06T14:00:00+00:00,59,1,11.7,12.420862883798106,October 2022 pilot
11,Random Forest,2022-10-06T11:00:00+00:00,1069,6,12.0,12.574554168623337,October 2022 pilot
11,Random Forest,2022-10-06T12:00:00+00:00,1069,6,11.0,12.954592776541578,October 2022 pilot
11,Random Forest,2022-10-06T13:00:00+00:00,1069,6,21.0,11.978385568952971,October 2022 pilot
11,Random Forest,2022-10-06T14:00:00+00:00,1069,6,20.0,13.910736480285118,October 2022 pilot
11,Random Forest,2022-10-06T15:00:00+00:00,1069,6,21.0,15.003735580786664,October 2022 pilot
11,Random Forest,2022-10-06T16:00:00+00:00,1069,6,17.0,14.408185478659618,October 2022 pilot
11,Random Forest,2022-10-07T09:00:00+00:00,32,6,6.0,7.894878173295794,October 2022 pilot
11,Random Forest,2022-10-07T10:00:00+00:00,32,6,5.0,8.5399817977932,October 2022 pilot
11,Random Forest,2022-10-07T11:00:00+00:00,32,6,3.0,9.042650728237426,October 2022 pilot
11,Random Forest,2022-10-07T12:00:00+00:00,32,6,9.0,9.079126416298116,October 2022 pilot
11,Random Forest,2022-10-07T13:00:00+00:00,32,6,11.0,9.104502289158994,October 2022 pilot
11,Random Forest,2022-10-07T14:00:00+00:00,32,6,7.0,11.28388752192414,October 2022 pilot
11,Random Forest,2022-10-08T01:00:00+00:00,59,3,6.2,9.162588538617364,October 2022 pilot
11,Random Forest,2022-10-08T02:00:00+00:00,59,3,9.7,9.192402635684283,October 2022 pilot
11,Random Forest,2022-10-08T03:00:00+00:00,59,3,9.1,10.752920928223336,October 2022 pilot
11,Random Forest,2022-10-07T21:00:00+00:00,1069,6,7.0,9.654284386889747,October 2022 pilot
11,Random Forest,2022-10-07T22:00:00+00:00,1069,6,7.0,8.125665339233253,October 2022 pilot
11,Random Forest,2022-10-07T23:00:00+00:00,1069,6,5.0,7.104644921764814,October 2022 pilot
11,Random Forest,2022-10-08T00:00:00+00:00,1069,6,6.0,7.334625721604506,October 2022 pilot
11,Random Forest,2022-10-08T01:00:00+00:00,1069,6,9.0,8.702631105829038,October 2022 pilot
11,Random Forest,2022-10-08T02:00:00+00:00,1069,6,9.0,10.131365572857485,October 2022 pilot
11,Random Forest,2022-10-09T02:00:00+00:00,32,3,9.0,7.922525618337898,October 2022 pilot
11,Random Forest,2022-10-09T03:00:00+00:00,32,3,7.0,9.215841988815468,October 2022 pilot
11,Random Forest,2022-10-09T04:00:00+00:00,32,3,9.0,10.888596527298004,October 2022 pilot
11,Random Forest,2022-10-08T09:00:00+00:00,59,6,12.7,9.903049276842133,October 2022 pilot
11,Random Forest,2022-10-08T10:00:00+00:00,59,6,11.0,8.75951520935453,October 2022 pilot
11,Random Forest,2022-10-08T11:00:00+00:00,59,6,9.9,8.399947359473158,October 2022 pilot
11,Random Forest,2022-10-08T12:00:00+00:00,59,6,8.5,8.675370486169495,October 2022 pilot
11,Random Forest,2022-10-08T13:00:00+00:00,59,6,9.5,10.67945888598427,October 2022 pilot
11,Random Forest,2022-10-08T14:00:00+00:00,59,6,10.8,13.255819391778308,October 2022 pilot
11,Random Forest,2022-10-08T13:00:00+00:00,1069,1,14.0,11.321523314000077,October 2022 pilot
11,Random Forest,2022-10-09T23:00:00+00:00,32,3,6.0,8.540215665323064,October 2022 pilot
11,Random Forest,2022-10-10T00:00:00+00:00,32,3,8.0,7.384785496154206,October 2022 pilot
11,Random Forest,2022-10-10T01:00:00+00:00,32,3,9.0,6.968515223867945,October 2022 pilot
11,Random Forest,2022-10-10T02:00:00+00:00,59,3,8.3,7.065567761496491,October 2022 pilot
11,Random Forest,2022-10-10T03:00:00+00:00,59,3,8.8,8.672723721854938,October 2022 pilot
11,Random Forest,2022-10-10T04:00:00+00:00,59,3,6.4,9.215609857608502,October 2022 pilot
11,Random Forest,2022-10-10T01:00:00+00:00,1069,3,6.0,7.143449038325396,October 2022 pilot
11,Random Forest,2022-10-10T02:00:00+00:00,1069,3,5.0,6.751640490764041,October 2022 pilot
11,Random Forest,2022-10-10T03:00:00+00:00,1069,3,10.0,9.228334521568446,October 2022 pilot
11,Random Forest,2022-10-10T21:00:00+00:00,32,3,5.0,7.980722121804426,October 2022 pilot
11,Random Forest,2022-10-10T22:00:00+00:00,32,3,12.0,10.680121092841713,October 2022 pilot
11,Random Forest,2022-10-10T23:00:00+00:00,32,3,11.0,8.647442786740317,October 2022 pilot
11,Random Forest,2022-10-10T22:00:00+00:00,59,1,1.0,8.998698669182343,October 2022 pilot
11,Random Forest,2022-10-10T22:00:00+00:00,1069,6,9.0,7.8208548962709,October 2022 pilot
11,Random Forest,2022-10-10T23:00:00+00:00,1069,6,5.0,8.381897723877062,October 2022 pilot
11,Random Forest,2022-10-11T00:00:00+00:00,1069,6,5.0,5.650389343086976,October 2022 pilot
11,Random Forest,2022-10-11T01:00:00+00:00,1069,6,6.0,5.292079270495079,October 2022 pilot
11,Random Forest,2022-10-11T02:00:00+00:00,1069,6,10.0,7.161799424568741,October 2022 pilot
11,Random Forest,2022-10-11T03:00:00+00:00,1069,6,6.0,7.573099409300163,October 2022 pilot
11,Random Forest,2022-10-11T23:00:00+00:00,32,6,0.0,3.724426448851246,October 2022 pilot
11,Random Forest,2022-10-12T00:00:00+00:00,32,6,7.0,3.789719662816606,October 2022 pilot
11,Random Forest,2022-10-12T01:00:00+00:00,32,6,5.0,3.8825924819154536,October 2022 pilot
11,Random Forest,2022-10-12T02:00:00+00:00,32,6,6.0,3.963947292210469,October 2022 pilot
11,Random Forest,2022-10-12T03:00:00+00:00,32,6,9.0,3.629568912280792,October 2022 pilot
11,Random Forest,2022-10-12T04:00:00+00:00,32,6,4.0,3.854877222244797,October 2022 pilot
11,Random Forest,2022-10-12T00:00:00+00:00,59,1,0.5,3.335947542811694,October 2022 pilot
11,Random Forest,2022-10-11T20:00:00+00:00,1069,3,5.0,7.592791750312696,October 2022 pilot
11,Random Forest,2022-10-11T21:00:00+00:00,1069,3,7.0,8.852288841287791,October 2022 pilot
11,Random Forest,2022-10-11T22:00:00+00:00,1069,3,5.0,7.7345985319248145,October 2022 pilot
11,Random Forest,2022-10-12T07:00:00+00:00,32,1,4.0,4.713589259963499,October 2022 pilot
11,Random Forest,2022-10-13T04:00:00+00:00,59,1,0.6,4.086530185700811,October 2022 pilot
11,Random Forest,2022-10-12T12:00:00+00:00,1069,6,9.0,9.973167854646318,October 2022 pilot
11,Random Forest,2022-10-12T13:00:00+00:00,1069,6,10.0,9.15023409620672,October 2022 pilot
11,Random Forest,2022-10-12T14:00:00+00:00,1069,6,14.0,10.751237852503865,October 2022 pilot
11,Random Forest,2022-10-12T15:00:00+00:00,1069,6,15.0,9.848755856711426,October 2022 pilot
11,Random Forest,2022-10-12T16:00:00+00:00,1069,6,14.0,10.277346317087025,October 2022 pilot
11,Random Forest,2022-10-12T17:00:00+00:00,1069,6,17.0,9.618857066078736,October 2022 pilot
11,Random Forest,2022-10-13T11:00:00+00:00,32,3,2.0,7.537850030948259,October 2022 pilot
11,Random Forest,2022-10-13T12:00:00+00:00,32,3,4.0,8.595994445985694,October 2022 pilot
11,Random Forest,2022-10-13T13:00:00+00:00,32,3,4.0,9.36336858187602,October 2022 pilot
11,Random Forest,2022-10-14T01:00:00+00:00,59,1,5.5,6.671163025274055,October 2022 pilot
11,Random Forest,2022-10-13T08:00:00+00:00,1069,6,9.0,3.169129671574022,October 2022 pilot
11,Random Forest,2022-10-13T09:00:00+00:00,1069,6,9.0,5.038289301254471,October 2022 pilot
11,Random Forest,2022-10-13T10:00:00+00:00,1069,6,8.0,7.45547808327576,October 2022 pilot
11,Random Forest,2022-10-13T11:00:00+00:00,1069,6,8.0,7.3682123448176595,October 2022 pilot
11,Random Forest,2022-10-13T12:00:00+00:00,1069,6,6.0,8.346144083250245,October 2022 pilot
11,Random Forest,2022-10-13T13:00:00+00:00,1069,6,12.0,9.880265657087651,October 2022 pilot
11,Random Forest,2022-10-14T19:00:00+00:00,32,1,14.0,9.709436061075836,October 2022 pilot
11,Random Forest,2022-10-14T23:00:00+00:00,59,6,6.9,3.9117047692335767,October 2022 pilot
11,Random Forest,2022-10-15T00:00:00+00:00,59,6,3.4,3.5573930277070707,October 2022 pilot
11,Random Forest,2022-10-15T01:00:00+00:00,59,6,5.8,4.392910700271734,October 2022 pilot
11,Random Forest,2022-10-15T02:00:00+00:00,59,6,4.9,4.333836900573052,October 2022 pilot
11,Random Forest,2022-10-15T03:00:00+00:00,59,6,5.6,4.40610573409102,October 2022 pilot
11,Random Forest,2022-10-15T04:00:00+00:00,59,6,5.0,4.08120928253584,October 2022 pilot
11,Random Forest,2022-10-14T20:00:00+00:00,1069,1,6.0,9.09755194369407,October 2022 pilot
11,Random Forest,2022-10-15T10:00:00+00:00,32,1,3.0,4.782611247717082,October 2022 pilot
11,Random Forest,2022-10-15T16:00:00+00:00,59,1,4.5,7.495368018124287,October 2022 pilot
11,Random Forest,2022-10-15T21:00:00+00:00,1069,3,4.0,5.126508896880483,October 2022 pilot
11,Random Forest,2022-10-15T22:00:00+00:00,1069,3,-2.0,3.846015783562825,October 2022 pilot
11,Random Forest,2022-10-15T23:00:00+00:00,1069,3,-3.0,2.6948008864794093,October 2022 pilot
11,Random Forest,2022-10-16T13:00:00+00:00,32,3,1.0,4.475182256729813,October 2022 pilot
11,Random Forest,2022-10-16T14:00:00+00:00,32,3,1.0,5.866805259954722,October 2022 pilot
11,Random Forest,2022-10-16T15:00:00+00:00,32,3,6.0,7.9337811319118305,October 2022 pilot
11,Random Forest,2022-10-16T17:00:00+00:00,59,6,4.7,6.478739110473356,October 2022 pilot
11,Random Forest,2022-10-16T18:00:00+00:00,59,6,8.4,6.17036274298875,October 2022 pilot
11,Random Forest,2022-10-16T19:00:00+00:00,59,6,5.3,4.908375493008551,October 2022 pilot
11,Random Forest,2022-10-16T20:00:00+00:00,59,6,1.2,5.037018551196178,October 2022 pilot
11,Random Forest,2022-10-16T21:00:00+00:00,59,6,3.8,3.930035121944228,October 2022 pilot
11,Random Forest,2022-10-16T22:00:00+00:00,59,6,3.6,4.064094399811184,October 2022 pilot
11,Random Forest,2022-10-16T19:00:00+00:00,1069,6,5.0,6.526975525567787,October 2022 pilot
11,Random Forest,2022-10-16T20:00:00+00:00,1069,6,0.0,5.303919995270996,October 2022 pilot
11,Random Forest,2022-10-16T21:00:00+00:00,1069,6,2.0,5.085811937968147,October 2022 pilot
11,Random Forest,2022-10-16T22:00:00+00:00,1069,6,0.0,4.157509531508117,October 2022 pilot
11,Random Forest,2022-10-16T23:00:00+00:00,1069,6,3.0,2.690996454677104,October 2022 pilot
11,Random Forest,2022-10-17T00:00:00+00:00,1069,6,2.0,1.5395815725075783,October 2022 pilot
11,Random Forest,2022-10-18T00:00:00+00:00,32,3,2.0,4.096479814871897,October 2022 pilot
11,Random Forest,2022-10-18T01:00:00+00:00,32,3,6.0,3.6766040381127234,October 2022 pilot
11,Random Forest,2022-10-18T02:00:00+00:00,32,3,7.0,3.778785383312453,October 2022 pilot
11,Random Forest,2022-10-17T13:00:00+00:00,59,1,6.7,3.4366060868134247,October 2022 pilot
11,Random Forest,2022-10-17T07:00:00+00:00,1069,1,-6.0,2.476628195327444,October 2022 pilot
11,Random Forest,2022-10-18T08:00:00+00:00,32,6,4.0,2.6389176939276897,October 2022 pilot
11,Random Forest,2022-10-18T09:00:00+00:00,32,6,2.0,2.064912160502298,October 2022 pilot
11,Random Forest,2022-10-18T10:00:00+00:00,32,6,2.0,2.836405804982702,October 2022 pilot
11,Random Forest,2022-10-18T11:00:00+00:00,32,6,2.0,3.359146993244599,October 2022 pilot
11,Random Forest,2022-10-18T12:00:00+00:00,32,6,3.0,3.2443673729374654,October 2022 pilot
11,Random Forest,2022-10-18T13:00:00+00:00,32,6,1.0,2.979450297203793,October 2022 pilot
11,Random Forest,2022-10-18T23:00:00+00:00,59,3,1.8,1.890853488208717,October 2022 pilot
11,Random Forest,2022-10-19T00:00:00+00:00,59,3,0.7,2.28456152159212,October 2022 pilot
11,Random Forest,2022-10-19T01:00:00+00:00,59,3,0.3,1.9047891847626943,October 2022 pilot
11,Random Forest,2022-10-18T21:00:00+00:00,1069,6,0.0,2.589143918310625,October 2022 pilot
11,Random Forest,2022-10-18T22:00:00+00:00,1069,6,4.0,3.4387732041762757,October 2022 pilot
11,Random Forest,2022-10-18T23:00:00+00:00,1069,6,-2.0,2.194557422404181,October 2022 pilot
11,Random Forest,2022-10-19T00:00:00+00:00,1069,6,0.0,1.541236193590604,October 2022 pilot
11,Random Forest,2022-10-19T01:00:00+00:00,1069,6,2.0,1.9111713041699383,October 2022 pilot
11,Random Forest,2022-10-19T02:00:00+00:00,1069,6,-2.0,4.8339347609711,October 2022 pilot
11,Random Forest,2022-10-19T17:00:00+00:00,32,1,7.0,6.313346692760424,October 2022 pilot
11,Random Forest,2022-10-19T11:00:00+00:00,59,1,4.5,4.738323704544959,October 2022 pilot
11,Random Forest,2022-10-19T08:00:00+00:00,1069,6,7.0,5.075456212808112,October 2022 pilot
11,Random Forest,2022-10-19T09:00:00+00:00,1069,6,7.0,3.868979352095648,October 2022 pilot
11,Random Forest,2022-10-19T10:00:00+00:00,1069,6,7.0,5.221169609128628,October 2022 pilot
11,Random Forest,2022-10-19T11:00:00+00:00,1069,6,6.0,5.683413538231004,October 2022 pilot
11,Random Forest,2022-10-19T12:00:00+00:00,1069,6,12.0,5.753005945031983,October 2022 pilot
11,Random Forest,2022-10-19T13:00:00+00:00,1069,6,14.0,7.276947979525849,October 2022 pilot
11,Random Forest,2022-10-20T07:00:00+00:00,32,3,5.0,6.72234115141426,October 2022 pilot
11,Random Forest,2022-10-20T08:00:00+00:00,32,3,5.0,5.588932700930743,October 2022 pilot
11,Random Forest,2022-10-20T09:00:00+00:00,32,3,4.0,6.160791833803412,October 2022 pilot
11,Random Forest,2022-10-21T03:00:00+00:00,59,1,2.1,3.4059701512433262,October 2022 pilot
11,Random Forest,2022-10-20T13:00:00+00:00,1069,1,12.0,10.244040422345169,October 2022 pilot
11,Random Forest,2022-10-22T00:00:00+00:00,32,1,0.0,0.868793098359759,October 2022 pilot
11,Random Forest,2022-10-21T20:00:00+00:00,59,1,1.2,3.469630570817182,October 2022 pilot
11,Random Forest,2022-10-21T07:00:00+00:00,1069,1,4.0,3.112186829334529,October 2022 pilot
11,Random Forest,2022-10-22T07:00:00+00:00,32,6,6.0,3.2374099694525,October 2022 pilot
11,Random Forest,2022-10-22T08:00:00+00:00,32,6,7.0,2.968979115506231,October 2022 pilot
11,Random Forest,2022-10-22T09:00:00+00:00,32,6,3.0,2.9914152402271275,October 2022 pilot
11,Random Forest,2022-10-22T10:00:00+00:00,32,6,5.0,3.466234845338928,October 2022 pilot
11,Random Forest,2022-10-22T11:00:00+00:00,32,6,6.0,3.235587509536651,October 2022 pilot
11,Random Forest,2022-10-22T12:00:00+00:00,32,6,4.0,4.549895356630826,October 2022 pilot
11,Random Forest,2022-10-22T15:00:00+00:00,59,3,5.8,6.829983966947145,October 2022 pilot
11,Random Forest,2022-10-22T16:00:00+00:00,59,3,6.7,5.7857946067287545,October 2022 pilot
11,Random Forest,2022-10-22T17:00:00+00:00,59,3,6.5,5.872660578108393,October 2022 pilot
11,Random Forest,2022-10-22T21:00:00+00:00,1069,1,1.0,4.4370305049088845,October 2022 pilot
11,Random Forest,2022-10-23T23:00:00+00:00,32,6,3.0,3.7884335437142767,October 2022 pilot
11,Random Forest,2022-10-24T00:00:00+00:00,32,6,3.0,3.5023669932421795,October 2022 pilot
11,Random Forest,2022-10-24T01:00:00+00:00,32,6,4.0,3.995569724424048,October 2022 pilot
11,Random Forest,2022-10-24T02:00:00+00:00,32,6,6.0,4.709202761810101,October 2022 pilot
11,Random Forest,2022-10-24T03:00:00+00:00,32,6,6.0,5.418333978752584,October 2022 pilot
11,Random Forest,2022-10-24T04:00:00+00:00,32,6,6.0,5.84407863292244,October 2022 pilot
11,Random Forest,2022-10-24T03:00:00+00:00,59,1,6.0,4.734914103006693,October 2022 pilot
11,Random Forest,2022-10-23T10:00:00+00:00,1069,1,6.0,2.895496988265422,October 2022 pilot
11,Random Forest,2022-10-25T00:00:00+00:00,32,3,1.0,7.692966656960853,October 2022 pilot
11,Random Forest,2022-10-25T01:00:00+00:00,32,3,7.0,7.0673932966811845,October 2022 pilot
11,Random Forest,2022-10-25T02:00:00+00:00,32,3,5.0,4.983577749755097,October 2022 pilot
11,Random Forest,2022-10-24T19:00:00+00:00,59,6,17.9,15.790495203147549,October 2022 pilot
11,Random Forest,2022-10-24T20:00:00+00:00,59,6,18.6,14.556583828723284,October 2022 pilot
11,Random Forest,2022-10-24T21:00:00+00:00,59,6,11.8,13.13095490494457,October 2022 pilot
11,Random Forest,2022-10-24T22:00:00+00:00,59,6,14.5,12.292110545178184,October 2022 pilot
11,Random Forest,2022-10-24T23:00:00+00:00,59,6,13.3,10.17417414921697,October 2022 pilot
11,Random Forest,2022-10-25T00:00:00+00:00,59,6,12.1,7.394774506653363,October 2022 pilot
11,Random Forest,2022-10-24T16:00:00+00:00,1069,1,13.0,11.989670486978053,October 2022 pilot
11,Random Forest,2022-10-25T15:00:00+00:00,32,6,2.0,3.4696849593251518,October 2022 pilot
11,Random Forest,2022-10-25T16:00:00+00:00,32,6,6.0,2.9822493440247304,October 2022 pilot
11,Random Forest,2022-10-25T17:00:00+00:00,32,6,1.0,3.815095308611691,October 2022 pilot
11,Random Forest,2022-10-25T18:00:00+00:00,32,6,2.0,3.4729648577379337,October 2022 pilot
11,Random Forest,2022-10-25T19:00:00+00:00,32,6,2.0,2.4832557624124028,October 2022 pilot
11,Random Forest,2022-10-25T20:00:00+00:00,32,6,2.0,2.3529555898598007,October 2022 pilot
11,Random Forest,2022-10-25T21:00:00+00:00,59,1,-0.8,2.182331352223198,October 2022 pilot
11,Random Forest,2022-10-25T22:00:00+00:00,1069,1,2.0,2.193682894037521,October 2022 pilot
11,Random Forest,2022-10-26T14:00:00+00:00,32,1,14.0,7.826419371601732,October 2022 pilot
11,Random Forest,2022-10-27T03:00:00+00:00,59,1,2.0,2.5333346953543368,October 2022 pilot
11,Random Forest,2022-10-26T18:00:00+00:00,1069,6,5.0,3.8432458506923433,October 2022 pilot
11,Random Forest,2022-10-26T19:00:00+00:00,1069,6,4.0,4.228379798611389,October 2022 pilot
11,Random Forest,2022-10-26T20:00:00+00:00,1069,6,2.0,5.862029112170996,October 2022 pilot
11,Random Forest,2022-10-26T21:00:00+00:00,1069,6,2.0,4.3491775673513065,October 2022 pilot
11,Random Forest,2022-10-26T22:00:00+00:00,1069,6,-1.0,2.4269073631196614,October 2022 pilot
11,Random Forest,2022-10-26T23:00:00+00:00,1069,6,-5.0,1.2026451830277822,October 2022 pilot
11,Random Forest,2022-10-27T12:00:00+00:00,32,3,3.0,4.050276669316226,October 2022 pilot
11,Random Forest,2022-10-27T13:00:00+00:00,32,3,4.0,5.511958431878062,October 2022 pilot
11,Random Forest,2022-10-27T14:00:00+00:00,32,3,12.0,4.966112606975415,October 2022 pilot
11,Random Forest,2022-10-27T23:00:00+00:00,59,6,2.3,2.2116127929885865,October 2022 pilot
11,Random Forest,2022-10-28T00:00:00+00:00,59,6,4.7,2.410908248417699,October 2022 pilot
11,Random Forest,2022-10-28T01:00:00+00:00,59,6,-1.4,2.811412726421719,October 2022 pilot
11,Random Forest,2022-10-28T02:00:00+00:00,59,6,1.9,2.8806498230261472,October 2022 pilot
11,Random Forest,2022-10-28T03:00:00+00:00,59,6,1.0,2.6289406299992857,October 2022 pilot
11,Random Forest,2022-10-28T04:00:00+00:00,59,6,7.5,2.591452311205431,October 2022 pilot
11,Random Forest,2022-10-27T12:00:00+00:00,1069,1,10.0,4.602080442746848,October 2022 pilot
11,Random Forest,2022-10-28T17:00:00+00:00,32,1,4.0,5.005335568943417,October 2022 pilot
11,Random Forest,2022-10-28T15:00:00+00:00,59,1,-2.2,4.221317137148583,October 2022 pilot
11,Random Forest,2022-10-28T13:00:00+00:00,1069,6,11.0,5.904447811926604,October 2022 pilot
11,Random Forest,2022-10-28T14:00:00+00:00,1069,6,-10.0,6.293504891459366,October 2022 pilot
11,Random Forest,2022-10-28T15:00:00+00:00,1069,6,-1.0,6.008045883920155,October 2022 pilot
11,Random Forest,2022-10-28T16:00:00+00:00,1069,6,6.0,5.43268238018315,October 2022 pilot
11,Random Forest,2022-10-28T17:00:00+00:00,1069,6,9.0,5.27466235779033,October 2022 pilot
11,Random Forest,2022-10-28T18:00:00+00:00,1069,6,10.0,4.581971633763421,October 2022 pilot
11,Random Forest,2022-10-29T15:00:00+00:00,32,6,4.0,5.5885633461581765,October 2022 pilot
11,Random Forest,2022-10-29T16:00:00+00:00,32,6,8.0,5.074248994786295,October 2022 pilot
11,Random Forest,2022-10-29T17:00:00+00:00,32,6,5.0,4.830515370943004,October 2022 pilot
11,Random Forest,2022-10-29T18:00:00+00:00,32,6,7.0,4.971476006329603,October 2022 pilot
11,Random Forest,2022-10-29T19:00:00+00:00,32,6,4.0,4.097001224463023,October 2022 pilot
11,Random Forest,2022-10-29T20:00:00+00:00,32,6,2.0,4.493071103248508,October 2022 pilot
11,Random Forest,2022-10-30T01:00:00+00:00,59,3,2.4,3.1393855142487803,October 2022 pilot
11,Random Forest,2022-10-30T02:00:00+00:00,59,3,-0.9,3.163034232310024,October 2022 pilot
11,Random Forest,2022-10-30T03:00:00+00:00,59,3,1.0,4.086906281451888,October 2022 pilot
11,Random Forest,2022-10-29T22:00:00+00:00,1069,3,5.0,2.510551162119695,October 2022 pilot
11,Random Forest,2022-10-29T23:00:00+00:00,1069,3,1.0,1.995422364967376,October 2022 pilot
11,Random Forest,2022-10-30T00:00:00+00:00,1069,3,3.0,2.762306021911587,October 2022 pilot
11,Random Forest,2022-10-31T04:00:00+00:00,32,1,9.0,3.5616014077780696,October 2022 pilot
11,Random Forest,2022-10-30T21:00:00+00:00,59,6,4.5,3.2548743897722003,October 2022 pilot
11,Random Forest,2022-10-30T22:00:00+00:00,59,6,2.7,2.6962157388660044,October 2022 pilot
11,Random Forest,2022-10-30T23:00:00+00:00,59,6,5.6,2.2607805491235924,October 2022 pilot
11,Random Forest,2022-10-31T00:00:00+00:00,59,6,1.0,1.8696318493739652,October 2022 pilot
11,Random Forest,2022-10-31T01:00:00+00:00,59,6,4.0,2.4272293208400004,October 2022 pilot
11,Random Forest,2022-10-31T02:00:00+00:00,59,6,8.0,3.0639254023270697,October 2022 pilot
11,Random Forest,2022-10-30T09:00:00+00:00,1069,1,5.0,7.440363542417165,October 2022 pilot
11,Random Forest,2022-10-31T20:00:00+00:00,32,1,3.0,5.336882303664031,October 2022 pilot
11,Random Forest,2022-11-01T02:00:00+00:00,59,3,4.3,2.3902962508951875,October 2022 pilot
11,Random Forest,2022-11-01T03:00:00+00:00,59,3,0.5,2.734666294928149,October 2022 pilot
11,Random Forest,2022-11-01T04:00:00+00:00,59,3,6.9,3.2680856561879623,October 2022 pilot
11,Random Forest,2022-10-31T10:00:00+00:00,1069,1,6.0,4.288584035628725,October 2022 pilot
22,Random Forest,2022-10-01T13:00:00+00:00,32,6,6.0,9.217153926122243,October 2022 pilot
22,Random Forest,2022-10-01T14:00:00+00:00,32,6,13.0,9.487612455658512,October 2022 pilot
22,Random Forest,2022-10-01T15:00:00+00:00,32,6,10.0,9.08326652799891,October 2022 pilot
22,Random Forest,2022-10-01T16:00:00+00:00,32,6,17.0,10.168586161095917,October 2022 pilot
22,Random Forest,2022-10-01T17:00:00+00:00,32,6,8.0,9.68672878010402,October 2022 pilot
22,Random Forest,2022-10-01T18:00:00+00:00,32,6,12.0,9.223107224639085,October 2022 pilot
22,Random Forest,2022-10-01T10:00:00+00:00,59,3,6.2,7.377476508431871,October 2022 pilot
22,Random Forest,2022-10-01T11:00:00+00:00,59,3,8.7,7.659842460879484,October 2022 pilot
22,Random Forest,2022-10-01T12:00:00+00:00,59,3,6.2,7.366599469532593,October 2022 pilot
22,Random Forest,2022-10-02T12:00:00+00:00,32,1,6.0,9.612193344622233,October 2022 pilot
22,Random Forest,2022-10-02T07:00:00+00:00,59,3,4.9,7.559974101540938,October 2022 pilot
22,Random Forest,2022-10-02T08:00:00+00:00,59,3,10.0,7.312612821145608,October 2022 pilot
22,Random Forest,2022-10-02T09:00:00+00:00,59,3,6.2,6.7515854042998695,October 2022 pilot
22,Random Forest,2022-10-04T04:00:00+00:00,32,1,12.0,10.38748467990378,October 2022 pilot
22,Random Forest,2022-10-04T01:00:00+00:00,59,1,9.0,7.751006363697395,October 2022 pilot
22,Random Forest,2022-10-04T07:00:00+00:00,32,6,9.0,9.70125476611263,October 2022 pilot
22,Random Forest,2022-10-04T08:00:00+00:00,32,6,12.0,10.474403218164666,October 2022 pilot
22,Random Forest,2022-10-04T09:00:00+00:00,32,6,11.0,11.69503943303402,October 2022 pilot
22,Random Forest,2022-10-04T10:00:00+00:00,32,6,13.0,12.419934445211084,October 2022 pilot
22,Random Forest,2022-10-04T11:00:00+00:00,32,6,9.0,12.444252509301876,October 2022 pilot
22,Random Forest,2022-10-04T12:00:00+00:00,32,6,16.0,14.347050375798483,October 2022 pilot
22,Random Forest,2022-10-04T12:00:00+00:00,59,1,35.2,13.034845340363656,October 2022 pilot
22,Random Forest,2022-10-04T19:00:00+00:00,1069,3,15.0,14.026127325676809,October 2022 pilot
22,Random Forest,2022-10-04T20:00:00+00:00,1069,3,11.0,9.935956225129155,October 2022 pilot
22,Random Forest,2022-10-04T21:00:00+00:00,1069,3,4.0,9.159917564935288,October 2022 pilot
22,Random Forest,2022-10-05T17:00:00+00:00,32,3,12.0,9.52619348468089,October 2022 pilot
22,Random Forest,2022-10-05T18:00:00+00:00,32,3,11.0,10.663200451778147,October 2022 pilot
22,Random Forest,2022-10-05T19:00:00+00:00,32,3,11.0,11.50569352913962,October 2022 pilot
22,Random Forest,2022-10-05T14:00:00+00:00,59,1,12.4,11.698412097557377,October 2022 pilot
22,Random Forest,2022-10-06T01:00:00+00:00,1069,3,5.0,5.084440264756132,October 2022 pilot
22,Random Forest,2022-10-06T02:00:00+00:00,1069,3,1.0,6.129996369990591,October 2022 pilot
22,Random Forest,2022-10-06T03:00:00+00:00,1069,3,4.0,8.071451575677036,October 2022 pilot
22,Random Forest,2022-10-06T14:00:00+00:00,32,1,9.0,14.485277304841736,October 2022 pilot
22,Random Forest,2022-10-06T17:00:00+00:00,59,1,10.1,14.09600686741507,October 2022 pilot
22,Random Forest,2022-10-06T13:00:00+00:00,1069,6,21.0,12.769933509084218,October 2022 pilot
22,Random Forest,2022-10-06T14:00:00+00:00,1069,6,20.0,13.456271091873052,October 2022 pilot
22,Random Forest,2022-10-06T15:00:00+00:00,1069,6,21.0,15.159619359941908,October 2022 pilot
22,Random Forest,2022-10-06T16:00:00+00:00,1069,6,17.0,14.251303022690127,October 2022 pilot
22,Random Forest,2022-10-06T17:00:00+00:00,1069,6,15.0,15.028139156447285,October 2022 pilot
22,Random Forest,2022-10-06T18:00:00+00:00,1069,6,13.0,13.710530718008574,October 2022 pilot
22,Random Forest,2022-10-07T22:00:00+00:00,32,3,11.0,8.686691671097844,October 2022 pilot
22,Random Forest,2022-10-07T23:00:00+00:00,32,3,11.0,9.140512559074857,October 2022 pilot
22,Random Forest,2022-10-08T00:00:00+00:00,32,3,7.0,8.246886546445491,October 2022 pilot
22,Random Forest,2022-10-07T19:00:00+00:00,59,1,8.9,7.536096142509071,October 2022 pilot
22,Random Forest,2022-10-07T18:00:00+00:00,1069,3,7.0,10.877944049484322,October 2022 pilot
22,Random Forest,2022-10-07T19:00:00+00:00,1069,3,12.0,9.38128314797379,October 2022 pilot
22,Random Forest,2022-10-07T20:00:00+00:00,1069,3,9.0,9.251553332588468,October 2022 pilot
22,Random Forest,2022-10-08T10:00:00+00:00,32,6,10.0,10.206846600329348,October 2022 pilot
22,Random Forest,2022-10-08T11:00:00+00:00,32,6,9.0,10.179930254485924,October 2022 pilot
22,Random Forest,2022-10-08T12:00:00+00:00,32,6,10.0,12.17469631631312,October 2022 pilot
22,Random Forest,2022-10-08T13:00:00+00:00,32,6,4.0,11.70414994915362,October 2022 pilot
22,Random Forest,2022-10-08T14:00:00+00:00,32,6,13.0,14.31789739181806,October 2022 pilot
22,Random Forest,2022-10-08T15:00:00+00:00,32,6,10.0,12.538903375672843,October 2022 pilot
22,Random Forest,2022-10-08T15:00:00+00:00,59,3,12.9,12.64564367026472,October 2022 pilot
22,Random Forest,2022-10-08T16:00:00+00:00,59,3,14.9,11.809721586454264,October 2022 pilot
22,Random Forest,2022-10-08T17:00:00+00:00,59,3,11.5,12.076106869156664,October 2022 pilot
22,Random Forest,2022-10-08T15:00:00+00:00,1069,1,17.0,14.56635225565453,October 2022 pilot
22,Random Forest,2022-10-09T12:00:00+00:00,32,1,15.0,14.312183333625422,October 2022 pilot
22,Random Forest,2022-10-09T15:00:00+00:00,59,3,14.1,14.668040371462254,October 2022 pilot
22,Random Forest,2022-10-09T16:00:00+00:00,59,3,10.9,13.734218775630913,October 2022 pilot
22,Random Forest,2022-10-09T17:00:00+00:00,59,3,9.9,13.245864178245702,October 2022 pilot
22,Random Forest,2022-10-09T22:00:00+00:00,1069,6,7.0,8.39035643959181,October 2022 pilot
22,Random Forest,2022-10-09T23:00:00+00:00,1069,6,6.0,7.665286966562495,October 2022 pilot
22,Random Forest,2022-10-10T00:00:00+00:00,1069,6,4.0,7.621410580570066,October 2022 pilot
22,Random Forest,2022-10-10T01:00:00+00:00,1069,6,6.0,7.56762490631734,October 2022 pilot
22,Random Forest,2022-10-10T02:00:00+00:00,1069,6,5.0,8.156710418933375,October 2022 pilot
22,Random Forest,2022-10-10T03:00:00+00:00,1069,6,10.0,9.793297925248812,October 2022 pilot
22,Random Forest,2022-10-11T02:00:00+00:00,32,3,8.0,7.852685148446878,October 2022 pilot
22,Random Forest,2022-10-11T03:00:00+00:00,32,3,6.0,7.442305385474233,October 2022 pilot
22,Random Forest,2022-10-11T04:00:00+00:00,32,3,8.0,7.088318314349015,October 2022 pilot
22,Random Forest,2022-10-10T09:00:00+00:00,59,6,8.8,9.69080524607301,October 2022 pilot
22,Random Forest,2022-10-10T10:00:00+00:00,59,6,7.5,8.939620320580755,October 2022 pilot
22,Random Forest,2022-10-10T11:00:00+00:00,59,6,18.6,10.506958864038294,October 2022 pilot
22,Random Forest,2022-10-10T12:00:00+00:00,59,6,12.2,11.988166792320673,October 2022 pilot
22,Random Forest,2022-10-10T13:00:00+00:00,59,6,10.3,12.198707835324551,October 2022 pilot
22,Random Forest,2022-10-10T14:00:00+00:00,59,6,8.1,11.30563878957227,October 2022 pilot
22,Random Forest,2022-10-10T20:00:00+00:00,1069,3,-2.0,10.923760885555522,October 2022 pilot
22,Random Forest,2022-10-10T21:00:00+00:00,1069,3,11.0,9.422502438634211,October 2022 pilot
22,Random Forest,2022-10-10T22:00:00+00:00,1069,3,9.0,9.749494797463344,October 2022 pilot
22,Random Forest,2022-10-11T12:00:00+00:00,32,6,9.0,6.02227530028697,October 2022 pilot
22,Random Forest,2022-10-11T13:00:00+00:00,32,6,3.0,6.934074725162523,October 2022 pilot
22,Random Forest,2022-10-11T14:00:00+00:00,32,6,14.0,7.568823455132806,October 2022 pilot
22,Random Forest,2022-10-11T15:00:00+00:00,32,6,8.0,10.380144139381215,October 2022 pilot
22,Random Forest,2022-10-11T16:00:00+00:00,32,6,7.0,9.570344082641892,October 2022 pilot
22,Random Forest,2022-10-11T17:00:00+00:00,32,6,6.0,9.554724404358382,October 2022 pilot
22,Random Forest,2022-10-12T00:00:00+00:00,59,3,0.5,3.340952255869996,October 2022 pilot
22,Random Forest,2022-10-12T01:00:00+00:00,59,3,6.1,3.790367523327749,October 2022 pilot
22,Random Forest,2022-10-12T02:00:00+00:00,59,3,1.8,4.36506434836068,October 2022 pilot
22,Random Forest,2022-10-12T02:00:00+00:00,1069,3,2.0,4.173905703507503,October 2022 pilot
22,Random Forest,2022-10-12T03:00:00+00:00,1069,3,1.0,4.970745406856535,October 2022 pilot
22,Random Forest,2022-10-12T04:00:00+00:00,1069,3,2.0,5.619353355657013,October 2022 pilot
22,Random Forest,2022-10-12T19:00:00+00:00,32,3,7.0,8.436065356770042,October 2022 pilot
22,Random Forest,2022-10-12T20:00:00+00:00,32,3,4.0,8.054167156196076,October 2022 pilot
22,Random Forest,2022-10-12T21:00:00+00:00,32,3,8.0,7.5645611923269716,October 2022 pilot
22,Random Forest,2022-10-12T12:00:00+00:00,59,1,11.1,6.727488528856559,October 2022 pilot
22,Random Forest,2022-10-12T07:00:00+00:00,1069,6,7.0,4.236973723246612,October 2022 pilot
22,Random Forest,2022-10-12T08:00:00+00:00,1069,6,5.0,5.415479436439233,October 2022 pilot
22,Random Forest,2022-10-12T09:00:00+00:00,1069,6,6.0,6.126073804209904,October 2022 pilot
22,Random Forest,2022-10-12T10:00:00+00:00,1069,6,9.0,8.96788900885754,October 2022 pilot
22,Random Forest,2022-10-12T11:00:00+00:00,1069,6,8.0,8.47733500442463,October 2022 pilot
22,Random Forest,2022-10-12T12:00:00+00:00,1069,6,9.0,8.392380164908026,October 2022 pilot
22,Random Forest,2022-10-13T13:00:00+00:00,32,6,4.0,8.500909685464707,October 2022 pilot
22,Random Forest,2022-10-13T14:00:00+00:00,32,6,12.0,9.724682665081591,October 2022 pilot
22,Random Forest,2022-10-13T15:00:00+00:00,32,6,6.0,9.941938145850983,October 2022 pilot
22,Random Forest,2022-10-13T16:00:00+00:00,32,6,12.0,10.570851355813984,October 2022 pilot
22,Random Forest,2022-10-13T17:00:00+00:00,32,6,16.0,9.845903616230505,October 2022 pilot
22,Random Forest,2022-10-13T18:00:00+00:00,32,6,11.0,10.006251124285155,October 2022 pilot
22,Random Forest,2022-10-13T20:00:00+00:00,59,6,8.8,6.916459099470737,October 2022 pilot
22,Random Forest,2022-10-13T21:00:00+00:00,59,6,8.3,7.0910335534938245,October 2022 pilot
22,Random Forest,2022-10-13T22:00:00+00:00,59,6,10.3,6.276593990913628,October 2022 pilot
22,Random Forest,2022-10-13T23:00:00+00:00,59,6,6.3,5.642683965143963,October 2022 pilot
22,Random Forest,2022-10-14T00:00:00+00:00,59,6,4.4,5.193651128434263,October 2022 pilot
22,Random Forest,2022-10-14T01:00:00+00:00,59,6,5.5,6.823285205779915,October 2022 pilot
22,Random Forest,2022-10-13T12:00:00+00:00,1069,3,6.0,8.360064686307526,October 2022 pilot
22,Random Forest,2022-10-13T13:00:00+00:00,1069,3,12.0,9.542882921946983,October 2022 pilot
22,Random Forest,2022-10-13T14:00:00+00:00,1069,3,16.0,9.984172965394128,October 2022 pilot
22,Random Forest,2022-10-14T09:00:00+00:00,32,1,7.0,6.502105948423477,October 2022 pilot
22,Random Forest,2022-10-14T07:00:00+00:00,59,1,3.2,8.146767224433,October 2022 pilot
22,Random Forest,2022-10-14T19:00:00+00:00,1069,3,13.0,10.486139678096311,October 2022 pilot
22,Random Forest,2022-10-14T20:00:00+00:00,1069,3,6.0,9.041799547194952,October 2022 pilot
22,Random Forest,2022-10-14T21:00:00+00:00,1069,3,12.0,7.260162452377242,October 2022 pilot
22,Random Forest,2022-10-15T20:00:00+00:00,32,3,6.0,6.941809753590995,October 2022 pilot
22,Random Forest,2022-10-15T21:00:00+00:00,32,3,6.0,4.880217095705066,October 2022 pilot
22,Random Forest,2022-10-15T22:00:00+00:00,32,3,3.0,4.072443864484776,October 2022 pilot
22,Random Forest,2022-10-15T16:00:00+00:00,59,1,4.5,7.366965702592647,October 2022 pilot
22,Random Forest,2022-10-15T16:00:00+00:00,1069,6,12.0,9.854963120427858,October 2022 pilot
22,Random Forest,2022-10-15T17:00:00+00:00,1069,6,10.0,9.327431858613474,October 2022 pilot
22,Random Forest,2022-10-15T18:00:00+00:00,1069,6,9.0,9.020251534038705,October 2022 pilot
22,Random Forest,2022-10-15T19:00:00+00:00,1069,6,9.0,8.851937706134105,October 2022 pilot
22,Random Forest,2022-10-15T20:00:00+00:00,1069,6,9.0,7.725584523163879,October 2022 pilot
22,Random Forest,2022-10-15T21:00:00+00:00,1069,6,4.0,5.8443315064984045,October 2022 pilot
22,Random Forest,2022-10-16T10:00:00+00:00,32,6,7.0,6.484785806417492,October 2022 pilot
22,Random Forest,2022-10-16T11:00:00+00:00,32,6,5.0,6.5254256912967055,October 2022 pilot
22,Random Forest,2022-10-16T12:00:00+00:00,32,6,5.0,6.527120840147464,October 2022 pilot
22,Random Forest,2022-10-16T13:00:00+00:00,32,6,1.0,6.204802015114493,October 2022 pilot
22,Random Forest,2022-10-16T14:00:00+00:00,32,6,1.0,6.636533045669728,October 2022 pilot
22,Random Forest,2022-10-16T15:00:00+00:00,32,6,6.0,8.304936535844174,October 2022 pilot
22,Random Forest,2022-10-16T19:00:00+00:00,59,6,5.3,4.4546951465341404,October 2022 pilot
22,Random Forest,2022-10-16T20:00:00+00:00,59,6,1.2,3.3373181648456707,October 2022 pilot
22,Random Forest,2022-10-16T21:00:00+00:00,59,6,3.8,2.988450780439486,October 2022 pilot
22,Random Forest,2022-10-16T22:00:00+00:00,59,6,3.6,3.2163037451169005,October 2022 pilot
22,Random Forest,2022-10-16T23:00:00+00:00,59,6,7.8,2.6674204298195607,October 2022 pilot
22,Random Forest,2022-10-17T00:00:00+00:00,59,6,-0.1,2.618488696480497,October 2022 pilot
22,Random Forest,2022-10-16T07:00:00+00:00,1069,6,9.0,2.9365227988695723,October 2022 pilot
22,Random Forest,2022-10-16T08:00:00+00:00,1069,6,3.0,4.579504618365686,October 2022 pilot
22,Random Forest,2022-10-16T09:00:00+00:00,1069,6,5.0,6.85182608547328,October 2022 pilot
22,Random Forest,2022-10-16T10:00:00+00:00,1069,6,3.0,6.569844090698462,October 2022 pilot
22,Random Forest,2022-10-16T11:00:00+00:00,1069,6,5.0,7.141995429038826,October 2022 pilot
22,Random Forest,2022-10-16T12:00:00+00:00,1069,6,5.0,6.328202647735283,October 2022 pilot
22,Random Forest,2022-10-17T22:00:00+00:00,32,3,9.0,3.6636480957188433,October 2022 pilot
22,Random Forest,2022-10-17T23:00:00+00:00,32,3,7.0,3.9505027004061626,October 2022 pilot
22,Random Forest,2022-10-18T00:00:00+00:00,32,3,2.0,3.953857768669738,October 2022 pilot
22,Random Forest,2022-10-17T10:00:00+00:00,59,3,-0.7,1.4871943904892142,October 2022 pilot
22,Random Forest,2022-10-17T11:00:00+00:00,59,3,2.5,2.663692156542319,October 2022 pilot
22,Random Forest,2022-10-17T12:00:00+00:00,59,3,3.1,2.976874571661135,October 2022 pilot
22,Random Forest,2022-10-17T14:00:00+00:00,1069,1,9.0,4.429750669644124,October 2022 pilot
22,Random Forest,2022-10-18T21:00:00+00:00,32,6,4.0,2.6757265384927806,October 2022 pilot
22,Random Forest,2022-10-18T22:00:00+00:00,32,6,6.0,3.271012658600232,October 2022 pilot
22,Random Forest,2022-10-18T23:00:00+00:00,32,6,2.0,2.399808618957492,October 2022 pilot
22,Random Forest,2022-10-19T00:00:00+00:00,32,6,1.0,2.085136777336161,October 2022 pilot
22,Random Forest,2022-10-19T01:00:00+00:00,32,6,1.0,2.007231995643608,October 2022 pilot
22,Random Forest,2022-10-19T02:00:00+00:00,32,6,1.0,2.7717085012317697,October 2022 pilot
22,Random Forest,2022-10-18T14:00:00+00:00,59,6,3.5,3.068219440663825,October 2022 pilot
22,Random Forest,2022-10-18T15:00:00+00:00,59,6,0.0,2.6296193805348347,October 2022 pilot
22,Random Forest,2022-10-18T16:00:00+00:00,59,6,4.4,3.0429130755563305,October 2022 pilot
22,Random Forest,2022-10-18T17:00:00+00:00,59,6,1.4,3.055575091844635,October 2022 pilot
22,Random Forest,2022-10-18T18:00:00+00:00,59,6,3.6,3.457841674683075,October 2022 pilot
22,Random Forest,2022-10-18T19:00:00+00:00,59,6,-0.7,2.893290458336968,October 2022 pilot
22,Random Forest,2022-10-18T12:00:00+00:00,1069,6,3.0,3.162998329361545,October 2022 pilot
22,Random Forest,2022-10-18T13:00:00+00:00,1069,6,5.0,4.113017644687936,October 2022 pilot
22,Random Forest,2022-10-18T14:00:00+00:00,1069,6,5.0,4.974509312811287,October 2022 pilot
22,Random Forest,2022-10-18T15:00:00+00:00,1069,6,2.0,5.1078322320397405,October 2022 pilot
22,Random Forest,2022-10-18T16:00:00+00:00,1069,6,6.0,5.55307816798757,October 2022 pilot
22,Random Forest,2022-10-18T17:00:00+00:00,1069,6,7.0,5.665995362447767,October 2022 pilot
22,Random Forest,2022-10-19T15:00:00+00:00,32,6,9.0,7.364179719075487,October 2022 pilot
22,Random Forest,2022-10-19T16:00:00+00:00,32,6,6.0,7.796670429487221,October 2022 pilot
22,Random Forest,2022-10-19T17:00:00+00:00,32,6,7.0,6.39779411295672,October 2022 pilot
22,Random Forest,2022-10-19T18:00:00+00:00,32,6,5.0,5.711408860168396,October 2022 pilot
22,Random Forest,2022-10-19T19:00:00+00:00,32,6,8.0,6.741878393458824,October 2022 pilot
22,Random Forest,2022-10-19T20:00:00+00:00,32,6,5.0,6.956905006062387,October 2022 pilot
22,Random Forest,2022-10-20T00:00:00+00:00,59,3,2.7,2.9159784286494714,October 2022 pilot
22,Random Forest,2022-10-20T01:00:00+00:00,59,3,8.0,2.325145380312279,October 2022 pilot
22,Random Forest,2022-10-20T02:00:00+00:00,59,3,6.6,2.94540211208565,October 2022 pilot
22,Random Forest,2022-10-19T09:00:00+00:00,1069,6,7.0,3.770954404723767,October 2022 pilot
22,Random Forest,2022-10-19T10:00:00+00:00,1069,6,7.0,5.256367581935855,October 2022 pilot
22,Random Forest,2022-10-19T11:00:00+00:00,1069,6,6.0,5.45308454932673,October 2022 pilot
22,Random Forest,2022-10-19T12:00:00+00:00,1069,6,12.0,7.105921932336075,October 2022 pilot
22,Random Forest,2022-10-19T13:00:00+00:00,1069,6,14.0,8.56915083414007,October 2022 pilot
22,Random Forest,2022-10-19T14:00:00+00:00,1069,6,9.0,9.096611083187389,October 2022 pilot
22,Random Forest,2022-10-20T09:00:00+00:00,32,6,4.0,6.060433973448916,October 2022 pilot
22,Random Forest,2022-10-20T10:00:00+00:00,32,6,7.0,6.973289203929623,October 2022 pilot
22,Random Forest,2022-10-20T11:00:00+00:00,32,6,5.0,8.21909001076385,October 2022 pilot
22,Random Forest,2022-10-20T12:00:00+00:00,32,6,5.0,9.431575299956256,October 2022 pilot
22,Random Forest,2022-10-20T13:00:00+00:00,32,6,2.0,10.036587390581174,October 2022 pilot
22,Random Forest,2022-10-20T14:00:00+00:00,32,6,15.0,10.698748314027323,October 2022 pilot
22,Random Forest,2022-10-20T18:00:00+00:00,59,3,5.8,5.026226307110842,October 2022 pilot
22,Random Forest,2022-10-20T19:00:00+00:00,59,3,4.9,4.843875229890186,October 2022 pilot
22,Random Forest,2022-10-20T20:00:00+00:00,59,3,1.3,5.144466179455465,October 2022 pilot
22,Random Forest,2022-10-20T23:00:00+00:00,1069,3,0.0,2.8472914041311284,October 2022 pilot
22,Random Forest,2022-10-21T00:00:00+00:00,1069,3,1.0,1.6745151790789583,October 2022 pilot
22,Random Forest,2022-10-21T01:00:00+00:00,1069,3,6.0,1.8291049983007024,October 2022 pilot
22,Random Forest,2022-10-21T14:00:00+00:00,32,3,10.0,8.104063453805711,October 2022 pilot
22,Random Forest,2022-10-21T15:00:00+00:00,32,3,5.0,8.421550020116388,October 2022 pilot
22,Random Forest,2022-10-21T16:00:00+00:00,32,3,8.0,8.17658320292158,October 2022 pilot
22,Random Forest,2022-10-22T01:00:00+00:00,59,3,4.5,1.7131437458587668,October 2022 pilot
22,Random Forest,2022-10-22T02:00:00+00:00,59,3,1.6,2.164759715052261,October 2022 pilot
22,Random Forest,2022-10-22T03:00:00+00:00,59,3,0.9,2.706657609893475,October 2022 pilot
22,Random Forest,2022-10-21T20:00:00+00:00,1069,3,2.0,5.57774796374413,October 2022 pilot
22,Random Forest,2022-10-21T21:00:00+00:00,1069,3,3.0,3.8709766068511415,October 2022 pilot
22,Random Forest,2022-10-21T22:00:00+00:00,1069,3,0.0,2.8020253329516454,October 2022 pilot
22,Random Forest,2022-10-22T07:00:00+00:00,32,1,6.0,3.2669070164513214,October 2022 pilot
22,Random Forest,2022-10-22T07:00:00+00:00,59,1,2.0,2.4148866925086145,October 2022 pilot
22,Random Forest,2022-10-22T12:00:00+00:00,1069,1,1.0,3.442804241165612,October 2022 pilot
22,Random Forest,2022-10-24T00:00:00+00:00,32,3,3.0,3.1852559623602983,October 2022 pilot
22,Random Forest,2022-10-24T01:00:00+00:00,32,3,4.0,3.905198491195455,October 2022 pilot
22,Random Forest,2022-10-24T02:00:00+00:00,32,3,6.0,4.3139370963594095,October 2022 pilot
22,Random Forest,2022-10-23T20:00:00+00:00,59,3,2.2,4.746456951326604,October 2022 pilot
22,Random Forest,2022-10-23T21:00:00+00:00,59,3,3.2,4.7602262261482,October 2022 pilot
22,Random Forest,2022-10-23T22:00:00+00:00,59,3,10.4,5.22390021079293,October 2022 pilot
22,Random Forest,2022-10-23T17:00:00+00:00,1069,6,6.0,7.255879945003727,October 2022 pilot
22,Random Forest,2022-10-23T18:00:00+00:00,1069,6,1.0,6.648393355762823,October 2022 pilot
22,Random Forest,2022-10-23T19:00:00+00:00,1069,6,6.0,7.164599423256149,October 2022 pilot
22,Random Forest,2022-10-23T20:00:00+00:00,1069,6,-1.0,6.880855872606683,October 2022 pilot
22,Random Forest,2022-10-23T21:00:00+00:00,1069,6,10.0,5.553099756488725,October 2022 pilot
22,Random Forest,2022-10-23T22:00:00+00:00,1069,6,3.0,4.923283129425582,October 2022 pilot
22,Random Forest,2022-10-24T07:00:00+00:00,32,1,7.0,8.384766020527794,October 2022 pilot
22,Random Forest,2022-10-24T10:00:00+00:00,59,3,6.8,7.671953788639975,October 2022 pilot
22,Random Forest,2022-10-24T11:00:00+00:00,59,3,4.1,7.229358639039371,October 2022 pilot
22,Random Forest,2022-10-24T12:00:00+00:00,59,3,5.1,7.508611039459541,October 2022 pilot
22,Random Forest,2022-10-24T12:00:00+00:00,1069,3,8.0,8.197432983452586,October 2022 pilot
22,Random Forest,2022-10-24T13:00:00+00:00,1069,3,4.0,9.519882847596852,October 2022 pilot
22,Random Forest,2022-10-24T14:00:00+00:00,1069,3,6.0,11.04248071452191,October 2022 pilot
22,Random Forest,2022-10-26T02:00:00+00:00,32,1,8.0,1.9049810743944284,October 2022 pilot
22,Random Forest,2022-10-25T09:00:00+00:00,59,6,1.4,1.2876142344419226,October 2022 pilot
22,Random Forest,2022-10-25T10:00:00+00:00,59,6,0.2,1.4725073241166864,October 2022 pilot
22,Random Forest,2022-10-25T11:00:00+00:00,59,6,3.2,1.7408316953152922,October 2022 pilot
22,Random Forest,2022-10-25T12:00:00+00:00,59,6,-0.5,1.497298454478142,October 2022 pilot
22,Random Forest,2022-10-25T13:00:00+00:00,59,6,-2.2,1.9074344400846528,October 2022 pilot
22,Random Forest,2022-10-25T14:00:00+00:00,59,6,-0.6,2.5457065498996885,October 2022 pilot
22,Random Forest,2022-10-25T22:00:00+00:00,1069,3,2.0,1.7061659123770962,October 2022 pilot
22,Random Forest,2022-10-25T23:00:00+00:00,1069,3,-4.0,1.8118272848777004,October 2022 pilot
22,Random Forest,2022-10-26T00:00:00+00:00,1069,3,-5.0,1.621768764807069,October 2022 pilot
22,Random Forest,2022-10-26T16:00:00+00:00,32,6,7.0,6.497532439872508,October 2022 pilot
22,Random Forest,2022-10-26T17:00:00+00:00,32,6,8.0,4.407620035804652,October 2022 pilot
22,Random Forest,2022-10-26T18:00:00+00:00,32,6,7.0,4.414947834736967,October 2022 pilot
22,Random Forest,2022-10-26T19:00:00+00:00,32,6,8.0,4.572497291175648,October 2022 pilot
22,Random Forest,2022-10-26T20:00:00+00:00,32,6,5.0,4.119630778849406,October 2022 pilot
22,Random Forest,2022-10-26T21:00:00+00:00,32,6,7.0,3.333989109561601,October 2022 pilot
22,Random Forest,2022-10-26T12:00:00+00:00,59,6,3.1,4.660885646202392,October 2022 pilot
22,Random Forest,2022-10-26T13:00:00+00:00,59,6,2.2,5.675461911121507,October 2022 pilot
22,Random Forest,2022-10-26T14:00:00+00:00,59,6,3.4,6.067582187365472,October 2022 pilot
22,Random Forest,2022-10-26T15:00:00+00:00,59,6,5.8,5.88542219743345,October 2022 pilot
22,Random Forest,2022-10-26T16:00:00+00:00,59,6,3.5,4.612675324961314,October 2022 pilot
22,Random Forest,2022-10-26T17:00:00+00:00,59,6,1.5,3.372872211224668,October 2022 pilot
22,Random Forest,2022-10-26T23:00:00+00:00,1069,6,-5.0,2.780043981105485,October 2022 pilot
22,Random Forest,2022-10-27T00:00:00+00:00,1069,6,-2.0,2.0106696904562247,October 2022 pilot
22,Random Forest,2022-10-27T01:00:00+00:00,1069,6,0.0,1.5521304679958798,October 2022 pilot
22,Random Forest,2022-10-27T02:00:00+00:00,1069,6,3.0,2.394372132929593,October 2022 pilot
22,Random Forest,2022-10-27T03:00:00+00:00,1069,6,2.0,3.851553151749701,October 2022 pilot
22,Random Forest,2022-10-27T04:00:00+00:00,1069,6,0.0,3.8852299476964895,October 2022 pilot
22,Random Forest,2022-10-27T08:00:00+00:00,32,6,2.0,2.971915930549898,October 2022 pilot
22,Random Forest,2022-10-27T09:00:00+00:00,32,6,4.0,4.624307447323474,October 2022 pilot
22,Random Forest,2022-10-27T10:00:00+00:00,32,6,4.0,5.087397110064643,October 2022 pilot
22,Random Forest,2022-10-27T11:00:00+00:00,32,6,7.0,4.756741894858755,October 2022 pilot
22,Random Forest,2022-10-27T12:00:00+00:00,32,6,3.0,5.207746425830982,October 2022 pilot
22,Random Forest,2022-10-27T13:00:00+00:00,32,6,4.0,6.732407423631464,October 2022 pilot
22,Random Forest,2022-10-27T14:00:00+00:00,59,6,3.4,5.30817502554458,October 2022 pilot
22,Random Forest,2022-10-27T15:00:00+00:00,59,6,3.3,4.062816108854036,October 2022 pilot
22,Random Forest,2022-10-27T16:00:00+00:00,59,6,2.7,5.050154259297885,October 2022 pilot
22,Random Forest,2022-10-27T17:00:00+00:00,59,6,4.2,5.148859788526681,October 2022 pilot
22,Random Forest,2022-10-27T18:00:00+00:00,59,6,0.4,5.209299068232847,October 2022 pilot
22,Random Forest,2022-10-27T19:00:00+00:00,59,6,3.8,3.6986061351007593,October 2022 pilot
22,Random Forest,2022-10-28T04:00:00+00:00,1069,1,1.0,2.854060756270348,October 2022 pilot
22,Random Forest,2022-10-28T21:00:00+00:00,32,6,8.0,2.1109378588707464,October 2022 pilot
22,Random Forest,2022-10-28T22:00:00+00:00,32,6,3.0,3.496204658091328,October 2022 pilot
22,Random Forest,2022-10-28T23:00:00+00:00,32,6,1.0,1.548831865609153,October 2022 pilot
22,Random Forest,2022-10-29T00:00:00+00:00,32,6,5.0,3.1458220940861543,October 2022 pilot
22,Random Forest,2022-10-29T01:00:00+00:00,32,6,3.0,2.148503662338361,October 2022 pilot
22,Random Forest,2022-10-29T02:00:00+00:00,32,6,1.0,2.6200723014995786,October 2022 pilot
22,Random Forest,2022-10-28T14:00:00+00:00,59,1,2.2,4.061012854728793,October 2022 pilot
22,Random Forest,2022-10-28T22:00:00+00:00,1069,1,-1.0,1.3942293854937995,October 2022 pilot
22,Random Forest,2022-10-29T19:00:00+00:00,32,6,4.0,5.174033425216177,October 2022 pilot
22,Random Forest,2022-10-29T20:00:00+00:00,32,6,2.0,4.5408466852404334,October 2022 pilot
22,Random Forest,2022-10-29T21:00:00+00:00,32,6,8.0,4.157323745541655,October 2022 pilot
22,Random Forest,2022-10-29T22:00:00+00:00,32,6,4.0,4.05374690833305,October 2022 pilot
22,Random Forest,2022-10-29T23:00:00+00:00,32,6,0.0,3.535730490465558,October 2022 pilot
22,Random Forest,2022-10-30T00:00:00+00:00,32,6,0.0,2.8732615747094026,October 2022 pilot
22,Random Forest,2022-10-29T16:00:00+00:00,59,6,2.4,4.41440404663276,October 2022 pilot
22,Random Forest,2022-10-29T17:00:00+00:00,59,6,4.8,3.657953780393704,October 2022 pilot
22,Random Forest,2022-10-29T18:00:00+00:00,59,6,3.5,4.605250225999111,October 2022 pilot
22,Random Forest,2022-10-29T19:00:00+00:00,59,6,5.3,3.853531964373105,October 2022 pilot
22,Random Forest,2022-10-29T20:00:00+00:00,59,6,3.3,2.912703463364465,October 2022 pilot
22,Random Forest,2022-10-29T21:00:00+00:00,59,6,3.3,3.117628555038235,October 2022 pilot
22,Random Forest,2022-10-29T09:00:00+00:00,1069,6,5.0,2.4750712119978777,October 2022 pilot
22,Random Forest,2022-10-29T10:00:00+00:00,1069,6,0.0,3.4647006366514197,October 2022 pilot
22,Random Forest,2022-10-29T11:00:00+00:00,1069,6,5.0,3.6791568995608848,October 2022 pilot
22,Random Forest,2022-10-29T12:00:00+00:00,1069,6,6.0,4.585914850320517,October 2022 pilot
22,Random Forest,2022-10-29T13:00:00+00:00,1069,6,-2.0,4.882061698573234,October 2022 pilot
22,Random Forest,2022-10-29T14:00:00+00:00,1069,6,12.0,5.693305402679156,October 2022 pilot
22,Random Forest,2022-10-31T00:00:00+00:00,32,1,1.0,1.95039695171714,October 2022 pilot
22,Random Forest,2022-10-30T07:00:00+00:00,59,6,4.0,4.253744323275741,October 2022 pilot
22,Random Forest,2022-10-30T08:00:00+00:00,59,6,2.7,5.434465661795314,October 2022 pilot
22,Random Forest,2022-10-30T09:00:00+00:00,59,6,13.3,4.879125269212154,October 2022 pilot
22,Random Forest,2022-10-30T10:00:00+00:00,59,6,7.8,3.871622263737619,October 2022 pilot
22,Random Forest,2022-10-30T11:00:00+00:00,59,6,8.8,4.726056291307733,October 2022 pilot
22,Random Forest,2022-10-30T12:00:00+00:00,59,6,9.5,5.57171392737946,October 2022 pilot
22,Random Forest,2022-10-30T20:00:00+00:00,1069,3,1.0,5.048911869450491,October 2022 pilot
22,Random Forest,2022-10-30T21:00:00+00:00,1069,3,5.0,4.216205382904855,October 2022 pilot
22,Random Forest,2022-10-30T22:00:00+00:00,1069,3,-1.0,4.594181819272019,October 2022 pilot
22,Random Forest,2022-10-31T12:00:00+00:00,32,3,6.0,8.448498693446101,October 2022 pilot
22,Random Forest,2022-10-31T13:00:00+00:00,32,3,4.0,11.031645526937512,October 2022 pilot
22,Random Forest,2022-10-31T14:00:00+00:00,32,3,4.0,9.58611109822888,October 2022 pilot
22,Random Forest,2022-10-31T22:00:00+00:00,59,6,2.6,2.5279223396031285,October 2022 pilot
22,Random Forest,2022-10-31T23:00:00+00:00,59,6,4.3,2.712887696633362,October 2022 pilot
22,Random Forest,2022-11-01T00:00:00+00:00,59,6,0.4,2.5114218696322923,October 2022 pilot
22,Random Forest,2022-11-01T01:00:00+00:00,59,6,2.3,3.0510124477352094,October 2022 pilot
22,Random Forest,2022-11-01T02:00:00+00:00,59,6,4.3,3.088908283173257,October 2022 pilot
22,Random Forest,2022-11-01T03:00:00+00:00,59,6,0.5,3.633039746954904,October 2022 pilot
22,Random Forest,2022-11-01T03:00:00+00:00,1069,1,2.0,2.6451158263909287,October 2022 pilot
33,Random Forest,2022-10-01T14:00:00+00:00,32,6,13.0,9.276784423280194,October 2022 pilot
33,Random Forest,2022-10-01T15:00:00+00:00,32,6,10.0,8.936013794487941,October 2022 pilot
33,Random Forest,2022-10-01T16:00:00+00:00,32,6,17.0,8.867336527627689,October 2022 pilot
33,Random Forest,2022-10-01T17:00:00+00:00,32,6,8.0,8.809434081109414,October 2022 pilot
33,Random Forest,2022-10-01T18:00:00+00:00,32,6,12.0,8.397823078416554,October 2022 pilot
33,Random Forest,2022-10-01T19:00:00+00:00,32,6,13.0,8.835455173404437,October 2022 pilot
33,Random Forest,2022-10-01T18:00:00+00:00,59,3,5.8,6.65642897747681,October 2022 pilot
33,Random Forest,2022-10-01T19:00:00+00:00,59,3,9.8,7.28866165025736,October 2022 pilot
33,Random Forest,2022-10-01T20:00:00+00:00,59,3,5.3,8.246534729189808,October 2022 pilot
33,Random Forest,2022-10-02T12:00:00+00:00,32,6,6.0,8.228020469191742,October 2022 pilot
33,Random Forest,2022-10-02T13:00:00+00:00,32,6,4.0,8.263255583504623,October 2022 pilot
33,Random Forest,2022-10-02T14:00:00+00:00,32,6,11.0,9.204545678504449,October 2022 pilot
33,Random Forest,2022-10-02T15:00:00+00:00,32,6,11.0,9.271779741409809,October 2022 pilot
33,Random Forest,2022-10-02T16:00:00+00:00,32,6,12.0,8.828402438735308,October 2022 pilot
33,Random Forest,2022-10-02T17:00:00+00:00,32,6,8.0,8.211761132286872,October 2022 pilot
33,Random Forest,2022-10-02T18:00:00+00:00,59,1,4.6,6.285484117270688,October 2022 pilot
33,Random Forest,2022-10-03T14:00:00+00:00,32,1,11.0,12.530067241382064,October 2022 pilot
33,Random Forest,2022-10-03T19:00:00+00:00,59,6,7.6,8.798531778443962,October 2022 pilot
33,Random Forest,2022-10-03T20:00:00+00:00,59,6,6.6,8.445912874153876,October 2022 pilot
33,Random Forest,2022-10-03T21:00:00+00:00,59,6,10.9,8.091732794297993,October 2022 pilot
33,Random Forest,2022-10-03T22:00:00+00:00,59,6,2.9,7.253015010836343,October 2022 pilot
33,Random Forest,2022-10-03T23:00:00+00:00,59,6,5.9,7.086392237848972,October 2022 pilot
33,Random Forest,2022-10-04T00:00:00+00:00,59,6,8.1,8.05420995816888,October 2022 pilot
33,Random Forest,2022-10-04T14:00:00+00:00,32,3,7.0,14.919738402596844,October 2022 pilot
33,Random Forest,2022-10-04T15:00:00+00:00,32,3,22.0,14.386680989853591,October 2022 pilot
33,Random Forest,2022-10-04T16:00:00+00:00,32,3,18.0,13.83905511832467,October 2022 pilot
33,Random Forest,2022-10-04T21:00:00+00:00,59,1,5.1,8.055979321771577,October 2022 pilot
33,Random Forest,2022-10-04T21:00:00+00:00,1069,3,4.0,9.760890395771003,October 2022 pilot
33,Random Forest,2022-10-04T22:00:00+00:00,1069,3,8.0,9.08942702025565,October 2022 pilot
33,Random Forest,2022-10-04T23:00:00+00:00,1069,3,0.0,6.107873601987484,October 2022 pilot
33,Random Forest,2022-10-05T18:00:00+00:00,32,1,11.0,11.218588048730023,October 2022 pilot
33,Random Forest,2022-10-05T08:00:00+00:00,59,1,6.6,8.300605033934746,October 2022 pilot
33,Random Forest,2022-10-06T02:00:00+00:00,1069,1,1.0,4.93972218061066,October 2022 pilot
33,Random Forest,2022-10-06T09:00:00+00:00,32,3,9.0,8.261084829059165,October 2022 pilot
33,Random Forest,2022-10-06T10:00:00+00:00,32,3,7.0,10.620140595484887,October 2022 pilot
33,Random Forest,2022-10-06T11:00:00+00:00,32,3,6.0,11.986306261829178,October 2022 pilot
33,Random Forest,2022-10-07T03:00:00+00:00,59,1,11.1,6.067856484602365,October 2022 pilot
33,Random Forest,2022-10-06T09:00:00+00:00,1069,6,12.0,7.921835610436941,October 2022 pilot
33,Random Forest,2022-10-06T10:00:00+00:00,1069,6,13.0,10.465833751956222,October 2022 pilot
33,Random Forest,2022-10-06T11:00:00+00:00,1069,6,12.0,13.063587667836194,October 2022 pilot
33,Random Forest,2022-10-06T12:00:00+00:00,1069,6,11.0,13.302663034749628,October 2022 pilot
33,Random Forest,2022-10-06T13:00:00+00:00,1069,6,21.0,13.295120523243323,October 2022 pilot
33,Random Forest,2022-10-06T14:00:00+00:00,1069,6,20.0,14.966058821199104,October 2022 pilot
33,Random Forest,2022-10-07T10:00:00+00:00,32,6,5.0,8.932657829952857,October 2022 pilot
33,Random Forest,2022-10-07T11:00:00+00:00,32,6,3.0,9.351798159963938,October 2022 pilot
33,Random Forest,2022-10-07T12:00:00+00:00,32,6,9.0,9.111107392660422,October 2022 pilot
33,Random Forest,2022-10-07T13:00:00+00:00,32,6,11.0,10.00478032383356,October 2022 pilot
33,Random Forest,2022-10-07T14:00:00+00:00,32,6,7.0,11.306893469745456,October 2022 pilot
33,Random Forest,2022-10-07T15:00:00+00:00,32,6,7.0,10.217718978307628,October 2022 pilot
33,Random Forest,2022-10-07T09:00:00+00:00,59,1,5.9,7.29193303360952,October 2022 pilot
33,Random Forest,2022-10-07T21:00:00+00:00,1069,3,7.0,9.812767257162273,October 2022 pilot
33,Random Forest,2022-10-07T22:00:00+00:00,1069,3,7.0,8.109654113084375,October 2022 pilot
33,Random Forest,2022-10-07T23:00:00+00:00,1069,3,5.0,7.827532913087599,October 2022 pilot
33,Random Forest,2022-10-08T09:00:00+00:00,32,3,11.0,11.77626969874505,October 2022 pilot
33,Random Forest,2022-10-08T10:00:00+00:00,32,3,10.0,10.11760711956616,October 2022 pilot
33,Random Forest,2022-10-08T11:00:00+00:00,32,3,9.0,10.71395791836755,October 2022 pilot
33,Random Forest,2022-10-09T00:00:00+00:00,59,3,7.5,6.836399665378046,October 2022 pilot
33,Random Forest,2022-10-09T01:00:00+00:00,59,3,7.7,7.010934544823103,October 2022 pilot
33,Random Forest,2022-10-09T02:00:00+00:00,59,3,5.9,7.421115177575979,October 2022 pilot
33,Random Forest,2022-10-08T21:00:00+00:00,1069,1,5.0,8.325530662110673,October 2022 pilot
33,Random Forest,2022-10-09T17:00:00+00:00,32,6,16.0,13.479924404798313,October 2022 pilot
33,Random Forest,2022-10-09T18:00:00+00:00,32,6,13.0,11.740517795229916,October 2022 pilot
33,Random Forest,2022-10-09T19:00:00+00:00,32,6,17.0,9.5217780233671,October 2022 pilot
33,Random Forest,2022-10-09T20:00:00+00:00,32,6,7.0,10.517523168289872,October 2022 pilot
33,Random Forest,2022-10-09T21:00:00+00:00,32,6,16.0,8.55430650706985,October 2022 pilot
33,Random Forest,2022-10-09T22:00:00+00:00,32,6,12.0,8.946278690826283,October 2022 pilot
33,Random Forest,2022-10-09T12:00:00+00:00,59,1,12.0,13.356105603424348,October 2022 pilot
33,Random Forest,2022-10-09T18:00:00+00:00,1069,6,10.0,13.285221062879938,October 2022 pilot
33,Random Forest,2022-10-09T19:00:00+00:00,1069,6,12.0,11.84881451821541,October 2022 pilot
33,Random Forest,2022-10-09T20:00:00+00:00,1069,6,3.0,9.156481628220329,October 2022 pilot
33,Random Forest,2022-10-09T21:00:00+00:00,1069,6,12.0,9.30008106010823,October 2022 pilot
33,Random Forest,2022-10-09T22:00:00+00:00,1069,6,7.0,7.411144192247145,October 2022 pilot
33,Random Forest,2022-10-09T23:00:00+00:00,1069,6,6.0,6.84224803939276,October 2022 pilot
33,Random Forest,2022-10-10T09:00:00+00:00,32,3,12.0,11.021301261194658,October 2022 pilot
33,Random Forest,2022-10-10T10:00:00+00:00,32,3,7.0,12.366022996784045,October 2022 pilot
33,Random Forest,2022-10-10T11:00:00+00:00,32,3,9.0,13.73298833547523,October 2022 pilot
33,Random Forest,2022-10-10T14:00:00+00:00,59,1,8.1,13.091716858345697,October 2022 pilot
33,Random Forest,2022-10-10T12:00:00+00:00,1069,1,18.0,14.913570874940124,October 2022 pilot
33,Random Forest,2022-10-11T11:00:00+00:00,32,1,8.0,7.915849419662789,October 2022 pilot
33,Random Forest,2022-10-11T15:00:00+00:00,59,6,8.0,7.723081286618731,October 2022 pilot
33,Random Forest,2022-10-11T16:00:00+00:00,59,6,7.8,7.969414599238216,October 2022 pilot
33,Random Forest,2022-10-11T17:00:00+00:00,59,6,11.2,7.52399296238462,October 2022 pilot
33,Random Forest,2022-10-11T18:00:00+00:00,59,6,3.1,6.56998636984847,October 2022 pilot
33,Random Forest,2022-10-11T19:00:00+00:00,59,6,11.6,6.188655235657851,October 2022 pilot
33,Random Forest,2022-10-11T20:00:00+00:00,59,6,11.6,6.09104626455437,October 2022 pilot
33,Random Forest,2022-10-11T18:00:00+00:00,1069,6,7.0,10.196543758715734,October 2022 pilot
33,Random Forest,2022-10-11T19:00:00+00:00,1069,6,7.0,7.765710839881565,October 2022 pilot
33,Random Forest,2022-10-11T20:00:00+00:00,1069,6,5.0,7.334937789030008,October 2022 pilot
33,Random Forest,2022-10-11T21:00:00+00:00,1069,6,7.0,6.215911701561113,October 2022 pilot
33,Random Forest,2022-10-11T22:00:00+00:00,1069,6,5.0,5.1382207810047325,October 2022 pilot
33,Random Forest,2022-10-11T23:00:00+00:00,1069,6,-3.0,2.7952718167837856,October 2022 pilot
33,Random Forest,2022-10-12T18:00:00+00:00,32,6,9.0,11.05527758330494,October 2022 pilot
33,Random Forest,2022-10-12T19:00:00+00:00,32,6,7.0,8.797638039391199,October 2022 pilot
33,Random Forest,2022-10-12T20:00:00+00:00,32,6,4.0,8.474938777908894,October 2022 pilot
33,Random Forest,2022-10-12T21:00:00+00:00,32,6,8.0,7.578410719213856,October 2022 pilot
33,Random Forest,2022-10-12T22:00:00+00:00,32,6,7.0,4.569562924255154,October 2022 pilot
33,Random Forest,2022-10-12T23:00:00+00:00,32,6,2.0,4.146675999600831,October 2022 pilot
33,Random Forest,2022-10-12T13:00:00+00:00,59,1,2.3,9.152473215866708,October 2022 pilot
33,Random Forest,2022-10-12T11:00:00+00:00,1069,1,8.0,9.72922745329534,October 2022 pilot
33,Random Forest,2022-10-14T02:00:00+00:00,32,3,10.0,6.944807856144927,October 2022 pilot
33,Random Forest,2022-10-14T03:00:00+00:00,32,3,7.0,6.538908405171957,October 2022 pilot
33,Random Forest,2022-10-14T04:00:00+00:00,32,3,9.0,6.350905216707201,October 2022 pilot
33,Random Forest,2022-10-13T20:00:00+00:00,59,6,8.8,6.961063191477668,October 2022 pilot
33,Random Forest,2022-10-13T21:00:00+00:00,59,6,8.3,7.177005757938685,October 2022 pilot
33,Random Forest,2022-10-13T22:00:00+00:00,59,6,10.3,6.450125756227067,October 2022 pilot
33,Random Forest,2022-10-13T23:00:00+00:00,59,6,6.3,5.384621389326207,October 2022 pilot
33,Random Forest,2022-10-14T00:00:00+00:00,59,6,4.4,5.086020209716558,October 2022 pilot
33,Random Forest,2022-10-14T01:00:00+00:00,59,6,5.5,6.723569364523347,October 2022 pilot
33,Random Forest,2022-10-13T13:00:00+00:00,1069,6,12.0,8.599103319113393,October 2022 pilot
33,Random Forest,2022-10-13T14:00:00+00:00,1069,6,16.0,9.030080888963631,October 2022 pilot
33,Random Forest,2022-10-13T15:00:00+00:00,1069,6,12.0,10.954786189402688,October 2022 pilot
33,Random Forest,2022-10-13T16:00:00+00:00,1069,6,13.0,12.370324908137494,October 2022 pilot
33,Random Forest,2022-10-13T17:00:00+00:00,1069,6,14.0,11.29997972120515,October 2022 pilot
33,Random Forest,2022-10-13T18:00:00+00:00,1069,6,9.0,9.529719530228215,October 2022 pilot
33,Random Forest,2022-10-14T11:00:00+00:00,32,6,7.0,6.437859318111895,October 2022 pilot
33,Random Forest,2022-10-14T12:00:00+00:00,32,6,7.0,8.192253013587397,October 2022 pilot
33,Random Forest,2022-10-14T13:00:00+00:00,32,6,5.0,8.33450896918141,October 2022 pilot
33,Random Forest,2022-10-14T14:00:00+00:00,32,6,6.0,8.817766456518104,October 2022 pilot
33,Random Forest,2022-10-14T15:00:00+00:00,32,6,9.0,11.038546295670564,October 2022 pilot
33,Random Forest,2022-10-14T16:00:00+00:00,32,6,11.0,11.150909741930407,October 2022 pilot
33,Random Forest,2022-10-14T07:00:00+00:00,59,6,3.2,8.209717338237299,October 2022 pilot
33,Random Forest,2022-10-14T08:00:00+00:00,59,6,6.3,6.904148827518776,October 2022 pilot
33,Random Forest,2022-10-14T09:00:00+00:00,59,6,7.0,6.778230601248208,October 2022 pilot
33,Random Forest,2022-10-14T10:00:00+00:00,59,6,4.2,6.230345722321704,October 2022 pilot
33,Random Forest,2022-10-14T11:00:00+00:00,59,6,6.6,5.794722092951734,October 2022 pilot
33,Random Forest,2022-10-14T12:00:00+00:00,59,6,5.7,6.487734040821344,October 2022 pilot
33,Random Forest,2022-10-14T20:00:00+00:00,1069,3,6.0,9.538457393822592,October 2022 pilot
33,Random Forest,2022-10-14T21:00:00+00:00,1069,3,12.0,8.47023973362993,October 2022 pilot
33,Random Forest,2022-10-14T22:00:00+00:00,1069,3,0.0,6.047736355564235,October 2022 pilot
33,Random Forest,2022-10-15T08:00:00+00:00,32,6,5.0,5.093030280093701,October 2022 pilot
33,Random Forest,2022-10-15T09:00:00+00:00,32,6,5.0,6.116859707278749,October 2022 pilot
33,Random Forest,2022-10-15T10:00:00+00:00,32,6,3.0,5.846473417831816,October 2022 pilot
33,Random Forest,2022-10-15T11:00:00+00:00,32,6,2.0,5.6337359213836935,October 2022 pilot
33,Random Forest,2022-10-15T12:00:00+00:00,32,6,4.0,5.904557850912918,October 2022 pilot
33,Random Forest,2022-10-15T13:00:00+00:00,32,6,8.0,5.962305784350307,October 2022 pilot
33,Random Forest,2022-10-15T07:00:00+00:00,59,6,5.8,4.75144030177428,October 2022 pilot
33,Random Forest,2022-10-15T08:00:00+00:00,59,6,6.5,4.816902692868533,October 2022 pilot
33,Random Forest,2022-10-15T09:00:00+00:00,59,6,6.1,5.443824872474623,October 2022 pilot
33,Random Forest,2022-10-15T10:00:00+00:00,59,6,1.9,5.016503881258979,October 2022 pilot
33,Random Forest,2022-10-15T11:00:00+00:00,59,6,3.4,5.129246274960584,October 2022 pilot
33,Random Forest,2022-10-15T12:00:00+00:00,59,6,4.4,5.027333242352634,October 2022 pilot
33,Random Forest,2022-10-15T08:00:00+00:00,1069,1,3.0,5.016430568095105,October 2022 pilot
33,Random Forest,2022-10-16T15:00:00+00:00,32,6,6.0,6.363139365142749,October 2022 pilot
33,Random Forest,2022-10-16T16:00:00+00:00,32,6,10.0,5.869288568850601,October 2022 pilot
33,Random Forest,2022-10-16T17:00:00+00:00,32,6,12.0,7.602685711432943,October 2022 pilot
33,Random Forest,2022-10-16T18:00:00+00:00,32,6,7.0,5.3516077098155,October 2022 pilot
33,Random Forest,2022-10-16T19:00:00+00:00,32,6,2.0,5.435859270719355,October 2022 pilot
33,Random Forest,2022-10-16T20:00:00+00:00,32,6,8.0,4.066284159494276,October 2022 pilot
33,Random Forest,2022-10-16T16:00:00+00:00,59,3,9.6,4.3974369016079855,October 2022 pilot
33,Random Forest,2022-10-16T17:00:00+00:00,59,3,4.7,5.744716052724304,October 2022 pilot
33,Random Forest,2022-10-16T18:00:00+00:00,59,3,8.4,4.504204371410206,October 2022 pilot
33,Random Forest,2022-10-16T11:00:00+00:00,1069,3,5.0,4.436812129727902,October 2022 pilot
33,Random Forest,2022-10-16T12:00:00+00:00,1069,3,5.0,3.954634018177564,October 2022 pilot
33,Random Forest,2022-10-16T13:00:00+00:00,1069,3,2.0,6.758136517465074,October 2022 pilot
33,Random Forest,2022-10-17T14:00:00+00:00,32,6,4.0,5.525269541220069,October 2022 pilot
33,Random Forest,2022-10-17T15:00:00+00:00,32,6,6.0,5.448058498845875,October 2022 pilot
33,Random Forest,2022-10-17T16:00:00+00:00,32,6,0.0,5.122259736626862,October 2022 pilot
33,Random Forest,2022-10-17T17:00:00+00:00,32,6,4.0,5.606726852704264,October 2022 pilot
33,Random Forest,2022-10-17T18:00:00+00:00,32,6,5.0,5.904176789604508,October 2022 pilot
33,Random Forest,2022-10-17T19:00:00+00:00,32,6,10.0,6.5199329911271295,October 2022 pilot
33,Random Forest,2022-10-17T16:00:00+00:00,59,6,1.6,4.379803913334157,October 2022 pilot
33,Random Forest,2022-10-17T17:00:00+00:00,59,6,4.5,5.252129131185808,October 2022 pilot
33,Random Forest,2022-10-17T18:00:00+00:00,59,6,6.6,3.8617949255701753,October 2022 pilot
33,Random Forest,2022-10-17T19:00:00+00:00,59,6,3.6,5.233470933867512,October 2022 pilot
33,Random Forest,2022-10-17T20:00:00+00:00,59,6,2.8,3.838608534988543,October 2022 pilot
33,Random Forest,2022-10-17T21:00:00+00:00,59,6,3.9,3.868827901934285,October 2022 pilot
33,Random Forest,2022-10-17T16:00:00+00:00,1069,1,5.0,6.655566783772192,October 2022 pilot
33,Random Forest,2022-10-18T23:00:00+00:00,32,1,2.0,2.572267790106303,October 2022 pilot
33,Random Forest,2022-10-19T04:00:00+00:00,59,1,0.7,3.442861148675308,October 2022 pilot
33,Random Forest,2022-10-18T19:00:00+00:00,1069,1,-2.0,4.122987832328773,October 2022 pilot
33,Random Forest,2022-10-19T15:00:00+00:00,32,6,9.0,7.465812576466324,October 2022 pilot
33,Random Forest,2022-10-19T16:00:00+00:00,32,6,6.0,7.416692976586819,October 2022 pilot
33,Random Forest,2022-10-19T17:00:00+00:00,32,6,7.0,6.251875797842052,October 2022 pilot
33,Random Forest,2022-10-19T18:00:00+00:00,32,6,5.0,5.5123665410477685,October 2022 pilot
33,Random Forest,2022-10-19T19:00:00+00:00,32,6,8.0,6.856534830472283,October 2022 pilot
33,Random Forest,2022-10-19T20:00:00+00:00,32,6,5.0,6.981612742812771,October 2022 pilot
33,Random Forest,2022-10-19T21:00:00+00:00,59,3,3.9,3.843828461384585,October 2022 pilot
33,Random Forest,2022-10-19T22:00:00+00:00,59,3,4.9,3.755507292116124,October 2022 pilot
33,Random Forest,2022-10-19T23:00:00+00:00,59,3,4.2,3.1493770233536766,October 2022 pilot
33,Random Forest,2022-10-19T23:00:00+00:00,1069,1,2.0,3.845079414393069,October 2022 pilot
33,Random Forest,2022-10-20T07:00:00+00:00,32,3,5.0,6.467641472503887,October 2022 pilot
33,Random Forest,2022-10-20T08:00:00+00:00,32,3,5.0,5.673502506125547,October 2022 pilot
33,Random Forest,2022-10-20T09:00:00+00:00,32,3,4.0,6.151708500470079,October 2022 pilot
33,Random Forest,2022-10-20T17:00:00+00:00,59,1,5.1,5.985720489209133,October 2022 pilot
33,Random Forest,2022-10-20T19:00:00+00:00,1069,6,7.0,6.933875764300197,October 2022 pilot
33,Random Forest,2022-10-20T20:00:00+00:00,1069,6,6.0,7.142290709590895,October 2022 pilot
33,Random Forest,2022-10-20T21:00:00+00:00,1069,6,5.0,6.17261929864097,October 2022 pilot
33,Random Forest,2022-10-20T22:00:00+00:00,1069,6,5.0,3.231623503855701,October 2022 pilot
33,Random Forest,2022-10-20T23:00:00+00:00,1069,6,0.0,1.995691711624469,October 2022 pilot
33,Random Forest,2022-10-21T00:00:00+00:00,1069,6,1.0,1.5974418234630992,October 2022 pilot
33,Random Forest,2022-10-21T17:00:00+00:00,32,3,11.0,8.23096039492926,October 2022 pilot
33,Random Forest,2022-10-21T18:00:00+00:00,32,3,6.0,7.235387376691558,October 2022 pilot
33,Random Forest,2022-10-21T19:00:00+00:00,32,3,6.0,6.868906145181475,October 2022 pilot
33,Random Forest,2022-10-21T23:00:00+00:00,59,6,1.1,2.140713126441724,October 2022 pilot
33,Random Forest,2022-10-22T00:00:00+00:00,59,6,-2.9,1.5465340009680324,October 2022 pilot
33,Random Forest,2022-10-22T01:00:00+00:00,59,6,4.5,2.024531617417062,October 2022 pilot
33,Random Forest,2022-10-22T02:00:00+00:00,59,6,1.6,2.3098054636496363,October 2022 pilot
33,Random Forest,2022-10-22T03:00:00+00:00,59,6,0.9,2.888388838197206,October 2022 pilot
33,Random Forest,2022-10-22T04:00:00+00:00,59,6,4.8,2.5275108873651275,October 2022 pilot
33,Random Forest,2022-10-21T16:00:00+00:00,1069,6,12.0,10.350217642473847,October 2022 pilot
33,Random Forest,2022-10-21T17:00:00+00:00,1069,6,8.0,9.164302773477775,October 2022 pilot
33,Random Forest,2022-10-21T18:00:00+00:00,1069,6,8.0,8.277706252107127,October 2022 pilot
33,Random Forest,2022-10-21T19:00:00+00:00,1069,6,3.0,6.888516296565285,October 2022 pilot
33,Random Forest,2022-10-21T20:00:00+00:00,1069,6,2.0,6.441497890174067,October 2022 pilot
33,Random Forest,2022-10-21T21:00:00+00:00,1069,6,3.0,5.022837680505669,October 2022 pilot
33,Random Forest,2022-10-22T17:00:00+00:00,32,3,11.0,7.353235044752407,October 2022 pilot
33,Random Forest,2022-10-22T18:00:00+00:00,32,3,9.0,5.604536714654996,October 2022 pilot
33,Random Forest,2022-10-22T19:00:00+00:00,32,3,7.0,5.231573983651811,October 2022 pilot
33,Random Forest,2022-10-23T01:00:00+00:00,59,3,3.0,2.897614936958444,October 2022 pilot
33,Random Forest,2022-10-23T02:00:00+00:00,59,3,1.1,3.3282790053768254,October 2022 pilot
33,Random Forest,2022-10-23T03:00:00+00:00,59,3,2.4,3.536153973692993,October 2022 pilot
33,Random Forest,2022-10-22T22:00:00+00:00,1069,6,7.0,3.880822934431845,October 2022 pilot
33,Random Forest,2022-10-22T23:00:00+00:00,1069,6,-2.0,2.547791249068027,October 2022 pilot
33,Random Forest,2022-10-23T00:00:00+00:00,1069,6,-2.0,1.8771881770212877,October 2022 pilot
33,Random Forest,2022-10-23T01:00:00+00:00,1069,6,1.0,2.10416504286732,October 2022 pilot
33,Random Forest,2022-10-23T02:00:00+00:00,1069,6,0.0,3.4428048867544248,October 2022 pilot
33,Random Forest,2022-10-23T03:00:00+00:00,1069,6,2.0,4.118648001152336,October 2022 pilot
33,Random Forest,2022-10-23T07:00:00+00:00,32,6,5.0,3.5156799417682514,October 2022 pilot
33,Random Forest,2022-10-23T08:00:00+00:00,32,6,3.0,3.795171490122821,October 2022 pilot
33,Random Forest,2022-10-23T09:00:00+00:00,32,6,4.0,4.038525905371285,October 2022 pilot
33,Random Forest,2022-10-23T10:00:00+00:00,32,6,3.0,3.257597729536469,October 2022 pilot
33,Random Forest,2022-10-23T11:00:00+00:00,32,6,2.0,3.679476690188976,October 2022 pilot
33,Random Forest,2022-10-23T12:00:00+00:00,32,6,1.0,3.614203478213838,October 2022 pilot
33,Random Forest,2022-10-23T22:00:00+00:00,59,3,10.4,4.045259127971571,October 2022 pilot
33,Random Forest,2022-10-23T23:00:00+00:00,59,3,5.2,3.45367192044043,October 2022 pilot
33,Random Forest,2022-10-24T00:00:00+00:00,59,3,2.9,2.991287807236839,October 2022 pilot
33,Random Forest,2022-10-23T20:00:00+00:00,1069,3,-1.0,4.0616571449452445,October 2022 pilot
33,Random Forest,2022-10-23T21:00:00+00:00,1069,3,10.0,4.587515120906037,October 2022 pilot
33,Random Forest,2022-10-23T22:00:00+00:00,1069,3,3.0,3.6456273577094818,October 2022 pilot
33,Random Forest,2022-10-24T15:00:00+00:00,32,6,16.0,10.383857485219284,October 2022 pilot
33,Random Forest,2022-10-24T16:00:00+00:00,32,6,18.0,10.680446728924222,October 2022 pilot
33,Random Forest,2022-10-24T17:00:00+00:00,32,6,10.0,11.1181750179144,October 2022 pilot
33,Random Forest,2022-10-24T18:00:00+00:00,32,6,17.0,12.357095790341033,October 2022 pilot
33,Random Forest,2022-10-24T19:00:00+00:00,32,6,19.0,15.093759047008025,October 2022 pilot
33,Random Forest,2022-10-24T20:00:00+00:00,32,6,23.0,13.093812979488494,October 2022 pilot
33,Random Forest,2022-10-24T19:00:00+00:00,59,3,17.9,12.640224707453314,October 2022 pilot
33,Random Forest,2022-10-24T20:00:00+00:00,59,3,18.6,12.771457138071078,October 2022 pilot
33,Random Forest,2022-10-24T21:00:00+00:00,59,3,11.8,12.564004170781493,October 2022 pilot
33,Random Forest,2022-10-24T11:00:00+00:00,1069,6,8.0,7.662910614807137,October 2022 pilot
33,Random Forest,2022-10-24T12:00:00+00:00,1069,6,8.0,7.4608653454848834,October 2022 pilot
33,Random Forest,2022-10-24T13:00:00+00:00,1069,6,4.0,7.83437404292353,October 2022 pilot
33,Random Forest,2022-10-24T14:00:00+00:00,1069,6,6.0,7.975349462084358,October 2022 pilot
33,Random Forest,2022-10-24T15:00:00+00:00,1069,6,13.0,10.719692311194468,October 2022 pilot
33,Random Forest,2022-10-24T16:00:00+00:00,1069,6,13.0,11.73353027464108,October 2022 pilot
33,Random Forest,2022-10-25T12:00:00+00:00,32,1,-2.0,1.3049797427061738,October 2022 pilot
33,Random Forest,2022-10-26T01:00:00+00:00,59,3,0.5,0.9646771996119816,October 2022 pilot
33,Random Forest,2022-10-26T02:00:00+00:00,59,3,1.0,1.7034219883360486,October 2022 pilot
33,Random Forest,2022-10-26T03:00:00+00:00,59,3,3.9,1.4722657610419934,October 2022 pilot
33,Random Forest,2022-10-25T22:00:00+00:00,1069,1,2.0,1.794622124678798,October 2022 pilot
33,Random Forest,2022-10-26T21:00:00+00:00,32,3,7.0,3.3161992035724324,October 2022 pilot
33,Random Forest,2022-10-26T22:00:00+00:00,32,3,2.0,1.9242736831020035,October 2022 pilot
33,Random Forest,2022-10-26T23:00:00+00:00,32,3,0.0,1.7337676396935189,October 2022 pilot
33,Random Forest,2022-10-26T08:00:00+00:00,59,1,2.3,1.7617851563244753,October 2022 pilot
33,Random Forest,2022-10-26T11:00:00+00:00,1069,3,10.0,2.390292057589529,October 2022 pilot
33,Random Forest,2022-10-26T12:00:00+00:00,1069,3,17.0,4.774725789370269,October 2022 pilot
33,Random Forest,2022-10-26T13:00:00+00:00,1069,3,15.0,6.162303031663476,October 2022 pilot
33,Random Forest,2022-10-27T15:00:00+00:00,32,1,4.0,5.622177524002036,October 2022 pilot
33,Random Forest,2022-10-27T20:00:00+00:00,59,1,5.1,3.575972876218138,October 2022 pilot
33,Random Forest,2022-10-27T12:00:00+00:00,1069,1,10.0,4.485846428220516,October 2022 pilot
33,Random Forest,2022-10-28T19:00:00+00:00,32,3,3.0,4.847896749525078,October 2022 pilot
33,Random Forest,2022-10-28T20:00:00+00:00,32,3,3.0,3.3089688661108925,October 2022 pilot
33,Random Forest,2022-10-28T21:00:00+00:00,32,3,8.0,2.514569125144001,October 2022 pilot
33,Random Forest,2022-10-28T19:00:00+00:00,59,3,1.6,3.2855720371498647,October 2022 pilot
33,Random Forest,2022-10-28T20:00:00+00:00,59,3,-1.0,3.0328306284614124,October 2022 pilot
33,Random Forest,2022-10-28T21:00:00+00:00,59,3,0.1,1.915129775599452,October 2022 pilot
33,Random Forest,2022-10-28T20:00:00+00:00,1069,1,1.0,4.03067151495102,October 2022 pilot
33,Random Forest,2022-10-29T11:00:00+00:00,32,3,2.0,3.6475745822789407,October 2022 pilot
33,Random Forest,2022-10-29T12:00:00+00:00,32,3,0.0,3.660567146496862,October 2022 pilot
33,Random Forest,2022-10-29T13:00:00+00:00,32,3,-1.0,3.548827192155463,October 2022 pilot
33,Random Forest,2022-10-29T12:00:00+00:00,59,3,0.1,3.060453638971406,October 2022 pilot
33,Random Forest,2022-10-29T13:00:00+00:00,59,3,-0.2,2.5708628674633265,October 2022 pilot
33,Random Forest,2022-10-29T14:00:00+00:00,59,3,3.7,4.100676741287186,October 2022 pilot
33,Random Forest,2022-10-29T20:00:00+00:00,1069,1,6.0,5.166436806256435,October 2022 pilot
33,Random Forest,2022-10-30T18:00:00+00:00,32,3,10.0,6.051739967247689,October 2022 pilot
33,Random Forest,2022-10-30T19:00:00+00:00,32,3,6.0,4.820069276117475,October 2022 pilot
33,Random Forest,2022-10-30T20:00:00+00:00,32,3,5.0,4.330961675247911,October 2022 pilot
33,Random Forest,2022-10-30T22:00:00+00:00,59,6,2.7,2.792553896335624,October 2022 pilot
33,Random Forest,2022-10-30T23:00:00+00:00,59,6,5.6,2.089923507314326,October 2022 pilot
33,Random Forest,2022-10-31T00:00:00+00:00,59,6,1.0,1.7215569605169077,October 2022 pilot
33,Random Forest,2022-10-31T01:00:00+00:00,59,6,4.0,2.3795234358255213,October 2022 pilot
33,Random Forest,2022-10-31T02:00:00+00:00,59,6,8.0,3.1639082144264816,October 2022 pilot
33,Random Forest,2022-10-31T03:00:00+00:00,59,6,6.6,4.139815641374995,October 2022 pilot
33,Random Forest,2022-10-30T11:00:00+00:00,1069,3,1.0,6.47734120233397,October 2022 pilot
33,Random Forest,2022-10-30T12:00:00+00:00,1069,3,7.0,7.751289085089672,October 2022 pilot
33,Random Forest,2022-10-30T13:00:00+00:00,1069,3,5.0,8.993367775736122,October 2022 pilot
33,Random Forest,2022-10-31T09:00:00+00:00,32,6,5.0,4.644400437105782,October 2022 pilot
33,Random Forest,2022-10-31T10:00:00+00:00,32,6,5.0,5.084357254560891,October 2022 pilot
33,Random Forest,2022-10-31T11:00:00+00:00,32,6,4.0,6.939977352868839,October 2022 pilot
33,Random Forest,2022-10-31T12:00:00+00:00,32,6,6.0,10.02210212263265,October 2022 pilot
33,Random Forest,2022-10-31T13:00:00+00:00,32,6,4.0,12.116120990705229,October 2022 pilot
33,Random Forest,2022-10-31T14:00:00+00:00,32,6,4.0,10.370087749157934,October 2022 pilot
33,Random Forest,2022-10-31T08:00:00+00:00,59,6,4.1,3.987062317476384,October 2022 pilot
33,Random Forest,2022-10-31T09:00:00+00:00,59,6,1.3,4.31877954716048,October 2022 pilot
33,Random Forest,2022-10-31T10:00:00+00:00,59,6,1.8,4.1098359032659735,October 2022 pilot
33,Random Forest,2022-10-31T11:00:00+00:00,59,6,2.6,6.154961791335606,October 2022 pilot
33,Random Forest,2022-10-31T12:00:00+00:00,59,6,5.6,5.49507582867172,October 2022 pilot
33,Random Forest,2022-10-31T13:00:00+00:00,59,6,3.3,8.26275927645769,October 2022 pilot
33,Random Forest,2022-10-31T16:00:00+00:00,1069,3,6.0,11.853886010616488,October 2022 pilot
33,Random Forest,2022-10-31T17:00:00+00:00,1069,3,3.0,10.845063348486123,October 2022 pilot
33,Random Forest,2022-10-31T18:00:00+00:00,1069,3,11.0,7.523193180436671,October 2022 pilot
11,Random Forest,2022-11-01T09:00:00+00:00,32,1,2.0,6.391156374450868,November-December 2022
11,Random Forest,2022-11-01T15:00:00+00:00,59,6,2.5,5.53381224453886,November-December 2022
11,Random Forest,2022-11-01T16:00:00+00:00,59,6,5.9,6.210561430734385,November-December 2022
11,Random Forest,2022-11-01T17:00:00+00:00,59,6,5.5,6.183310811053795,November-December 2022
11,Random Forest,2022-11-01T18:00:00+00:00,59,6,2.3,5.474344065748172,November-December 2022
11,Random Forest,2022-11-01T19:00:00+00:00,59,6,5.1,5.615354199250371,November-December 2022
11,Random Forest,2022-11-01T20:00:00+00:00,59,6,-0.2,5.179991985383914,November-December 2022
11,Random Forest,2022-11-01T19:00:00+00:00,1069,3,-3.0,8.381315727632616,November-December 2022
11,Random Forest,2022-11-01T20:00:00+00:00,1069,3,2.0,6.67999651801792,November-December 2022
11,Random Forest,2022-11-01T21:00:00+00:00,1069,3,3.0,4.941916516155823,November-December 2022
11,Random Forest,2022-11-02T07:00:00+00:00,32,6,4.0,3.943137188788358,November-December 2022
11,Random Forest,2022-11-02T08:00:00+00:00,32,6,3.0,4.8739148241953405,November-December 2022
11,Random Forest,2022-11-02T09:00:00+00:00,32,6,2.0,5.727812424869403,November-December 2022
11,Random Forest,2022-11-02T10:00:00+00:00,32,6,5.0,5.774601546088052,November-December 2022
11,Random Forest,2022-11-02T11:00:00+00:00,32,6,8.0,6.792383602623009,November-December 2022
11,Random Forest,2022-11-02T12:00:00+00:00,32,6,10.0,7.606351508421936,November-December 2022
11,Random Forest,2022-11-02T09:00:00+00:00,59,3,3.1,5.0119465212155765,November-December 2022
11,Random Forest,2022-11-02T10:00:00+00:00,59,3,3.9,4.767337363748603,November-December 2022
11,Random Forest,2022-11-02T11:00:00+00:00,59,3,6.4,4.81208270484913,November-December 2022
11,Random Forest,2022-11-03T01:00:00+00:00,1069,3,11.0,9.84599840397196,November-December 2022
11,Random Forest,2022-11-03T02:00:00+00:00,1069,3,9.0,11.562494366689704,November-December 2022
11,Random Forest,2022-11-03T03:00:00+00:00,1069,3,12.0,13.681428637969418,November-December 2022
11,Random Forest,2022-11-03T08:00:00+00:00,32,3,17.0,17.02310301677489,November-December 2022
11,Random Forest,2022-11-03T09:00:00+00:00,32,3,17.0,14.148536303921702,November-December 2022
11,Random Forest,2022-11-03T10:00:00+00:00,32,3,12.0,12.653007783257076,November-December 2022
11,Random Forest,2022-11-03T08:00:00+00:00,59,3,13.9,17.47046888528138,November-December 2022
11,Random Forest,2022-11-03T09:00:00+00:00,59,3,13.7,15.8208230328699,November-December 2022
11,Random Forest,2022-11-03T10:00:00+00:00,59,3,12.4,11.98986024442856,November-December 2022
11,Random Forest,2022-11-03T23:00:00+00:00,1069,6,2.0,4.2363375500312905,November-December 2022
11,Random Forest,2022-11-04T00:00:00+00:00,1069,6,1.0,2.408142702989017,November-December 2022
11,Random Forest,2022-11-04T01:00:00+00:00,1069,6,1.0,2.2638003500226445,November-December 2022
11,Random Forest,2022-11-04T02:00:00+00:00,1069,6,0.0,2.832429904111897,November-December 2022
11,Random Forest,2022-11-04T03:00:00+00:00,1069,6,0.0,3.6504477358762863,November-December 2022
11,Random Forest,2022-11-04T04:00:00+00:00,1069,6,2.0,4.541311291329204,November-December 2022
11,Random Forest,2022-11-04T17:00:00+00:00,32,6,8.0,7.819841881639531,November-December 2022
11,Random Forest,2022-11-04T18:00:00+00:00,32,6,9.0,7.994028833655284,November-December 2022
11,Random Forest,2022-11-04T19:00:00+00:00,32,6,12.0,7.350352363552707,November-December 2022
11,Random Forest,2022-11-04T20:00:00+00:00,32,6,10.0,7.59411543074375,November-December 2022
11,Random Forest,2022-11-04T21:00:00+00:00,32,6,5.0,7.304543499304755,November-December 2022
11,Random Forest,2022-11-04T22:00:00+00:00,32,6,8.0,6.630681403078688,November-December 2022
11,Random Forest,2022-11-04T13:00:00+00:00,59,6,4.3,5.017894122032544,November-December 2022
11,Random Forest,2022-11-04T14:00:00+00:00,59,6,-0.3,4.501918244071091,November-December 2022
11,Random Forest,2022-11-04T15:00:00+00:00,59,6,3.1,5.749216704467164,November-December 2022
11,Random Forest,2022-11-04T16:00:00+00:00,59,6,4.0,6.052760274816801,November-December 2022
11,Random Forest,2022-11-04T17:00:00+00:00,59,6,3.3,6.263625747431288,November-December 2022
11,Random Forest,2022-11-04T18:00:00+00:00,59,6,4.3,6.692800308781164,November-December 2022
11,Random Forest,2022-11-04T18:00:00+00:00,1069,1,5.0,8.234024286504022,November-December 2022
11,Random Forest,2022-11-05T20:00:00+00:00,32,3,1.0,4.123610562501965,November-December 2022
11,Random Forest,2022-11-05T21:00:00+00:00,32,3,3.0,3.3417370453252246,November-December 2022
11,Random Forest,2022-11-05T22:00:00+00:00,32,3,3.0,3.1771254269078515,November-December 2022
11,Random Forest,2022-11-05T11:00:00+00:00,59,6,3.5,3.526847539625805,November-December 2022
11,Random Forest,2022-11-05T12:00:00+00:00,59,6,0.1,3.665795381083204,November-December 2022
11,Random Forest,2022-11-05T13:00:00+00:00,59,6,0.3,3.835918562235437,November-December 2022
11,Random Forest,2022-11-05T14:00:00+00:00,59,6,0.0,4.043275676127171,November-December 2022
11,Random Forest,2022-11-05T15:00:00+00:00,59,6,7.1,4.730873798481252,November-December 2022
11,Random Forest,2022-11-05T16:00:00+00:00,59,6,3.2,4.225930437189222,November-December 2022
11,Random Forest,2022-11-05T09:00:00+00:00,1069,6,-5.0,3.146927097797767,November-December 2022
11,Random Forest,2022-11-05T10:00:00+00:00,1069,6,2.0,4.478790996049585,November-December 2022
11,Random Forest,2022-11-05T11:00:00+00:00,1069,6,3.0,5.678651064554094,November-December 2022
11,Random Forest,2022-11-05T12:00:00+00:00,1069,6,6.0,5.325135015474178,November-December 2022
11,Random Forest,2022-11-05T13:00:00+00:00,1069,6,-1.0,6.0066218378380425,November-December 2022
11,Random Forest,2022-11-05T14:00:00+00:00,1069,6,12.0,7.518525322625535,November-December 2022
11,Random Forest,2022-11-06T22:00:00+00:00,32,3,1.0,7.156299826684657,November-December 2022
11,Random Forest,2022-11-06T23:00:00+00:00,32,3,-5.0,4.848925682711507,November-December 2022
11,Random Forest,2022-11-07T00:00:00+00:00,32,3,3.0,7.492631626319924,November-December 2022
11,Random Forest,2022-11-06T21:00:00+00:00,59,1,6.7,6.420850120563439,November-December 2022
11,Random Forest,2022-11-06T17:00:00+00:00,1069,3,13.0,13.16389698918288,November-December 2022
11,Random Forest,2022-11-06T18:00:00+00:00,1069,3,13.0,12.52111784839177,November-December 2022
11,Random Forest,2022-11-06T19:00:00+00:00,1069,3,13.0,9.408868476876076,November-December 2022
11,Random Forest,2022-11-07T20:00:00+00:00,32,6,-4.0,7.390755495045072,November-December 2022
11,Random Forest,2022-11-07T21:00:00+00:00,32,6,4.0,6.2209022195832455,November-December 2022
11,Random Forest,2022-11-07T22:00:00+00:00,32,6,7.0,4.762088639367674,November-December 2022
11,Random Forest,2022-11-07T23:00:00+00:00,32,6,3.0,3.4395178323512345,November-December 2022
11,Random Forest,2022-11-08T00:00:00+00:00,32,6,2.0,1.850803509601747,November-December 2022
11,Random Forest,2022-11-08T01:00:00+00:00,32,6,4.0,2.618136496532729,November-December 2022
11,Random Forest,2022-11-07T16:00:00+00:00,59,6,3.6,6.929956888675219,November-December 2022
11,Random Forest,2022-11-07T17:00:00+00:00,59,6,1.5,7.785221788353875,November-December 2022
11,Random Forest,2022-11-07T18:00:00+00:00,59,6,7.0,6.48688699537387,November-December 2022
11,Random Forest,2022-11-07T19:00:00+00:00,59,6,2.1,5.560652403904832,November-December 2022
11,Random Forest,2022-11-07T20:00:00+00:00,59,6,7.6,5.25546425947499,November-December 2022
11,Random Forest,2022-11-07T21:00:00+00:00,59,6,3.0,4.722818536025671,November-December 2022
11,Random Forest,2022-11-07T23:00:00+00:00,1069,6,-1.0,3.781391700717356,November-December 2022
11,Random Forest,2022-11-08T00:00:00+00:00,1069,6,-2.0,2.66058752936444,November-December 2022
11,Random Forest,2022-11-08T01:00:00+00:00,1069,6,0.0,2.6403013261307797,November-December 2022
11,Random Forest,2022-11-08T02:00:00+00:00,1069,6,2.0,3.070938665713654,November-December 2022
11,Random Forest,2022-11-08T03:00:00+00:00,1069,6,-1.0,4.089475538629367,November-December 2022
11,Random Forest,2022-11-08T04:00:00+00:00,1069,6,1.0,4.468210498010916,November-December 2022
11,Random Forest,2022-11-08T11:00:00+00:00,32,1,0.0,3.699313016725613,November-December 2022
11,Random Forest,2022-11-08T19:00:00+00:00,59,1,1.1,4.32625111829069,November-December 2022
11,Random Forest,2022-11-08T19:00:00+00:00,1069,6,5.0,5.094310385651199,November-December 2022
11,Random Forest,2022-11-08T20:00:00+00:00,1069,6,7.0,4.709237949879993,November-December 2022
11,Random Forest,2022-11-08T21:00:00+00:00,1069,6,7.0,4.970434013056051,November-December 2022
11,Random Forest,2022-11-08T22:00:00+00:00,1069,6,1.0,3.9183268466889687,November-December 2022
11,Random Forest,2022-11-08T23:00:00+00:00,1069,6,1.0,2.4915375421166184,November-December 2022
11,Random Forest,2022-11-09T00:00:00+00:00,1069,6,-1.0,2.118415366213694,November-December 2022
11,Random Forest,2022-11-09T13:00:00+00:00,32,6,9.0,7.329957273081881,November-December 2022
11,Random Forest,2022-11-09T14:00:00+00:00,32,6,7.0,7.493591039395065,November-December 2022
11,Random Forest,2022-11-09T15:00:00+00:00,32,6,6.0,8.738111174938805,November-December 2022
11,Random Forest,2022-11-09T16:00:00+00:00,32,6,4.0,7.360188181953154,November-December 2022
11,Random Forest,2022-11-09T17:00:00+00:00,32,6,14.0,8.122036316665254,November-December 2022
11,Random Forest,2022-11-09T18:00:00+00:00,32,6,6.0,7.615830883382118,November-December 2022
11,Random Forest,2022-11-09T17:00:00+00:00,59,6,6.5,6.075598337949243,November-December 2022
11,Random Forest,2022-11-09T18:00:00+00:00,59,6,-0.5,6.237693347059035,November-December 2022
11,Random Forest,2022-11-09T19:00:00+00:00,59,6,6.7,6.033338997353189,November-December 2022
11,Random Forest,2022-11-09T20:00:00+00:00,59,6,7.6,5.2389395260705856,November-December 2022
11,Random Forest,2022-11-09T21:00:00+00:00,59,6,-0.3,4.36856765880005,November-December 2022
11,Random Forest,2022-11-09T22:00:00+00:00,59,6,7.2,4.59287386257194,November-December 2022
11,Random Forest,2022-11-09T11:00:00+00:00,1069,6,2.0,5.511650273636432,November-December 2022
11,Random Forest,2022-11-09T12:00:00+00:00,1069,6,4.0,5.052654989725612,November-December 2022
11,Random Forest,2022-11-09T13:00:00+00:00,1069,6,6.0,6.365763148768687,November-December 2022
11,Random Forest,2022-11-09T14:00:00+00:00,1069,6,11.0,8.382280540238195,November-December 2022
11,Random Forest,2022-11-09T15:00:00+00:00,1069,6,12.0,8.508092528443598,November-December 2022
11,Random Forest,2022-11-09T16:00:00+00:00,1069,6,14.0,9.648372265353991,November-December 2022
11,Random Forest,2022-11-10T23:00:00+00:00,32,3,2.0,2.897051201808938,November-December 2022
11,Random Forest,2022-11-11T00:00:00+00:00,32,3,7.0,3.529709979648361,November-December 2022
11,Random Forest,2022-11-11T01:00:00+00:00,32,3,5.0,3.935171338737721,November-December 2022
11,Random Forest,2022-11-10T21:00:00+00:00,59,6,5.2,4.177373380622122,November-December 2022
11,Random Forest,2022-11-10T22:00:00+00:00,59,6,6.7,4.665730429046063,November-December 2022
11,Random Forest,2022-11-10T23:00:00+00:00,59,6,2.9,3.1409712966762138,November-December 2022
11,Random Forest,2022-11-11T00:00:00+00:00,59,6,-1.0,3.18718966655255,November-December 2022
11,Random Forest,2022-11-11T01:00:00+00:00,59,6,6.4,3.5728777127822307,November-December 2022
11,Random Forest,2022-11-11T02:00:00+00:00,59,6,3.3,3.2609701725700986,November-December 2022
11,Random Forest,2022-11-10T09:00:00+00:00,1069,6,7.0,5.1478741803454575,November-December 2022
11,Random Forest,2022-11-10T10:00:00+00:00,1069,6,6.0,4.918608868130997,November-December 2022
11,Random Forest,2022-11-10T11:00:00+00:00,1069,6,3.0,6.17816520130849,November-December 2022
11,Random Forest,2022-11-10T12:00:00+00:00,1069,6,5.0,6.742568189738781,November-December 2022
11,Random Forest,2022-11-10T13:00:00+00:00,1069,6,3.0,6.777962215258704,November-December 2022
11,Random Forest,2022-11-10T14:00:00+00:00,1069,6,8.0,7.135881162496633,November-December 2022
11,Random Forest,2022-11-11T09:00:00+00:00,32,6,6.0,5.1649804936968975,November-December 2022
11,Random Forest,2022-11-11T10:00:00+00:00,32,6,6.0,4.450970681654948,November-December 2022
11,Random Forest,2022-11-11T11:00:00+00:00,32,6,11.0,4.135875896213809,November-December 2022
11,Random Forest,2022-11-11T12:00:00+00:00,32,6,9.0,4.804806583139493,November-December 2022
11,Random Forest,2022-11-11T13:00:00+00:00,32,6,2.0,5.063497455288086,November-December 2022
11,Random Forest,2022-11-11T14:00:00+00:00,32,6,5.0,6.040563698247677,November-December 2022
11,Random Forest,2022-11-11T09:00:00+00:00,59,6,4.3,4.029803141253758,November-December 2022
11,Random Forest,2022-11-11T10:00:00+00:00,59,6,4.4,3.956679880376635,November-December 2022
11,Random Forest,2022-11-11T11:00:00+00:00,59,6,3.7,3.82526014944339,November-December 2022
11,Random Forest,2022-11-11T12:00:00+00:00,59,6,4.8,4.546725583290719,November-December 2022
11,Random Forest,2022-11-11T13:00:00+00:00,59,6,5.6,4.415543942794953,November-December 2022
11,Random Forest,2022-11-11T14:00:00+00:00,59,6,3.3,5.39838118103844,November-December 2022
11,Random Forest,2022-11-11T08:00:00+00:00,1069,1,2.0,3.814176226546675,November-December 2022
11,Random Forest,2022-11-12T22:00:00+00:00,32,6,3.0,2.4328491380044626,November-December 2022
11,Random Forest,2022-11-12T23:00:00+00:00,32,6,0.0,1.7157320727158336,November-December 2022
11,Random Forest,2022-11-13T00:00:00+00:00,32,6,6.0,1.645718775203013,November-December 2022
11,Random Forest,2022-11-13T01:00:00+00:00,32,6,2.0,1.517193471693066,November-December 2022
11,Random Forest,2022-11-13T02:00:00+00:00,32,6,6.0,2.1360445224865003,November-December 2022
11,Random Forest,2022-11-13T03:00:00+00:00,32,6,4.0,2.9845110144435445,November-December 2022
11,Random Forest,2022-11-12T16:00:00+00:00,59,1,-1.8,2.763151268040972,November-December 2022
11,Random Forest,2022-11-12T10:00:00+00:00,1069,1,1.0,2.286814247003828,November-December 2022
11,Random Forest,2022-11-13T18:00:00+00:00,32,6,9.0,5.218766761936495,November-December 2022
11,Random Forest,2022-11-13T19:00:00+00:00,32,6,4.0,5.156859968298991,November-December 2022
11,Random Forest,2022-11-13T20:00:00+00:00,32,6,2.0,4.396074996993675,November-December 2022
11,Random Forest,2022-11-13T21:00:00+00:00,32,6,3.0,3.255278623698602,November-December 2022
11,Random Forest,2022-11-13T22:00:00+00:00,32,6,4.0,2.3951785802477183,November-December 2022
11,Random Forest,2022-11-13T23:00:00+00:00,32,6,1.0,1.898428903273644,November-December 2022
11,Random Forest,2022-11-13T11:00:00+00:00,59,1,5.7,3.2000229877396125,November-December 2022
11,Random Forest,2022-11-14T02:00:00+00:00,1069,3,4.0,1.8734598349446283,November-December 2022
11,Random Forest,2022-11-14T03:00:00+00:00,1069,3,4.0,3.5109782777495058,November-December 2022
11,Random Forest,2022-11-14T04:00:00+00:00,1069,3,3.0,4.450919374402976,November-December 2022
11,Random Forest,2022-11-14T10:00:00+00:00,32,6,7.0,4.16601207694464,November-December 2022
11,Random Forest,2022-11-14T11:00:00+00:00,32,6,3.0,4.404439286675296,November-December 2022
11,Random Forest,2022-11-14T12:00:00+00:00,32,6,3.0,4.864667488036464,November-December 2022
11,Random Forest,2022-11-14T13:00:00+00:00,32,6,5.0,3.567607302045669,November-December 2022
11,Random Forest,2022-11-14T14:00:00+00:00,32,6,4.0,4.973538355607187,November-December 2022
11,Random Forest,2022-11-14T15:00:00+00:00,32,6,8.0,6.168242395280392,November-December 2022
11,Random Forest,2022-11-14T07:00:00+00:00,59,3,1.7,2.9619717930337024,November-December 2022
11,Random Forest,2022-11-14T08:00:00+00:00,59,3,3.1,2.681713229698549,November-December 2022
11,Random Forest,2022-11-14T09:00:00+00:00,59,3,1.5,3.567148634310039,November-December 2022
11,Random Forest,2022-11-14T11:00:00+00:00,1069,1,7.0,3.851746165931167,November-December 2022
11,Random Forest,2022-11-15T12:00:00+00:00,32,3,1.0,4.846169209120182,November-December 2022
11,Random Forest,2022-11-15T13:00:00+00:00,32,3,3.0,4.505266894694289,November-December 2022
11,Random Forest,2022-11-15T14:00:00+00:00,32,3,8.0,4.6373090942717,November-December 2022
11,Random Forest,2022-11-15T11:00:00+00:00,59,6,2.4,3.494129087559545,November-December 2022
11,Random Forest,2022-11-15T12:00:00+00:00,59,6,3.8,3.9883206550836423,November-December 2022
11,Random Forest,2022-11-15T13:00:00+00:00,59,6,1.8,3.1994048835007205,November-December 2022
11,Random Forest,2022-11-15T14:00:00+00:00,59,6,3.0,3.879512691687357,November-December 2022
11,Random Forest,2022-11-15T15:00:00+00:00,59,6,4.2,3.889925033427639,November-December 2022
11,Random Forest,2022-11-15T16:00:00+00:00,59,6,0.3,3.544509958445326,November-December 2022
11,Random Forest,2022-11-16T01:00:00+00:00,1069,3,5.0,4.366326701752163,November-December 2022
11,Random Forest,2022-11-16T02:00:00+00:00,1069,3,4.0,5.526660729080918,November-December 2022
11,Random Forest,2022-11-16T03:00:00+00:00,1069,3,9.0,7.269932809346772,November-December 2022
11,Random Forest,2022-11-16T20:00:00+00:00,32,3,8.0,4.503848953124484,November-December 2022
11,Random Forest,2022-11-16T21:00:00+00:00,32,3,2.0,3.1463732034121623,November-December 2022
11,Random Forest,2022-11-16T22:00:00+00:00,32,3,0.0,1.370080519297195,November-December 2022
11,Random Forest,2022-11-16T12:00:00+00:00,59,6,7.2,6.011281711447365,November-December 2022
11,Random Forest,2022-11-16T13:00:00+00:00,59,6,9.0,5.573336204038155,November-December 2022
11,Random Forest,2022-11-16T14:00:00+00:00,59,6,8.1,5.8194086164567285,November-December 2022
11,Random Forest,2022-11-16T15:00:00+00:00,59,6,7.7,6.84922634933438,November-December 2022
11,Random Forest,2022-11-16T16:00:00+00:00,59,6,2.8,4.838513935346581,November-December 2022
11,Random Forest,2022-11-16T17:00:00+00:00,59,6,0.5,5.776920903466879,November-December 2022
11,Random Forest,2022-11-16T07:00:00+00:00,1069,6,9.0,6.714628176719255,November-December 2022
11,Random Forest,2022-11-16T08:00:00+00:00,1069,6,8.0,6.404734095573477,November-December 2022
11,Random Forest,2022-11-16T09:00:00+00:00,1069,6,11.0,7.600887348743027,November-December 2022
11,Random Forest,2022-11-16T10:00:00+00:00,1069,6,7.0,7.288387648887796,November-December 2022
11,Random Forest,2022-11-16T11:00:00+00:00,1069,6,7.0,7.619596702099659,November-December 2022
11,Random Forest,2022-11-16T12:00:00+00:00,1069,6,10.0,7.866815122001391,November-December 2022
11,Random Forest,2022-11-17T10:00:00+00:00,32,1,4.0,4.475844911746867,November-December 2022
11,Random Forest,2022-11-18T04:00:00+00:00,59,1,2.8,2.3935068502050494,November-December 2022
11,Random Forest,2022-11-17T17:00:00+00:00,1069,1,5.0,5.160155232870121,November-December 2022
11,Random Forest,2022-11-18T18:00:00+00:00,32,6,6.0,3.854828876579252,November-December 2022
11,Random Forest,2022-11-18T19:00:00+00:00,32,6,0.0,3.3563742844032944,November-December 2022
11,Random Forest,2022-11-18T20:00:00+00:00,32,6,2.0,3.625632828504093,November-December 2022
11,Random Forest,2022-11-18T21:00:00+00:00,32,6,1.0,3.92370074364647,November-December 2022
11,Random Forest,2022-11-18T22:00:00+00:00,32,6,-1.0,4.305322752602848,November-December 2022
11,Random Forest,2022-11-18T23:00:00+00:00,32,6,5.0,3.9260944442209,November-December 2022
11,Random Forest,2022-11-18T07:00:00+00:00,59,6,4.4,4.611004602431243,November-December 2022
11,Random Forest,2022-11-18T08:00:00+00:00,59,6,3.1,4.586169472432265,November-December 2022
11,Random Forest,2022-11-18T09:00:00+00:00,59,6,1.5,4.21707029936278,November-December 2022
11,Random Forest,2022-11-18T10:00:00+00:00,59,6,3.0,3.804468949350639,November-December 2022
11,Random Forest,2022-11-18T11:00:00+00:00,59,6,3.4,3.6920717067684734,November-December 2022
11,Random Forest,2022-11-18T12:00:00+00:00,59,6,5.3,3.789863351842224,November-December 2022
11,Random Forest,2022-11-18T07:00:00+00:00,1069,3,7.0,4.443420735929462,November-December 2022
11,Random Forest,2022-11-18T08:00:00+00:00,1069,3,5.0,6.082025297488937,November-December 2022
11,Random Forest,2022-11-18T09:00:00+00:00,1069,3,6.0,6.830998968409828,November-December 2022
11,Random Forest,2022-11-20T01:00:00+00:00,32,1,9.0,5.111103234139631,November-December 2022
11,Random Forest,2022-11-19T19:00:00+00:00,59,1,2.0,3.735632220698889,November-December 2022
11,Random Forest,2022-11-19T13:00:00+00:00,1069,1,7.0,4.513899177426696,November-December 2022
11,Random Forest,2022-11-20T12:00:00+00:00,32,6,4.0,5.343897718368146,November-December 2022
11,Random Forest,2022-11-20T13:00:00+00:00,32,6,4.0,5.031835144381313,November-December 2022
11,Random Forest,2022-11-20T14:00:00+00:00,32,6,5.0,4.986528307712507,November-December 2022
11,Random Forest,2022-11-20T15:00:00+00:00,32,6,3.0,4.7871232813587214,November-December 2022
11,Random Forest,2022-11-20T16:00:00+00:00,32,6,0.0,4.40732407147584,November-December 2022
11,Random Forest,2022-11-20T17:00:00+00:00,32,6,4.0,4.770919824094926,November-December 2022
11,Random Forest,2022-11-20T08:00:00+00:00,59,1,0.0,3.431351558845953,November-December 2022
11,Random Forest,2022-11-20T09:00:00+00:00,1069,6,3.0,4.250078593657205,November-December 2022
11,Random Forest,2022-11-20T10:00:00+00:00,1069,6,4.0,4.491711385528172,November-December 2022
11,Random Forest,2022-11-20T11:00:00+00:00,1069,6,3.0,5.439845368570904,November-December 2022
11,Random Forest,2022-11-20T12:00:00+00:00,1069,6,1.0,5.82078094596381,November-December 2022
11,Random Forest,2022-11-20T13:00:00+00:00,1069,6,4.0,6.1046195160117644,November-December 2022
11,Random Forest,2022-11-20T14:00:00+00:00,1069,6,3.0,5.289892920907917,November-December 2022
11,Random Forest,2022-11-21T07:00:00+00:00,32,3,4.0,4.761092522105828,November-December 2022
11,Random Forest,2022-11-21T08:00:00+00:00,32,3,6.0,4.604955416855484,November-December 2022
11,Random Forest,2022-11-21T09:00:00+00:00,32,3,7.0,5.155404083457514,November-December 2022
11,Random Forest,2022-11-22T01:00:00+00:00,59,1,9.3,8.25240058065794,November-December 2022
11,Random Forest,2022-11-21T19:00:00+00:00,1069,1,6.0,6.504252641891801,November-December 2022
11,Random Forest,2022-11-22T09:00:00+00:00,32,3,16.0,10.030763335379511,November-December 2022
11,Random Forest,2022-11-22T10:00:00+00:00,32,3,13.0,10.211232843223804,November-December 2022
11,Random Forest,2022-11-22T11:00:00+00:00,32,3,10.0,9.879151620766896,November-December 2022
11,Random Forest,2022-11-22T21:00:00+00:00,59,3,3.1,6.082072842909522,November-December 2022
11,Random Forest,2022-11-22T22:00:00+00:00,59,3,3.2,6.033886201695633,November-December 2022
11,Random Forest,2022-11-22T23:00:00+00:00,59,3,3.3,6.571277940329445,November-December 2022
11,Random Forest,2022-11-22T10:00:00+00:00,1069,6,11.0,8.643781432637837,November-December 2022
11,Random Forest,2022-11-22T11:00:00+00:00,1069,6,10.0,9.063992902920754,November-December 2022
11,Random Forest,2022-11-22T12:00:00+00:00,1069,6,10.0,9.083259319051695,November-December 2022
11,Random Forest,2022-11-22T13:00:00+00:00,1069,6,13.0,8.580808898346673,November-December 2022
11,Random Forest,2022-11-22T14:00:00+00:00,1069,6,13.0,8.480249648355825,November-December 2022
11,Random Forest,2022-11-22T15:00:00+00:00,1069,6,16.0,7.934558190069017,November-December 2022
11,Random Forest,2022-11-23T08:00:00+00:00,32,6,13.0,8.202267258690096,November-December 2022
11,Random Forest,2022-11-23T09:00:00+00:00,32,6,11.0,9.102780676928502,November-December 2022
11,Random Forest,2022-11-23T10:00:00+00:00,32,6,12.0,9.133261690247116,November-December 2022
11,Random Forest,2022-11-23T11:00:00+00:00,32,6,8.0,10.43747546404686,November-December 2022
11,Random Forest,2022-11-23T12:00:00+00:00,32,6,8.0,11.128976175128262,November-December 2022
11,Random Forest,2022-11-23T13:00:00+00:00,32,6,7.0,11.462224535734046,November-December 2022
11,Random Forest,2022-11-23T20:00:00+00:00,59,1,7.8,12.81964582495388,November-December 2022
11,Random Forest,2022-11-23T22:00:00+00:00,1069,6,4.0,12.308085923011255,November-December 2022
11,Random Forest,2022-11-23T23:00:00+00:00,1069,6,12.0,13.585346814076791,November-December 2022
11,Random Forest,2022-11-24T00:00:00+00:00,1069,6,13.0,14.09790704490876,November-December 2022
11,Random Forest,2022-11-24T01:00:00+00:00,1069,6,22.0,15.163509266774891,November-December 2022
11,Random Forest,2022-11-24T02:00:00+00:00,1069,6,8.0,14.375078123900156,November-December 2022
11,Random Forest,2022-11-24T03:00:00+00:00,1069,6,15.0,15.703620941558436,November-December 2022
11,Random Forest,2022-11-24T07:00:00+00:00,32,6,14.0,13.391737111476337,November-December 2022
11,Random Forest,2022-11-24T08:00:00+00:00,32,6,16.0,10.671746586223106,November-December 2022
11,Random Forest,2022-11-24T09:00:00+00:00,32,6,11.0,9.921522269980525,November-December 2022
11,Random Forest,2022-11-24T10:00:00+00:00,32,6,10.0,8.830838031222891,November-December 2022
11,Random Forest,2022-11-24T11:00:00+00:00,32,6,1.0,7.814761905259077,November-December 2022
11,Random Forest,2022-11-24T12:00:00+00:00,32,6,7.0,7.093995472199211,November-December 2022
11,Random Forest,2022-11-24T23:00:00+00:00,59,3,6.2,2.5645420205549163,November-December 2022
11,Random Forest,2022-11-25T00:00:00+00:00,59,3,0.4,2.02342800722954,November-December 2022
11,Random Forest,2022-11-25T01:00:00+00:00,59,3,2.7,0.6527391865079365,November-December 2022
11,Random Forest,2022-11-24T10:00:00+00:00,1069,3,5.0,8.841382295159356,November-December 2022
11,Random Forest,2022-11-24T11:00:00+00:00,1069,3,5.0,8.502846117595544,November-December 2022
11,Random Forest,2022-11-24T12:00:00+00:00,1069,3,4.0,8.129863700995353,November-December 2022
11,Random Forest,2022-11-25T08:00:00+00:00,32,6,0.0,1.9785593923376363,November-December 2022
11,Random Forest,2022-11-25T09:00:00+00:00,32,6,0.0,2.832997343272753,November-December 2022
11,Random Forest,2022-11-25T10:00:00+00:00,32,6,1.0,2.492048101098475,November-December 2022
11,Random Forest,2022-11-25T11:00:00+00:00,32,6,1.0,2.2903737850564068,November-December 2022
11,Random Forest,2022-11-25T12:00:00+00:00,32,6,2.0,3.859335696380678,November-December 2022
11,Random Forest,2022-11-25T13:00:00+00:00,32,6,-4.0,4.052851530783636,November-December 2022
11,Random Forest,2022-11-25T07:00:00+00:00,59,6,-2.9,1.521173398814508,November-December 2022
11,Random Forest,2022-11-25T08:00:00+00:00,59,6,0.8,1.691863790443758,November-December 2022
11,Random Forest,2022-11-25T09:00:00+00:00,59,6,3.9,2.3221063688607173,November-December 2022
11,Random Forest,2022-11-25T10:00:00+00:00,59,6,-0.3,1.7696621722382448,November-December 2022
11,Random Forest,2022-11-25T11:00:00+00:00,59,6,1.8,1.8468583478019749,November-December 2022
11,Random Forest,2022-11-25T12:00:00+00:00,59,6,2.0,3.0501760929291573,November-December 2022
11,Random Forest,2022-11-25T12:00:00+00:00,1069,3,-1.0,2.281422595934205,November-December 2022
11,Random Forest,2022-11-25T13:00:00+00:00,1069,3,0.0,4.368803036346877,November-December 2022
11,Random Forest,2022-11-25T14:00:00+00:00,1069,3,0.0,4.891671432548514,November-December 2022
11,Random Forest,2022-11-26T19:00:00+00:00,32,6,8.0,2.6028046086232117,November-December 2022
11,Random Forest,2022-11-26T20:00:00+00:00,32,6,1.0,2.84036899766959,November-December 2022
11,Random Forest,2022-11-26T21:00:00+00:00,32,6,-1.0,2.831168700329168,November-December 2022
11,Random Forest,2022-11-26T22:00:00+00:00,32,6,1.0,2.7528361153289067,November-December 2022
11,Random Forest,2022-11-26T23:00:00+00:00,32,6,3.0,2.5773695641846293,November-December 2022
11,Random Forest,2022-11-27T00:00:00+00:00,32,6,-3.0,2.3721079384638992,November-December 2022
11,Random Forest,2022-11-26T16:00:00+00:00,59,3,-1.1,2.384947778102563,November-December 2022
11,Random Forest,2022-11-26T17:00:00+00:00,59,3,-2.1,2.300287238641631,November-December 2022
11,Random Forest,2022-11-26T18:00:00+00:00,59,3,0.9,2.475806294816532,November-December 2022
11,Random Forest,2022-11-27T01:00:00+00:00,1069,1,-3.0,3.370151629040409,November-December 2022
11,Random Forest,2022-11-27T10:00:00+00:00,32,6,2.0,5.817764438747558,November-December 2022
11,Random Forest,2022-11-27T11:00:00+00:00,32,6,4.0,6.759415860473082,November-December 2022
11,Random Forest,2022-11-27T12:00:00+00:00,32,6,4.0,8.072357497342175,November-December 2022
11,Random Forest,2022-11-27T13:00:00+00:00,32,6,-2.0,8.419357664868059,November-December 2022
11,Random Forest,2022-11-27T14:00:00+00:00,32,6,-2.0,7.8262639178572755,November-December 2022
11,Random Forest,2022-11-27T15:00:00+00:00,32,6,5.0,7.266876879739799,November-December 2022
11,Random Forest,2022-11-27T13:00:00+00:00,59,1,-3.0,4.354153542556821,November-December 2022
11,Random Forest,2022-11-27T12:00:00+00:00,1069,3,8.0,6.3917311489719,November-December 2022
11,Random Forest,2022-11-27T13:00:00+00:00,1069,3,4.0,8.3230632251288,November-December 2022
11,Random Forest,2022-11-27T14:00:00+00:00,1069,3,21.0,7.739853680871638,November-December 2022
11,Random Forest,2022-11-29T02:00:00+00:00,32,3,8.0,4.168746317579994,November-December 2022
11,Random Forest,2022-11-29T03:00:00+00:00,32,3,5.0,6.345235936779181,November-December 2022
11,Random Forest,2022-11-29T04:00:00+00:00,32,3,1.0,5.855477853982472,November-December 2022
11,Random Forest,2022-11-29T01:00:00+00:00,59,3,2.1,3.674725801063835,November-December 2022
11,Random Forest,2022-11-29T02:00:00+00:00,59,3,1.8,4.401655548339599,November-December 2022
11,Random Forest,2022-11-29T03:00:00+00:00,59,3,2.2,5.707088801638406,November-December 2022
11,Random Forest,2022-11-28T13:00:00+00:00,1069,3,7.0,8.52223213133436,November-December 2022
11,Random Forest,2022-11-28T14:00:00+00:00,1069,3,24.0,10.447058096703982,November-December 2022
11,Random Forest,2022-11-28T15:00:00+00:00,1069,3,13.0,10.84621552480004,November-December 2022
11,Random Forest,2022-11-29T14:00:00+00:00,32,6,13.0,10.681379469461616,November-December 2022
11,Random Forest,2022-11-29T15:00:00+00:00,32,6,12.0,10.172397858751513,November-December 2022
11,Random Forest,2022-11-29T16:00:00+00:00,32,6,11.0,11.556317071743804,November-December 2022
11,Random Forest,2022-11-29T17:00:00+00:00,32,6,15.0,12.927137185075935,November-December 2022
11,Random Forest,2022-11-29T18:00:00+00:00,32,6,6.0,12.211455160178604,November-December 2022
11,Random Forest,2022-11-29T19:00:00+00:00,32,6,11.0,10.826801436698704,November-December 2022
11,Random Forest,2022-11-29T12:00:00+00:00,59,6,8.9,10.398124739830973,November-December 2022
11,Random Forest,2022-11-29T13:00:00+00:00,59,6,11.5,10.039991493199178,November-December 2022
11,Random Forest,2022-11-29T14:00:00+00:00,59,6,9.2,9.03241483573313,November-December 2022
11,Random Forest,2022-11-29T15:00:00+00:00,59,6,13.7,9.66357516550442,November-December 2022
11,Random Forest,2022-11-29T16:00:00+00:00,59,6,11.4,10.124109883239209,November-December 2022
11,Random Forest,2022-11-29T17:00:00+00:00,59,6,7.9,10.101466058156564,November-December 2022
11,Random Forest,2022-11-29T19:00:00+00:00,1069,6,11.0,12.213338825923554,November-December 2022
11,Random Forest,2022-11-29T20:00:00+00:00,1069,6,9.0,9.95955104489663,November-December 2022
11,Random Forest,2022-11-29T21:00:00+00:00,1069,6,12.0,9.248697466327751,November-December 2022
11,Random Forest,2022-11-29T22:00:00+00:00,1069,6,9.0,9.258270919065271,November-December 2022
11,Random Forest,2022-11-29T23:00:00+00:00,1069,6,7.0,7.783770022896862,November-December 2022
11,Random Forest,2022-11-30T00:00:00+00:00,1069,6,9.0,8.329035038097615,November-December 2022
11,Random Forest,2022-11-30T16:00:00+00:00,32,6,3.0,4.140314831587907,November-December 2022
11,Random Forest,2022-11-30T17:00:00+00:00,32,6,4.0,3.554633702811595,November-December 2022
11,Random Forest,2022-11-30T18:00:00+00:00,32,6,4.0,3.542361957200304,November-December 2022
11,Random Forest,2022-11-30T19:00:00+00:00,32,6,0.0,2.959321789404915,November-December 2022
11,Random Forest,2022-11-30T20:00:00+00:00,32,6,5.0,2.6558037516083166,November-December 2022
11,Random Forest,2022-11-30T21:00:00+00:00,32,6,1.0,2.499965293823845,November-December 2022
11,Random Forest,2022-11-30T08:00:00+00:00,59,1,3.2,4.693887702403671,November-December 2022
11,Random Forest,2022-11-30T15:00:00+00:00,1069,3,8.0,2.573217700495987,November-December 2022
11,Random Forest,2022-11-30T16:00:00+00:00,1069,3,6.0,4.35905109273595,November-December 2022
11,Random Forest,2022-11-30T17:00:00+00:00,1069,3,4.0,4.959576904277895,November-December 2022
11,Random Forest,2022-12-01T11:00:00+00:00,32,6,3.0,3.9054120361082623,November-December 2022
11,Random Forest,2022-12-01T12:00:00+00:00,32,6,6.0,3.549929695206991,November-December 2022
11,Random Forest,2022-12-01T13:00:00+00:00,32,6,2.0,4.045299730069049,November-December 2022
11,Random Forest,2022-12-01T14:00:00+00:00,32,6,1.0,4.086763824842456,November-December 2022
11,Random Forest,2022-12-01T15:00:00+00:00,32,6,4.0,4.553941136741592,November-December 2022
11,Random Forest,2022-12-01T16:00:00+00:00,32,6,4.0,5.202310623031222,November-December 2022
11,Random Forest,2022-12-02T01:00:00+00:00,59,1,5.5,5.919664141886736,November-December 2022
11,Random Forest,2022-12-01T23:00:00+00:00,1069,1,8.0,4.0828078105034376,November-December 2022
11,Random Forest,2022-12-02T19:00:00+00:00,32,1,5.0,7.273081491684893,November-December 2022
11,Random Forest,2022-12-02T21:00:00+00:00,59,1,4.9,5.103251929368968,November-December 2022
11,Random Forest,2022-12-02T18:00:00+00:00,1069,6,10.0,9.240681084182636,November-December 2022
11,Random Forest,2022-12-02T19:00:00+00:00,1069,6,9.0,6.972147038946142,November-December 2022
11,Random Forest,2022-12-02T20:00:00+00:00,1069,6,7.0,6.992439675434395,November-December 2022
11,Random Forest,2022-12-02T21:00:00+00:00,1069,6,8.0,5.613175643626715,November-December 2022
11,Random Forest,2022-12-02T22:00:00+00:00,1069,6,6.0,4.394063258850246,November-December 2022
11,Random Forest,2022-12-02T23:00:00+00:00,1069,6,5.0,4.303754648630132,November-December 2022
11,Random Forest,2022-12-03T20:00:00+00:00,32,6,7.0,5.340478976473023,November-December 2022
11,Random Forest,2022-12-03T21:00:00+00:00,32,6,4.0,5.294535289770571,November-December 2022
11,Random Forest,2022-12-03T22:00:00+00:00,32,6,5.0,5.016956602247531,November-December 2022
11,Random Forest,2022-12-03T23:00:00+00:00,32,6,6.0,4.855599612886417,November-December 2022
11,Random Forest,2022-12-04T00:00:00+00:00,32,6,3.0,4.714413242479834,November-December 2022
11,Random Forest,2022-12-04T01:00:00+00:00,32,6,3.0,3.868063509967473,November-December 2022
11,Random Forest,2022-12-04T01:00:00+00:00,59,3,5.2,3.661289954131693,November-December 2022
11,Random Forest,2022-12-04T02:00:00+00:00,59,3,4.7,3.55399038167334,November-December 2022
11,Random Forest,2022-12-04T03:00:00+00:00,59,3,6.3,3.688517075166117,November-December 2022
11,Random Forest,2022-12-03T09:00:00+00:00,1069,3,4.0,4.808266481246773,November-December 2022
11,Random Forest,2022-12-03T10:00:00+00:00,1069,3,3.0,5.626256748015669,November-December 2022
11,Random Forest,2022-12-03T11:00:00+00:00,1069,3,1.0,6.562498062595897,November-December 2022
11,Random Forest,2022-12-04T19:00:00+00:00,32,3,5.0,6.711619501730587,November-December 2022
11,Random Forest,2022-12-04T20:00:00+00:00,32,3,7.0,6.508562583784682,November-December 2022
11,Random Forest,2022-12-04T21:00:00+00:00,32,3,4.0,7.97752348962114,November-December 2022
11,Random Forest,2022-12-04T10:00:00+00:00,59,1,3.4,4.472347004811904,November-December 2022
11,Random Forest,2022-12-04T15:00:00+00:00,1069,3,8.0,5.361996276974529,November-December 2022
11,Random Forest,2022-12-04T16:00:00+00:00,1069,3,5.0,5.420981841785127,November-December 2022
11,Random Forest,2022-12-04T17:00:00+00:00,1069,3,6.0,6.7072580518952325,November-December 2022
11,Random Forest,2022-12-05T22:00:00+00:00,32,3,5.0,6.055405606543452,November-December 2022
11,Random Forest,2022-12-05T23:00:00+00:00,32,3,4.0,5.019304048077595,November-December 2022
11,Random Forest,2022-12-06T00:00:00+00:00,32,3,9.0,4.119001909106739,November-December 2022
11,Random Forest,2022-12-05T23:00:00+00:00,59,6,6.9,4.5542445260576025,November-December 2022
11,Random Forest,2022-12-06T00:00:00+00:00,59,6,4.4,4.422574827775277,November-December 2022
11,Random Forest,2022-12-06T01:00:00+00:00,59,6,3.5,4.471355088359131,November-December 2022
11,Random Forest,2022-12-06T02:00:00+00:00,59,6,6.6,3.505208581171503,November-December 2022
11,Random Forest,2022-12-06T03:00:00+00:00,59,6,4.2,3.3115816111865173,November-December 2022
11,Random Forest,2022-12-06T04:00:00+00:00,59,6,4.5,4.122396428809947,November-December 2022
11,Random Forest,2022-12-05T23:00:00+00:00,1069,1,6.0,5.480591635097731,November-December 2022
11,Random Forest,2022-12-06T07:00:00+00:00,32,3,4.0,5.201103539560632,November-December 2022
11,Random Forest,2022-12-06T08:00:00+00:00,32,3,6.0,7.107350586126377,November-December 2022
11,Random Forest,2022-12-06T09:00:00+00:00,32,3,5.0,7.519587233763765,November-December 2022
11,Random Forest,2022-12-06T14:00:00+00:00,59,1,4.0,8.287220568279201,November-December 2022
11,Random Forest,2022-12-06T09:00:00+00:00,1069,3,11.0,7.694021596503068,November-December 2022
11,Random Forest,2022-12-06T10:00:00+00:00,1069,3,10.0,9.063723545978656,November-December 2022
11,Random Forest,2022-12-06T11:00:00+00:00,1069,3,9.0,7.854842960331299,November-December 2022
11,Random Forest,2022-12-08T02:00:00+00:00,32,3,9.0,8.573372808282917,November-December 2022
11,Random Forest,2022-12-08T03:00:00+00:00,32,3,5.0,7.516127975872325,November-December 2022
11,Random Forest,2022-12-08T04:00:00+00:00,32,3,6.0,8.127241525833103,November-December 2022
11,Random Forest,2022-12-07T10:00:00+00:00,59,1,12.3,8.591955106551104,November-December 2022
11,Random Forest,2022-12-07T11:00:00+00:00,1069,6,9.0,11.11975954959608,November-December 2022
11,Random Forest,2022-12-07T12:00:00+00:00,1069,6,12.0,11.228035645707257,November-December 2022
11,Random Forest,2022-12-07T13:00:00+00:00,1069,6,12.0,12.769066704739377,November-December 2022
11,Random Forest,2022-12-07T14:00:00+00:00,1069,6,12.0,12.785364279419344,November-December 2022
11,Random Forest,2022-12-07T15:00:00+00:00,1069,6,17.0,14.42359987985555,November-December 2022
11,Random Forest,2022-12-07T16:00:00+00:00,1069,6,15.0,14.12309275447528,November-December 2022
11,Random Forest,2022-12-08T08:00:00+00:00,32,6,10.0,7.489647590136305,November-December 2022
11,Random Forest,2022-12-08T09:00:00+00:00,32,6,11.0,8.54599305816551,November-December 2022
11,Random Forest,2022-12-08T10:00:00+00:00,32,6,12.0,8.801880773934139,November-December 2022
11,Random Forest,2022-12-08T11:00:00+00:00,32,6,14.0,8.41011086693409,November-December 2022
11,Random Forest,2022-12-08T12:00:00+00:00,32,6,14.0,10.3940611924643,November-December 2022
11,Random Forest,2022-12-08T13:00:00+00:00,32,6,12.0,11.191316204031402,November-December 2022
11,Random Forest,2022-12-08T08:00:00+00:00,59,6,6.7,7.199677927396067,November-December 2022
11,Random Forest,2022-12-08T09:00:00+00:00,59,6,8.7,7.093829719117224,November-December 2022
11,Random Forest,2022-12-08T10:00:00+00:00,59,6,6.9,7.687500050003218,November-December 2022
11,Random Forest,2022-12-08T11:00:00+00:00,59,6,9.1,7.6365009761560545,November-December 2022
11,Random Forest,2022-12-08T12:00:00+00:00,59,6,5.7,9.418626966947254,November-December 2022
11,Random Forest,2022-12-08T13:00:00+00:00,59,6,10.8,10.594543637234006,November-December 2022
11,Random Forest,2022-12-09T00:00:00+00:00,1069,3,14.0,15.52149605429293,November-December 2022
11,Random Forest,2022-12-09T01:00:00+00:00,1069,3,13.0,13.69151659684242,November-December 2022
11,Random Forest,2022-12-09T02:00:00+00:00,1069,3,11.0,13.139857860099337,November-December 2022
11,Random Forest,2022-12-09T19:00:00+00:00,32,3,18.0,16.70751653948784,November-December 2022
11,Random Forest,2022-12-09T20:00:00+00:00,32,3,19.0,16.36436332070708,November-December 2022
11,Random Forest,2022-12-09T21:00:00+00:00,32,3,17.0,15.925841203934954,November-December 2022
11,Random Forest,2022-12-09T10:00:00+00:00,59,1,13.3,9.559230413094156,November-December 2022
11,Random Forest,2022-12-09T17:00:00+00:00,1069,1,17.0,14.93713336288766,November-December 2022
11,Random Forest,2022-12-10T08:00:00+00:00,32,3,7.0,4.638734422841763,November-December 2022
11,Random Forest,2022-12-10T09:00:00+00:00,32,3,5.0,4.360756409318453,November-December 2022
11,Random Forest,2022-12-10T10:00:00+00:00,32,3,6.0,4.620722244211511,November-December 2022
11,Random Forest,2022-12-10T20:00:00+00:00,59,1,2.2,3.865898019092527,November-December 2022
11,Random Forest,2022-12-10T11:00:00+00:00,1069,3,3.0,4.343483578509165,November-December 2022
11,Random Forest,2022-12-10T12:00:00+00:00,1069,3,7.0,4.206629629664031,November-December 2022
11,Random Forest,2022-12-10T13:00:00+00:00,1069,3,5.0,5.335643029045707,November-December 2022
11,Random Forest,2022-12-11T07:00:00+00:00,32,1,8.0,4.911556253309104,November-December 2022
11,Random Forest,2022-12-11T09:00:00+00:00,59,3,-1.2,3.4789463007638632,November-December 2022
11,Random Forest,2022-12-11T10:00:00+00:00,59,3,1.6,2.782288904354785,November-December 2022
11,Random Forest,2022-12-11T11:00:00+00:00,59,3,4.4,2.3043480405777657,November-December 2022
11,Random Forest,2022-12-11T16:00:00+00:00,1069,6,5.0,4.249897908135599,November-December 2022
11,Random Forest,2022-12-11T17:00:00+00:00,1069,6,5.0,5.418893333381655,November-December 2022
11,Random Forest,2022-12-11T18:00:00+00:00,1069,6,7.0,5.625528822834573,November-December 2022
11,Random Forest,2022-12-11T19:00:00+00:00,1069,6,6.0,4.930784163470226,November-December 2022
11,Random Forest,2022-12-11T20:00:00+00:00,1069,6,5.0,4.947706340339916,November-December 2022
11,Random Forest,2022-12-11T21:00:00+00:00,1069,6,3.0,4.272347726461149,November-December 2022
11,Random Forest,2022-12-12T21:00:00+00:00,32,1,9.0,10.910464738236648,November-December 2022
11,Random Forest,2022-12-12T14:00:00+00:00,59,1,10.0,9.631508312178084,November-December 2022
11,Random Forest,2022-12-12T19:00:00+00:00,1069,3,15.0,11.269643904920644,November-December 2022
11,Random Forest,2022-12-12T20:00:00+00:00,1069,3,14.0,10.811184918731067,November-December 2022
11,Random Forest,2022-12-12T21:00:00+00:00,1069,3,11.0,11.800712939326369,November-December 2022
11,Random Forest,2022-12-13T14:00:00+00:00,32,1,9.0,7.890210936299025,November-December 2022
11,Random Forest,2022-12-13T09:00:00+00:00,59,1,8.5,7.466817998911241,November-December 2022
11,Random Forest,2022-12-13T13:00:00+00:00,1069,1,8.0,7.437095164103252,November-December 2022
11,Random Forest,2022-12-14T13:00:00+00:00,32,6,0.0,1.3446061952683468,November-December 2022
11,Random Forest,2022-12-14T14:00:00+00:00,32,6,2.0,2.0730362222207086,November-December 2022
11,Random Forest,2022-12-14T15:00:00+00:00,32,6,1.0,4.1232704044919934,November-December 2022
11,Random Forest,2022-12-14T16:00:00+00:00,32,6,6.0,4.441822730264896,November-December 2022
11,Random Forest,2022-12-14T17:00:00+00:00,32,6,4.0,4.2488567605674366,November-December 2022
11,Random Forest,2022-12-14T18:00:00+00:00,32,6,1.0,2.7327966051471657,November-December 2022
11,Random Forest,2022-12-15T03:00:00+00:00,59,1,2.7,1.1330459135684694,November-December 2022
11,Random Forest,2022-12-14T09:00:00+00:00,1069,3,3.0,2.103246363558025,November-December 2022
11,Random Forest,2022-12-14T10:00:00+00:00,1069,3,3.0,3.6792307795824017,November-December 2022
11,Random Forest,2022-12-14T11:00:00+00:00,1069,3,1.0,4.139816032750182,November-December 2022
11,Random Forest,2022-12-15T08:00:00+00:00,32,1,5.0,3.769656554018095,November-December 2022
11,Random Forest,2022-12-15T16:00:00+00:00,59,6,4.4,5.624136498292978,November-December 2022
11,Random Forest,2022-12-15T17:00:00+00:00,59,6,6.9,4.962863445643625,November-December 2022
11,Random Forest,2022-12-15T18:00:00+00:00,59,6,2.2,4.278670566204371,November-December 2022
11,Random Forest,2022-12-15T19:00:00+00:00,59,6,6.1,2.7787501723064545,November-December 2022
11,Random Forest,2022-12-15T20:00:00+00:00,59,6,3.2,3.2622376680739045,November-December 2022
11,Random Forest,2022-12-15T21:00:00+00:00,59,6,1.5,2.7984562550070384,November-December 2022
11,Random Forest,2022-12-15T23:00:00+00:00,1069,6,-4.0,2.8094713611321387,November-December 2022
11,Random Forest,2022-12-16T00:00:00+00:00,1069,6,1.0,3.137493999730952,November-December 2022
11,Random Forest,2022-12-16T01:00:00+00:00,1069,6,3.0,2.866486999959596,November-December 2022
11,Random Forest,2022-12-16T02:00:00+00:00,1069,6,6.0,6.257545907640777,November-December 2022
11,Random Forest,2022-12-16T03:00:00+00:00,1069,6,7.0,8.155394460897126,November-December 2022
11,Random Forest,2022-12-16T04:00:00+00:00,1069,6,10.0,8.214975732002895,November-December 2022
11,Random Forest,2022-12-17T01:00:00+00:00,32,3,3.0,2.9753097445925656,November-December 2022
11,Random Forest,2022-12-17T02:00:00+00:00,32,3,3.0,3.081332792545268,November-December 2022
11,Random Forest,2022-12-17T03:00:00+00:00,32,3,3.0,2.7774831715856765,November-December 2022
11,Random Forest,2022-12-16T21:00:00+00:00,59,3,7.3,2.748516480217856,November-December 2022
11,Random Forest,2022-12-16T22:00:00+00:00,59,3,-1.5,1.4276257090095512,November-December 2022
11,Random Forest,2022-12-16T23:00:00+00:00,59,3,-2.4,1.64454854905798,November-December 2022
11,Random Forest,2022-12-16T08:00:00+00:00,1069,6,7.0,4.657047618222102,November-December 2022
11,Random Forest,2022-12-16T09:00:00+00:00,1069,6,10.0,4.603560695498811,November-December 2022
11,Random Forest,2022-12-16T10:00:00+00:00,1069,6,9.0,5.0797552736454445,November-December 2022
11,Random Forest,2022-12-16T11:00:00+00:00,1069,6,10.0,4.7799804709790426,November-December 2022
11,Random Forest,2022-12-16T12:00:00+00:00,1069,6,12.0,6.410794911290876,November-December 2022
11,Random Forest,2022-12-16T13:00:00+00:00,1069,6,7.0,6.7112506573804485,November-December 2022
11,Random Forest,2022-12-17T20:00:00+00:00,32,6,-1.0,5.192893523009804,November-December 2022
11,Random Forest,2022-12-17T21:00:00+00:00,32,6,0.0,2.873079377759628,November-December 2022
11,Random Forest,2022-12-17T22:00:00+00:00,32,6,4.0,3.7247433719473584,November-December 2022
11,Random Forest,2022-12-17T23:00:00+00:00,32,6,1.0,5.899446581568284,November-December 2022
11,Random Forest,2022-12-18T00:00:00+00:00,32,6,3.0,9.266805435598808,November-December 2022
11,Random Forest,2022-12-18T01:00:00+00:00,32,6,16.0,13.202506284548337,November-December 2022
11,Random Forest,2022-12-17T18:00:00+00:00,59,6,-0.8,4.043429463890474,November-December 2022
11,Random Forest,2022-12-17T19:00:00+00:00,59,6,0.8,5.135421266885086,November-December 2022
11,Random Forest,2022-12-17T20:00:00+00:00,59,6,0.8,4.207877387364837,November-December 2022
11,Random Forest,2022-12-17T21:00:00+00:00,59,6,2.7,2.119574835172146,November-December 2022
11,Random Forest,2022-12-17T22:00:00+00:00,59,6,3.0,3.0140882657210613,November-December 2022
11,Random Forest,2022-12-17T23:00:00+00:00,59,6,-2.0,3.407597275312906,November-December 2022
11,Random Forest,2022-12-17T09:00:00+00:00,1069,3,2.0,2.6800700980217065,November-December 2022
11,Random Forest,2022-12-17T10:00:00+00:00,1069,3,2.0,3.6270863145460943,November-December 2022
11,Random Forest,2022-12-17T11:00:00+00:00,1069,3,4.0,3.915958795828772,November-December 2022
11,Random Forest,2022-12-18T14:00:00+00:00,32,6,7.0,6.271101658970628,November-December 2022
11,Random Forest,2022-12-18T15:00:00+00:00,32,6,9.0,6.767701254662329,November-December 2022
11,Random Forest,2022-12-18T16:00:00+00:00,32,6,8.0,7.04332080517582,November-December 2022
11,Random Forest,2022-12-18T17:00:00+00:00,32,6,5.0,6.093164256379042,November-December 2022
11,Random Forest,2022-12-18T18:00:00+00:00,32,6,6.0,4.396699670567317,November-December 2022
11,Random Forest,2022-12-18T19:00:00+00:00,32,6,9.0,2.9316463043882184,November-December 2022
11,Random Forest,2022-12-18T07:00:00+00:00,59,6,9.0,11.74462103521478,November-December 2022
11,Random Forest,2022-12-18T08:00:00+00:00,59,6,6.5,11.059506224262549,November-December 2022
11,Random Forest,2022-12-18T09:00:00+00:00,59,6,7.5,8.498228831070287,November-December 2022
11,Random Forest,2022-12-18T10:00:00+00:00,59,6,4.7,6.390013074545415,November-December 2022
11,Random Forest,2022-12-18T11:00:00+00:00,59,6,7.7,6.381575078510648,November-December 2022
11,Random Forest,2022-12-18T12:00:00+00:00,59,6,4.8,5.60731810502394,November-December 2022
11,Random Forest,2022-12-18T23:00:00+00:00,1069,3,1.0,1.7963310725655233,November-December 2022
11,Random Forest,2022-12-19T00:00:00+00:00,1069,3,-1.0,1.7617570978783423,November-December 2022
11,Random Forest,2022-12-19T01:00:00+00:00,1069,3,3.0,2.296760253203902,November-December 2022
11,Random Forest,2022-12-19T21:00:00+00:00,32,3,8.0,4.761640868811649,November-December 2022
11,Random Forest,2022-12-19T22:00:00+00:00,32,3,7.0,4.517562405142815,November-December 2022
11,Random Forest,2022-12-19T23:00:00+00:00,32,3,7.0,3.34505279076384,November-December 2022
11,Random Forest,2022-12-19T23:00:00+00:00,59,3,2.9,3.315919195671807,November-December 2022
11,Random Forest,2022-12-20T00:00:00+00:00,59,3,2.5,2.943123445114705,November-December 2022
11,Random Forest,2022-12-20T01:00:00+00:00,59,3,-0.2,2.568583671231944,November-December 2022
11,Random Forest,2022-12-19T19:00:00+00:00,1069,6,8.0,4.1828450083224,November-December 2022
11,Random Forest,2022-12-19T20:00:00+00:00,1069,6,4.0,4.068118330042693,November-December 2022
11,Random Forest,2022-12-19T21:00:00+00:00,1069,6,5.0,4.5349804058844505,November-December 2022
11,Random Forest,2022-12-19T22:00:00+00:00,1069,6,5.0,4.010876352085864,November-December 2022
11,Random Forest,2022-12-19T23:00:00+00:00,1069,6,6.0,3.1996593596390537,November-December 2022
11,Random Forest,2022-12-20T00:00:00+00:00,1069,6,9.0,3.1300679046029787,November-December 2022
11,Random Forest,2022-12-20T12:00:00+00:00,32,3,0.0,3.916888927471173,November-December 2022
11,Random Forest,2022-12-20T13:00:00+00:00,32,3,0.0,3.1941058240664457,November-December 2022
11,Random Forest,2022-12-20T14:00:00+00:00,32,3,-2.0,3.573903961973825,November-December 2022
11,Random Forest,2022-12-21T00:00:00+00:00,59,1,6.2,3.348512456330446,November-December 2022
11,Random Forest,2022-12-20T11:00:00+00:00,1069,3,3.0,2.740028868537976,November-December 2022
11,Random Forest,2022-12-20T12:00:00+00:00,1069,3,5.0,4.689331805530243,November-December 2022
11,Random Forest,2022-12-20T13:00:00+00:00,1069,3,2.0,4.148976946831357,November-December 2022
11,Random Forest,2022-12-21T10:00:00+00:00,32,1,13.0,10.695764634872132,November-December 2022
11,Random Forest,2022-12-21T15:00:00+00:00,59,1,10.5,11.630196943739616,November-December 2022
11,Random Forest,2022-12-21T17:00:00+00:00,1069,1,21.0,14.385910637959702,November-December 2022
11,Random Forest,2022-12-22T12:00:00+00:00,32,3,15.0,12.120737823451345,November-December 2022
11,Random Forest,2022-12-22T13:00:00+00:00,32,3,16.0,10.015205030480487,November-December 2022
11,Random Forest,2022-12-22T14:00:00+00:00,32,3,11.0,10.163798053240871,November-December 2022
11,Random Forest,2022-12-22T19:00:00+00:00,59,3,10.1,8.11018836565728,November-December 2022
11,Random Forest,2022-12-22T20:00:00+00:00,59,3,15.9,8.050183259105829,November-December 2022
11,Random Forest,2022-12-22T21:00:00+00:00,59,3,3.2,4.060081358796485,November-December 2022
11,Random Forest,2022-12-22T12:00:00+00:00,1069,6,15.0,13.706330882539405,November-December 2022
11,Random Forest,2022-12-22T13:00:00+00:00,1069,6,16.0,11.690062834474958,November-December 2022
11,Random Forest,2022-12-22T14:00:00+00:00,1069,6,17.0,10.434544084709136,November-December 2022
11,Random Forest,2022-12-22T15:00:00+00:00,1069,6,16.0,10.77036456084972,November-December 2022
11,Random Forest,2022-12-22T16:00:00+00:00,1069,6,22.0,9.275651634222331,November-December 2022
11,Random Forest,2022-12-22T17:00:00+00:00,1069,6,17.0,11.32042232881234,November-December 2022
11,Random Forest,2022-12-23T12:00:00+00:00,32,1,1.0,2.1774104710664544,November-December 2022
11,Random Forest,2022-12-23T17:00:00+00:00,59,6,3.0,2.6430118580694337,November-December 2022
11,Random Forest,2022-12-23T18:00:00+00:00,59,6,2.6,3.374090869854947,November-December 2022
11,Random Forest,2022-12-23T19:00:00+00:00,59,6,1.4,3.3665005192762565,November-December 2022
11,Random Forest,2022-12-23T20:00:00+00:00,59,6,3.2,2.5244893451675816,November-December 2022
11,Random Forest,2022-12-23T21:00:00+00:00,59,6,-0.9,1.777631378151218,November-December 2022
11,Random Forest,2022-12-23T22:00:00+00:00,59,6,2.3,1.518750703771614,November-December 2022
11,Random Forest,2022-12-23T14:00:00+00:00,1069,1,6.0,2.772149164848028,November-December 2022
11,Random Forest,2022-12-24T19:00:00+00:00,32,6,1.0,4.222606023113823,November-December 2022
11,Random Forest,2022-12-24T20:00:00+00:00,32,6,3.0,2.6342892791281614,November-December 2022
11,Random Forest,2022-12-24T21:00:00+00:00,32,6,5.0,3.640173662007826,November-December 2022
11,Random Forest,2022-12-24T22:00:00+00:00,32,6,6.0,5.652013443064638,November-December 2022
11,Random Forest,2022-12-24T23:00:00+00:00,32,6,9.0,12.043413444833671,November-December 2022
11,Random Forest,2022-12-25T00:00:00+00:00,32,6,12.0,16.935619780763822,November-December 2022
11,Random Forest,2022-12-24T12:00:00+00:00,59,3,0.7,2.281586512808197,November-December 2022
11,Random Forest,2022-12-24T13:00:00+00:00,59,3,-1.1,2.232992012656507,November-December 2022
11,Random Forest,2022-12-24T14:00:00+00:00,59,3,3.0,2.485366076229573,November-December 2022
11,Random Forest,2022-12-25T00:00:00+00:00,1069,1,-2.0,12.969730632215008,November-December 2022
11,Random Forest,2022-12-25T15:00:00+00:00,32,3,12.0,17.42813663419914,November-December 2022
11,Random Forest,2022-12-25T16:00:00+00:00,32,3,11.0,14.089348027917088,November-December 2022
11,Random Forest,2022-12-25T17:00:00+00:00,32,3,8.0,9.373904573538011,November-December 2022
11,Random Forest,2022-12-25T16:00:00+00:00,59,6,12.6,15.465637728386806,November-December 2022
11,Random Forest,2022-12-25T17:00:00+00:00,59,6,10.6,10.70124250790038,November-December 2022
11,Random Forest,2022-12-25T18:00:00+00:00,59,6,3.5,6.108526424317652,November-December 2022
11,Random Forest,2022-12-25T19:00:00+00:00,59,6,6.2,4.2655519136954485,November-December 2022
11,Random Forest,2022-12-25T20:00:00+00:00,59,6,2.4,3.4739263148585424,November-December 2022
11,Random Forest,2022-12-25T21:00:00+00:00,59,6,3.2,3.885436673798511,November-December 2022
11,Random Forest,2022-12-25T20:00:00+00:00,1069,3,3.0,4.987203843033326,November-December 2022
11,Random Forest,2022-12-25T21:00:00+00:00,1069,3,1.0,2.890063372189851,November-December 2022
11,Random Forest,2022-12-25T22:00:00+00:00,1069,3,4.0,3.3194301884208137,November-December 2022
11,Random Forest,2022-12-26T15:00:00+00:00,32,6,7.0,11.658075946472838,November-December 2022
11,Random Forest,2022-12-26T16:00:00+00:00,32,6,0.0,10.342046280685736,November-December 2022
11,Random Forest,2022-12-26T17:00:00+00:00,32,6,8.0,10.1676005793972,November-December 2022
11,Random Forest,2022-12-26T18:00:00+00:00,32,6,7.0,9.200707307647642,November-December 2022
11,Random Forest,2022-12-26T19:00:00+00:00,32,6,7.0,6.914917959335471,November-December 2022
11,Random Forest,2022-12-26T20:00:00+00:00,32,6,4.0,5.311353375009835,November-December 2022
11,Random Forest,2022-12-26T12:00:00+00:00,59,3,3.8,12.465678458694082,November-December 2022
11,Random Forest,2022-12-26T13:00:00+00:00,59,3,1.8,9.722633449875628,November-December 2022
11,Random Forest,2022-12-26T14:00:00+00:00,59,3,8.5,10.421945411999056,November-December 2022
11,Random Forest,2022-12-27T04:00:00+00:00,1069,1,8.0,5.371795182136474,November-December 2022
11,Random Forest,2022-12-27T09:00:00+00:00,32,1,3.0,3.31188041374336,November-December 2022
11,Random Forest,2022-12-27T13:00:00+00:00,59,3,2.0,3.556168695176017,November-December 2022
11,Random Forest,2022-12-27T14:00:00+00:00,59,3,9.7,4.814058266753283,November-December 2022
11,Random Forest,2022-12-27T15:00:00+00:00,59,3,0.9,6.1568798535185305,November-December 2022
11,Random Forest,2022-12-27T19:00:00+00:00,1069,1,5.0,5.686622729692667,November-December 2022
11,Random Forest,2022-12-28T07:00:00+00:00,32,6,2.0,3.5394626337128736,November-December 2022
11,Random Forest,2022-12-28T08:00:00+00:00,32,6,4.0,4.688880878222679,November-December 2022
11,Random Forest,2022-12-28T09:00:00+00:00,32,6,6.0,5.618172654513499,November-December 2022
11,Random Forest,2022-12-28T10:00:00+00:00,32,6,5.0,5.773794445424801,November-December 2022
11,Random Forest,2022-12-28T11:00:00+00:00,32,6,4.0,6.264441482768873,November-December 2022
11,Random Forest,2022-12-28T12:00:00+00:00,32,6,4.0,8.362419826148539,November-December 2022
11,Random Forest,2022-12-28T10:00:00+00:00,59,3,1.2,5.003729254176722,November-December 2022
11,Random Forest,2022-12-28T11:00:00+00:00,59,3,3.4,5.145111736436344,November-December 2022
11,Random Forest,2022-12-28T12:00:00+00:00,59,3,3.3,6.202820717251614,November-December 2022
11,Random Forest,2022-12-28T22:00:00+00:00,1069,3,4.0,4.122444063539643,November-December 2022
11,Random Forest,2022-12-28T23:00:00+00:00,1069,3,1.0,3.3493319928505243,November-December 2022
11,Random Forest,2022-12-29T00:00:00+00:00,1069,3,1.0,3.311464900104649,November-December 2022
11,Random Forest,2022-12-29T20:00:00+00:00,32,6,13.0,14.344556769374297,November-December 2022
11,Random Forest,2022-12-29T21:00:00+00:00,32,6,11.0,11.870417712423803,November-December 2022
11,Random Forest,2022-12-29T22:00:00+00:00,32,6,9.0,8.837435066364929,November-December 2022
11,Random Forest,2022-12-29T23:00:00+00:00,32,6,11.0,7.873382075921005,November-December 2022
11,Random Forest,2022-12-30T00:00:00+00:00,32,6,4.0,6.1858417733158415,November-December 2022
11,Random Forest,2022-12-30T01:00:00+00:00,32,6,2.0,5.495527098790326,November-December 2022
11,Random Forest,2022-12-29T21:00:00+00:00,59,1,13.5,11.8907728190175,November-December 2022
11,Random Forest,2022-12-30T01:00:00+00:00,1069,3,10.0,6.003908149867675,November-December 2022
11,Random Forest,2022-12-30T02:00:00+00:00,1069,3,10.0,4.455240580243257,November-December 2022
11,Random Forest,2022-12-30T03:00:00+00:00,1069,3,9.0,5.194755460289258,November-December 2022
11,Random Forest,2022-12-30T19:00:00+00:00,32,6,5.0,4.906989440869158,November-December 2022
11,Random Forest,2022-12-30T20:00:00+00:00,32,6,-1.0,5.243041869656099,November-December 2022
11,Random Forest,2022-12-30T21:00:00+00:00,32,6,-1.0,5.250225182470401,November-December 2022
11,Random Forest,2022-12-30T22:00:00+00:00,32,6,1.0,5.167896482873373,November-December 2022
11,Random Forest,2022-12-30T23:00:00+00:00,32,6,4.0,4.363089603883504,November-December 2022
11,Random Forest,2022-12-31T00:00:00+00:00,32,6,2.0,4.032605065487851,November-December 2022
11,Random Forest,2022-12-30T13:00:00+00:00,59,1,4.3,4.120553912768388,November-December 2022
11,Random Forest,2022-12-30T19:00:00+00:00,1069,3,3.0,3.674650823949956,November-December 2022
11,Random Forest,2022-12-30T20:00:00+00:00,1069,3,4.0,4.646662661751941,November-December 2022
11,Random Forest,2022-12-30T21:00:00+00:00,1069,3,1.0,5.191814496322009,November-December 2022
11,Random Forest,2022-12-31T12:00:00+00:00,32,6,3.0,8.949821945819625,November-December 2022
11,Random Forest,2022-12-31T13:00:00+00:00,32,6,1.0,9.60401092146478,November-December 2022
11,Random Forest,2022-12-31T14:00:00+00:00,32,6,0.0,8.270982880418734,November-December 2022
11,Random Forest,2022-12-31T15:00:00+00:00,32,6,10.0,9.367344703017098,November-December 2022
11,Random Forest,2022-12-31T16:00:00+00:00,32,6,6.0,6.807744737531438,November-December 2022
11,Random Forest,2022-12-31T17:00:00+00:00,32,6,4.0,7.585353270198839,November-December 2022
11,Random Forest,2022-12-31T21:00:00+00:00,59,3,3.5,3.802291684934495,November-December 2022
11,Random Forest,2022-12-31T22:00:00+00:00,59,3,0.4,4.519371151409692,November-December 2022
11,Random Forest,2022-12-31T23:00:00+00:00,59,3,-0.7,6.4223619931565255,November-December 2022
11,Random Forest,2022-12-31T15:00:00+00:00,1069,1,19.0,8.492404517535993,November-December 2022
22,Random Forest,2022-11-01T18:00:00+00:00,32,6,2.0,7.325025605905151,November-December 2022
22,Random Forest,2022-11-01T19:00:00+00:00,32,6,8.0,5.315883921178026,November-December 2022
22,Random Forest,2022-11-01T20:00:00+00:00,32,6,11.0,2.625361278788998,November-December 2022
22,Random Forest,2022-11-01T21:00:00+00:00,32,6,2.0,2.5388789489789265,November-December 2022
22,Random Forest,2022-11-01T22:00:00+00:00,32,6,3.0,2.933654978544666,November-December 2022
22,Random Forest,2022-11-01T23:00:00+00:00,32,6,2.0,2.002540670517086,November-December 2022
22,Random Forest,2022-11-01T10:00:00+00:00,59,3,8.5,5.536064492317836,November-December 2022
22,Random Forest,2022-11-01T11:00:00+00:00,59,3,3.6,5.932270941302416,November-December 2022
22,Random Forest,2022-11-01T12:00:00+00:00,59,3,2.6,5.284398036410428,November-December 2022
22,Random Forest,2022-11-01T08:00:00+00:00,1069,6,6.0,4.597454702397943,November-December 2022
22,Random Forest,2022-11-01T09:00:00+00:00,1069,6,9.0,5.284937105536061,November-December 2022
22,Random Forest,2022-11-01T10:00:00+00:00,1069,6,7.0,6.814489882650818,November-December 2022
22,Random Forest,2022-11-01T11:00:00+00:00,1069,6,11.0,7.423989480261905,November-December 2022
22,Random Forest,2022-11-01T12:00:00+00:00,1069,6,8.0,8.302983855822804,November-December 2022
22,Random Forest,2022-11-01T13:00:00+00:00,1069,6,5.0,9.754608746096531,November-December 2022
22,Random Forest,2022-11-02T21:00:00+00:00,32,1,15.0,7.4460577574157885,November-December 2022
22,Random Forest,2022-11-02T17:00:00+00:00,59,1,7.5,8.819580188250479,November-December 2022
22,Random Forest,2022-11-03T04:00:00+00:00,1069,1,14.0,14.99628036230518,November-December 2022
22,Random Forest,2022-11-04T01:00:00+00:00,32,1,3.0,2.839678463318549,November-December 2022
22,Random Forest,2022-11-04T01:00:00+00:00,59,1,4.5,2.564488569006877,November-December 2022
22,Random Forest,2022-11-03T07:00:00+00:00,1069,1,17.0,17.690080965909097,November-December 2022
22,Random Forest,2022-11-04T19:00:00+00:00,32,1,12.0,6.51988271056385,November-December 2022
22,Random Forest,2022-11-04T20:00:00+00:00,59,1,2.7,5.869234736903316,November-December 2022
22,Random Forest,2022-11-04T08:00:00+00:00,1069,3,2.0,4.168366875504875,November-December 2022
22,Random Forest,2022-11-04T09:00:00+00:00,1069,3,8.0,5.879271342987908,November-December 2022
22,Random Forest,2022-11-04T10:00:00+00:00,1069,3,6.0,6.131504896250673,November-December 2022
22,Random Forest,2022-11-05T16:00:00+00:00,32,3,7.0,5.760710313840968,November-December 2022
22,Random Forest,2022-11-05T17:00:00+00:00,32,3,7.0,4.259697927394691,November-December 2022
22,Random Forest,2022-11-05T18:00:00+00:00,32,3,3.0,4.603884085194078,November-December 2022
22,Random Forest,2022-11-05T12:00:00+00:00,59,6,0.1,2.956472619328628,November-December 2022
22,Random Forest,2022-11-05T13:00:00+00:00,59,6,0.3,3.162270928373596,November-December 2022
22,Random Forest,2022-11-05T14:00:00+00:00,59,6,0.0,4.183303498320741,November-December 2022
22,Random Forest,2022-11-05T15:00:00+00:00,59,6,7.1,3.869539866725239,November-December 2022
22,Random Forest,2022-11-05T16:00:00+00:00,59,6,3.2,4.127014716272402,November-December 2022
22,Random Forest,2022-11-05T17:00:00+00:00,59,6,3.8,3.285051156136119,November-December 2022
22,Random Forest,2022-11-05T11:00:00+00:00,1069,1,3.0,3.218693829363476,November-December 2022
22,Random Forest,2022-11-06T22:00:00+00:00,32,3,1.0,7.221010273480076,November-December 2022
22,Random Forest,2022-11-06T23:00:00+00:00,32,3,-5.0,4.497496060952527,November-December 2022
22,Random Forest,2022-11-07T00:00:00+00:00,32,3,3.0,7.24189038642114,November-December 2022
22,Random Forest,2022-11-06T15:00:00+00:00,59,3,6.0,9.364460667483588,November-December 2022
22,Random Forest,2022-11-06T16:00:00+00:00,59,3,10.2,10.433577517124553,November-December 2022
22,Random Forest,2022-11-06T17:00:00+00:00,59,3,7.9,11.182861056435538,November-December 2022
22,Random Forest,2022-11-06T09:00:00+00:00,1069,3,6.0,4.352769435178361,November-December 2022
22,Random Forest,2022-11-06T10:00:00+00:00,1069,3,15.0,5.466760676602398,November-December 2022
22,Random Forest,2022-11-06T11:00:00+00:00,1069,3,15.0,6.755267926510577,November-December 2022
22,Random Forest,2022-11-07T14:00:00+00:00,32,3,3.0,5.907587730164801,November-December 2022
22,Random Forest,2022-11-07T15:00:00+00:00,32,3,9.0,7.356506533514343,November-December 2022
22,Random Forest,2022-11-07T16:00:00+00:00,32,3,12.0,7.758178438838892,November-December 2022
22,Random Forest,2022-11-08T01:00:00+00:00,59,3,-0.7,1.414215993840075,November-December 2022
22,Random Forest,2022-11-08T02:00:00+00:00,59,3,3.5,2.2577443232002103,November-December 2022
22,Random Forest,2022-11-08T03:00:00+00:00,59,3,3.6,1.6947400277023583,November-December 2022
22,Random Forest,2022-11-07T15:00:00+00:00,1069,1,9.0,7.248578786172581,November-December 2022
22,Random Forest,2022-11-08T10:00:00+00:00,32,3,4.0,3.1526904084491134,November-December 2022
22,Random Forest,2022-11-08T11:00:00+00:00,32,3,0.0,3.823688955059852,November-December 2022
22,Random Forest,2022-11-08T12:00:00+00:00,32,3,7.0,4.501970054423273,November-December 2022
22,Random Forest,2022-11-08T08:00:00+00:00,59,3,4.0,2.775031651176739,November-December 2022
22,Random Forest,2022-11-08T09:00:00+00:00,59,3,0.8,2.929560404582336,November-December 2022
22,Random Forest,2022-11-08T10:00:00+00:00,59,3,2.6,2.94068412372857,November-December 2022
22,Random Forest,2022-11-08T19:00:00+00:00,1069,1,5.0,4.838385507112094,November-December 2022
22,Random Forest,2022-11-09T20:00:00+00:00,32,3,9.0,5.880312302288795,November-December 2022
22,Random Forest,2022-11-09T21:00:00+00:00,32,3,0.0,5.491316772698659,November-December 2022
22,Random Forest,2022-11-09T22:00:00+00:00,32,3,10.0,3.4206461750765085,November-December 2022
22,Random Forest,2022-11-09T14:00:00+00:00,59,6,7.4,5.335831233207461,November-December 2022
22,Random Forest,2022-11-09T15:00:00+00:00,59,6,7.9,6.0348040749533975,November-December 2022
22,Random Forest,2022-11-09T16:00:00+00:00,59,6,9.2,6.603824977511337,November-December 2022
22,Random Forest,2022-11-09T17:00:00+00:00,59,6,6.5,6.165032423562389,November-December 2022
22,Random Forest,2022-11-09T18:00:00+00:00,59,6,-0.5,5.219345104065454,November-December 2022
22,Random Forest,2022-11-09T19:00:00+00:00,59,6,6.7,5.491119572128536,November-December 2022
22,Random Forest,2022-11-09T21:00:00+00:00,1069,6,5.0,5.136442531603505,November-December 2022
22,Random Forest,2022-11-09T22:00:00+00:00,1069,6,1.0,4.088912038905645,November-December 2022
22,Random Forest,2022-11-09T23:00:00+00:00,1069,6,1.0,2.1955703427608784,November-December 2022
22,Random Forest,2022-11-10T00:00:00+00:00,1069,6,3.0,1.713148941101076,November-December 2022
22,Random Forest,2022-11-10T01:00:00+00:00,1069,6,4.0,1.864656674558416,November-December 2022
22,Random Forest,2022-11-10T02:00:00+00:00,1069,6,2.0,3.064692290664001,November-December 2022
22,Random Forest,2022-11-10T18:00:00+00:00,32,1,4.0,7.074074454682484,November-December 2022
22,Random Forest,2022-11-10T20:00:00+00:00,59,6,1.0,4.987252868188577,November-December 2022
22,Random Forest,2022-11-10T21:00:00+00:00,59,6,5.2,4.388704201093601,November-December 2022
22,Random Forest,2022-11-10T22:00:00+00:00,59,6,6.7,4.622859371831472,November-December 2022
22,Random Forest,2022-11-10T23:00:00+00:00,59,6,2.9,2.97261972214831,November-December 2022
22,Random Forest,2022-11-11T00:00:00+00:00,59,6,-1.0,2.629387576043596,November-December 2022
22,Random Forest,2022-11-11T01:00:00+00:00,59,6,6.4,3.440871244066316,November-December 2022
22,Random Forest,2022-11-10T19:00:00+00:00,1069,1,4.0,6.381138746303674,November-December 2022
22,Random Forest,2022-11-11T09:00:00+00:00,32,6,6.0,6.2091547860421805,November-December 2022
22,Random Forest,2022-11-11T10:00:00+00:00,32,6,6.0,6.131307716975082,November-December 2022
22,Random Forest,2022-11-11T11:00:00+00:00,32,6,11.0,5.0727993553147055,November-December 2022
22,Random Forest,2022-11-11T12:00:00+00:00,32,6,9.0,4.834730100851641,November-December 2022
22,Random Forest,2022-11-11T13:00:00+00:00,32,6,2.0,4.959434991506718,November-December 2022
22,Random Forest,2022-11-11T14:00:00+00:00,32,6,5.0,5.931437379956603,November-December 2022
22,Random Forest,2022-11-11T10:00:00+00:00,59,6,4.4,5.037256104509984,November-December 2022
22,Random Forest,2022-11-11T11:00:00+00:00,59,6,3.7,4.199977984030639,November-December 2022
22,Random Forest,2022-11-11T12:00:00+00:00,59,6,4.8,4.806693438501311,November-December 2022
22,Random Forest,2022-11-11T13:00:00+00:00,59,6,5.6,4.482031501908438,November-December 2022
22,Random Forest,2022-11-11T14:00:00+00:00,59,6,3.3,5.29610147855436,November-December 2022
22,Random Forest,2022-11-11T15:00:00+00:00,59,6,4.6,5.679213109598267,November-December 2022
22,Random Forest,2022-11-11T08:00:00+00:00,1069,3,2.0,3.889444019399949,November-December 2022
22,Random Forest,2022-11-11T09:00:00+00:00,1069,3,5.0,5.813567881271328,November-December 2022
22,Random Forest,2022-11-11T10:00:00+00:00,1069,3,1.0,5.767115230812818,November-December 2022
22,Random Forest,2022-11-12T22:00:00+00:00,32,1,3.0,2.236277845403378,November-December 2022
22,Random Forest,2022-11-13T01:00:00+00:00,59,1,-1.0,1.6087183284661233,November-December 2022
22,Random Forest,2022-11-12T21:00:00+00:00,1069,3,4.0,1.914776471779767,November-December 2022
22,Random Forest,2022-11-12T22:00:00+00:00,1069,3,1.0,1.9599188825307887,November-December 2022
22,Random Forest,2022-11-12T23:00:00+00:00,1069,3,-3.0,0.8827146046273351,November-December 2022
22,Random Forest,2022-11-13T14:00:00+00:00,32,6,5.0,5.358870511306831,November-December 2022
22,Random Forest,2022-11-13T15:00:00+00:00,32,6,3.0,6.8459564153213766,November-December 2022
22,Random Forest,2022-11-13T16:00:00+00:00,32,6,4.0,5.390932116131955,November-December 2022
22,Random Forest,2022-11-13T17:00:00+00:00,32,6,2.0,5.621828330356775,November-December 2022
22,Random Forest,2022-11-13T18:00:00+00:00,32,6,9.0,4.615675543915029,November-December 2022
22,Random Forest,2022-11-13T19:00:00+00:00,32,6,4.0,4.226421311733789,November-December 2022
22,Random Forest,2022-11-13T08:00:00+00:00,59,1,2.6,2.8248283565201704,November-December 2022
22,Random Forest,2022-11-13T09:00:00+00:00,1069,1,3.0,2.946514533459909,November-December 2022
22,Random Forest,2022-11-14T19:00:00+00:00,32,1,2.0,7.155372472257506,November-December 2022
22,Random Forest,2022-11-14T20:00:00+00:00,59,3,4.1,4.603159551220111,November-December 2022
22,Random Forest,2022-11-14T21:00:00+00:00,59,3,2.5,4.938787240081441,November-December 2022
22,Random Forest,2022-11-14T22:00:00+00:00,59,3,6.0,5.601642821725384,November-December 2022
22,Random Forest,2022-11-14T07:00:00+00:00,1069,6,2.0,3.2290906620019832,November-December 2022
22,Random Forest,2022-11-14T08:00:00+00:00,1069,6,0.0,3.4510559479280274,November-December 2022
22,Random Forest,2022-11-14T09:00:00+00:00,1069,6,5.0,4.958788860840439,November-December 2022
22,Random Forest,2022-11-14T10:00:00+00:00,1069,6,5.0,3.847022126273425,November-December 2022
22,Random Forest,2022-11-14T11:00:00+00:00,1069,6,7.0,4.634032132075317,November-December 2022
22,Random Forest,2022-11-14T12:00:00+00:00,1069,6,4.0,5.075521394820088,November-December 2022
22,Random Forest,2022-11-16T02:00:00+00:00,32,3,6.0,4.440561598599809,November-December 2022
22,Random Forest,2022-11-16T03:00:00+00:00,32,3,8.0,5.5503283701946255,November-December 2022
22,Random Forest,2022-11-16T04:00:00+00:00,32,3,11.0,6.792432633924378,November-December 2022
22,Random Forest,2022-11-15T22:00:00+00:00,59,3,3.2,3.8335972950372055,November-December 2022
22,Random Forest,2022-11-15T23:00:00+00:00,59,3,2.1,5.008359435960924,November-December 2022
22,Random Forest,2022-11-16T00:00:00+00:00,59,3,3.1,4.073225249721803,November-December 2022
22,Random Forest,2022-11-15T22:00:00+00:00,1069,1,5.0,4.294077276878838,November-December 2022
22,Random Forest,2022-11-16T23:00:00+00:00,32,6,-1.0,1.1128243019604729,November-December 2022
22,Random Forest,2022-11-17T00:00:00+00:00,32,6,2.0,1.5046911828460865,November-December 2022
22,Random Forest,2022-11-17T01:00:00+00:00,32,6,1.0,2.3487382095075637,November-December 2022
22,Random Forest,2022-11-17T02:00:00+00:00,32,6,1.0,2.656854838504625,November-December 2022
22,Random Forest,2022-11-17T03:00:00+00:00,32,6,1.0,3.468852131418425,November-December 2022
22,Random Forest,2022-11-17T04:00:00+00:00,32,6,2.0,3.3875757114183407,November-December 2022
22,Random Forest,2022-11-16T20:00:00+00:00,59,1,5.2,2.8049784358279544,November-December 2022
22,Random Forest,2022-11-16T15:00:00+00:00,1069,6,8.0,7.078057995707487,November-December 2022
22,Random Forest,2022-11-16T16:00:00+00:00,1069,6,12.0,6.021669271613185,November-December 2022
22,Random Forest,2022-11-16T17:00:00+00:00,1069,6,15.0,5.874428484635816,November-December 2022
22,Random Forest,2022-11-16T18:00:00+00:00,1069,6,7.0,6.142286287255023,November-December 2022
22,Random Forest,2022-11-16T19:00:00+00:00,1069,6,7.0,5.812639457761391,November-December 2022
22,Random Forest,2022-11-16T20:00:00+00:00,1069,6,7.0,4.018150486843219,November-December 2022
22,Random Forest,2022-11-17T11:00:00+00:00,32,1,6.0,3.900750463335914,November-December 2022
22,Random Forest,2022-11-17T20:00:00+00:00,59,3,0.1,3.2838555028927088,November-December 2022
22,Random Forest,2022-11-17T21:00:00+00:00,59,3,3.9,2.850552627373653,November-December 2022
22,Random Forest,2022-11-17T22:00:00+00:00,59,3,4.6,2.813941538682483,November-December 2022
22,Random Forest,2022-11-17T18:00:00+00:00,1069,6,6.0,4.676941483352652,November-December 2022
22,Random Forest,2022-11-17T19:00:00+00:00,1069,6,2.0,4.8570134532481175,November-December 2022
22,Random Forest,2022-11-17T20:00:00+00:00,1069,6,-1.0,5.122433147953095,November-December 2022
22,Random Forest,2022-11-17T21:00:00+00:00,1069,6,-2.0,4.55113425870296,November-December 2022
22,Random Forest,2022-11-17T22:00:00+00:00,1069,6,-4.0,3.1094149065489947,November-December 2022
22,Random Forest,2022-11-17T23:00:00+00:00,1069,6,1.0,1.635971333902285,November-December 2022
22,Random Forest,2022-11-19T02:00:00+00:00,32,3,3.0,4.239391706408719,November-December 2022
22,Random Forest,2022-11-19T03:00:00+00:00,32,3,7.0,4.43143885701986,November-December 2022
22,Random Forest,2022-11-19T04:00:00+00:00,32,3,8.0,4.22544225169699,November-December 2022
22,Random Forest,2022-11-19T01:00:00+00:00,59,3,4.0,4.000123192253797,November-December 2022
22,Random Forest,2022-11-19T02:00:00+00:00,59,3,-0.3,3.1442499802134933,November-December 2022
22,Random Forest,2022-11-19T03:00:00+00:00,59,3,1.6,3.835370405625591,November-December 2022
22,Random Forest,2022-11-18T16:00:00+00:00,1069,3,7.0,6.19615152616464,November-December 2022
22,Random Forest,2022-11-18T17:00:00+00:00,1069,3,5.0,5.664355004047863,November-December 2022
22,Random Forest,2022-11-18T18:00:00+00:00,1069,3,3.0,4.956936662757779,November-December 2022
22,Random Forest,2022-11-19T21:00:00+00:00,32,6,6.0,5.399803312839802,November-December 2022
22,Random Forest,2022-11-19T22:00:00+00:00,32,6,9.0,6.102905614897552,November-December 2022
22,Random Forest,2022-11-19T23:00:00+00:00,32,6,6.0,4.226292233805824,November-December 2022
22,Random Forest,2022-11-20T00:00:00+00:00,32,6,7.0,4.034021983219156,November-December 2022
22,Random Forest,2022-11-20T01:00:00+00:00,32,6,9.0,4.909679951077086,November-December 2022
22,Random Forest,2022-11-20T02:00:00+00:00,32,6,10.0,5.736404696425426,November-December 2022
22,Random Forest,2022-11-20T04:00:00+00:00,59,1,5.7,4.864425502498569,November-December 2022
22,Random Forest,2022-11-19T16:00:00+00:00,1069,1,7.0,5.074424980400888,November-December 2022
22,Random Forest,2022-11-20T19:00:00+00:00,32,3,2.0,4.498843736803655,November-December 2022
22,Random Forest,2022-11-20T20:00:00+00:00,32,3,-2.0,3.724443891411216,November-December 2022
22,Random Forest,2022-11-20T21:00:00+00:00,32,3,0.0,3.4216273074833525,November-December 2022
22,Random Forest,2022-11-20T17:00:00+00:00,59,6,2.7,3.500405038563334,November-December 2022
22,Random Forest,2022-11-20T18:00:00+00:00,59,6,4.6,3.150414839134867,November-December 2022
22,Random Forest,2022-11-20T19:00:00+00:00,59,6,2.0,2.7182345934229235,November-December 2022
22,Random Forest,2022-11-20T20:00:00+00:00,59,6,1.7,3.2304111301616425,November-December 2022
22,Random Forest,2022-11-20T21:00:00+00:00,59,6,2.1,2.843359150235601,November-December 2022
22,Random Forest,2022-11-20T22:00:00+00:00,59,6,4.7,3.116001491718219,November-December 2022
22,Random Forest,2022-11-20T16:00:00+00:00,1069,3,8.0,3.178980739323729,November-December 2022
22,Random Forest,2022-11-20T17:00:00+00:00,1069,3,10.0,4.877876336566922,November-December 2022
22,Random Forest,2022-11-20T18:00:00+00:00,1069,3,6.0,5.682257930378074,November-December 2022
22,Random Forest,2022-11-21T14:00:00+00:00,32,6,2.0,5.1792218934173775,November-December 2022
22,Random Forest,2022-11-21T15:00:00+00:00,32,6,6.0,7.485061314347229,November-December 2022
22,Random Forest,2022-11-21T16:00:00+00:00,32,6,9.0,7.447421598822491,November-December 2022
22,Random Forest,2022-11-21T17:00:00+00:00,32,6,4.0,6.652736048034893,November-December 2022
22,Random Forest,2022-11-21T18:00:00+00:00,32,6,7.0,7.124029152830095,November-December 2022
22,Random Forest,2022-11-21T19:00:00+00:00,32,6,7.0,7.157069298384923,November-December 2022
22,Random Forest,2022-11-21T10:00:00+00:00,59,6,0.9,4.458003695724847,November-December 2022
22,Random Forest,2022-11-21T11:00:00+00:00,59,6,3.9,4.781462433233196,November-December 2022
22,Random Forest,2022-11-21T12:00:00+00:00,59,6,5.3,4.434446800737257,November-December 2022
22,Random Forest,2022-11-21T13:00:00+00:00,59,6,1.7,4.20196334221736,November-December 2022
22,Random Forest,2022-11-21T14:00:00+00:00,59,6,3.0,4.508431731007588,November-December 2022
22,Random Forest,2022-11-21T15:00:00+00:00,59,6,7.6,6.639629804540958,November-December 2022
22,Random Forest,2022-11-21T10:00:00+00:00,1069,1,5.0,6.143413919507263,November-December 2022
22,Random Forest,2022-11-22T13:00:00+00:00,32,1,8.0,8.846543838619588,November-December 2022
22,Random Forest,2022-11-22T20:00:00+00:00,59,1,1.5,4.623661586343781,November-December 2022
22,Random Forest,2022-11-22T18:00:00+00:00,1069,6,9.0,8.0291405548882,November-December 2022
22,Random Forest,2022-11-22T19:00:00+00:00,1069,6,7.0,7.433397767937063,November-December 2022
22,Random Forest,2022-11-22T20:00:00+00:00,1069,6,7.0,8.358168791117164,November-December 2022
22,Random Forest,2022-11-22T21:00:00+00:00,1069,6,11.0,8.732662034329488,November-December 2022
22,Random Forest,2022-11-22T22:00:00+00:00,1069,6,7.0,8.723707989188053,November-December 2022
22,Random Forest,2022-11-22T23:00:00+00:00,1069,6,8.0,6.466836834005875,November-December 2022
22,Random Forest,2022-11-23T20:00:00+00:00,32,6,11.0,10.861560384428678,November-December 2022
22,Random Forest,2022-11-23T21:00:00+00:00,32,6,17.0,9.7755008518402,November-December 2022
22,Random Forest,2022-11-23T22:00:00+00:00,32,6,14.0,11.144798289147747,November-December 2022
22,Random Forest,2022-11-23T23:00:00+00:00,32,6,11.0,10.064963116361293,November-December 2022
22,Random Forest,2022-11-24T00:00:00+00:00,32,6,18.0,14.52043317099567,November-December 2022
22,Random Forest,2022-11-24T01:00:00+00:00,32,6,23.0,15.790714547781118,November-December 2022
22,Random Forest,2022-11-23T12:00:00+00:00,59,3,7.9,8.013784307462533,November-December 2022
22,Random Forest,2022-11-23T13:00:00+00:00,59,3,10.7,9.380316202866156,November-December 2022
22,Random Forest,2022-11-23T14:00:00+00:00,59,3,7.0,9.400300410119575,November-December 2022
22,Random Forest,2022-11-23T18:00:00+00:00,1069,1,17.0,11.856391778004577,November-December 2022
22,Random Forest,2022-11-24T16:00:00+00:00,32,1,7.0,4.680297483645265,November-December 2022
22,Random Forest,2022-11-24T10:00:00+00:00,59,1,8.9,7.172498146529277,November-December 2022
22,Random Forest,2022-11-24T23:00:00+00:00,1069,6,-2.0,2.599131578328863,November-December 2022
22,Random Forest,2022-11-25T00:00:00+00:00,1069,6,-6.0,2.465790262201041,November-December 2022
22,Random Forest,2022-11-25T01:00:00+00:00,1069,6,-4.0,1.8505121229413013,November-December 2022
22,Random Forest,2022-11-25T02:00:00+00:00,1069,6,-1.0,2.2884701209938862,November-December 2022
22,Random Forest,2022-11-25T03:00:00+00:00,1069,6,2.0,3.205665347681164,November-December 2022
22,Random Forest,2022-11-25T04:00:00+00:00,1069,6,2.0,3.042556592287585,November-December 2022
22,Random Forest,2022-11-25T14:00:00+00:00,32,1,2.0,2.0941596898712413,November-December 2022
22,Random Forest,2022-11-25T18:00:00+00:00,59,6,3.2,2.924315589103799,November-December 2022
22,Random Forest,2022-11-25T19:00:00+00:00,59,6,4.2,1.9226796630273348,November-December 2022
22,Random Forest,2022-11-25T20:00:00+00:00,59,6,0.6,3.3780966699492074,November-December 2022
22,Random Forest,2022-11-25T21:00:00+00:00,59,6,2.1,3.075399933708072,November-December 2022
22,Random Forest,2022-11-25T22:00:00+00:00,59,6,1.7,3.5291590515167406,November-December 2022
22,Random Forest,2022-11-25T23:00:00+00:00,59,6,5.7,2.6866402229906705,November-December 2022
22,Random Forest,2022-11-25T20:00:00+00:00,1069,3,5.0,3.7749783174324314,November-December 2022
22,Random Forest,2022-11-25T21:00:00+00:00,1069,3,4.0,4.650288795098588,November-December 2022
22,Random Forest,2022-11-25T22:00:00+00:00,1069,3,2.0,4.454853675042918,November-December 2022
22,Random Forest,2022-11-26T22:00:00+00:00,32,3,1.0,3.2520981430076907,November-December 2022
22,Random Forest,2022-11-26T23:00:00+00:00,32,3,3.0,3.1817015801391944,November-December 2022
22,Random Forest,2022-11-27T00:00:00+00:00,32,3,-3.0,2.9858444110956843,November-December 2022
22,Random Forest,2022-11-26T21:00:00+00:00,59,6,0.3,2.5758552451730483,November-December 2022
22,Random Forest,2022-11-26T22:00:00+00:00,59,6,2.1,2.9034153076953,November-December 2022
22,Random Forest,2022-11-26T23:00:00+00:00,59,6,3.1,2.8651859067943843,November-December 2022
22,Random Forest,2022-11-27T00:00:00+00:00,59,6,2.7,2.4141110843714904,November-December 2022
22,Random Forest,2022-11-27T01:00:00+00:00,59,6,-1.9,3.026093196662366,November-December 2022
22,Random Forest,2022-11-27T02:00:00+00:00,59,6,2.1,5.039241613498333,November-December 2022
22,Random Forest,2022-11-27T03:00:00+00:00,1069,1,8.0,6.578262306816349,November-December 2022
22,Random Forest,2022-11-27T13:00:00+00:00,32,3,-2.0,7.645408798360052,November-December 2022
22,Random Forest,2022-11-27T14:00:00+00:00,32,3,-2.0,7.698341292781047,November-December 2022
22,Random Forest,2022-11-27T15:00:00+00:00,32,3,5.0,6.950281317687758,November-December 2022
22,Random Forest,2022-11-27T18:00:00+00:00,59,6,-0.6,3.841150221736436,November-December 2022
22,Random Forest,2022-11-27T19:00:00+00:00,59,6,3.5,4.08663749288416,November-December 2022
22,Random Forest,2022-11-27T20:00:00+00:00,59,6,4.3,3.712749535808821,November-December 2022
22,Random Forest,2022-11-27T21:00:00+00:00,59,6,2.9,3.446103916416986,November-December 2022
22,Random Forest,2022-11-27T22:00:00+00:00,59,6,0.2,3.524632585317576,November-December 2022
22,Random Forest,2022-11-27T23:00:00+00:00,59,6,1.4,3.136862670598787,November-December 2022
22,Random Forest,2022-11-27T12:00:00+00:00,1069,6,8.0,5.7286820078496605,November-December 2022
22,Random Forest,2022-11-27T13:00:00+00:00,1069,6,4.0,7.037263419342563,November-December 2022
22,Random Forest,2022-11-27T14:00:00+00:00,1069,6,21.0,7.2614740644152835,November-December 2022
22,Random Forest,2022-11-27T15:00:00+00:00,1069,6,18.0,6.6893539314359085,November-December 2022
22,Random Forest,2022-11-27T16:00:00+00:00,1069,6,12.0,6.332316915907912,November-December 2022
22,Random Forest,2022-11-27T17:00:00+00:00,1069,6,10.0,6.297215141546546,November-December 2022
22,Random Forest,2022-11-28T12:00:00+00:00,32,3,6.0,6.781021841166942,November-December 2022
22,Random Forest,2022-11-28T13:00:00+00:00,32,3,4.0,10.033283637223615,November-December 2022
22,Random Forest,2022-11-28T14:00:00+00:00,32,3,2.0,9.615432337408,November-December 2022
22,Random Forest,2022-11-28T20:00:00+00:00,59,6,4.6,6.78463597373762,November-December 2022
22,Random Forest,2022-11-28T21:00:00+00:00,59,6,4.4,5.675824421846718,November-December 2022
22,Random Forest,2022-11-28T22:00:00+00:00,59,6,6.2,5.330245725107662,November-December 2022
22,Random Forest,2022-11-28T23:00:00+00:00,59,6,0.6,3.857750669433052,November-December 2022
22,Random Forest,2022-11-29T00:00:00+00:00,59,6,-0.5,4.176359842155792,November-December 2022
22,Random Forest,2022-11-29T01:00:00+00:00,59,6,2.1,3.4628125491040627,November-December 2022
22,Random Forest,2022-11-28T19:00:00+00:00,1069,6,8.0,8.414489848044855,November-December 2022
22,Random Forest,2022-11-28T20:00:00+00:00,1069,6,4.0,8.108977223310902,November-December 2022
22,Random Forest,2022-11-28T21:00:00+00:00,1069,6,6.0,7.62463792748629,November-December 2022
22,Random Forest,2022-11-28T22:00:00+00:00,1069,6,3.0,5.11881486422663,November-December 2022
22,Random Forest,2022-11-28T23:00:00+00:00,1069,6,1.0,3.213752972492757,November-December 2022
22,Random Forest,2022-11-29T00:00:00+00:00,1069,6,0.0,2.377119085532409,November-December 2022
22,Random Forest,2022-11-29T21:00:00+00:00,32,3,11.0,10.836092159895696,November-December 2022
22,Random Forest,2022-11-29T22:00:00+00:00,32,3,8.0,9.575530190442665,November-December 2022
22,Random Forest,2022-11-29T23:00:00+00:00,32,3,-2.0,9.516096285072283,November-December 2022
22,Random Forest,2022-11-29T09:00:00+00:00,59,1,13.3,6.443003425793535,November-December 2022
22,Random Forest,2022-11-29T23:00:00+00:00,1069,6,7.0,8.7296006749331,November-December 2022
22,Random Forest,2022-11-30T00:00:00+00:00,1069,6,9.0,9.263763195028748,November-December 2022
22,Random Forest,2022-11-30T01:00:00+00:00,1069,6,10.0,9.88765345169663,November-December 2022
22,Random Forest,2022-11-30T02:00:00+00:00,1069,6,12.0,9.23516151200756,November-December 2022
22,Random Forest,2022-11-30T03:00:00+00:00,1069,6,13.0,9.474984174769478,November-December 2022
22,Random Forest,2022-11-30T04:00:00+00:00,1069,6,17.0,9.236084252304444,November-December 2022
22,Random Forest,2022-11-30T22:00:00+00:00,32,1,2.0,1.9773238891435228,November-December 2022
22,Random Forest,2022-11-30T14:00:00+00:00,59,6,0.4,2.271334005049156,November-December 2022
22,Random Forest,2022-11-30T15:00:00+00:00,59,6,-2.3,2.711879931609314,November-December 2022
22,Random Forest,2022-11-30T16:00:00+00:00,59,6,-0.7,2.872608619725564,November-December 2022
22,Random Forest,2022-11-30T17:00:00+00:00,59,6,1.9,2.449808319466858,November-December 2022
22,Random Forest,2022-11-30T18:00:00+00:00,59,6,-0.7,2.6544254816606463,November-December 2022
22,Random Forest,2022-11-30T19:00:00+00:00,59,6,-0.8,2.1607454480760824,November-December 2022
22,Random Forest,2022-12-01T01:00:00+00:00,1069,3,-1.0,1.6273343131361802,November-December 2022
22,Random Forest,2022-12-01T02:00:00+00:00,1069,3,1.0,2.830518679707086,November-December 2022
22,Random Forest,2022-12-01T03:00:00+00:00,1069,3,3.0,3.354839905251153,November-December 2022
22,Random Forest,2022-12-01T08:00:00+00:00,32,6,4.0,3.833982859585293,November-December 2022
22,Random Forest,2022-12-01T09:00:00+00:00,32,6,0.0,4.653058309068374,November-December 2022
22,Random Forest,2022-12-01T10:00:00+00:00,32,6,3.0,5.274594427496553,November-December 2022
22,Random Forest,2022-12-01T11:00:00+00:00,32,6,3.0,5.054845388008735,November-December 2022
22,Random Forest,2022-12-01T12:00:00+00:00,32,6,6.0,5.062929807766232,November-December 2022
22,Random Forest,2022-12-01T13:00:00+00:00,32,6,2.0,4.646062649261929,November-December 2022
22,Random Forest,2022-12-01T12:00:00+00:00,59,6,-0.6,3.645761434540654,November-December 2022
22,Random Forest,2022-12-01T13:00:00+00:00,59,6,0.6,3.7445191693773054,November-December 2022
22,Random Forest,2022-12-01T14:00:00+00:00,59,6,1.6,3.252982368826481,November-December 2022
22,Random Forest,2022-12-01T15:00:00+00:00,59,6,3.9,4.250603577539793,November-December 2022
22,Random Forest,2022-12-01T16:00:00+00:00,59,6,7.4,4.237488768142451,November-December 2022
22,Random Forest,2022-12-01T17:00:00+00:00,59,6,2.3,4.937885297424719,November-December 2022
22,Random Forest,2022-12-01T10:00:00+00:00,1069,1,6.0,4.058983077249016,November-December 2022
22,Random Forest,2022-12-02T13:00:00+00:00,32,3,8.0,8.331671952502068,November-December 2022
22,Random Forest,2022-12-02T14:00:00+00:00,32,3,8.0,8.731583012283274,November-December 2022
22,Random Forest,2022-12-02T15:00:00+00:00,32,3,5.0,9.271330377455223,November-December 2022
22,Random Forest,2022-12-02T20:00:00+00:00,59,6,3.1,5.238281492330104,November-December 2022
22,Random Forest,2022-12-02T21:00:00+00:00,59,6,4.9,6.237775646368716,November-December 2022
22,Random Forest,2022-12-02T22:00:00+00:00,59,6,1.4,5.448194020615376,November-December 2022
22,Random Forest,2022-12-02T23:00:00+00:00,59,6,8.1,4.605874276458394,November-December 2022
22,Random Forest,2022-12-03T00:00:00+00:00,59,6,4.7,5.291050430403394,November-December 2022
22,Random Forest,2022-12-03T01:00:00+00:00,59,6,8.7,6.250780299295984,November-December 2022
22,Random Forest,2022-12-02T09:00:00+00:00,1069,6,5.0,8.185605930509865,November-December 2022
22,Random Forest,2022-12-02T10:00:00+00:00,1069,6,9.0,7.894385520374648,November-December 2022
22,Random Forest,2022-12-02T11:00:00+00:00,1069,6,7.0,8.029704376060282,November-December 2022
22,Random Forest,2022-12-02T12:00:00+00:00,1069,6,10.0,7.704075412581401,November-December 2022
22,Random Forest,2022-12-02T13:00:00+00:00,1069,6,8.0,8.317639499001398,November-December 2022
22,Random Forest,2022-12-02T14:00:00+00:00,1069,6,6.0,8.630436869273849,November-December 2022
22,Random Forest,2022-12-03T22:00:00+00:00,32,3,5.0,4.796225724611707,November-December 2022
22,Random Forest,2022-12-03T23:00:00+00:00,32,3,6.0,4.46378194638417,November-December 2022
22,Random Forest,2022-12-04T00:00:00+00:00,32,3,3.0,4.325879776022281,November-December 2022
22,Random Forest,2022-12-03T20:00:00+00:00,59,1,6.2,4.532178948724342,November-December 2022
22,Random Forest,2022-12-03T14:00:00+00:00,1069,1,3.0,2.6511853352307915,November-December 2022
22,Random Forest,2022-12-05T01:00:00+00:00,32,1,9.0,9.58055783066247,November-December 2022
22,Random Forest,2022-12-04T07:00:00+00:00,59,3,2.6,4.058147196295013,November-December 2022
22,Random Forest,2022-12-04T08:00:00+00:00,59,3,9.0,3.5593939574447524,November-December 2022
22,Random Forest,2022-12-04T09:00:00+00:00,59,3,1.7,3.7220108725648906,November-December 2022
22,Random Forest,2022-12-04T11:00:00+00:00,1069,3,5.0,3.651805826044226,November-December 2022
22,Random Forest,2022-12-04T12:00:00+00:00,1069,3,4.0,4.44577669909182,November-December 2022
22,Random Forest,2022-12-04T13:00:00+00:00,1069,3,9.0,4.85951037380208,November-December 2022
22,Random Forest,2022-12-05T17:00:00+00:00,32,3,8.0,9.480086430523814,November-December 2022
22,Random Forest,2022-12-05T18:00:00+00:00,32,3,8.0,7.841654070953467,November-December 2022
22,Random Forest,2022-12-05T19:00:00+00:00,32,3,1.0,7.238017424759541,November-December 2022
22,Random Forest,2022-12-05T10:00:00+00:00,59,6,22.5,13.212536744576028,November-December 2022
22,Random Forest,2022-12-05T11:00:00+00:00,59,6,25.6,13.03871494607312,November-December 2022
22,Random Forest,2022-12-05T12:00:00+00:00,59,6,24.5,11.591658875668733,November-December 2022
22,Random Forest,2022-12-05T13:00:00+00:00,59,6,22.3,9.24908222188436,November-December 2022
22,Random Forest,2022-12-05T14:00:00+00:00,59,6,21.3,9.488690279063448,November-December 2022
22,Random Forest,2022-12-05T15:00:00+00:00,59,6,19.7,10.165027484868526,November-December 2022
22,Random Forest,2022-12-05T13:00:00+00:00,1069,6,12.0,12.220983186057683,November-December 2022
22,Random Forest,2022-12-05T14:00:00+00:00,1069,6,26.0,10.307352585157282,November-December 2022
22,Random Forest,2022-12-05T15:00:00+00:00,1069,6,20.0,12.375564406358905,November-December 2022
22,Random Forest,2022-12-05T16:00:00+00:00,1069,6,19.0,9.957525235496396,November-December 2022
22,Random Forest,2022-12-05T17:00:00+00:00,1069,6,13.0,10.595014146518102,November-December 2022
22,Random Forest,2022-12-05T18:00:00+00:00,1069,6,6.0,8.7293539756673,November-December 2022
22,Random Forest,2022-12-07T02:00:00+00:00,32,3,4.0,5.387944706067435,November-December 2022
22,Random Forest,2022-12-07T03:00:00+00:00,32,3,8.0,5.766353021781005,November-December 2022
22,Random Forest,2022-12-07T04:00:00+00:00,32,3,5.0,5.669878022065733,November-December 2022
22,Random Forest,2022-12-06T16:00:00+00:00,59,6,9.8,8.278069951841893,November-December 2022
22,Random Forest,2022-12-06T17:00:00+00:00,59,6,6.6,8.146287644541525,November-December 2022
22,Random Forest,2022-12-06T18:00:00+00:00,59,6,4.2,9.545356456747225,November-December 2022
22,Random Forest,2022-12-06T19:00:00+00:00,59,6,8.4,9.667963241035268,November-December 2022
22,Random Forest,2022-12-06T20:00:00+00:00,59,6,8.2,8.526455367415762,November-December 2022
22,Random Forest,2022-12-06T21:00:00+00:00,59,6,8.0,7.634527854205691,November-December 2022
22,Random Forest,2022-12-06T22:00:00+00:00,1069,1,3.0,7.045556170822162,November-December 2022
22,Random Forest,2022-12-07T14:00:00+00:00,32,6,16.0,11.939270295713095,November-December 2022
22,Random Forest,2022-12-07T15:00:00+00:00,32,6,15.0,13.893059233280582,November-December 2022
22,Random Forest,2022-12-07T16:00:00+00:00,32,6,14.0,14.213288057039438,November-December 2022
22,Random Forest,2022-12-07T17:00:00+00:00,32,6,13.0,13.631529139990032,November-December 2022
22,Random Forest,2022-12-07T18:00:00+00:00,32,6,13.0,15.14941446756164,November-December 2022
22,Random Forest,2022-12-07T19:00:00+00:00,32,6,13.0,14.286535333666496,November-December 2022
22,Random Forest,2022-12-07T11:00:00+00:00,59,1,10.9,11.032535737775056,November-December 2022
22,Random Forest,2022-12-07T09:00:00+00:00,1069,3,7.0,8.325970057188414,November-December 2022
22,Random Forest,2022-12-07T10:00:00+00:00,1069,3,10.0,9.77134418533944,November-December 2022
22,Random Forest,2022-12-07T11:00:00+00:00,1069,3,9.0,11.118356377129228,November-December 2022
22,Random Forest,2022-12-08T10:00:00+00:00,32,6,12.0,9.163723303031762,November-December 2022
22,Random Forest,2022-12-08T11:00:00+00:00,32,6,14.0,9.08140619371806,November-December 2022
22,Random Forest,2022-12-08T12:00:00+00:00,32,6,14.0,10.917729283250274,November-December 2022
22,Random Forest,2022-12-08T13:00:00+00:00,32,6,12.0,11.096261744430228,November-December 2022
22,Random Forest,2022-12-08T14:00:00+00:00,32,6,8.0,13.462899326330248,November-December 2022
22,Random Forest,2022-12-08T15:00:00+00:00,32,6,12.0,14.301825616435575,November-December 2022
22,Random Forest,2022-12-08T19:00:00+00:00,59,6,10.9,14.01198834244905,November-December 2022
22,Random Forest,2022-12-08T20:00:00+00:00,59,6,7.8,11.724983729735584,November-December 2022
22,Random Forest,2022-12-08T21:00:00+00:00,59,6,13.1,11.59324089031222,November-December 2022
22,Random Forest,2022-12-08T22:00:00+00:00,59,6,10.3,13.596035730349474,November-December 2022
22,Random Forest,2022-12-08T23:00:00+00:00,59,6,10.1,14.040917027632986,November-December 2022
22,Random Forest,2022-12-09T00:00:00+00:00,59,6,15.3,15.59658569746421,November-December 2022
22,Random Forest,2022-12-08T23:00:00+00:00,1069,6,13.0,15.067106878090431,November-December 2022
22,Random Forest,2022-12-09T00:00:00+00:00,1069,6,14.0,15.141786106676737,November-December 2022
22,Random Forest,2022-12-09T01:00:00+00:00,1069,6,13.0,13.177507245795631,November-December 2022
22,Random Forest,2022-12-09T02:00:00+00:00,1069,6,11.0,12.096019748735449,November-December 2022
22,Random Forest,2022-12-09T03:00:00+00:00,1069,6,9.0,12.016244882998356,November-December 2022
22,Random Forest,2022-12-09T04:00:00+00:00,1069,6,11.0,11.784715610424282,November-December 2022
22,Random Forest,2022-12-09T11:00:00+00:00,32,6,11.0,9.615170071865684,November-December 2022
22,Random Forest,2022-12-09T12:00:00+00:00,32,6,9.0,9.33912815043625,November-December 2022
22,Random Forest,2022-12-09T13:00:00+00:00,32,6,14.0,8.589658673032414,November-December 2022
22,Random Forest,2022-12-09T14:00:00+00:00,32,6,14.0,9.620346309987893,November-December 2022
22,Random Forest,2022-12-09T15:00:00+00:00,32,6,17.0,10.94253881943564,November-December 2022
22,Random Forest,2022-12-09T16:00:00+00:00,32,6,19.0,13.720174702440604,November-December 2022
22,Random Forest,2022-12-09T14:00:00+00:00,59,3,10.6,8.30210658492048,November-December 2022
22,Random Forest,2022-12-09T15:00:00+00:00,59,3,10.1,8.517567123849586,November-December 2022
22,Random Forest,2022-12-09T16:00:00+00:00,59,3,9.1,10.9668329035338,November-December 2022
22,Random Forest,2022-12-09T13:00:00+00:00,1069,6,14.0,8.871502692902098,November-December 2022
22,Random Forest,2022-12-09T14:00:00+00:00,1069,6,16.0,8.96038456459853,November-December 2022
22,Random Forest,2022-12-09T15:00:00+00:00,1069,6,11.0,10.302872378094447,November-December 2022
22,Random Forest,2022-12-09T16:00:00+00:00,1069,6,16.0,12.36896649050513,November-December 2022
22,Random Forest,2022-12-09T17:00:00+00:00,1069,6,17.0,16.005824499775958,November-December 2022
22,Random Forest,2022-12-09T18:00:00+00:00,1069,6,18.0,17.23080306530659,November-December 2022
22,Random Forest,2022-12-10T19:00:00+00:00,32,1,8.0,4.890068493668552,November-December 2022
22,Random Forest,2022-12-10T07:00:00+00:00,59,3,4.1,4.424761141600225,November-December 2022
22,Random Forest,2022-12-10T08:00:00+00:00,59,3,0.6,4.2157438785209935,November-December 2022
22,Random Forest,2022-12-10T09:00:00+00:00,59,3,4.4,4.58913574930971,November-December 2022
22,Random Forest,2022-12-10T20:00:00+00:00,1069,6,7.0,5.081774402925285,November-December 2022
22,Random Forest,2022-12-10T21:00:00+00:00,1069,6,0.0,4.601866712561892,November-December 2022
22,Random Forest,2022-12-10T22:00:00+00:00,1069,6,3.0,6.092639014672441,November-December 2022
22,Random Forest,2022-12-10T23:00:00+00:00,1069,6,3.0,4.3482694341310495,November-December 2022
22,Random Forest,2022-12-11T00:00:00+00:00,1069,6,8.0,6.823168734521812,November-December 2022
22,Random Forest,2022-12-11T01:00:00+00:00,1069,6,12.0,5.671313438638459,November-December 2022
22,Random Forest,2022-12-11T19:00:00+00:00,32,6,5.0,4.709731525774948,November-December 2022
22,Random Forest,2022-12-11T20:00:00+00:00,32,6,4.0,4.739349416906058,November-December 2022
22,Random Forest,2022-12-11T21:00:00+00:00,32,6,3.0,4.656553082244199,November-December 2022
22,Random Forest,2022-12-11T22:00:00+00:00,32,6,3.0,4.567588336994911,November-December 2022
22,Random Forest,2022-12-11T23:00:00+00:00,32,6,7.0,2.209229582693254,November-December 2022
22,Random Forest,2022-12-12T00:00:00+00:00,32,6,3.0,3.274341624139217,November-December 2022
22,Random Forest,2022-12-11T08:00:00+00:00,59,3,4.4,4.167378275997005,November-December 2022
22,Random Forest,2022-12-11T09:00:00+00:00,59,3,-1.2,3.3485787726754266,November-December 2022
22,Random Forest,2022-12-11T10:00:00+00:00,59,3,1.6,2.73735674072593,November-December 2022
22,Random Forest,2022-12-11T21:00:00+00:00,1069,3,3.0,3.968460143859518,November-December 2022
22,Random Forest,2022-12-11T22:00:00+00:00,1069,3,3.0,4.506368969271677,November-December 2022
22,Random Forest,2022-12-11T23:00:00+00:00,1069,3,-3.0,2.65032281169439,November-December 2022
22,Random Forest,2022-12-12T12:00:00+00:00,32,6,10.0,8.11442316451749,November-December 2022
22,Random Forest,2022-12-12T13:00:00+00:00,32,6,10.0,8.26676354478195,November-December 2022
22,Random Forest,2022-12-12T14:00:00+00:00,32,6,10.0,8.320169984301554,November-December 2022
22,Random Forest,2022-12-12T15:00:00+00:00,32,6,8.0,9.180774846967186,November-December 2022
22,Random Forest,2022-12-12T16:00:00+00:00,32,6,11.0,9.371213969204478,November-December 2022
22,Random Forest,2022-12-12T17:00:00+00:00,32,6,7.0,10.352720876979593,November-December 2022
22,Random Forest,2022-12-12T14:00:00+00:00,59,6,10.0,7.812449604951662,November-December 2022
22,Random Forest,2022-12-12T15:00:00+00:00,59,6,11.0,7.736909454599716,November-December 2022
22,Random Forest,2022-12-12T16:00:00+00:00,59,6,11.6,8.43972191869496,November-December 2022
22,Random Forest,2022-12-12T17:00:00+00:00,59,6,10.0,7.61139811978069,November-December 2022
22,Random Forest,2022-12-12T18:00:00+00:00,59,6,9.9,9.958264173399645,November-December 2022
22,Random Forest,2022-12-12T19:00:00+00:00,59,6,6.2,10.205319623506188,November-December 2022
22,Random Forest,2022-12-12T11:00:00+00:00,1069,3,9.0,8.56867368660891,November-December 2022
22,Random Forest,2022-12-12T12:00:00+00:00,1069,3,9.0,8.476171444157902,November-December 2022
22,Random Forest,2022-12-12T13:00:00+00:00,1069,3,7.0,7.950935327016327,November-December 2022
22,Random Forest,2022-12-13T20:00:00+00:00,32,3,17.0,12.358849238213685,November-December 2022
22,Random Forest,2022-12-13T21:00:00+00:00,32,3,16.0,10.933404225036956,November-December 2022
22,Random Forest,2022-12-13T22:00:00+00:00,32,3,0.0,8.528838256860393,November-December 2022
22,Random Forest,2022-12-13T20:00:00+00:00,59,6,13.8,11.981657350526262,November-December 2022
22,Random Forest,2022-12-13T21:00:00+00:00,59,6,14.1,11.815629913991312,November-December 2022
22,Random Forest,2022-12-13T22:00:00+00:00,59,6,18.6,8.451480802328643,November-December 2022
22,Random Forest,2022-12-13T23:00:00+00:00,59,6,12.8,4.715896147869818,November-December 2022
22,Random Forest,2022-12-14T00:00:00+00:00,59,6,-0.5,2.4781090993341914,November-December 2022
22,Random Forest,2022-12-14T01:00:00+00:00,59,6,0.4,1.5705810313840365,November-December 2022
22,Random Forest,2022-12-13T07:00:00+00:00,1069,6,7.0,7.748086337122348,November-December 2022
22,Random Forest,2022-12-13T08:00:00+00:00,1069,6,8.0,8.878673203987294,November-December 2022
22,Random Forest,2022-12-13T09:00:00+00:00,1069,6,6.0,9.963464515394344,November-December 2022
22,Random Forest,2022-12-13T10:00:00+00:00,1069,6,8.0,10.34792694514421,November-December 2022
22,Random Forest,2022-12-13T11:00:00+00:00,1069,6,9.0,8.930341880839853,November-December 2022
22,Random Forest,2022-12-13T12:00:00+00:00,1069,6,7.0,8.870074721573927,November-December 2022
22,Random Forest,2022-12-14T10:00:00+00:00,32,1,1.0,3.0270918128536004,November-December 2022
22,Random Forest,2022-12-14T21:00:00+00:00,59,3,-2.3,1.4247869621739313,November-December 2022
22,Random Forest,2022-12-14T22:00:00+00:00,59,3,-2.3,1.2356010463721847,November-December 2022
22,Random Forest,2022-12-14T23:00:00+00:00,59,3,-4.1,0.5572742031368392,November-December 2022
22,Random Forest,2022-12-14T09:00:00+00:00,1069,3,3.0,2.244636721186258,November-December 2022
22,Random Forest,2022-12-14T10:00:00+00:00,1069,3,3.0,3.8377995250730215,November-December 2022
22,Random Forest,2022-12-14T11:00:00+00:00,1069,3,1.0,3.787861073449998,November-December 2022
22,Random Forest,2022-12-15T16:00:00+00:00,32,3,4.0,8.780981114419575,November-December 2022
22,Random Forest,2022-12-15T17:00:00+00:00,32,3,6.0,6.7517758745119405,November-December 2022
22,Random Forest,2022-12-15T18:00:00+00:00,32,3,3.0,5.221344301028147,November-December 2022
22,Random Forest,2022-12-15T21:00:00+00:00,59,1,1.5,2.675750453236428,November-December 2022
22,Random Forest,2022-12-15T10:00:00+00:00,1069,3,4.0,4.60258175878873,November-December 2022
22,Random Forest,2022-12-15T11:00:00+00:00,1069,3,2.0,4.949207405373205,November-December 2022
22,Random Forest,2022-12-15T12:00:00+00:00,1069,3,11.0,5.065574447141158,November-December 2022
22,Random Forest,2022-12-16T16:00:00+00:00,32,3,2.0,6.969765055665863,November-December 2022
22,Random Forest,2022-12-16T17:00:00+00:00,32,3,6.0,8.40189743408194,November-December 2022
22,Random Forest,2022-12-16T18:00:00+00:00,32,3,1.0,10.015100058226672,November-December 2022
22,Random Forest,2022-12-16T14:00:00+00:00,59,6,0.9,4.923440611142633,November-December 2022
22,Random Forest,2022-12-16T15:00:00+00:00,59,6,4.0,4.760909340121969,November-December 2022
22,Random Forest,2022-12-16T16:00:00+00:00,59,6,3.7,5.266602226238953,November-December 2022
22,Random Forest,2022-12-16T17:00:00+00:00,59,6,0.9,6.674873979803225,November-December 2022
22,Random Forest,2022-12-16T18:00:00+00:00,59,6,3.2,6.420610064505522,November-December 2022
22,Random Forest,2022-12-16T19:00:00+00:00,59,6,3.7,4.280323666780133,November-December 2022
22,Random Forest,2022-12-16T10:00:00+00:00,1069,1,9.0,5.549381723204773,November-December 2022
22,Random Forest,2022-12-17T20:00:00+00:00,32,6,-1.0,4.1446746205014255,November-December 2022
22,Random Forest,2022-12-17T21:00:00+00:00,32,6,0.0,2.196772628159484,November-December 2022
22,Random Forest,2022-12-17T22:00:00+00:00,32,6,4.0,3.07870378840029,November-December 2022
22,Random Forest,2022-12-17T23:00:00+00:00,32,6,1.0,4.811911613481216,November-December 2022
22,Random Forest,2022-12-18T00:00:00+00:00,32,6,3.0,7.865666686174215,November-December 2022
22,Random Forest,2022-12-18T01:00:00+00:00,32,6,16.0,12.374878969501156,November-December 2022
22,Random Forest,2022-12-17T08:00:00+00:00,59,6,4.4,2.4577681130960896,November-December 2022
22,Random Forest,2022-12-17T09:00:00+00:00,59,6,0.6,2.6021435095380534,November-December 2022
22,Random Forest,2022-12-17T10:00:00+00:00,59,6,1.5,2.7692487381099475,November-December 2022
22,Random Forest,2022-12-17T11:00:00+00:00,59,6,-0.8,2.604281220204963,November-December 2022
22,Random Forest,2022-12-17T12:00:00+00:00,59,6,1.1,2.51706073953184,November-December 2022
22,Random Forest,2022-12-17T13:00:00+00:00,59,6,-0.9,2.456968288324501,November-December 2022
22,Random Forest,2022-12-18T01:00:00+00:00,1069,1,14.0,9.125557586461667,November-December 2022
22,Random Forest,2022-12-18T12:00:00+00:00,32,6,12.0,8.155985032143521,November-December 2022
22,Random Forest,2022-12-18T13:00:00+00:00,32,6,8.0,7.514731155069603,November-December 2022
22,Random Forest,2022-12-18T14:00:00+00:00,32,6,7.0,7.654106548431737,November-December 2022
22,Random Forest,2022-12-18T15:00:00+00:00,32,6,9.0,7.046922504939706,November-December 2022
22,Random Forest,2022-12-18T16:00:00+00:00,32,6,8.0,7.548955099875354,November-December 2022
22,Random Forest,2022-12-18T17:00:00+00:00,32,6,5.0,7.060226539951178,November-December 2022
22,Random Forest,2022-12-18T13:00:00+00:00,59,6,4.9,5.160810930861951,November-December 2022
22,Random Forest,2022-12-18T14:00:00+00:00,59,6,6.4,4.614432927976523,November-December 2022
22,Random Forest,2022-12-18T15:00:00+00:00,59,6,4.5,4.830258196438844,November-December 2022
22,Random Forest,2022-12-18T16:00:00+00:00,59,6,2.9,4.173006285632993,November-December 2022
22,Random Forest,2022-12-18T17:00:00+00:00,59,6,-0.6,3.9110237036950712,November-December 2022
22,Random Forest,2022-12-18T18:00:00+00:00,59,6,4.7,3.0979320760124702,November-December 2022
22,Random Forest,2022-12-18T10:00:00+00:00,1069,6,10.0,9.479069520135512,November-December 2022
22,Random Forest,2022-12-18T11:00:00+00:00,1069,6,10.0,8.097512691841473,November-December 2022
22,Random Forest,2022-12-18T12:00:00+00:00,1069,6,6.0,7.775355384317768,November-December 2022
22,Random Forest,2022-12-18T13:00:00+00:00,1069,6,6.0,8.094196286984758,November-December 2022
22,Random Forest,2022-12-18T14:00:00+00:00,1069,6,8.0,7.932217556658019,November-December 2022
22,Random Forest,2022-12-18T15:00:00+00:00,1069,6,8.0,7.795241591869957,November-December 2022
22,Random Forest,2022-12-20T01:00:00+00:00,32,1,7.0,4.9666874753732415,November-December 2022
22,Random Forest,2022-12-19T23:00:00+00:00,59,6,2.9,3.07741680932137,November-December 2022
22,Random Forest,2022-12-20T00:00:00+00:00,59,6,2.5,3.561848863482149,November-December 2022
22,Random Forest,2022-12-20T01:00:00+00:00,59,6,-0.2,4.300364502697692,November-December 2022
22,Random Forest,2022-12-20T02:00:00+00:00,59,6,1.2,3.610060682439631,November-December 2022
22,Random Forest,2022-12-20T03:00:00+00:00,59,6,0.5,3.194829519236327,November-December 2022
22,Random Forest,2022-12-20T04:00:00+00:00,59,6,2.5,3.3257637251654266,November-December 2022
22,Random Forest,2022-12-19T10:00:00+00:00,1069,6,4.0,2.566297841486954,November-December 2022
22,Random Forest,2022-12-19T11:00:00+00:00,1069,6,9.0,3.939109255633375,November-December 2022
22,Random Forest,2022-12-19T12:00:00+00:00,1069,6,8.0,5.1080218921602505,November-December 2022
22,Random Forest,2022-12-19T13:00:00+00:00,1069,6,7.0,5.6018772025292245,November-December 2022
22,Random Forest,2022-12-19T14:00:00+00:00,1069,6,4.0,5.785006731416593,November-December 2022
22,Random Forest,2022-12-19T15:00:00+00:00,1069,6,8.0,5.750010518505947,November-December 2022
22,Random Forest,2022-12-20T17:00:00+00:00,32,6,2.0,4.381994147316089,November-December 2022
22,Random Forest,2022-12-20T18:00:00+00:00,32,6,3.0,4.832935368780011,November-December 2022
22,Random Forest,2022-12-20T19:00:00+00:00,32,6,2.0,4.418178857068373,November-December 2022
22,Random Forest,2022-12-20T20:00:00+00:00,32,6,6.0,4.641136289618207,November-December 2022
22,Random Forest,2022-12-20T21:00:00+00:00,32,6,2.0,5.052693735733002,November-December 2022
22,Random Forest,2022-12-20T22:00:00+00:00,32,6,3.0,3.859771630417448,November-December 2022
22,Random Forest,2022-12-20T07:00:00+00:00,59,3,1.2,2.1089917517737438,November-December 2022
22,Random Forest,2022-12-20T08:00:00+00:00,59,3,-1.2,2.354041026362536,November-December 2022
22,Random Forest,2022-12-20T09:00:00+00:00,59,3,2.6,1.678824455138231,November-December 2022
22,Random Forest,2022-12-20T15:00:00+00:00,1069,1,4.0,2.589520147806072,November-December 2022
22,Random Forest,2022-12-21T11:00:00+00:00,32,1,13.0,11.407732942125731,November-December 2022
22,Random Forest,2022-12-21T19:00:00+00:00,59,3,11.7,16.65124146787057,November-December 2022
22,Random Forest,2022-12-21T20:00:00+00:00,59,3,11.9,16.46061210837773,November-December 2022
22,Random Forest,2022-12-21T21:00:00+00:00,59,3,8.2,14.774668042027418,November-December 2022
22,Random Forest,2022-12-21T11:00:00+00:00,1069,3,13.0,10.43870027788462,November-December 2022
22,Random Forest,2022-12-21T12:00:00+00:00,1069,3,12.0,12.016908138634086,November-December 2022
22,Random Forest,2022-12-21T13:00:00+00:00,1069,3,10.0,12.129451493624456,November-December 2022
22,Random Forest,2022-12-22T19:00:00+00:00,32,3,16.0,11.267072240978193,November-December 2022
22,Random Forest,2022-12-22T20:00:00+00:00,32,3,4.0,10.109843699950751,November-December 2022
22,Random Forest,2022-12-22T21:00:00+00:00,32,3,-2.0,8.014060394508174,November-December 2022
22,Random Forest,2022-12-22T23:00:00+00:00,59,6,1.2,1.7230472328325264,November-December 2022
22,Random Forest,2022-12-23T00:00:00+00:00,59,6,3.5,2.6040962629740614,November-December 2022
22,Random Forest,2022-12-23T01:00:00+00:00,59,6,1.6,3.0133695114736323,November-December 2022
22,Random Forest,2022-12-23T02:00:00+00:00,59,6,2.4,2.996892443889067,November-December 2022
22,Random Forest,2022-12-23T03:00:00+00:00,59,6,2.5,1.9898881163362323,November-December 2022
22,Random Forest,2022-12-23T04:00:00+00:00,59,6,2.9,1.954365403332042,November-December 2022
22,Random Forest,2022-12-22T10:00:00+00:00,1069,3,14.0,15.743393722902914,November-December 2022
22,Random Forest,2022-12-22T11:00:00+00:00,1069,3,19.0,13.975572518227674,November-December 2022
22,Random Forest,2022-12-22T12:00:00+00:00,1069,3,15.0,13.16808822911461,November-December 2022
22,Random Forest,2022-12-23T09:00:00+00:00,32,6,2.0,3.378129799788893,November-December 2022
22,Random Forest,2022-12-23T10:00:00+00:00,32,6,4.0,2.983759129708606,November-December 2022
22,Random Forest,2022-12-23T11:00:00+00:00,32,6,4.0,2.996621135701647,November-December 2022
22,Random Forest,2022-12-23T12:00:00+00:00,32,6,1.0,3.169159730856877,November-December 2022
22,Random Forest,2022-12-23T13:00:00+00:00,32,6,-3.0,2.790805630979084,November-December 2022
22,Random Forest,2022-12-23T14:00:00+00:00,32,6,-2.0,3.0550407253967755,November-December 2022
22,Random Forest,2022-12-24T01:00:00+00:00,59,1,0.4,2.6494843282605767,November-December 2022
22,Random Forest,2022-12-23T07:00:00+00:00,1069,6,0.0,2.4104087494823974,November-December 2022
22,Random Forest,2022-12-23T08:00:00+00:00,1069,6,2.0,3.600259829895013,November-December 2022
22,Random Forest,2022-12-23T09:00:00+00:00,1069,6,-3.0,4.020830933638506,November-December 2022
22,Random Forest,2022-12-23T10:00:00+00:00,1069,6,3.0,3.34115904722699,November-December 2022
22,Random Forest,2022-12-23T11:00:00+00:00,1069,6,1.0,3.8997189892942585,November-December 2022
22,Random Forest,2022-12-23T12:00:00+00:00,1069,6,3.0,3.224765858553186,November-December 2022
22,Random Forest,2022-12-24T21:00:00+00:00,32,3,5.0,4.928685837747816,November-December 2022
22,Random Forest,2022-12-24T22:00:00+00:00,32,3,6.0,6.269350393543213,November-December 2022
22,Random Forest,2022-12-24T23:00:00+00:00,32,3,9.0,13.399901943683162,November-December 2022
22,Random Forest,2022-12-24T22:00:00+00:00,59,6,2.4,4.300563851744287,November-December 2022
22,Random Forest,2022-12-24T23:00:00+00:00,59,6,-1.6,6.5448029652128925,November-December 2022
22,Random Forest,2022-12-25T00:00:00+00:00,59,6,-1.6,14.127946525713522,November-December 2022
22,Random Forest,2022-12-25T01:00:00+00:00,59,6,5.4,20.210154894955192,November-December 2022
22,Random Forest,2022-12-25T02:00:00+00:00,59,6,2.4,26.685838586760458,November-December 2022
22,Random Forest,2022-12-25T03:00:00+00:00,59,6,8.9,27.961266235500624,November-December 2022
22,Random Forest,2022-12-24T09:00:00+00:00,1069,1,4.0,1.989151578998614,November-December 2022
22,Random Forest,2022-12-25T18:00:00+00:00,32,1,6.0,7.834084129528307,November-December 2022
22,Random Forest,2022-12-25T23:00:00+00:00,59,6,1.5,2.489516660320265,November-December 2022
22,Random Forest,2022-12-26T00:00:00+00:00,59,6,-1.1,2.4348814811416526,November-December 2022
22,Random Forest,2022-12-26T01:00:00+00:00,59,6,6.6,6.991881300242906,November-December 2022
22,Random Forest,2022-12-26T02:00:00+00:00,59,6,3.8,11.90485002894953,November-December 2022
22,Random Forest,2022-12-26T03:00:00+00:00,59,6,2.0,15.342164555930191,November-December 2022
22,Random Forest,2022-12-26T04:00:00+00:00,59,6,5.9,17.67050862158675,November-December 2022
22,Random Forest,2022-12-25T10:00:00+00:00,1069,1,19.0,23.82367178481241,November-December 2022
22,Random Forest,2022-12-26T23:00:00+00:00,32,3,2.0,2.459781514423029,November-December 2022
22,Random Forest,2022-12-27T00:00:00+00:00,32,3,1.0,3.625672149096781,November-December 2022
22,Random Forest,2022-12-27T01:00:00+00:00,32,3,6.0,5.795692434610904,November-December 2022
22,Random Forest,2022-12-26T20:00:00+00:00,59,3,0.4,3.590328546716365,November-December 2022
22,Random Forest,2022-12-26T21:00:00+00:00,59,3,4.0,2.2690016222037697,November-December 2022
22,Random Forest,2022-12-26T22:00:00+00:00,59,3,4.8,2.5312827007832626,November-December 2022
22,Random Forest,2022-12-26T08:00:00+00:00,1069,6,28.0,23.89891167513042,November-December 2022
22,Random Forest,2022-12-26T09:00:00+00:00,1069,6,25.0,22.021437659562658,November-December 2022
22,Random Forest,2022-12-26T10:00:00+00:00,1069,6,17.0,20.76069140234765,November-December 2022
22,Random Forest,2022-12-26T11:00:00+00:00,1069,6,18.0,17.746540018066163,November-December 2022
22,Random Forest,2022-12-26T12:00:00+00:00,1069,6,21.0,11.749987759020907,November-December 2022
22,Random Forest,2022-12-26T13:00:00+00:00,1069,6,8.0,10.100915730572735,November-December 2022
22,Random Forest,2022-12-27T10:00:00+00:00,32,1,3.0,6.071276022538308,November-December 2022
22,Random Forest,2022-12-28T01:00:00+00:00,59,3,5.9,2.741996022808103,November-December 2022
22,Random Forest,2022-12-28T02:00:00+00:00,59,3,4.3,2.278375253442174,November-December 2022
22,Random Forest,2022-12-28T03:00:00+00:00,59,3,3.1,2.483118631391064,November-December 2022
22,Random Forest,2022-12-27T08:00:00+00:00,1069,3,-1.0,5.024039847565323,November-December 2022
22,Random Forest,2022-12-27T09:00:00+00:00,1069,3,1.0,5.663914312603137,November-December 2022
22,Random Forest,2022-12-27T10:00:00+00:00,1069,3,5.0,6.995676371487313,November-December 2022
22,Random Forest,2022-12-28T13:00:00+00:00,32,6,4.0,10.588859083479573,November-December 2022
22,Random Forest,2022-12-28T14:00:00+00:00,32,6,3.0,12.983837453130675,November-December 2022
22,Random Forest,2022-12-28T15:00:00+00:00,32,6,21.0,13.24965155329872,November-December 2022
22,Random Forest,2022-12-28T16:00:00+00:00,32,6,9.0,11.394397348775907,November-December 2022
22,Random Forest,2022-12-28T17:00:00+00:00,32,6,8.0,11.965224651928514,November-December 2022
22,Random Forest,2022-12-28T18:00:00+00:00,32,6,7.0,9.54748881794974,November-December 2022
22,Random Forest,2022-12-28T07:00:00+00:00,59,6,2.5,3.1064543623254126,November-December 2022
22,Random Forest,2022-12-28T08:00:00+00:00,59,6,2.3,3.7273940317218326,November-December 2022
22,Random Forest,2022-12-28T09:00:00+00:00,59,6,2.5,4.227664071866576,November-December 2022
22,Random Forest,2022-12-28T10:00:00+00:00,59,6,1.2,4.76849576192928,November-December 2022
22,Random Forest,2022-12-28T11:00:00+00:00,59,6,3.4,5.496907043455715,November-December 2022
22,Random Forest,2022-12-28T12:00:00+00:00,59,6,3.3,4.933780867628271,November-December 2022
22,Random Forest,2022-12-28T12:00:00+00:00,1069,1,17.0,8.471470182828456,November-December 2022
22,Random Forest,2022-12-29T11:00:00+00:00,32,1,9.0,9.5374543417462,November-December 2022
22,Random Forest,2022-12-29T22:00:00+00:00,59,3,10.1,9.021685963927569,November-December 2022
22,Random Forest,2022-12-29T23:00:00+00:00,59,3,10.8,8.068664093866362,November-December 2022
22,Random Forest,2022-12-30T00:00:00+00:00,59,3,8.3,5.18717544452913,November-December 2022
22,Random Forest,2022-12-29T08:00:00+00:00,1069,1,10.0,8.832971073152075,November-December 2022
22,Random Forest,2022-12-30T09:00:00+00:00,32,3,2.0,4.6369852989747296,November-December 2022
22,Random Forest,2022-12-30T10:00:00+00:00,32,3,7.0,4.868075247870814,November-December 2022
22,Random Forest,2022-12-30T11:00:00+00:00,32,3,2.0,5.049538259375178,November-December 2022
22,Random Forest,2022-12-30T16:00:00+00:00,59,6,8.2,4.408489290850065,November-December 2022
22,Random Forest,2022-12-30T17:00:00+00:00,59,6,2.7,3.411378709498289,November-December 2022
22,Random Forest,2022-12-30T18:00:00+00:00,59,6,2.9,2.3708888952665417,November-December 2022
22,Random Forest,2022-12-30T19:00:00+00:00,59,6,1.3,2.444493315615021,November-December 2022
22,Random Forest,2022-12-30T20:00:00+00:00,59,6,1.3,2.03212445065179,November-December 2022
22,Random Forest,2022-12-30T21:00:00+00:00,59,6,2.4,2.6673554834810558,November-December 2022
22,Random Forest,2022-12-30T10:00:00+00:00,1069,6,6.0,5.223415477713845,November-December 2022
22,Random Forest,2022-12-30T11:00:00+00:00,1069,6,9.0,4.536594732262069,November-December 2022
22,Random Forest,2022-12-30T12:00:00+00:00,1069,6,9.0,5.826364791332384,November-December 2022
22,Random Forest,2022-12-30T13:00:00+00:00,1069,6,8.0,5.44460384253344,November-December 2022
22,Random Forest,2022-12-30T14:00:00+00:00,1069,6,6.0,6.492883397640254,November-December 2022
22,Random Forest,2022-12-30T15:00:00+00:00,1069,6,13.0,6.657063561028133,November-December 2022
22,Random Forest,2022-12-31T17:00:00+00:00,32,3,4.0,7.757132873662788,November-December 2022
22,Random Forest,2022-12-31T18:00:00+00:00,32,3,4.0,5.068915251932748,November-December 2022
22,Random Forest,2022-12-31T19:00:00+00:00,32,3,4.0,4.334849006331599,November-December 2022
22,Random Forest,2022-12-31T07:00:00+00:00,59,6,10.5,8.76603285494707,November-December 2022
22,Random Forest,2022-12-31T08:00:00+00:00,59,6,9.9,9.982263268951757,November-December 2022
22,Random Forest,2022-12-31T09:00:00+00:00,59,6,7.7,8.796169003151558,November-December 2022
22,Random Forest,2022-12-31T10:00:00+00:00,59,6,10.8,7.202573626027029,November-December 2022
22,Random Forest,2022-12-31T11:00:00+00:00,59,6,7.0,5.815092938106249,November-December 2022
22,Random Forest,2022-12-31T12:00:00+00:00,59,6,4.2,6.254284640621782,November-December 2022
22,Random Forest,2022-12-31T10:00:00+00:00,1069,3,13.0,10.374820042709056,November-December 2022
22,Random Forest,2022-12-31T11:00:00+00:00,1069,3,12.0,7.731068153853354,November-December 2022
22,Random Forest,2022-12-31T12:00:00+00:00,1069,3,13.0,7.056065662295914,November-December 2022
33,Random Forest,2022-11-01T18:00:00+00:00,32,6,2.0,7.366527667104438,November-December 2022
33,Random Forest,2022-11-01T19:00:00+00:00,32,6,8.0,5.815971685345953,November-December 2022
33,Random Forest,2022-11-01T20:00:00+00:00,32,6,11.0,3.228580960887991,November-December 2022
33,Random Forest,2022-11-01T21:00:00+00:00,32,6,2.0,3.717176798155759,November-December 2022
33,Random Forest,2022-11-01T22:00:00+00:00,32,6,3.0,2.934494553654319,November-December 2022
33,Random Forest,2022-11-01T23:00:00+00:00,32,6,2.0,3.1095893628301443,November-December 2022
33,Random Forest,2022-11-01T18:00:00+00:00,59,3,2.3,5.437798550490311,November-December 2022
33,Random Forest,2022-11-01T19:00:00+00:00,59,3,5.1,3.850661715590332,November-December 2022
33,Random Forest,2022-11-01T20:00:00+00:00,59,3,-0.2,3.012556398102108,November-December 2022
33,Random Forest,2022-11-01T22:00:00+00:00,1069,6,1.0,3.0703692152771884,November-December 2022
33,Random Forest,2022-11-01T23:00:00+00:00,1069,6,0.0,2.5922900813427465,November-December 2022
33,Random Forest,2022-11-02T00:00:00+00:00,1069,6,-1.0,2.362757009925571,November-December 2022
33,Random Forest,2022-11-02T01:00:00+00:00,1069,6,3.0,1.98837995458706,November-December 2022
33,Random Forest,2022-11-02T02:00:00+00:00,1069,6,3.0,2.515512099732233,November-December 2022
33,Random Forest,2022-11-02T03:00:00+00:00,1069,6,-1.0,3.906369926411695,November-December 2022
33,Random Forest,2022-11-02T12:00:00+00:00,32,1,10.0,6.830797330906206,November-December 2022
33,Random Forest,2022-11-02T18:00:00+00:00,59,3,10.4,9.673778806429164,November-December 2022
33,Random Forest,2022-11-02T19:00:00+00:00,59,3,8.9,9.765950758117713,November-December 2022
33,Random Forest,2022-11-02T20:00:00+00:00,59,3,5.3,8.48320303765957,November-December 2022
33,Random Forest,2022-11-02T14:00:00+00:00,1069,1,11.0,7.397546143540812,November-December 2022
33,Random Forest,2022-11-03T19:00:00+00:00,32,6,10.0,9.106465604534854,November-December 2022
33,Random Forest,2022-11-03T20:00:00+00:00,32,6,12.0,8.122132346105008,November-December 2022
33,Random Forest,2022-11-03T21:00:00+00:00,32,6,10.0,6.909757082374776,November-December 2022
33,Random Forest,2022-11-03T22:00:00+00:00,32,6,2.0,5.748459318182514,November-December 2022
33,Random Forest,2022-11-03T23:00:00+00:00,32,6,3.0,4.648788342652102,November-December 2022
33,Random Forest,2022-11-04T00:00:00+00:00,32,6,2.0,4.198202986289435,November-December 2022
33,Random Forest,2022-11-03T19:00:00+00:00,59,6,8.4,7.646017077686949,November-December 2022
33,Random Forest,2022-11-03T20:00:00+00:00,59,6,1.4,6.670045123927875,November-December 2022
33,Random Forest,2022-11-03T21:00:00+00:00,59,6,3.0,5.932306783915832,November-December 2022
33,Random Forest,2022-11-03T22:00:00+00:00,59,6,2.7,5.756952677775884,November-December 2022
33,Random Forest,2022-11-03T23:00:00+00:00,59,6,5.8,4.541848250311239,November-December 2022
33,Random Forest,2022-11-04T00:00:00+00:00,59,6,0.1,3.617358922534488,November-December 2022
33,Random Forest,2022-11-03T09:00:00+00:00,1069,3,14.0,16.06271183594485,November-December 2022
33,Random Forest,2022-11-03T10:00:00+00:00,1069,3,13.0,14.17441944253425,November-December 2022
33,Random Forest,2022-11-03T11:00:00+00:00,1069,3,13.0,12.713948449419457,November-December 2022
33,Random Forest,2022-11-04T15:00:00+00:00,32,6,8.0,5.847175687670758,November-December 2022
33,Random Forest,2022-11-04T16:00:00+00:00,32,6,4.0,6.055372522026572,November-December 2022
33,Random Forest,2022-11-04T17:00:00+00:00,32,6,8.0,6.813203109586435,November-December 2022
33,Random Forest,2022-11-04T18:00:00+00:00,32,6,9.0,6.092859154915296,November-December 2022
33,Random Forest,2022-11-04T19:00:00+00:00,32,6,12.0,6.246232969323865,November-December 2022
33,Random Forest,2022-11-04T20:00:00+00:00,32,6,10.0,6.800677110090616,November-December 2022
33,Random Forest,2022-11-04T11:00:00+00:00,59,3,6.1,4.0875958375662425,November-December 2022
33,Random Forest,2022-11-04T12:00:00+00:00,59,3,5.8,4.029340075500027,November-December 2022
33,Random Forest,2022-11-04T13:00:00+00:00,59,3,4.3,4.594392475705579,November-December 2022
33,Random Forest,2022-11-04T07:00:00+00:00,1069,3,6.0,4.167879398489125,November-December 2022
33,Random Forest,2022-11-04T08:00:00+00:00,1069,3,2.0,4.602467339072898,November-December 2022
33,Random Forest,2022-11-04T09:00:00+00:00,1069,3,8.0,6.020473135953888,November-December 2022
33,Random Forest,2022-11-05T09:00:00+00:00,32,1,2.0,2.245285423741008,November-December 2022
33,Random Forest,2022-11-05T12:00:00+00:00,59,6,0.1,2.427276916254116,November-December 2022
33,Random Forest,2022-11-05T13:00:00+00:00,59,6,0.3,3.255074420718084,November-December 2022
33,Random Forest,2022-11-05T14:00:00+00:00,59,6,0.0,4.1218000460773565,November-December 2022
33,Random Forest,2022-11-05T15:00:00+00:00,59,6,7.1,4.215321824267931,November-December 2022
33,Random Forest,2022-11-05T16:00:00+00:00,59,6,3.2,3.8067638820622336,November-December 2022
33,Random Forest,2022-11-05T17:00:00+00:00,59,6,3.8,2.795352112670252,November-December 2022
33,Random Forest,2022-11-05T07:00:00+00:00,1069,1,1.0,2.512801797565312,November-December 2022
33,Random Forest,2022-11-06T20:00:00+00:00,32,6,12.0,9.224547306802908,November-December 2022
33,Random Forest,2022-11-06T21:00:00+00:00,32,6,6.0,7.890311697600555,November-December 2022
33,Random Forest,2022-11-06T22:00:00+00:00,32,6,1.0,7.27650157618739,November-December 2022
33,Random Forest,2022-11-06T23:00:00+00:00,32,6,-5.0,4.422637731385929,November-December 2022
33,Random Forest,2022-11-07T00:00:00+00:00,32,6,3.0,7.144429744543629,November-December 2022
33,Random Forest,2022-11-07T01:00:00+00:00,32,6,9.0,5.666944007877548,November-December 2022
33,Random Forest,2022-11-07T00:00:00+00:00,59,1,4.2,3.8214868111178304,November-December 2022
33,Random Forest,2022-11-06T07:00:00+00:00,1069,3,6.0,4.539718915802579,November-December 2022
33,Random Forest,2022-11-06T08:00:00+00:00,1069,3,9.0,3.7220827141231694,November-December 2022
33,Random Forest,2022-11-06T09:00:00+00:00,1069,3,6.0,5.434457185883639,November-December 2022
33,Random Forest,2022-11-07T18:00:00+00:00,32,1,6.0,7.668921854336285,November-December 2022
33,Random Forest,2022-11-07T14:00:00+00:00,59,6,5.4,5.729534122544788,November-December 2022
33,Random Forest,2022-11-07T15:00:00+00:00,59,6,5.6,5.055770022491429,November-December 2022
33,Random Forest,2022-11-07T16:00:00+00:00,59,6,3.6,6.6183130890445865,November-December 2022
33,Random Forest,2022-11-07T17:00:00+00:00,59,6,1.5,8.058652367719962,November-December 2022
33,Random Forest,2022-11-07T18:00:00+00:00,59,6,7.0,6.285723971131043,November-December 2022
33,Random Forest,2022-11-07T19:00:00+00:00,59,6,2.1,6.202541683927498,November-December 2022
33,Random Forest,2022-11-07T15:00:00+00:00,1069,1,9.0,8.137116561243994,November-December 2022
33,Random Forest,2022-11-08T08:00:00+00:00,32,6,1.0,2.6464779266924814,November-December 2022
33,Random Forest,2022-11-08T09:00:00+00:00,32,6,2.0,3.451026906134852,November-December 2022
33,Random Forest,2022-11-08T10:00:00+00:00,32,6,4.0,3.4792839191670524,November-December 2022
33,Random Forest,2022-11-08T11:00:00+00:00,32,6,0.0,3.847285228986499,November-December 2022
33,Random Forest,2022-11-08T12:00:00+00:00,32,6,7.0,5.903209665158372,November-December 2022
33,Random Forest,2022-11-08T13:00:00+00:00,32,6,8.0,5.6767657665601226,November-December 2022
33,Random Forest,2022-11-09T01:00:00+00:00,59,3,5.2,2.767922195835189,November-December 2022
33,Random Forest,2022-11-09T02:00:00+00:00,59,3,3.2,3.560608288638946,November-December 2022
33,Random Forest,2022-11-09T03:00:00+00:00,59,3,5.2,3.981391199009768,November-December 2022
33,Random Forest,2022-11-08T11:00:00+00:00,1069,3,3.0,3.720710481422959,November-December 2022
33,Random Forest,2022-11-08T12:00:00+00:00,1069,3,4.0,4.1694692514012015,November-December 2022
33,Random Forest,2022-11-08T13:00:00+00:00,1069,3,5.0,6.312742243008463,November-December 2022
33,Random Forest,2022-11-10T03:00:00+00:00,32,1,4.0,3.993555335097817,November-December 2022
33,Random Forest,2022-11-09T15:00:00+00:00,59,3,7.9,5.608130032135085,November-December 2022
33,Random Forest,2022-11-09T16:00:00+00:00,59,3,9.2,6.657925075028738,November-December 2022
33,Random Forest,2022-11-09T17:00:00+00:00,59,3,6.5,5.980733619113918,November-December 2022
33,Random Forest,2022-11-09T11:00:00+00:00,1069,1,2.0,5.49044379749092,November-December 2022
33,Random Forest,2022-11-10T12:00:00+00:00,32,3,6.0,3.97080398272984,November-December 2022
33,Random Forest,2022-11-10T13:00:00+00:00,32,3,8.0,4.230789517746733,November-December 2022
33,Random Forest,2022-11-10T14:00:00+00:00,32,3,7.0,5.4060505291533,November-December 2022
33,Random Forest,2022-11-10T12:00:00+00:00,59,1,3.9,3.554412696015935,November-December 2022
33,Random Forest,2022-11-11T00:00:00+00:00,1069,1,5.0,2.338716906979351,November-December 2022
33,Random Forest,2022-11-11T13:00:00+00:00,32,3,2.0,6.227637231491041,November-December 2022
33,Random Forest,2022-11-11T14:00:00+00:00,32,3,5.0,5.1635706818042895,November-December 2022
33,Random Forest,2022-11-11T15:00:00+00:00,32,3,10.0,6.685632192605203,November-December 2022
33,Random Forest,2022-11-12T00:00:00+00:00,59,3,1.5,2.131177467214394,November-December 2022
33,Random Forest,2022-11-12T01:00:00+00:00,59,3,3.3,1.9275316152349784,November-December 2022
33,Random Forest,2022-11-12T02:00:00+00:00,59,3,1.6,1.4433726710577546,November-December 2022
33,Random Forest,2022-11-11T10:00:00+00:00,1069,3,1.0,4.819298855871133,November-December 2022
33,Random Forest,2022-11-11T11:00:00+00:00,1069,3,3.0,5.0033196273139975,November-December 2022
33,Random Forest,2022-11-11T12:00:00+00:00,1069,3,4.0,6.369456062726174,November-December 2022
33,Random Forest,2022-11-12T13:00:00+00:00,32,1,5.0,2.52817987218248,November-December 2022
33,Random Forest,2022-11-12T18:00:00+00:00,59,1,-1.9,2.1803635179936687,November-December 2022
33,Random Forest,2022-11-12T19:00:00+00:00,1069,6,3.0,2.9046869333272687,November-December 2022
33,Random Forest,2022-11-12T20:00:00+00:00,1069,6,1.0,2.827747370993892,November-December 2022
33,Random Forest,2022-11-12T21:00:00+00:00,1069,6,4.0,2.934624698436772,November-December 2022
33,Random Forest,2022-11-12T22:00:00+00:00,1069,6,1.0,2.6081594719027126,November-December 2022
33,Random Forest,2022-11-12T23:00:00+00:00,1069,6,-3.0,1.120762635538033,November-December 2022
33,Random Forest,2022-11-13T00:00:00+00:00,1069,6,-3.0,1.1170911398716254,November-December 2022
33,Random Forest,2022-11-13T19:00:00+00:00,32,6,4.0,5.308197005514306,November-December 2022
33,Random Forest,2022-11-13T20:00:00+00:00,32,6,2.0,4.765920352717972,November-December 2022
33,Random Forest,2022-11-13T21:00:00+00:00,32,6,3.0,3.277177504603193,November-December 2022
33,Random Forest,2022-11-13T22:00:00+00:00,32,6,4.0,2.8650227283903464,November-December 2022
33,Random Forest,2022-11-13T23:00:00+00:00,32,6,1.0,2.2662858205383496,November-December 2022
33,Random Forest,2022-11-14T00:00:00+00:00,32,6,1.0,1.9391867837260937,November-December 2022
33,Random Forest,2022-11-13T23:00:00+00:00,59,3,3.0,2.2986074415393856,November-December 2022
33,Random Forest,2022-11-14T00:00:00+00:00,59,3,1.2,1.1194094423865866,November-December 2022
33,Random Forest,2022-11-14T01:00:00+00:00,59,3,3.4,2.42884702994164,November-December 2022
33,Random Forest,2022-11-14T01:00:00+00:00,1069,1,0.0,1.874922190155523,November-December 2022
33,Random Forest,2022-11-14T18:00:00+00:00,32,1,4.0,6.012208237265126,November-December 2022
33,Random Forest,2022-11-14T20:00:00+00:00,59,3,4.1,4.621137845024927,November-December 2022
33,Random Forest,2022-11-14T21:00:00+00:00,59,3,2.5,4.653407355089368,November-December 2022
33,Random Forest,2022-11-14T22:00:00+00:00,59,3,6.0,5.766622066020007,November-December 2022
33,Random Forest,2022-11-14T23:00:00+00:00,1069,1,3.0,3.4941338194963065,November-December 2022
33,Random Forest,2022-11-15T10:00:00+00:00,32,1,2.0,3.268046372088672,November-December 2022
33,Random Forest,2022-11-16T04:00:00+00:00,59,1,2.9,5.639707587148003,November-December 2022
33,Random Forest,2022-11-15T17:00:00+00:00,1069,3,12.0,6.316514716156833,November-December 2022
33,Random Forest,2022-11-15T18:00:00+00:00,1069,3,8.0,5.245344650430708,November-December 2022
33,Random Forest,2022-11-15T19:00:00+00:00,1069,3,7.0,3.9535312911947615,November-December 2022
33,Random Forest,2022-11-16T19:00:00+00:00,32,3,3.0,5.508434121197249,November-December 2022
33,Random Forest,2022-11-16T20:00:00+00:00,32,3,8.0,4.03640241247548,November-December 2022
33,Random Forest,2022-11-16T21:00:00+00:00,32,3,2.0,3.832596783957397,November-December 2022
33,Random Forest,2022-11-16T21:00:00+00:00,59,1,6.3,3.015669208467586,November-December 2022
33,Random Forest,2022-11-16T21:00:00+00:00,1069,3,4.0,4.047179045470143,November-December 2022
33,Random Forest,2022-11-16T22:00:00+00:00,1069,3,-1.0,2.2517851353650946,November-December 2022
33,Random Forest,2022-11-16T23:00:00+00:00,1069,3,0.0,1.2512824503410127,November-December 2022
33,Random Forest,2022-11-17T08:00:00+00:00,32,3,6.0,5.382298544718049,November-December 2022
33,Random Forest,2022-11-17T09:00:00+00:00,32,3,6.0,4.279285546853028,November-December 2022
33,Random Forest,2022-11-17T10:00:00+00:00,32,3,4.0,4.534234513957721,November-December 2022
33,Random Forest,2022-11-17T08:00:00+00:00,59,3,4.7,3.199076517216491,November-December 2022
33,Random Forest,2022-11-17T09:00:00+00:00,59,3,3.6,3.6698052459693633,November-December 2022
33,Random Forest,2022-11-17T10:00:00+00:00,59,3,4.1,3.651091398186804,November-December 2022
33,Random Forest,2022-11-17T12:00:00+00:00,1069,6,6.0,3.9380487185854656,November-December 2022
33,Random Forest,2022-11-17T13:00:00+00:00,1069,6,9.0,6.433090813624906,November-December 2022
33,Random Forest,2022-11-17T14:00:00+00:00,1069,6,13.0,6.587241139566667,November-December 2022
33,Random Forest,2022-11-17T15:00:00+00:00,1069,6,6.0,7.468642305785504,November-December 2022
33,Random Forest,2022-11-17T16:00:00+00:00,1069,6,10.0,6.718339309298983,November-December 2022
33,Random Forest,2022-11-17T17:00:00+00:00,1069,6,5.0,5.614792260181921,November-December 2022
33,Random Forest,2022-11-18T09:00:00+00:00,32,6,4.0,4.192922288350854,November-December 2022
33,Random Forest,2022-11-18T10:00:00+00:00,32,6,6.0,4.634496812465775,November-December 2022
33,Random Forest,2022-11-18T11:00:00+00:00,32,6,6.0,4.568166870339234,November-December 2022
33,Random Forest,2022-11-18T12:00:00+00:00,32,6,9.0,4.352019954260578,November-December 2022
33,Random Forest,2022-11-18T13:00:00+00:00,32,6,8.0,5.688010251621035,November-December 2022
33,Random Forest,2022-11-18T14:00:00+00:00,32,6,8.0,6.084019804352655,November-December 2022
33,Random Forest,2022-11-18T21:00:00+00:00,59,3,4.6,2.595356741949682,November-December 2022
33,Random Forest,2022-11-18T22:00:00+00:00,59,3,4.7,3.4415200101035284,November-December 2022
33,Random Forest,2022-11-18T23:00:00+00:00,59,3,5.7,2.9686326086480763,November-December 2022
33,Random Forest,2022-11-18T16:00:00+00:00,1069,3,7.0,6.017772529607156,November-December 2022
33,Random Forest,2022-11-18T17:00:00+00:00,1069,3,5.0,5.660659268135657,November-December 2022
33,Random Forest,2022-11-18T18:00:00+00:00,1069,3,3.0,4.8923895796627,November-December 2022
33,Random Forest,2022-11-19T10:00:00+00:00,32,6,6.0,5.207026821074107,November-December 2022
33,Random Forest,2022-11-19T11:00:00+00:00,32,6,3.0,4.750717716109428,November-December 2022
33,Random Forest,2022-11-19T12:00:00+00:00,32,6,6.0,5.143413284973188,November-December 2022
33,Random Forest,2022-11-19T13:00:00+00:00,32,6,9.0,4.066879289592993,November-December 2022
33,Random Forest,2022-11-19T14:00:00+00:00,32,6,8.0,4.73042537932087,November-December 2022
33,Random Forest,2022-11-19T15:00:00+00:00,32,6,10.0,4.676877356234799,November-December 2022
33,Random Forest,2022-11-19T13:00:00+00:00,59,6,3.7,3.675124491579802,November-December 2022
33,Random Forest,2022-11-19T14:00:00+00:00,59,6,9.7,3.9038225656258567,November-December 2022
33,Random Forest,2022-11-19T15:00:00+00:00,59,6,3.0,4.403260053601843,November-December 2022
33,Random Forest,2022-11-19T16:00:00+00:00,59,6,3.9,3.9590474137410254,November-December 2022
33,Random Forest,2022-11-19T17:00:00+00:00,59,6,4.7,3.358723334497038,November-December 2022
33,Random Forest,2022-11-19T18:00:00+00:00,59,6,7.1,3.1282559864806307,November-December 2022
33,Random Forest,2022-11-19T11:00:00+00:00,1069,1,4.0,4.968809740504769,November-December 2022
33,Random Forest,2022-11-20T21:00:00+00:00,32,3,0.0,3.412728093198795,November-December 2022
33,Random Forest,2022-11-20T22:00:00+00:00,32,3,5.0,3.364243701361839,November-December 2022
33,Random Forest,2022-11-20T23:00:00+00:00,32,3,4.0,4.154737049144451,November-December 2022
33,Random Forest,2022-11-20T13:00:00+00:00,59,6,2.7,2.4536151609913874,November-December 2022
33,Random Forest,2022-11-20T14:00:00+00:00,59,6,2.1,2.524746918564368,November-December 2022
33,Random Forest,2022-11-20T15:00:00+00:00,59,6,4.0,2.7172778270447027,November-December 2022
33,Random Forest,2022-11-20T16:00:00+00:00,59,6,2.9,3.1700290992626656,November-December 2022
33,Random Forest,2022-11-20T17:00:00+00:00,59,6,2.7,3.028079022350308,November-December 2022
33,Random Forest,2022-11-20T18:00:00+00:00,59,6,4.6,2.836828241255096,November-December 2022
33,Random Forest,2022-11-21T00:00:00+00:00,1069,3,5.0,3.4738120558864813,November-December 2022
33,Random Forest,2022-11-21T01:00:00+00:00,1069,3,5.0,4.207547917646705,November-December 2022
33,Random Forest,2022-11-21T02:00:00+00:00,1069,3,4.0,3.759757070729392,November-December 2022
33,Random Forest,2022-11-21T19:00:00+00:00,32,6,7.0,6.763185165330024,November-December 2022
33,Random Forest,2022-11-21T20:00:00+00:00,32,6,5.0,7.14038183939054,November-December 2022
33,Random Forest,2022-11-21T21:00:00+00:00,32,6,7.0,7.872400192289061,November-December 2022
33,Random Forest,2022-11-21T22:00:00+00:00,32,6,3.0,8.588607744786962,November-December 2022
33,Random Forest,2022-11-21T23:00:00+00:00,32,6,7.0,9.385343303376716,November-December 2022
33,Random Forest,2022-11-22T00:00:00+00:00,32,6,8.0,11.053685139611645,November-December 2022
33,Random Forest,2022-11-21T16:00:00+00:00,59,3,5.7,4.1232498123909,November-December 2022
33,Random Forest,2022-11-21T17:00:00+00:00,59,3,6.5,4.427050412138672,November-December 2022
33,Random Forest,2022-11-21T18:00:00+00:00,59,3,7.0,5.942287413981788,November-December 2022
33,Random Forest,2022-11-21T21:00:00+00:00,1069,3,6.0,7.059643715523923,November-December 2022
33,Random Forest,2022-11-21T22:00:00+00:00,1069,3,10.0,7.309305725386418,November-December 2022
33,Random Forest,2022-11-21T23:00:00+00:00,1069,3,8.0,6.477316113968148,November-December 2022
33,Random Forest,2022-11-22T23:00:00+00:00,32,6,11.0,6.712797820358628,November-December 2022
33,Random Forest,2022-11-23T00:00:00+00:00,32,6,12.0,6.4568119913282445,November-December 2022
33,Random Forest,2022-11-23T01:00:00+00:00,32,6,9.0,6.134898177573748,November-December 2022
33,Random Forest,2022-11-23T02:00:00+00:00,32,6,13.0,6.122692573925818,November-December 2022
33,Random Forest,2022-11-23T03:00:00+00:00,32,6,9.0,6.618521607729939,November-December 2022
33,Random Forest,2022-11-23T04:00:00+00:00,32,6,6.0,6.346418932132205,November-December 2022
33,Random Forest,2022-11-22T19:00:00+00:00,59,6,1.5,4.903538676012925,November-December 2022
33,Random Forest,2022-11-22T20:00:00+00:00,59,6,1.5,5.340384461696113,November-December 2022
33,Random Forest,2022-11-22T21:00:00+00:00,59,6,3.1,7.087293994371391,November-December 2022
33,Random Forest,2022-11-22T22:00:00+00:00,59,6,3.2,6.564157611379521,November-December 2022
33,Random Forest,2022-11-22T23:00:00+00:00,59,6,3.3,6.478042105045202,November-December 2022
33,Random Forest,2022-11-23T00:00:00+00:00,59,6,5.6,6.708635000292766,November-December 2022
33,Random Forest,2022-11-22T16:00:00+00:00,1069,1,11.0,10.473802092165643,November-December 2022
33,Random Forest,2022-11-23T13:00:00+00:00,32,6,7.0,10.43908048492715,November-December 2022
33,Random Forest,2022-11-23T14:00:00+00:00,32,6,13.0,11.040355315833782,November-December 2022
33,Random Forest,2022-11-23T15:00:00+00:00,32,6,10.0,10.89263062465056,November-December 2022
33,Random Forest,2022-11-23T16:00:00+00:00,32,6,11.0,10.963220228798804,November-December 2022
33,Random Forest,2022-11-23T17:00:00+00:00,32,6,15.0,11.73919573170021,November-December 2022
33,Random Forest,2022-11-23T18:00:00+00:00,32,6,13.0,12.304525354144356,November-December 2022
33,Random Forest,2022-11-24T00:00:00+00:00,59,3,9.7,14.616624153391498,November-December 2022
33,Random Forest,2022-11-24T01:00:00+00:00,59,3,7.5,15.58384887280216,November-December 2022
33,Random Forest,2022-11-24T02:00:00+00:00,59,3,8.9,16.149370995324112,November-December 2022
33,Random Forest,2022-11-23T19:00:00+00:00,1069,3,12.0,12.470505237878909,November-December 2022
33,Random Forest,2022-11-23T20:00:00+00:00,1069,3,7.0,13.891181552869238,November-December 2022
33,Random Forest,2022-11-23T21:00:00+00:00,1069,3,11.0,11.383481222231271,November-December 2022
33,Random Forest,2022-11-24T20:00:00+00:00,32,3,-1.0,6.948291918175793,November-December 2022
33,Random Forest,2022-11-24T21:00:00+00:00,32,3,8.0,5.358106825624123,November-December 2022
33,Random Forest,2022-11-24T22:00:00+00:00,32,3,6.0,3.648682030751142,November-December 2022
33,Random Forest,2022-11-24T10:00:00+00:00,59,1,8.9,7.100158297258233,November-December 2022
33,Random Forest,2022-11-24T16:00:00+00:00,1069,1,7.0,6.033999538350404,November-December 2022
33,Random Forest,2022-11-25T07:00:00+00:00,32,6,-1.0,2.827935260274984,November-December 2022
33,Random Forest,2022-11-25T08:00:00+00:00,32,6,0.0,4.268831079869159,November-December 2022
33,Random Forest,2022-11-25T09:00:00+00:00,32,6,0.0,4.275587493219208,November-December 2022
33,Random Forest,2022-11-25T10:00:00+00:00,32,6,1.0,3.918930932139235,November-December 2022
33,Random Forest,2022-11-25T11:00:00+00:00,32,6,1.0,3.725263680944572,November-December 2022
33,Random Forest,2022-11-25T12:00:00+00:00,32,6,2.0,3.5261658173101997,November-December 2022
33,Random Forest,2022-11-25T16:00:00+00:00,59,6,4.7,2.695493197661909,November-December 2022
33,Random Forest,2022-11-25T17:00:00+00:00,59,6,2.0,2.899036536772535,November-December 2022
33,Random Forest,2022-11-25T18:00:00+00:00,59,6,3.2,3.175266275522416,November-December 2022
33,Random Forest,2022-11-25T19:00:00+00:00,59,6,4.2,2.2685608752317163,November-December 2022
33,Random Forest,2022-11-25T20:00:00+00:00,59,6,0.6,2.8293543942520123,November-December 2022
33,Random Forest,2022-11-25T21:00:00+00:00,59,6,2.1,3.191954318763467,November-December 2022
33,Random Forest,2022-11-25T07:00:00+00:00,1069,6,0.0,1.9738557517865671,November-December 2022
33,Random Forest,2022-11-25T08:00:00+00:00,1069,6,-1.0,4.282731981996941,November-December 2022
33,Random Forest,2022-11-25T09:00:00+00:00,1069,6,2.0,5.278075553101107,November-December 2022
33,Random Forest,2022-11-25T10:00:00+00:00,1069,6,-3.0,4.895760321274493,November-December 2022
33,Random Forest,2022-11-25T11:00:00+00:00,1069,6,-1.0,4.185399240401642,November-December 2022
33,Random Forest,2022-11-25T12:00:00+00:00,1069,6,-1.0,3.765076284571895,November-December 2022
33,Random Forest,2022-11-26T21:00:00+00:00,32,1,-1.0,2.435734386955801,November-December 2022
33,Random Forest,2022-11-26T10:00:00+00:00,59,1,-3.6,2.1207607239538144,November-December 2022
33,Random Forest,2022-11-26T08:00:00+00:00,1069,3,0.0,1.1703081416175736,November-December 2022
33,Random Forest,2022-11-26T09:00:00+00:00,1069,3,0.0,3.015711842198311,November-December 2022
33,Random Forest,2022-11-26T10:00:00+00:00,1069,3,1.0,3.833072171726252,November-December 2022
33,Random Forest,2022-11-27T10:00:00+00:00,32,3,2.0,4.79157484041884,November-December 2022
33,Random Forest,2022-11-27T11:00:00+00:00,32,3,4.0,5.110009331847947,November-December 2022
33,Random Forest,2022-11-27T12:00:00+00:00,32,3,4.0,7.062474936757691,November-December 2022
33,Random Forest,2022-11-27T16:00:00+00:00,59,1,3.9,5.381892062719392,November-December 2022
33,Random Forest,2022-11-27T16:00:00+00:00,1069,3,12.0,8.981736788526149,November-December 2022
33,Random Forest,2022-11-27T17:00:00+00:00,1069,3,10.0,8.756159378907448,November-December 2022
33,Random Forest,2022-11-27T18:00:00+00:00,1069,3,6.0,5.301230355356787,November-December 2022
33,Random Forest,2022-11-28T12:00:00+00:00,32,3,6.0,7.019891451271748,November-December 2022
33,Random Forest,2022-11-28T13:00:00+00:00,32,3,4.0,9.707717751349724,November-December 2022
33,Random Forest,2022-11-28T14:00:00+00:00,32,3,2.0,9.646407004442269,November-December 2022
33,Random Forest,2022-11-28T19:00:00+00:00,59,3,6.5,5.457628605336213,November-December 2022
33,Random Forest,2022-11-28T20:00:00+00:00,59,3,4.6,6.277866855067042,November-December 2022
33,Random Forest,2022-11-28T21:00:00+00:00,59,3,4.4,4.282520321054423,November-December 2022
33,Random Forest,2022-11-28T20:00:00+00:00,1069,1,4.0,6.714573606151918,November-December 2022
33,Random Forest,2022-11-29T11:00:00+00:00,32,1,9.0,10.26600352533383,November-December 2022
33,Random Forest,2022-11-29T14:00:00+00:00,59,3,9.2,10.5156709984037,November-December 2022
33,Random Forest,2022-11-29T15:00:00+00:00,59,3,13.7,10.99292564401641,November-December 2022
33,Random Forest,2022-11-29T16:00:00+00:00,59,3,11.4,10.965718846318175,November-December 2022
33,Random Forest,2022-11-30T01:00:00+00:00,1069,3,10.0,9.183036582834903,November-December 2022
33,Random Forest,2022-11-30T02:00:00+00:00,1069,3,12.0,9.3857970944799,November-December 2022
33,Random Forest,2022-11-30T03:00:00+00:00,1069,3,13.0,9.80743778466864,November-December 2022
33,Random Forest,2022-11-30T19:00:00+00:00,32,6,0.0,2.8858651148009757,November-December 2022
33,Random Forest,2022-11-30T20:00:00+00:00,32,6,5.0,2.72932749230805,November-December 2022
33,Random Forest,2022-11-30T21:00:00+00:00,32,6,1.0,2.831789329766581,November-December 2022
33,Random Forest,2022-11-30T22:00:00+00:00,32,6,2.0,2.481834060788555,November-December 2022
33,Random Forest,2022-11-30T23:00:00+00:00,32,6,0.0,1.242000078003839,November-December 2022
33,Random Forest,2022-12-01T00:00:00+00:00,32,6,1.0,1.8873504744787264,November-December 2022
33,Random Forest,2022-12-01T00:00:00+00:00,59,1,0.6,1.0112995552590571,November-December 2022
33,Random Forest,2022-11-30T22:00:00+00:00,1069,1,1.0,1.993804181088377,November-December 2022
33,Random Forest,2022-12-01T21:00:00+00:00,32,1,7.0,5.99927235411343,November-December 2022
33,Random Forest,2022-12-02T00:00:00+00:00,59,3,4.9,6.148952690418257,November-December 2022
33,Random Forest,2022-12-02T01:00:00+00:00,59,3,5.5,5.9093772344986615,November-December 2022
33,Random Forest,2022-12-02T02:00:00+00:00,59,3,4.3,7.291780910460166,November-December 2022
33,Random Forest,2022-12-01T07:00:00+00:00,1069,1,5.0,2.7082141040946857,November-December 2022
33,Random Forest,2022-12-02T18:00:00+00:00,32,3,7.0,7.358252084858107,November-December 2022
33,Random Forest,2022-12-02T19:00:00+00:00,32,3,5.0,7.0045086806066506,November-December 2022
33,Random Forest,2022-12-02T20:00:00+00:00,32,3,2.0,6.090397870970482,November-December 2022
33,Random Forest,2022-12-03T00:00:00+00:00,59,3,4.7,5.439676208050721,November-December 2022
33,Random Forest,2022-12-03T01:00:00+00:00,59,3,8.7,6.748161890359633,November-December 2022
33,Random Forest,2022-12-03T02:00:00+00:00,59,3,3.9,6.407093046966613,November-December 2022
33,Random Forest,2022-12-02T16:00:00+00:00,1069,6,13.0,8.537922389287083,November-December 2022
33,Random Forest,2022-12-02T17:00:00+00:00,1069,6,12.0,9.364691165476508,November-December 2022
33,Random Forest,2022-12-02T18:00:00+00:00,1069,6,10.0,9.684038866998552,November-December 2022
33,Random Forest,2022-12-02T19:00:00+00:00,1069,6,9.0,7.148562865174091,November-December 2022
33,Random Forest,2022-12-02T20:00:00+00:00,1069,6,7.0,6.537938320678708,November-December 2022
33,Random Forest,2022-12-02T21:00:00+00:00,1069,6,8.0,5.242621664083525,November-December 2022
33,Random Forest,2022-12-03T07:00:00+00:00,32,3,3.0,4.553177326318428,November-December 2022
33,Random Forest,2022-12-03T08:00:00+00:00,32,3,1.0,4.608953375829001,November-December 2022
33,Random Forest,2022-12-03T09:00:00+00:00,32,3,-2.0,4.221171757160333,November-December 2022
33,Random Forest,2022-12-04T03:00:00+00:00,59,1,6.3,3.636781085465858,November-December 2022
33,Random Forest,2022-12-03T19:00:00+00:00,1069,6,9.0,4.401892905852337,November-December 2022
33,Random Forest,2022-12-03T20:00:00+00:00,1069,6,6.0,5.552539029349097,November-December 2022
33,Random Forest,2022-12-03T21:00:00+00:00,1069,6,5.0,5.9253612848860815,November-December 2022
33,Random Forest,2022-12-03T22:00:00+00:00,1069,6,5.0,4.475056762527191,November-December 2022
33,Random Forest,2022-12-03T23:00:00+00:00,1069,6,6.0,2.5827818098048136,November-December 2022
33,Random Forest,2022-12-04T00:00:00+00:00,1069,6,2.0,3.0118854325531776,November-December 2022
33,Random Forest,2022-12-04T14:00:00+00:00,32,3,-1.0,6.742019250781041,November-December 2022
33,Random Forest,2022-12-04T15:00:00+00:00,32,3,4.0,5.662058870471849,November-December 2022
33,Random Forest,2022-12-04T16:00:00+00:00,32,3,4.0,6.575598744086603,November-December 2022
33,Random Forest,2022-12-04T10:00:00+00:00,59,6,3.4,5.479572337631563,November-December 2022
33,Random Forest,2022-12-04T11:00:00+00:00,59,6,7.5,5.081120752387121,November-December 2022
33,Random Forest,2022-12-04T12:00:00+00:00,59,6,3.6,5.586961798126619,November-December 2022
33,Random Forest,2022-12-04T13:00:00+00:00,59,6,6.2,5.44684950546541,November-December 2022
33,Random Forest,2022-12-04T14:00:00+00:00,59,6,2.6,5.167742278766821,November-December 2022
33,Random Forest,2022-12-04T15:00:00+00:00,59,6,3.7,5.010615460394032,November-December 2022
33,Random Forest,2022-12-04T07:00:00+00:00,1069,6,5.0,4.508102629862962,November-December 2022
33,Random Forest,2022-12-04T08:00:00+00:00,1069,6,5.0,5.02879272600156,November-December 2022
33,Random Forest,2022-12-04T09:00:00+00:00,1069,6,4.0,5.865565598259275,November-December 2022
33,Random Forest,2022-12-04T10:00:00+00:00,1069,6,5.0,7.075969537828307,November-December 2022
33,Random Forest,2022-12-04T11:00:00+00:00,1069,6,5.0,5.929550360456574,November-December 2022
33,Random Forest,2022-12-04T12:00:00+00:00,1069,6,4.0,6.645740541349364,November-December 2022
33,Random Forest,2022-12-06T03:00:00+00:00,32,1,4.0,4.545000533118516,November-December 2022
33,Random Forest,2022-12-05T22:00:00+00:00,59,6,6.5,5.871218566629741,November-December 2022
33,Random Forest,2022-12-05T23:00:00+00:00,59,6,6.9,4.238739269481375,November-December 2022
33,Random Forest,2022-12-06T00:00:00+00:00,59,6,4.4,4.272906927713881,November-December 2022
33,Random Forest,2022-12-06T01:00:00+00:00,59,6,3.5,4.679106206901324,November-December 2022
33,Random Forest,2022-12-06T02:00:00+00:00,59,6,6.6,3.664632459877279,November-December 2022
33,Random Forest,2022-12-06T03:00:00+00:00,59,6,4.2,3.373077492963637,November-December 2022
33,Random Forest,2022-12-05T09:00:00+00:00,1069,3,16.0,19.38144020562772,November-December 2022
33,Random Forest,2022-12-05T10:00:00+00:00,1069,3,16.0,20.76785732323232,November-December 2022
33,Random Forest,2022-12-05T11:00:00+00:00,1069,3,15.0,22.24049030483405,November-December 2022
33,Random Forest,2022-12-06T10:00:00+00:00,32,1,4.0,7.640586540625866,November-December 2022
33,Random Forest,2022-12-06T21:00:00+00:00,59,3,8.0,7.679815286556168,November-December 2022
33,Random Forest,2022-12-06T22:00:00+00:00,59,3,7.0,7.004899069691369,November-December 2022
33,Random Forest,2022-12-06T23:00:00+00:00,59,3,3.9,5.590087244218081,November-December 2022
33,Random Forest,2022-12-06T09:00:00+00:00,1069,3,11.0,7.624095605737034,November-December 2022
33,Random Forest,2022-12-06T10:00:00+00:00,1069,3,10.0,9.02257683850291,November-December 2022
33,Random Forest,2022-12-06T11:00:00+00:00,1069,3,9.0,7.961071480923652,November-December 2022
33,Random Forest,2022-12-07T18:00:00+00:00,32,3,13.0,13.917679424375756,November-December 2022
33,Random Forest,2022-12-07T19:00:00+00:00,32,3,13.0,13.69974225732678,November-December 2022
33,Random Forest,2022-12-07T20:00:00+00:00,32,3,9.0,14.621098548286644,November-December 2022
33,Random Forest,2022-12-07T14:00:00+00:00,59,1,11.0,12.13103646473421,November-December 2022
33,Random Forest,2022-12-07T16:00:00+00:00,1069,6,15.0,13.82081500202741,November-December 2022
33,Random Forest,2022-12-07T17:00:00+00:00,1069,6,17.0,13.99204352371108,November-December 2022
33,Random Forest,2022-12-07T18:00:00+00:00,1069,6,18.0,12.732807297434556,November-December 2022
33,Random Forest,2022-12-07T19:00:00+00:00,1069,6,10.0,13.718433242474708,November-December 2022
33,Random Forest,2022-12-07T20:00:00+00:00,1069,6,12.0,12.881944564293828,November-December 2022
33,Random Forest,2022-12-07T21:00:00+00:00,1069,6,12.0,13.996423483884346,November-December 2022
33,Random Forest,2022-12-08T10:00:00+00:00,32,6,12.0,9.298069574702328,November-December 2022
33,Random Forest,2022-12-08T11:00:00+00:00,32,6,14.0,8.357305066035321,November-December 2022
33,Random Forest,2022-12-08T12:00:00+00:00,32,6,14.0,9.245440292899191,November-December 2022
33,Random Forest,2022-12-08T13:00:00+00:00,32,6,12.0,10.413252884609218,November-December 2022
33,Random Forest,2022-12-08T14:00:00+00:00,32,6,8.0,11.94895122971678,November-December 2022
33,Random Forest,2022-12-08T15:00:00+00:00,32,6,12.0,14.101675488572344,November-December 2022
33,Random Forest,2022-12-08T13:00:00+00:00,59,3,10.8,8.557164268610709,November-December 2022
33,Random Forest,2022-12-08T14:00:00+00:00,59,3,11.2,9.487658373197997,November-December 2022
33,Random Forest,2022-12-08T15:00:00+00:00,59,3,10.8,12.090552866067966,November-December 2022
33,Random Forest,2022-12-08T13:00:00+00:00,1069,3,11.0,10.753883531990644,November-December 2022
33,Random Forest,2022-12-08T14:00:00+00:00,1069,3,12.0,11.916359589548168,November-December 2022
33,Random Forest,2022-12-08T15:00:00+00:00,1069,3,17.0,13.090031466854622,November-December 2022
33,Random Forest,2022-12-09T10:00:00+00:00,32,3,8.0,11.226829354317498,November-December 2022
33,Random Forest,2022-12-09T11:00:00+00:00,32,3,11.0,11.5744999910428,November-December 2022
33,Random Forest,2022-12-09T12:00:00+00:00,32,3,9.0,11.654518007836304,November-December 2022
33,Random Forest,2022-12-09T23:00:00+00:00,59,6,13.3,14.896106376262628,November-December 2022
33,Random Forest,2022-12-10T00:00:00+00:00,59,6,13.1,14.284762817248104,November-December 2022
33,Random Forest,2022-12-10T01:00:00+00:00,59,6,15.2,14.47518910082972,November-December 2022
33,Random Forest,2022-12-10T02:00:00+00:00,59,6,11.8,12.890340309723124,November-December 2022
33,Random Forest,2022-12-10T03:00:00+00:00,59,6,8.8,9.535028517609316,November-December 2022
33,Random Forest,2022-12-10T04:00:00+00:00,59,6,4.8,8.57467874984543,November-December 2022
33,Random Forest,2022-12-09T16:00:00+00:00,1069,1,16.0,16.08007728169104,November-December 2022
33,Random Forest,2022-12-10T08:00:00+00:00,32,6,7.0,4.477176311644167,November-December 2022
33,Random Forest,2022-12-10T09:00:00+00:00,32,6,5.0,4.203844607919654,November-December 2022
33,Random Forest,2022-12-10T10:00:00+00:00,32,6,6.0,4.776816001083793,November-December 2022
33,Random Forest,2022-12-10T11:00:00+00:00,32,6,6.0,3.681856819034952,November-December 2022
33,Random Forest,2022-12-10T12:00:00+00:00,32,6,3.0,4.401378298563048,November-December 2022
33,Random Forest,2022-12-10T13:00:00+00:00,32,6,6.0,4.091266348179572,November-December 2022
33,Random Forest,2022-12-10T15:00:00+00:00,59,6,2.8,4.038440826605987,November-December 2022
33,Random Forest,2022-12-10T16:00:00+00:00,59,6,4.7,3.530468485656548,November-December 2022
33,Random Forest,2022-12-10T17:00:00+00:00,59,6,6.2,4.290238298878411,November-December 2022
33,Random Forest,2022-12-10T18:00:00+00:00,59,6,1.9,5.242979410050437,November-December 2022
33,Random Forest,2022-12-10T19:00:00+00:00,59,6,6.6,4.072480658533131,November-December 2022
33,Random Forest,2022-12-10T20:00:00+00:00,59,6,2.2,4.47134160463703,November-December 2022
33,Random Forest,2022-12-10T20:00:00+00:00,1069,3,7.0,5.570372086347143,November-December 2022
33,Random Forest,2022-12-10T21:00:00+00:00,1069,3,0.0,5.179447982335417,November-December 2022
33,Random Forest,2022-12-10T22:00:00+00:00,1069,3,3.0,6.338596710107689,November-December 2022
33,Random Forest,2022-12-12T00:00:00+00:00,32,3,3.0,3.4226677545944555,November-December 2022
33,Random Forest,2022-12-12T01:00:00+00:00,32,3,7.0,3.8595710474449225,November-December 2022
33,Random Forest,2022-12-12T02:00:00+00:00,32,3,3.0,5.472281331132361,November-December 2022
33,Random Forest,2022-12-11T14:00:00+00:00,59,1,6.2,3.720378051996262,November-December 2022
33,Random Forest,2022-12-11T20:00:00+00:00,1069,6,5.0,4.57097604524188,November-December 2022
33,Random Forest,2022-12-11T21:00:00+00:00,1069,6,3.0,4.708092712709323,November-December 2022
33,Random Forest,2022-12-11T22:00:00+00:00,1069,6,3.0,5.293114398735446,November-December 2022
33,Random Forest,2022-12-11T23:00:00+00:00,1069,6,-3.0,2.362303146039903,November-December 2022
33,Random Forest,2022-12-12T00:00:00+00:00,1069,6,1.0,3.278984363265589,November-December 2022
33,Random Forest,2022-12-12T01:00:00+00:00,1069,6,0.0,2.663771917457887,November-December 2022
33,Random Forest,2022-12-12T20:00:00+00:00,32,3,13.0,12.28298973190007,November-December 2022
33,Random Forest,2022-12-12T21:00:00+00:00,32,3,9.0,10.550350655110613,November-December 2022
33,Random Forest,2022-12-12T22:00:00+00:00,32,3,13.0,9.587134626777331,November-December 2022
33,Random Forest,2022-12-13T01:00:00+00:00,59,3,5.7,6.184626095273589,November-December 2022
33,Random Forest,2022-12-13T02:00:00+00:00,59,3,3.7,6.219390458219047,November-December 2022
33,Random Forest,2022-12-13T03:00:00+00:00,59,3,6.5,7.035771231284987,November-December 2022
33,Random Forest,2022-12-12T14:00:00+00:00,1069,1,12.0,11.245735060310707,November-December 2022
33,Random Forest,2022-12-13T11:00:00+00:00,32,3,13.0,7.903711479906924,November-December 2022
33,Random Forest,2022-12-13T12:00:00+00:00,32,3,11.0,7.338212733878784,November-December 2022
33,Random Forest,2022-12-13T13:00:00+00:00,32,3,8.0,8.846294089208438,November-December 2022
33,Random Forest,2022-12-13T07:00:00+00:00,59,1,4.5,6.537767347109717,November-December 2022
33,Random Forest,2022-12-13T16:00:00+00:00,1069,6,11.0,8.870346602028247,November-December 2022
33,Random Forest,2022-12-13T17:00:00+00:00,1069,6,10.0,10.604246882941316,November-December 2022
33,Random Forest,2022-12-13T18:00:00+00:00,1069,6,18.0,15.82139737121397,November-December 2022
33,Random Forest,2022-12-13T19:00:00+00:00,1069,6,16.0,16.70462010732324,November-December 2022
33,Random Forest,2022-12-13T20:00:00+00:00,1069,6,15.0,15.160182593448216,November-December 2022
33,Random Forest,2022-12-13T21:00:00+00:00,1069,6,14.0,13.9793130434989,November-December 2022
33,Random Forest,2022-12-14T18:00:00+00:00,32,3,1.0,3.2472535812894856,November-December 2022
33,Random Forest,2022-12-14T19:00:00+00:00,32,3,3.0,2.085636747287903,November-December 2022
33,Random Forest,2022-12-14T20:00:00+00:00,32,3,-1.0,2.0440708964043752,November-December 2022
33,Random Forest,2022-12-14T14:00:00+00:00,59,3,1.0,2.112218583363074,November-December 2022
33,Random Forest,2022-12-14T15:00:00+00:00,59,3,-2.3,2.6899380058986786,November-December 2022
33,Random Forest,2022-12-14T16:00:00+00:00,59,3,2.0,2.7367152738679583,November-December 2022
33,Random Forest,2022-12-15T00:00:00+00:00,1069,3,-1.0,0.7435724422863386,November-December 2022
33,Random Forest,2022-12-15T01:00:00+00:00,1069,3,-4.0,1.6824521427022348,November-December 2022
33,Random Forest,2022-12-15T02:00:00+00:00,1069,3,2.0,2.1580907439337773,November-December 2022
33,Random Forest,2022-12-15T11:00:00+00:00,32,6,4.0,3.545175511665536,November-December 2022
33,Random Forest,2022-12-15T12:00:00+00:00,32,6,3.0,4.029341583180323,November-December 2022
33,Random Forest,2022-12-15T13:00:00+00:00,32,6,-1.0,7.359554096326581,November-December 2022
33,Random Forest,2022-12-15T14:00:00+00:00,32,6,2.0,6.44478709706619,November-December 2022
33,Random Forest,2022-12-15T15:00:00+00:00,32,6,9.0,8.598911487041555,November-December 2022
33,Random Forest,2022-12-15T16:00:00+00:00,32,6,4.0,8.755854887042904,November-December 2022
33,Random Forest,2022-12-16T00:00:00+00:00,59,1,6.0,2.495787618643177,November-December 2022
33,Random Forest,2022-12-16T03:00:00+00:00,1069,1,7.0,5.220006773829976,November-December 2022
33,Random Forest,2022-12-16T16:00:00+00:00,32,1,2.0,5.201930208488537,November-December 2022
33,Random Forest,2022-12-16T07:00:00+00:00,59,3,2.1,4.049729029276312,November-December 2022
33,Random Forest,2022-12-16T08:00:00+00:00,59,3,2.3,4.4638539008739055,November-December 2022
33,Random Forest,2022-12-16T09:00:00+00:00,59,3,-1.3,4.918338892487602,November-December 2022
33,Random Forest,2022-12-16T19:00:00+00:00,1069,1,3.0,7.745456452737907,November-December 2022
33,Random Forest,2022-12-17T20:00:00+00:00,32,3,-1.0,4.186325839392579,November-December 2022
33,Random Forest,2022-12-17T21:00:00+00:00,32,3,0.0,2.0091296567386685,November-December 2022
33,Random Forest,2022-12-17T22:00:00+00:00,32,3,4.0,3.268077815395506,November-December 2022
33,Random Forest,2022-12-18T01:00:00+00:00,59,3,7.6,8.632943462538154,November-December 2022
33,Random Forest,2022-12-18T02:00:00+00:00,59,3,11.1,12.08367311507936,November-December 2022
33,Random Forest,2022-12-18T03:00:00+00:00,59,3,10.7,13.493168189010358,November-December 2022
33,Random Forest,2022-12-18T02:00:00+00:00,1069,1,21.0,12.020824695284883,November-December 2022
33,Random Forest,2022-12-18T16:00:00+00:00,32,3,8.0,7.094749374312686,November-December 2022
33,Random Forest,2022-12-18T17:00:00+00:00,32,3,5.0,6.31587145803206,November-December 2022
33,Random Forest,2022-12-18T18:00:00+00:00,32,3,6.0,5.335176740262533,November-December 2022
33,Random Forest,2022-12-18T20:00:00+00:00,59,3,0.9,2.435821921408128,November-December 2022
33,Random Forest,2022-12-18T21:00:00+00:00,59,3,0.9,2.375848706338733,November-December 2022
33,Random Forest,2022-12-18T22:00:00+00:00,59,3,1.8,1.908449142105774,November-December 2022
33,Random Forest,2022-12-18T11:00:00+00:00,1069,1,10.0,7.693054484980055,November-December 2022
33,Random Forest,2022-12-19T18:00:00+00:00,32,6,4.0,5.687278808831046,November-December 2022
33,Random Forest,2022-12-19T19:00:00+00:00,32,6,4.0,4.019203596289528,November-December 2022
33,Random Forest,2022-12-19T20:00:00+00:00,32,6,6.0,3.763374556846159,November-December 2022
33,Random Forest,2022-12-19T21:00:00+00:00,32,6,8.0,3.4093424346518715,November-December 2022
33,Random Forest,2022-12-19T22:00:00+00:00,32,6,7.0,3.52566295139306,November-December 2022
33,Random Forest,2022-12-19T23:00:00+00:00,32,6,7.0,3.3704306219867632,November-December 2022
33,Random Forest,2022-12-19T22:00:00+00:00,59,3,3.5,2.682482910962398,November-December 2022
33,Random Forest,2022-12-19T23:00:00+00:00,59,3,2.9,2.564382516118363,November-December 2022
33,Random Forest,2022-12-20T00:00:00+00:00,59,3,2.5,3.542973712934638,November-December 2022
33,Random Forest,2022-12-19T18:00:00+00:00,1069,1,3.0,4.877989754744883,November-December 2022
33,Random Forest,2022-12-20T12:00:00+00:00,32,6,0.0,2.855997672530731,November-December 2022
33,Random Forest,2022-12-20T13:00:00+00:00,32,6,0.0,2.731284065533625,November-December 2022
33,Random Forest,2022-12-20T14:00:00+00:00,32,6,-2.0,3.9143250822709184,November-December 2022
33,Random Forest,2022-12-20T15:00:00+00:00,32,6,1.0,3.949243957501933,November-December 2022
33,Random Forest,2022-12-20T16:00:00+00:00,32,6,1.0,4.039561751282731,November-December 2022
33,Random Forest,2022-12-20T17:00:00+00:00,32,6,2.0,4.2229568495487735,November-December 2022
33,Random Forest,2022-12-20T07:00:00+00:00,59,1,1.2,1.6887977478276175,November-December 2022
33,Random Forest,2022-12-20T14:00:00+00:00,1069,6,5.0,2.635743018569749,November-December 2022
33,Random Forest,2022-12-20T15:00:00+00:00,1069,6,4.0,4.245344597622827,November-December 2022
33,Random Forest,2022-12-20T16:00:00+00:00,1069,6,5.0,5.069179903524048,November-December 2022
33,Random Forest,2022-12-20T17:00:00+00:00,1069,6,8.0,5.40509823246132,November-December 2022
33,Random Forest,2022-12-20T18:00:00+00:00,1069,6,6.0,5.531830339568389,November-December 2022
33,Random Forest,2022-12-20T19:00:00+00:00,1069,6,8.0,5.389477531364475,November-December 2022
33,Random Forest,2022-12-21T14:00:00+00:00,32,1,15.0,13.84916537116053,November-December 2022
33,Random Forest,2022-12-22T02:00:00+00:00,59,1,13.2,16.212935447132477,November-December 2022
33,Random Forest,2022-12-21T10:00:00+00:00,1069,6,15.0,9.704256045719706,November-December 2022
33,Random Forest,2022-12-21T11:00:00+00:00,1069,6,13.0,10.906280748414035,November-December 2022
33,Random Forest,2022-12-21T12:00:00+00:00,1069,6,12.0,11.115446548145783,November-December 2022
33,Random Forest,2022-12-21T13:00:00+00:00,1069,6,10.0,10.506688556405756,November-December 2022
33,Random Forest,2022-12-21T14:00:00+00:00,1069,6,15.0,13.16953370674114,November-December 2022
33,Random Forest,2022-12-21T15:00:00+00:00,1069,6,13.0,14.30158808058478,November-December 2022
33,Random Forest,2022-12-22T07:00:00+00:00,32,6,20.0,16.693315963550333,November-December 2022
33,Random Forest,2022-12-22T08:00:00+00:00,32,6,15.0,15.572867435515874,November-December 2022
33,Random Forest,2022-12-22T09:00:00+00:00,32,6,15.0,14.563419882923917,November-December 2022
33,Random Forest,2022-12-22T10:00:00+00:00,32,6,15.0,14.140900016445974,November-December 2022
33,Random Forest,2022-12-22T11:00:00+00:00,32,6,14.0,13.603821780293694,November-December 2022
33,Random Forest,2022-12-22T12:00:00+00:00,32,6,15.0,13.653601786236903,November-December 2022
33,Random Forest,2022-12-22T12:00:00+00:00,59,6,6.5,13.152214816035348,November-December 2022
33,Random Forest,2022-12-22T13:00:00+00:00,59,6,11.0,10.64128593719982,November-December 2022
33,Random Forest,2022-12-22T14:00:00+00:00,59,6,10.1,9.778739317262907,November-December 2022
33,Random Forest,2022-12-22T15:00:00+00:00,59,6,6.0,8.115716962019622,November-December 2022
33,Random Forest,2022-12-22T16:00:00+00:00,59,6,7.4,8.121175196059404,November-December 2022
33,Random Forest,2022-12-22T17:00:00+00:00,59,6,8.5,11.760157717989978,November-December 2022
33,Random Forest,2022-12-22T13:00:00+00:00,1069,3,16.0,13.880171279994652,November-December 2022
33,Random Forest,2022-12-22T14:00:00+00:00,1069,3,17.0,12.800160077373988,November-December 2022
33,Random Forest,2022-12-22T15:00:00+00:00,1069,3,16.0,12.879765053915278,November-December 2022
33,Random Forest,2022-12-23T11:00:00+00:00,32,6,4.0,2.15093655522614,November-December 2022
33,Random Forest,2022-12-23T12:00:00+00:00,32,6,1.0,2.2144568711466066,November-December 2022
33,Random Forest,2022-12-23T13:00:00+00:00,32,6,-3.0,2.373758242125908,November-December 2022
33,Random Forest,2022-12-23T14:00:00+00:00,32,6,-2.0,3.06483915079763,November-December 2022
33,Random Forest,2022-12-23T15:00:00+00:00,32,6,2.0,2.785806007009881,November-December 2022
33,Random Forest,2022-12-23T16:00:00+00:00,32,6,4.0,3.0596171320406222,November-December 2022
33,Random Forest,2022-12-23T19:00:00+00:00,59,6,1.4,3.545153861585084,November-December 2022
33,Random Forest,2022-12-23T20:00:00+00:00,59,6,3.2,3.0617213049534966,November-December 2022
33,Random Forest,2022-12-23T21:00:00+00:00,59,6,-0.9,2.1669854021620893,November-December 2022
33,Random Forest,2022-12-23T22:00:00+00:00,59,6,2.3,1.6409881758368416,November-December 2022
33,Random Forest,2022-12-23T23:00:00+00:00,59,6,0.8,2.199284465587068,November-December 2022
33,Random Forest,2022-12-24T00:00:00+00:00,59,6,-0.5,1.8360929506998072,November-December 2022
33,Random Forest,2022-12-23T14:00:00+00:00,1069,1,6.0,2.732550753303687,November-December 2022
33,Random Forest,2022-12-24T10:00:00+00:00,32,6,6.0,3.27980983872192,November-December 2022
33,Random Forest,2022-12-24T11:00:00+00:00,32,6,3.0,3.028263921374156,November-December 2022
33,Random Forest,2022-12-24T12:00:00+00:00,32,6,4.0,2.825992519180186,November-December 2022
33,Random Forest,2022-12-24T13:00:00+00:00,32,6,1.0,2.1341975763416707,November-December 2022
33,Random Forest,2022-12-24T14:00:00+00:00,32,6,3.0,3.560321209413009,November-December 2022
33,Random Forest,2022-12-24T15:00:00+00:00,32,6,1.0,3.2250271219038944,November-December 2022
33,Random Forest,2022-12-24T11:00:00+00:00,59,1,2.1,2.424793438149592,November-December 2022
33,Random Forest,2022-12-25T00:00:00+00:00,1069,1,-2.0,13.889833129311413,November-December 2022
33,Random Forest,2022-12-25T09:00:00+00:00,32,3,34.0,25.80110829274892,November-December 2022
33,Random Forest,2022-12-25T10:00:00+00:00,32,3,19.0,23.28977802579365,November-December 2022
33,Random Forest,2022-12-25T11:00:00+00:00,32,3,21.0,23.27586589105339,November-December 2022
33,Random Forest,2022-12-25T20:00:00+00:00,59,1,2.4,3.766588092996351,November-December 2022
33,Random Forest,2022-12-25T15:00:00+00:00,1069,6,19.0,18.87877685335497,November-December 2022
33,Random Forest,2022-12-25T16:00:00+00:00,1069,6,10.0,16.13004237748727,November-December 2022
33,Random Forest,2022-12-25T17:00:00+00:00,1069,6,10.0,12.438960365919014,November-December 2022
33,Random Forest,2022-12-25T18:00:00+00:00,1069,6,7.0,8.837033560283132,November-December 2022
33,Random Forest,2022-12-25T19:00:00+00:00,1069,6,4.0,5.923745384897648,November-December 2022
33,Random Forest,2022-12-25T20:00:00+00:00,1069,6,3.0,5.139902039532268,November-December 2022
33,Random Forest,2022-12-26T13:00:00+00:00,32,1,5.0,11.524433840218093,November-December 2022
33,Random Forest,2022-12-26T23:00:00+00:00,59,3,1.9,3.022413340387637,November-December 2022
33,Random Forest,2022-12-27T00:00:00+00:00,59,3,-0.8,2.857683567375193,November-December 2022
33,Random Forest,2022-12-27T01:00:00+00:00,59,3,1.7,3.385125789059573,November-December 2022
33,Random Forest,2022-12-26T18:00:00+00:00,1069,6,12.0,10.093395270449353,November-December 2022
33,Random Forest,2022-12-26T19:00:00+00:00,1069,6,7.0,8.626210493301166,November-December 2022
33,Random Forest,2022-12-26T20:00:00+00:00,1069,6,5.0,6.7757245130625705,November-December 2022
33,Random Forest,2022-12-26T21:00:00+00:00,1069,6,1.0,5.132759101771205,November-December 2022
33,Random Forest,2022-12-26T22:00:00+00:00,1069,6,4.0,4.1197984820206095,November-December 2022
33,Random Forest,2022-12-26T23:00:00+00:00,1069,6,3.0,2.619333794418446,November-December 2022
33,Random Forest,2022-12-27T21:00:00+00:00,32,6,0.0,5.611461380214016,November-December 2022
33,Random Forest,2022-12-27T22:00:00+00:00,32,6,1.0,4.763507014548857,November-December 2022
33,Random Forest,2022-12-27T23:00:00+00:00,32,6,0.0,3.0099458245105475,November-December 2022
33,Random Forest,2022-12-28T00:00:00+00:00,32,6,2.0,2.981890850383779,November-December 2022
33,Random Forest,2022-12-28T01:00:00+00:00,32,6,12.0,2.692612356557891,November-December 2022
33,Random Forest,2022-12-28T02:00:00+00:00,32,6,7.0,2.74302046743476,November-December 2022
33,Random Forest,2022-12-27T13:00:00+00:00,59,1,2.0,5.454133593382766,November-December 2022
33,Random Forest,2022-12-27T21:00:00+00:00,1069,3,-2.0,4.223351327510359,November-December 2022
33,Random Forest,2022-12-27T22:00:00+00:00,1069,3,0.0,4.741522198133714,November-December 2022
33,Random Forest,2022-12-27T23:00:00+00:00,1069,3,-3.0,3.495779562531262,November-December 2022
33,Random Forest,2022-12-28T17:00:00+00:00,32,3,8.0,12.432830136661424,November-December 2022
33,Random Forest,2022-12-28T18:00:00+00:00,32,3,7.0,10.540877195850396,November-December 2022
33,Random Forest,2022-12-28T19:00:00+00:00,32,3,5.0,8.761383030301017,November-December 2022
33,Random Forest,2022-12-28T21:00:00+00:00,59,3,4.8,5.489147572817917,November-December 2022
33,Random Forest,2022-12-28T22:00:00+00:00,59,3,3.7,5.166121605690787,November-December 2022
33,Random Forest,2022-12-28T23:00:00+00:00,59,3,2.1,4.179571552941645,November-December 2022
33,Random Forest,2022-12-28T23:00:00+00:00,1069,1,1.0,4.250502501335937,November-December 2022
33,Random Forest,2022-12-29T14:00:00+00:00,32,1,13.0,12.01804775553775,November-December 2022
33,Random Forest,2022-12-29T20:00:00+00:00,59,1,10.9,13.687686293938132,November-December 2022
33,Random Forest,2022-12-30T00:00:00+00:00,1069,3,4.0,6.0524520215929085,November-December 2022
33,Random Forest,2022-12-30T01:00:00+00:00,1069,3,10.0,5.608899657894406,November-December 2022
33,Random Forest,2022-12-30T02:00:00+00:00,1069,3,10.0,4.739251373272628,November-December 2022
33,Random Forest,2022-12-30T09:00:00+00:00,32,1,2.0,4.323930099834263,November-December 2022
33,Random Forest,2022-12-31T01:00:00+00:00,59,3,7.2,3.862177015834495,November-December 2022
33,Random Forest,2022-12-31T02:00:00+00:00,59,3,6.0,4.125545341953925,November-December 2022
33,Random Forest,2022-12-31T03:00:00+00:00,59,3,7.2,5.018444230661325,November-December 2022
33,Random Forest,2022-12-30T11:00:00+00:00,1069,6,9.0,4.027235250935972,November-December 2022
33,Random Forest,2022-12-30T12:00:00+00:00,1069,6,9.0,5.631662017435708,November-December 2022
33,Random Forest,2022-12-30T13:00:00+00:00,1069,6,8.0,5.641313697542595,November-December 2022
33,Random Forest,2022-12-30T14:00:00+00:00,1069,6,6.0,6.661152598805499,November-December 2022
33,Random Forest,2022-12-30T15:00:00+00:00,1069,6,13.0,6.725291763033553,November-December 2022
33,Random Forest,2022-12-30T16:00:00+00:00,1069,6,7.0,5.843398792560965,November-December 2022
33,Random Forest,2022-12-31T19:00:00+00:00,32,6,4.0,5.107456093480041,November-December 2022
33,Random Forest,2022-12-31T20:00:00+00:00,32,6,2.0,5.829182557202564,November-December 2022
33,Random Forest,2022-12-31T21:00:00+00:00,32,6,1.0,5.883003361403083,November-December 2022
33,Random Forest,2022-12-31T22:00:00+00:00,32,6,2.0,6.7183359514045495,November-December 2022
33,Random Forest,2022-12-31T23:00:00+00:00,32,6,3.0,12.021184690967557,November-December 2022
33,Random Forest,2023-01-01T00:00:00+00:00,32,6,3.0,15.629468018093007,November-December 2022
33,Random Forest,2022-12-31T10:00:00+00:00,59,6,10.8,8.047013880394244,November-December 2022
33,Random Forest,2022-12-31T11:00:00+00:00,59,6,7.0,7.0449310313931495,November-December 2022
33,Random Forest,2022-12-31T12:00:00+00:00,59,6,4.2,6.358697421494378,November-December 2022
33,Random Forest,2022-12-31T13:00:00+00:00,59,6,5.6,6.699635489862805,November-December 2022
33,Random Forest,2022-12-31T14:00:00+00:00,59,6,10.3,7.327758251274981,November-December 2022
33,Random Forest,2022-12-31T15:00:00+00:00,59,6,3.5,8.251694231542402,November-December 2022
33,Random Forest,2022-12-31T23:00:00+00:00,1069,6,-1.0,6.333452313346673,November-December 2022
33,Random Forest,2023-01-01T00:00:00+00:00,1069,6,4.0,11.297708574422892,November-December 2022
33,Random Forest,2023-01-01T01:00:00+00:00,1069,6,54.0,16.750963147963134,November-December 2022
33,Random Forest,2023-01-01T02:00:00+00:00,1069,6,59.0,19.58861236333111,November-December 2022
33,Random Forest,2023-01-01T03:00:00+00:00,1069,6,40.0,19.303292402042388,November-December 2022
33,Random Forest,2023-01-01T04:00:00+00:00,1069,6,30.0,23.09627176254776,November-December 2022
