seed,method,datetime_utc,site,gap_hours,truth,prediction,period
11,TimeXer imputation adaptation,2022-10-01T09:00:00+00:00,32,1,10.0,7.821638323010246,October 2022 pilot
11,TimeXer imputation adaptation,2022-10-01T15:00:00+00:00,59,6,10.4,8.734185020520924,October 2022 pilot
11,TimeXer imputation adaptation,2022-10-01T16:00:00+00:00,59,6,5.8,7.680720332480021,October 2022 pilot
11,TimeXer imputation adaptation,2022-10-01T17:00:00+00:00,59,6,7.6,9.496289871606464,October 2022 pilot
11,TimeXer imputation adaptation,2022-10-01T18:00:00+00:00,59,6,5.8,10.510190999636254,October 2022 pilot
11,TimeXer imputation adaptation,2022-10-01T19:00:00+00:00,59,6,9.8,9.890472350103964,October 2022 pilot
11,TimeXer imputation adaptation,2022-10-01T20:00:00+00:00,59,6,5.3,9.207725598321783,October 2022 pilot
11,TimeXer imputation adaptation,2022-10-02T21:00:00+00:00,32,3,9.0,7.404906732957459,October 2022 pilot
11,TimeXer imputation adaptation,2022-10-02T22:00:00+00:00,32,3,3.0,7.492837402019131,October 2022 pilot
11,TimeXer imputation adaptation,2022-10-02T23:00:00+00:00,32,3,5.0,6.139533097559891,October 2022 pilot
11,TimeXer imputation adaptation,2022-10-02T17:00:00+00:00,59,1,8.5,7.051838615803505,October 2022 pilot
11,TimeXer imputation adaptation,2022-10-04T01:00:00+00:00,32,3,10.0,5.590173227019943,October 2022 pilot
11,TimeXer imputation adaptation,2022-10-04T02:00:00+00:00,32,3,10.0,8.853361541569981,October 2022 pilot
11,TimeXer imputation adaptation,2022-10-04T03:00:00+00:00,32,3,9.0,8.100513494202744,October 2022 pilot
11,TimeXer imputation adaptation,2022-10-03T08:00:00+00:00,59,3,5.4,6.332257764744352,October 2022 pilot
11,TimeXer imputation adaptation,2022-10-03T09:00:00+00:00,59,3,8.2,7.523359720318309,October 2022 pilot
11,TimeXer imputation adaptation,2022-10-03T10:00:00+00:00,59,3,9.3,6.438680254101468,October 2022 pilot
11,TimeXer imputation adaptation,2022-10-04T23:00:00+00:00,32,1,1.0,9.405781755112551,October 2022 pilot
11,TimeXer imputation adaptation,2022-10-04T23:00:00+00:00,59,6,5.7,9.263838419017372,October 2022 pilot
11,TimeXer imputation adaptation,2022-10-05T00:00:00+00:00,59,6,1.5,7.113549231283619,October 2022 pilot
11,TimeXer imputation adaptation,2022-10-05T01:00:00+00:00,59,6,5.8,7.721467744650004,October 2022 pilot
11,TimeXer imputation adaptation,2022-10-05T02:00:00+00:00,59,6,5.1,8.785949144284707,October 2022 pilot
11,TimeXer imputation adaptation,2022-10-05T03:00:00+00:00,59,6,4.3,7.842430213068669,October 2022 pilot
11,TimeXer imputation adaptation,2022-10-05T04:00:00+00:00,59,6,5.7,8.452630134988379,October 2022 pilot
11,TimeXer imputation adaptation,2022-10-05T01:00:00+00:00,1069,3,6.0,3.5415800479746418,October 2022 pilot
11,TimeXer imputation adaptation,2022-10-05T02:00:00+00:00,1069,3,6.0,6.650744856572823,October 2022 pilot
11,TimeXer imputation adaptation,2022-10-05T03:00:00+00:00,1069,3,8.0,4.274511188423075,October 2022 pilot
11,TimeXer imputation adaptation,2022-10-05T09:00:00+00:00,32,3,7.0,7.785981490594766,October 2022 pilot
11,TimeXer imputation adaptation,2022-10-05T10:00:00+00:00,32,3,8.0,7.560847330353424,October 2022 pilot
11,TimeXer imputation adaptation,2022-10-05T11:00:00+00:00,32,3,7.0,9.043632921671422,October 2022 pilot
11,TimeXer imputation adaptation,2022-10-05T15:00:00+00:00,59,3,11.5,9.378560541628602,October 2022 pilot
11,TimeXer imputation adaptation,2022-10-05T16:00:00+00:00,59,3,8.9,7.004147633070359,October 2022 pilot
11,TimeXer imputation adaptation,2022-10-05T17:00:00+00:00,59,3,7.2,8.907984975804048,October 2022 pilot
11,TimeXer imputation adaptation,2022-10-06T02:00:00+00:00,1069,3,1.0,5.339241727876545,October 2022 pilot
11,TimeXer imputation adaptation,2022-10-06T03:00:00+00:00,1069,3,4.0,4.235121887632966,October 2022 pilot
11,TimeXer imputation adaptation,2022-10-06T04:00:00+00:00,1069,3,8.0,5.5065111571185446,October 2022 pilot
11,TimeXer imputation adaptation,2022-10-07T01:00:00+00:00,32,1,7.0,6.405087139471378,October 2022 pilot
11,TimeXer imputation adaptation,2022-10-06T14:00:00+00:00,59,1,11.7,9.62254838538176,October 2022 pilot
11,TimeXer imputation adaptation,2022-10-06T11:00:00+00:00,1069,6,12.0,8.631767267804042,October 2022 pilot
11,TimeXer imputation adaptation,2022-10-06T12:00:00+00:00,1069,6,11.0,7.935597694930442,October 2022 pilot
11,TimeXer imputation adaptation,2022-10-06T13:00:00+00:00,1069,6,21.0,11.263706488293836,October 2022 pilot
11,TimeXer imputation adaptation,2022-10-06T14:00:00+00:00,1069,6,20.0,12.954466786583405,October 2022 pilot
11,TimeXer imputation adaptation,2022-10-06T15:00:00+00:00,1069,6,21.0,12.411869647792152,October 2022 pilot
11,TimeXer imputation adaptation,2022-10-06T16:00:00+00:00,1069,6,17.0,10.854666058706226,October 2022 pilot
11,TimeXer imputation adaptation,2022-10-07T09:00:00+00:00,32,6,6.0,6.687841617219023,October 2022 pilot
11,TimeXer imputation adaptation,2022-10-07T10:00:00+00:00,32,6,5.0,5.249929667190001,October 2022 pilot
11,TimeXer imputation adaptation,2022-10-07T11:00:00+00:00,32,6,3.0,7.2475372207850945,October 2022 pilot
11,TimeXer imputation adaptation,2022-10-07T12:00:00+00:00,32,6,9.0,6.851827407317321,October 2022 pilot
11,TimeXer imputation adaptation,2022-10-07T13:00:00+00:00,32,6,11.0,6.498565754636723,October 2022 pilot
11,TimeXer imputation adaptation,2022-10-07T14:00:00+00:00,32,6,7.0,9.17045043471293,October 2022 pilot
11,TimeXer imputation adaptation,2022-10-08T01:00:00+00:00,59,3,6.2,7.13422697277702,October 2022 pilot
11,TimeXer imputation adaptation,2022-10-08T02:00:00+00:00,59,3,9.7,8.262339021025516,October 2022 pilot
11,TimeXer imputation adaptation,2022-10-08T03:00:00+00:00,59,3,9.1,7.628181261321871,October 2022 pilot
11,TimeXer imputation adaptation,2022-10-07T21:00:00+00:00,1069,6,7.0,10.024355354577004,October 2022 pilot
11,TimeXer imputation adaptation,2022-10-07T22:00:00+00:00,1069,6,7.0,8.399814981060928,October 2022 pilot
11,TimeXer imputation adaptation,2022-10-07T23:00:00+00:00,1069,6,5.0,5.702302719782431,October 2022 pilot
11,TimeXer imputation adaptation,2022-10-08T00:00:00+00:00,1069,6,6.0,3.974574628794705,October 2022 pilot
11,TimeXer imputation adaptation,2022-10-08T01:00:00+00:00,1069,6,9.0,4.383823197661647,October 2022 pilot
11,TimeXer imputation adaptation,2022-10-08T02:00:00+00:00,1069,6,9.0,8.554641086581794,October 2022 pilot
11,TimeXer imputation adaptation,2022-10-09T02:00:00+00:00,32,3,9.0,8.942161173622875,October 2022 pilot
11,TimeXer imputation adaptation,2022-10-09T03:00:00+00:00,32,3,7.0,8.314709517279175,October 2022 pilot
11,TimeXer imputation adaptation,2022-10-09T04:00:00+00:00,32,3,9.0,8.312679980314632,October 2022 pilot
11,TimeXer imputation adaptation,2022-10-08T09:00:00+00:00,59,6,12.7,8.70291442632076,October 2022 pilot
11,TimeXer imputation adaptation,2022-10-08T10:00:00+00:00,59,6,11.0,8.649734899621837,October 2022 pilot
11,TimeXer imputation adaptation,2022-10-08T11:00:00+00:00,59,6,9.9,9.808794266326096,October 2022 pilot
11,TimeXer imputation adaptation,2022-10-08T12:00:00+00:00,59,6,8.5,8.982964374681353,October 2022 pilot
11,TimeXer imputation adaptation,2022-10-08T13:00:00+00:00,59,6,9.5,8.925048772602631,October 2022 pilot
11,TimeXer imputation adaptation,2022-10-08T14:00:00+00:00,59,6,10.8,10.166055111542756,October 2022 pilot
11,TimeXer imputation adaptation,2022-10-08T13:00:00+00:00,1069,1,14.0,14.828044296641792,October 2022 pilot
11,TimeXer imputation adaptation,2022-10-09T23:00:00+00:00,32,3,6.0,12.061894914129,October 2022 pilot
11,TimeXer imputation adaptation,2022-10-10T00:00:00+00:00,32,3,8.0,10.014801438082836,October 2022 pilot
11,TimeXer imputation adaptation,2022-10-10T01:00:00+00:00,32,3,9.0,9.57217957264041,October 2022 pilot
11,TimeXer imputation adaptation,2022-10-10T02:00:00+00:00,59,3,8.3,8.352501807229974,October 2022 pilot
11,TimeXer imputation adaptation,2022-10-10T03:00:00+00:00,59,3,8.8,7.675345801792399,October 2022 pilot
11,TimeXer imputation adaptation,2022-10-10T04:00:00+00:00,59,3,6.4,7.341861058908781,October 2022 pilot
11,TimeXer imputation adaptation,2022-10-10T01:00:00+00:00,1069,3,6.0,3.8697997737593752,October 2022 pilot
11,TimeXer imputation adaptation,2022-10-10T02:00:00+00:00,1069,3,5.0,7.400469492127415,October 2022 pilot
11,TimeXer imputation adaptation,2022-10-10T03:00:00+00:00,1069,3,10.0,6.650616507375405,October 2022 pilot
11,TimeXer imputation adaptation,2022-10-10T21:00:00+00:00,32,3,5.0,9.213776677885804,October 2022 pilot
11,TimeXer imputation adaptation,2022-10-10T22:00:00+00:00,32,3,12.0,9.39277372504201,October 2022 pilot
11,TimeXer imputation adaptation,2022-10-10T23:00:00+00:00,32,3,11.0,7.729562627106002,October 2022 pilot
11,TimeXer imputation adaptation,2022-10-10T22:00:00+00:00,59,1,1.0,9.124936242266376,October 2022 pilot
11,TimeXer imputation adaptation,2022-10-10T22:00:00+00:00,1069,6,9.0,8.759657370016171,October 2022 pilot
11,TimeXer imputation adaptation,2022-10-10T23:00:00+00:00,1069,6,5.0,4.335259246392347,October 2022 pilot
11,TimeXer imputation adaptation,2022-10-11T00:00:00+00:00,1069,6,5.0,3.11419374276045,October 2022 pilot
11,TimeXer imputation adaptation,2022-10-11T01:00:00+00:00,1069,6,6.0,3.989922936116746,October 2022 pilot
11,TimeXer imputation adaptation,2022-10-11T02:00:00+00:00,1069,6,10.0,8.074207373008267,October 2022 pilot
11,TimeXer imputation adaptation,2022-10-11T03:00:00+00:00,1069,6,6.0,6.429725926697699,October 2022 pilot
11,TimeXer imputation adaptation,2022-10-11T23:00:00+00:00,32,6,0.0,5.770936606548295,October 2022 pilot
11,TimeXer imputation adaptation,2022-10-12T00:00:00+00:00,32,6,7.0,4.607357845157767,October 2022 pilot
11,TimeXer imputation adaptation,2022-10-12T01:00:00+00:00,32,6,5.0,4.194889519613909,October 2022 pilot
11,TimeXer imputation adaptation,2022-10-12T02:00:00+00:00,32,6,6.0,5.942740547872573,October 2022 pilot
11,TimeXer imputation adaptation,2022-10-12T03:00:00+00:00,32,6,9.0,6.270634351164526,October 2022 pilot
11,TimeXer imputation adaptation,2022-10-12T04:00:00+00:00,32,6,4.0,6.948865102024763,October 2022 pilot
11,TimeXer imputation adaptation,2022-10-12T00:00:00+00:00,59,1,0.5,4.034931929097649,October 2022 pilot
11,TimeXer imputation adaptation,2022-10-11T20:00:00+00:00,1069,3,5.0,6.609060180497018,October 2022 pilot
11,TimeXer imputation adaptation,2022-10-11T21:00:00+00:00,1069,3,7.0,4.956880401712728,October 2022 pilot
11,TimeXer imputation adaptation,2022-10-11T22:00:00+00:00,1069,3,5.0,4.309483826093233,October 2022 pilot
11,TimeXer imputation adaptation,2022-10-12T07:00:00+00:00,32,1,4.0,5.434801805624259,October 2022 pilot
11,TimeXer imputation adaptation,2022-10-13T04:00:00+00:00,59,1,0.6,5.552906619415831,October 2022 pilot
11,TimeXer imputation adaptation,2022-10-12T12:00:00+00:00,1069,6,9.0,6.739026134524535,October 2022 pilot
11,TimeXer imputation adaptation,2022-10-12T13:00:00+00:00,1069,6,10.0,9.82520072055659,October 2022 pilot
11,TimeXer imputation adaptation,2022-10-12T14:00:00+00:00,1069,6,14.0,10.875343980817766,October 2022 pilot
11,TimeXer imputation adaptation,2022-10-12T15:00:00+00:00,1069,6,15.0,11.022162164317292,October 2022 pilot
11,TimeXer imputation adaptation,2022-10-12T16:00:00+00:00,1069,6,14.0,9.546233840713011,October 2022 pilot
11,TimeXer imputation adaptation,2022-10-12T17:00:00+00:00,1069,6,17.0,9.364291700473842,October 2022 pilot
11,TimeXer imputation adaptation,2022-10-13T11:00:00+00:00,32,3,2.0,6.536544154281348,October 2022 pilot
11,TimeXer imputation adaptation,2022-10-13T12:00:00+00:00,32,3,4.0,5.211372867329988,October 2022 pilot
11,TimeXer imputation adaptation,2022-10-13T13:00:00+00:00,32,3,4.0,4.531148637800621,October 2022 pilot
11,TimeXer imputation adaptation,2022-10-14T01:00:00+00:00,59,1,5.5,5.469089619870033,October 2022 pilot
11,TimeXer imputation adaptation,2022-10-13T08:00:00+00:00,1069,6,9.0,5.050135664417136,October 2022 pilot
11,TimeXer imputation adaptation,2022-10-13T09:00:00+00:00,1069,6,9.0,7.6221020601198655,October 2022 pilot
11,TimeXer imputation adaptation,2022-10-13T10:00:00+00:00,1069,6,8.0,6.12491572438934,October 2022 pilot
11,TimeXer imputation adaptation,2022-10-13T11:00:00+00:00,1069,6,8.0,8.695111299110657,October 2022 pilot
11,TimeXer imputation adaptation,2022-10-13T12:00:00+00:00,1069,6,6.0,9.32451251632894,October 2022 pilot
11,TimeXer imputation adaptation,2022-10-13T13:00:00+00:00,1069,6,12.0,9.977929918546009,October 2022 pilot
11,TimeXer imputation adaptation,2022-10-14T19:00:00+00:00,32,1,14.0,8.927370996368209,October 2022 pilot
11,TimeXer imputation adaptation,2022-10-14T23:00:00+00:00,59,6,6.9,5.600159932129666,October 2022 pilot
11,TimeXer imputation adaptation,2022-10-15T00:00:00+00:00,59,6,3.4,4.788835158343629,October 2022 pilot
11,TimeXer imputation adaptation,2022-10-15T01:00:00+00:00,59,6,5.8,4.839610405036578,October 2022 pilot
11,TimeXer imputation adaptation,2022-10-15T02:00:00+00:00,59,6,4.9,5.881367920119157,October 2022 pilot
11,TimeXer imputation adaptation,2022-10-15T03:00:00+00:00,59,6,5.6,5.118844448851924,October 2022 pilot
11,TimeXer imputation adaptation,2022-10-15T04:00:00+00:00,59,6,5.0,6.133393461859157,October 2022 pilot
11,TimeXer imputation adaptation,2022-10-14T20:00:00+00:00,1069,1,6.0,7.957672749435857,October 2022 pilot
11,TimeXer imputation adaptation,2022-10-15T10:00:00+00:00,32,1,3.0,3.252232177497624,October 2022 pilot
11,TimeXer imputation adaptation,2022-10-15T16:00:00+00:00,59,1,4.5,4.490627476259144,October 2022 pilot
11,TimeXer imputation adaptation,2022-10-15T21:00:00+00:00,1069,3,4.0,5.340457519175167,October 2022 pilot
11,TimeXer imputation adaptation,2022-10-15T22:00:00+00:00,1069,3,-2.0,4.948194566230299,October 2022 pilot
11,TimeXer imputation adaptation,2022-10-15T23:00:00+00:00,1069,3,-3.0,1.3126723183911295,October 2022 pilot
11,TimeXer imputation adaptation,2022-10-16T13:00:00+00:00,32,3,1.0,4.578844957700528,October 2022 pilot
11,TimeXer imputation adaptation,2022-10-16T14:00:00+00:00,32,3,1.0,7.472233440450161,October 2022 pilot
11,TimeXer imputation adaptation,2022-10-16T15:00:00+00:00,32,3,6.0,7.7036321005959,October 2022 pilot
11,TimeXer imputation adaptation,2022-10-16T17:00:00+00:00,59,6,4.7,5.677977375815542,October 2022 pilot
11,TimeXer imputation adaptation,2022-10-16T18:00:00+00:00,59,6,8.4,4.05186913972525,October 2022 pilot
11,TimeXer imputation adaptation,2022-10-16T19:00:00+00:00,59,6,5.3,5.92131657259775,October 2022 pilot
11,TimeXer imputation adaptation,2022-10-16T20:00:00+00:00,59,6,1.2,5.181591565996921,October 2022 pilot
11,TimeXer imputation adaptation,2022-10-16T21:00:00+00:00,59,6,3.8,4.106580273368788,October 2022 pilot
11,TimeXer imputation adaptation,2022-10-16T22:00:00+00:00,59,6,3.6,5.662390798675172,October 2022 pilot
11,TimeXer imputation adaptation,2022-10-16T19:00:00+00:00,1069,6,5.0,7.265867351509637,October 2022 pilot
11,TimeXer imputation adaptation,2022-10-16T20:00:00+00:00,1069,6,0.0,7.3525979616068255,October 2022 pilot
11,TimeXer imputation adaptation,2022-10-16T21:00:00+00:00,1069,6,2.0,5.1737554860712045,October 2022 pilot
11,TimeXer imputation adaptation,2022-10-16T22:00:00+00:00,1069,6,0.0,4.578008078221587,October 2022 pilot
11,TimeXer imputation adaptation,2022-10-16T23:00:00+00:00,1069,6,3.0,0.7853590100880492,October 2022 pilot
11,TimeXer imputation adaptation,2022-10-17T00:00:00+00:00,1069,6,2.0,0.5008122647435229,October 2022 pilot
11,TimeXer imputation adaptation,2022-10-18T00:00:00+00:00,32,3,2.0,2.271381972735504,October 2022 pilot
11,TimeXer imputation adaptation,2022-10-18T01:00:00+00:00,32,3,6.0,2.8063621304904176,October 2022 pilot
11,TimeXer imputation adaptation,2022-10-18T02:00:00+00:00,32,3,7.0,5.598364330033951,October 2022 pilot
11,TimeXer imputation adaptation,2022-10-17T13:00:00+00:00,59,1,6.7,0.0604515314783764,October 2022 pilot
11,TimeXer imputation adaptation,2022-10-17T07:00:00+00:00,1069,1,-6.0,2.652705237133316,October 2022 pilot
11,TimeXer imputation adaptation,2022-10-18T08:00:00+00:00,32,6,4.0,3.48316878832306,October 2022 pilot
11,TimeXer imputation adaptation,2022-10-18T09:00:00+00:00,32,6,2.0,3.9937391572128265,October 2022 pilot
11,TimeXer imputation adaptation,2022-10-18T10:00:00+00:00,32,6,2.0,2.836154668152344,October 2022 pilot
11,TimeXer imputation adaptation,2022-10-18T11:00:00+00:00,32,6,2.0,4.863170067711199,October 2022 pilot
11,TimeXer imputation adaptation,2022-10-18T12:00:00+00:00,32,6,3.0,3.882669544558091,October 2022 pilot
11,TimeXer imputation adaptation,2022-10-18T13:00:00+00:00,32,6,1.0,1.6449680405912126,October 2022 pilot
11,TimeXer imputation adaptation,2022-10-18T23:00:00+00:00,59,3,1.8,1.3217161344875183,October 2022 pilot
11,TimeXer imputation adaptation,2022-10-19T00:00:00+00:00,59,3,0.7,0.6567792663942944,October 2022 pilot
11,TimeXer imputation adaptation,2022-10-19T01:00:00+00:00,59,3,0.3,1.5118197980482035,October 2022 pilot
11,TimeXer imputation adaptation,2022-10-18T21:00:00+00:00,1069,6,0.0,5.35137304416879,October 2022 pilot
11,TimeXer imputation adaptation,2022-10-18T22:00:00+00:00,1069,6,4.0,4.469809503307872,October 2022 pilot
11,TimeXer imputation adaptation,2022-10-18T23:00:00+00:00,1069,6,-2.0,0.7820779452045965,October 2022 pilot
11,TimeXer imputation adaptation,2022-10-19T00:00:00+00:00,1069,6,0.0,0.4195303500883849,October 2022 pilot
11,TimeXer imputation adaptation,2022-10-19T01:00:00+00:00,1069,6,2.0,2.6630179037302746,October 2022 pilot
11,TimeXer imputation adaptation,2022-10-19T02:00:00+00:00,1069,6,-2.0,6.369702024168806,October 2022 pilot
11,TimeXer imputation adaptation,2022-10-19T17:00:00+00:00,32,1,7.0,6.04163817977136,October 2022 pilot
11,TimeXer imputation adaptation,2022-10-19T11:00:00+00:00,59,1,4.5,3.74166844186896,October 2022 pilot
11,TimeXer imputation adaptation,2022-10-19T08:00:00+00:00,1069,6,7.0,4.630799694891562,October 2022 pilot
11,TimeXer imputation adaptation,2022-10-19T09:00:00+00:00,1069,6,7.0,7.315716406673966,October 2022 pilot
11,TimeXer imputation adaptation,2022-10-19T10:00:00+00:00,1069,6,7.0,5.016167656414681,October 2022 pilot
11,TimeXer imputation adaptation,2022-10-19T11:00:00+00:00,1069,6,6.0,8.052267115383659,October 2022 pilot
11,TimeXer imputation adaptation,2022-10-19T12:00:00+00:00,1069,6,12.0,8.126590569233711,October 2022 pilot
11,TimeXer imputation adaptation,2022-10-19T13:00:00+00:00,1069,6,14.0,8.668199399055831,October 2022 pilot
11,TimeXer imputation adaptation,2022-10-20T07:00:00+00:00,32,3,5.0,5.142276787666979,October 2022 pilot
11,TimeXer imputation adaptation,2022-10-20T08:00:00+00:00,32,3,5.0,5.585745603769126,October 2022 pilot
11,TimeXer imputation adaptation,2022-10-20T09:00:00+00:00,32,3,4.0,6.678310068037131,October 2022 pilot
11,TimeXer imputation adaptation,2022-10-21T03:00:00+00:00,59,1,2.1,2.901184653133704,October 2022 pilot
11,TimeXer imputation adaptation,2022-10-20T13:00:00+00:00,1069,1,12.0,10.673546199588978,October 2022 pilot
11,TimeXer imputation adaptation,2022-10-22T00:00:00+00:00,32,1,0.0,2.1504650911727525,October 2022 pilot
11,TimeXer imputation adaptation,2022-10-21T20:00:00+00:00,59,1,1.2,2.916024476639385,October 2022 pilot
11,TimeXer imputation adaptation,2022-10-21T07:00:00+00:00,1069,1,4.0,3.484110234027339,October 2022 pilot
11,TimeXer imputation adaptation,2022-10-22T07:00:00+00:00,32,6,6.0,4.868892016054369,October 2022 pilot
11,TimeXer imputation adaptation,2022-10-22T08:00:00+00:00,32,6,7.0,5.84896151679253,October 2022 pilot
11,TimeXer imputation adaptation,2022-10-22T09:00:00+00:00,32,6,3.0,5.906472191923824,October 2022 pilot
11,TimeXer imputation adaptation,2022-10-22T10:00:00+00:00,32,6,5.0,5.245929712094093,October 2022 pilot
11,TimeXer imputation adaptation,2022-10-22T11:00:00+00:00,32,6,6.0,6.992670689921266,October 2022 pilot
11,TimeXer imputation adaptation,2022-10-22T12:00:00+00:00,32,6,4.0,6.42642232972874,October 2022 pilot
11,TimeXer imputation adaptation,2022-10-22T15:00:00+00:00,59,3,5.8,3.3927729518462,October 2022 pilot
11,TimeXer imputation adaptation,2022-10-22T16:00:00+00:00,59,3,6.7,3.1319128574117263,October 2022 pilot
11,TimeXer imputation adaptation,2022-10-22T17:00:00+00:00,59,3,6.5,3.4586400513965376,October 2022 pilot
11,TimeXer imputation adaptation,2022-10-22T21:00:00+00:00,1069,1,1.0,3.623693713786676,October 2022 pilot
11,TimeXer imputation adaptation,2022-10-23T23:00:00+00:00,32,6,3.0,5.192099708431291,October 2022 pilot
11,TimeXer imputation adaptation,2022-10-24T00:00:00+00:00,32,6,3.0,4.330202465979382,October 2022 pilot
11,TimeXer imputation adaptation,2022-10-24T01:00:00+00:00,32,6,4.0,4.073067407123268,October 2022 pilot
11,TimeXer imputation adaptation,2022-10-24T02:00:00+00:00,32,6,6.0,6.913576399648509,October 2022 pilot
11,TimeXer imputation adaptation,2022-10-24T03:00:00+00:00,32,6,6.0,6.3014910278236655,October 2022 pilot
11,TimeXer imputation adaptation,2022-10-24T04:00:00+00:00,32,6,6.0,7.632205543950519,October 2022 pilot
11,TimeXer imputation adaptation,2022-10-24T03:00:00+00:00,59,1,6.0,3.1583506030569817,October 2022 pilot
11,TimeXer imputation adaptation,2022-10-23T10:00:00+00:00,1069,1,6.0,1.746649767947467,October 2022 pilot
11,TimeXer imputation adaptation,2022-10-25T00:00:00+00:00,32,3,1.0,7.46212432961789,October 2022 pilot
11,TimeXer imputation adaptation,2022-10-25T01:00:00+00:00,32,3,7.0,6.741240388825625,October 2022 pilot
11,TimeXer imputation adaptation,2022-10-25T02:00:00+00:00,32,3,5.0,8.823996881704216,October 2022 pilot
11,TimeXer imputation adaptation,2022-10-24T19:00:00+00:00,59,6,17.9,7.280652311400756,October 2022 pilot
11,TimeXer imputation adaptation,2022-10-24T20:00:00+00:00,59,6,18.6,7.736359383714011,October 2022 pilot
11,TimeXer imputation adaptation,2022-10-24T21:00:00+00:00,59,6,11.8,6.762096395809614,October 2022 pilot
11,TimeXer imputation adaptation,2022-10-24T22:00:00+00:00,59,6,14.5,7.143458428838297,October 2022 pilot
11,TimeXer imputation adaptation,2022-10-24T23:00:00+00:00,59,6,13.3,6.194419616673598,October 2022 pilot
11,TimeXer imputation adaptation,2022-10-25T00:00:00+00:00,59,6,12.1,4.515749449620014,October 2022 pilot
11,TimeXer imputation adaptation,2022-10-24T16:00:00+00:00,1069,1,13.0,13.795625919501006,October 2022 pilot
11,TimeXer imputation adaptation,2022-10-25T15:00:00+00:00,32,6,2.0,2.8193271841042167,October 2022 pilot
11,TimeXer imputation adaptation,2022-10-25T16:00:00+00:00,32,6,6.0,4.12535864399341,October 2022 pilot
11,TimeXer imputation adaptation,2022-10-25T17:00:00+00:00,32,6,1.0,4.587381968781006,October 2022 pilot
11,TimeXer imputation adaptation,2022-10-25T18:00:00+00:00,32,6,2.0,2.6366156084172534,October 2022 pilot
11,TimeXer imputation adaptation,2022-10-25T19:00:00+00:00,32,6,2.0,4.486295891848351,October 2022 pilot
11,TimeXer imputation adaptation,2022-10-25T20:00:00+00:00,32,6,2.0,2.603724573044766,October 2022 pilot
11,TimeXer imputation adaptation,2022-10-25T21:00:00+00:00,59,1,-0.8,0.3049219076184375,October 2022 pilot
11,TimeXer imputation adaptation,2022-10-25T22:00:00+00:00,1069,1,2.0,1.3699188813011638,October 2022 pilot
11,TimeXer imputation adaptation,2022-10-26T14:00:00+00:00,32,1,14.0,3.6052462438591313,October 2022 pilot
11,TimeXer imputation adaptation,2022-10-27T03:00:00+00:00,59,1,2.0,1.871046015012081,October 2022 pilot
11,TimeXer imputation adaptation,2022-10-26T18:00:00+00:00,1069,6,5.0,6.486210655517564,October 2022 pilot
11,TimeXer imputation adaptation,2022-10-26T19:00:00+00:00,1069,6,4.0,6.549336901206033,October 2022 pilot
11,TimeXer imputation adaptation,2022-10-26T20:00:00+00:00,1069,6,2.0,5.80401814905073,October 2022 pilot
11,TimeXer imputation adaptation,2022-10-26T21:00:00+00:00,1069,6,2.0,3.4700212398667807,October 2022 pilot
11,TimeXer imputation adaptation,2022-10-26T22:00:00+00:00,1069,6,-1.0,3.0218548570573898,October 2022 pilot
11,TimeXer imputation adaptation,2022-10-26T23:00:00+00:00,1069,6,-5.0,-1.022593172499171,October 2022 pilot
11,TimeXer imputation adaptation,2022-10-27T12:00:00+00:00,32,3,3.0,4.084593902463057,October 2022 pilot
11,TimeXer imputation adaptation,2022-10-27T13:00:00+00:00,32,3,4.0,3.10975872451497,October 2022 pilot
11,TimeXer imputation adaptation,2022-10-27T14:00:00+00:00,32,3,12.0,5.823019669654798,October 2022 pilot
11,TimeXer imputation adaptation,2022-10-27T23:00:00+00:00,59,6,2.3,3.5813903470758026,October 2022 pilot
11,TimeXer imputation adaptation,2022-10-28T00:00:00+00:00,59,6,4.7,2.72072897033385,October 2022 pilot
11,TimeXer imputation adaptation,2022-10-28T01:00:00+00:00,59,6,-1.4,3.0832675730630257,October 2022 pilot
11,TimeXer imputation adaptation,2022-10-28T02:00:00+00:00,59,6,1.9,4.212827694718179,October 2022 pilot
11,TimeXer imputation adaptation,2022-10-28T03:00:00+00:00,59,6,1.0,3.50664869017199,October 2022 pilot
11,TimeXer imputation adaptation,2022-10-28T04:00:00+00:00,59,6,7.5,5.585104083465378,October 2022 pilot
11,TimeXer imputation adaptation,2022-10-27T12:00:00+00:00,1069,1,10.0,5.018107603153681,October 2022 pilot
11,TimeXer imputation adaptation,2022-10-28T17:00:00+00:00,32,1,4.0,5.933745051373082,October 2022 pilot
11,TimeXer imputation adaptation,2022-10-28T15:00:00+00:00,59,1,-2.2,3.37975848378123,October 2022 pilot
11,TimeXer imputation adaptation,2022-10-28T13:00:00+00:00,1069,6,11.0,9.227304017748006,October 2022 pilot
11,TimeXer imputation adaptation,2022-10-28T14:00:00+00:00,1069,6,-10.0,9.999476162268651,October 2022 pilot
11,TimeXer imputation adaptation,2022-10-28T15:00:00+00:00,1069,6,-1.0,9.57563316131066,October 2022 pilot
11,TimeXer imputation adaptation,2022-10-28T16:00:00+00:00,1069,6,6.0,8.612533929006302,October 2022 pilot
11,TimeXer imputation adaptation,2022-10-28T17:00:00+00:00,1069,6,9.0,6.91746698119457,October 2022 pilot
11,TimeXer imputation adaptation,2022-10-28T18:00:00+00:00,1069,6,10.0,6.704061153478397,October 2022 pilot
11,TimeXer imputation adaptation,2022-10-29T15:00:00+00:00,32,6,4.0,3.8633716479916114,October 2022 pilot
11,TimeXer imputation adaptation,2022-10-29T16:00:00+00:00,32,6,8.0,5.581320076930835,October 2022 pilot
11,TimeXer imputation adaptation,2022-10-29T17:00:00+00:00,32,6,5.0,6.350020042778128,October 2022 pilot
11,TimeXer imputation adaptation,2022-10-29T18:00:00+00:00,32,6,7.0,4.6730942141097165,October 2022 pilot
11,TimeXer imputation adaptation,2022-10-29T19:00:00+00:00,32,6,4.0,5.960820638403826,October 2022 pilot
11,TimeXer imputation adaptation,2022-10-29T20:00:00+00:00,32,6,2.0,4.650653795169671,October 2022 pilot
11,TimeXer imputation adaptation,2022-10-30T01:00:00+00:00,59,3,2.4,2.163096027584401,October 2022 pilot
11,TimeXer imputation adaptation,2022-10-30T02:00:00+00:00,59,3,-0.9,3.163503584133088,October 2022 pilot
11,TimeXer imputation adaptation,2022-10-30T03:00:00+00:00,59,3,1.0,1.9348523031287292,October 2022 pilot
11,TimeXer imputation adaptation,2022-10-29T22:00:00+00:00,1069,3,5.0,3.7769579687521455,October 2022 pilot
11,TimeXer imputation adaptation,2022-10-29T23:00:00+00:00,1069,3,1.0,0.1840335501484364,October 2022 pilot
11,TimeXer imputation adaptation,2022-10-30T00:00:00+00:00,1069,3,3.0,-0.5897215006436678,October 2022 pilot
11,TimeXer imputation adaptation,2022-10-31T04:00:00+00:00,32,1,9.0,5.945884537734905,October 2022 pilot
11,TimeXer imputation adaptation,2022-10-30T21:00:00+00:00,59,6,4.5,4.851416351402959,October 2022 pilot
11,TimeXer imputation adaptation,2022-10-30T22:00:00+00:00,59,6,2.7,5.889935775086956,October 2022 pilot
11,TimeXer imputation adaptation,2022-10-30T23:00:00+00:00,59,6,5.6,4.021277005491907,October 2022 pilot
11,TimeXer imputation adaptation,2022-10-31T00:00:00+00:00,59,6,1.0,3.239592826550112,October 2022 pilot
11,TimeXer imputation adaptation,2022-10-31T01:00:00+00:00,59,6,4.0,2.945813850715436,October 2022 pilot
11,TimeXer imputation adaptation,2022-10-31T02:00:00+00:00,59,6,8.0,4.904753991754123,October 2022 pilot
11,TimeXer imputation adaptation,2022-10-30T09:00:00+00:00,1069,1,5.0,5.916773422707953,October 2022 pilot
11,TimeXer imputation adaptation,2022-10-31T20:00:00+00:00,32,1,3.0,5.687026227784014,October 2022 pilot
11,TimeXer imputation adaptation,2022-11-01T02:00:00+00:00,59,3,4.3,3.7668591851436353,October 2022 pilot
11,TimeXer imputation adaptation,2022-11-01T03:00:00+00:00,59,3,0.5,2.522220899412142,October 2022 pilot
11,TimeXer imputation adaptation,2022-11-01T04:00:00+00:00,59,3,6.9,5.1951405725054975,October 2022 pilot
11,TimeXer imputation adaptation,2022-10-31T10:00:00+00:00,1069,1,6.0,4.731322705713516,October 2022 pilot
22,TimeXer imputation adaptation,2022-10-01T13:00:00+00:00,32,6,6.0,6.822781611796467,October 2022 pilot
22,TimeXer imputation adaptation,2022-10-01T14:00:00+00:00,32,6,13.0,9.81581991925852,October 2022 pilot
22,TimeXer imputation adaptation,2022-10-01T15:00:00+00:00,32,6,10.0,9.434642830484885,October 2022 pilot
22,TimeXer imputation adaptation,2022-10-01T16:00:00+00:00,32,6,17.0,10.289442904182994,October 2022 pilot
22,TimeXer imputation adaptation,2022-10-01T17:00:00+00:00,32,6,8.0,10.488838359660186,October 2022 pilot
22,TimeXer imputation adaptation,2022-10-01T18:00:00+00:00,32,6,12.0,9.657192821623283,October 2022 pilot
22,TimeXer imputation adaptation,2022-10-01T10:00:00+00:00,59,3,6.2,6.838630642433432,October 2022 pilot
22,TimeXer imputation adaptation,2022-10-01T11:00:00+00:00,59,3,8.7,7.873100023014905,October 2022 pilot
22,TimeXer imputation adaptation,2022-10-01T12:00:00+00:00,59,3,6.2,6.540367906318227,October 2022 pilot
22,TimeXer imputation adaptation,2022-10-02T12:00:00+00:00,32,1,6.0,5.874117209233739,October 2022 pilot
22,TimeXer imputation adaptation,2022-10-02T07:00:00+00:00,59,3,4.9,5.343642057682207,October 2022 pilot
22,TimeXer imputation adaptation,2022-10-02T08:00:00+00:00,59,3,10.0,5.030534354605164,October 2022 pilot
22,TimeXer imputation adaptation,2022-10-02T09:00:00+00:00,59,3,6.2,6.177532126122185,October 2022 pilot
22,TimeXer imputation adaptation,2022-10-04T04:00:00+00:00,32,1,12.0,8.598575093664572,October 2022 pilot
22,TimeXer imputation adaptation,2022-10-04T01:00:00+00:00,59,1,9.0,6.765939700549372,October 2022 pilot
22,TimeXer imputation adaptation,2022-10-04T07:00:00+00:00,32,6,9.0,7.399492328331569,October 2022 pilot
22,TimeXer imputation adaptation,2022-10-04T08:00:00+00:00,32,6,12.0,8.1324347291416,October 2022 pilot
22,TimeXer imputation adaptation,2022-10-04T09:00:00+00:00,32,6,11.0,8.466725840071351,October 2022 pilot
22,TimeXer imputation adaptation,2022-10-04T10:00:00+00:00,32,6,13.0,9.054584544665024,October 2022 pilot
22,TimeXer imputation adaptation,2022-10-04T11:00:00+00:00,32,6,9.0,10.556123767826165,October 2022 pilot
22,TimeXer imputation adaptation,2022-10-04T12:00:00+00:00,32,6,16.0,10.777134913556438,October 2022 pilot
22,TimeXer imputation adaptation,2022-10-04T12:00:00+00:00,59,1,35.2,10.632963964622288,October 2022 pilot
22,TimeXer imputation adaptation,2022-10-04T19:00:00+00:00,1069,3,15.0,10.397527825209169,October 2022 pilot
22,TimeXer imputation adaptation,2022-10-04T20:00:00+00:00,1069,3,11.0,9.451573486755548,October 2022 pilot
22,TimeXer imputation adaptation,2022-10-04T21:00:00+00:00,1069,3,4.0,7.958383405039145,October 2022 pilot
22,TimeXer imputation adaptation,2022-10-05T17:00:00+00:00,32,3,12.0,10.825926609000163,October 2022 pilot
22,TimeXer imputation adaptation,2022-10-05T18:00:00+00:00,32,3,11.0,10.50008477428676,October 2022 pilot
22,TimeXer imputation adaptation,2022-10-05T19:00:00+00:00,32,3,11.0,10.220900382246963,October 2022 pilot
22,TimeXer imputation adaptation,2022-10-05T14:00:00+00:00,59,1,12.4,8.653524293321132,October 2022 pilot
22,TimeXer imputation adaptation,2022-10-06T01:00:00+00:00,1069,3,5.0,2.433473121516756,October 2022 pilot
22,TimeXer imputation adaptation,2022-10-06T02:00:00+00:00,1069,3,1.0,5.546107186757243,October 2022 pilot
22,TimeXer imputation adaptation,2022-10-06T03:00:00+00:00,1069,3,4.0,4.448503536536437,October 2022 pilot
22,TimeXer imputation adaptation,2022-10-06T14:00:00+00:00,32,1,9.0,12.788572081290251,October 2022 pilot
22,TimeXer imputation adaptation,2022-10-06T17:00:00+00:00,59,1,10.1,11.938960253339555,October 2022 pilot
22,TimeXer imputation adaptation,2022-10-06T13:00:00+00:00,1069,6,21.0,11.022200044457188,October 2022 pilot
22,TimeXer imputation adaptation,2022-10-06T14:00:00+00:00,1069,6,20.0,12.57154290004409,October 2022 pilot
22,TimeXer imputation adaptation,2022-10-06T15:00:00+00:00,1069,6,21.0,11.92812091825234,October 2022 pilot
22,TimeXer imputation adaptation,2022-10-06T16:00:00+00:00,1069,6,17.0,10.52617673915988,October 2022 pilot
22,TimeXer imputation adaptation,2022-10-06T17:00:00+00:00,1069,6,15.0,9.264782789354568,October 2022 pilot
22,TimeXer imputation adaptation,2022-10-06T18:00:00+00:00,1069,6,13.0,9.684004715480237,October 2022 pilot
22,TimeXer imputation adaptation,2022-10-07T22:00:00+00:00,32,3,11.0,10.170235122930483,October 2022 pilot
22,TimeXer imputation adaptation,2022-10-07T23:00:00+00:00,32,3,11.0,8.524861036493563,October 2022 pilot
22,TimeXer imputation adaptation,2022-10-08T00:00:00+00:00,32,3,7.0,7.604362041012212,October 2022 pilot
22,TimeXer imputation adaptation,2022-10-07T19:00:00+00:00,59,1,8.9,8.84352261127978,October 2022 pilot
22,TimeXer imputation adaptation,2022-10-07T18:00:00+00:00,1069,3,7.0,12.980840229516645,October 2022 pilot
22,TimeXer imputation adaptation,2022-10-07T19:00:00+00:00,1069,3,12.0,10.794410442555618,October 2022 pilot
22,TimeXer imputation adaptation,2022-10-07T20:00:00+00:00,1069,3,9.0,9.83096494950438,October 2022 pilot
22,TimeXer imputation adaptation,2022-10-08T10:00:00+00:00,32,6,10.0,8.737847324722987,October 2022 pilot
22,TimeXer imputation adaptation,2022-10-08T11:00:00+00:00,32,6,9.0,10.133184700289634,October 2022 pilot
22,TimeXer imputation adaptation,2022-10-08T12:00:00+00:00,32,6,10.0,9.945840262565753,October 2022 pilot
22,TimeXer imputation adaptation,2022-10-08T13:00:00+00:00,32,6,4.0,8.881008427218688,October 2022 pilot
22,TimeXer imputation adaptation,2022-10-08T14:00:00+00:00,32,6,13.0,12.641535996090234,October 2022 pilot
22,TimeXer imputation adaptation,2022-10-08T15:00:00+00:00,32,6,10.0,12.451545047195976,October 2022 pilot
22,TimeXer imputation adaptation,2022-10-08T15:00:00+00:00,59,3,12.9,10.929385533931557,October 2022 pilot
22,TimeXer imputation adaptation,2022-10-08T16:00:00+00:00,59,3,14.9,9.278086364068212,October 2022 pilot
22,TimeXer imputation adaptation,2022-10-08T17:00:00+00:00,59,3,11.5,9.89897715010924,October 2022 pilot
22,TimeXer imputation adaptation,2022-10-08T15:00:00+00:00,1069,1,17.0,16.802191966206898,October 2022 pilot
22,TimeXer imputation adaptation,2022-10-09T12:00:00+00:00,32,1,15.0,15.233967689710816,October 2022 pilot
22,TimeXer imputation adaptation,2022-10-09T15:00:00+00:00,59,3,14.1,13.029031966593006,October 2022 pilot
22,TimeXer imputation adaptation,2022-10-09T16:00:00+00:00,59,3,10.9,10.633821397813549,October 2022 pilot
22,TimeXer imputation adaptation,2022-10-09T17:00:00+00:00,59,3,9.9,11.12754575481833,October 2022 pilot
22,TimeXer imputation adaptation,2022-10-09T22:00:00+00:00,1069,6,7.0,9.228104134958286,October 2022 pilot
22,TimeXer imputation adaptation,2022-10-09T23:00:00+00:00,1069,6,6.0,5.975299649280158,October 2022 pilot
22,TimeXer imputation adaptation,2022-10-10T00:00:00+00:00,1069,6,4.0,3.916890832355004,October 2022 pilot
22,TimeXer imputation adaptation,2022-10-10T01:00:00+00:00,1069,6,6.0,4.8048013115497925,October 2022 pilot
22,TimeXer imputation adaptation,2022-10-10T02:00:00+00:00,1069,6,5.0,8.482008537699928,October 2022 pilot
22,TimeXer imputation adaptation,2022-10-10T03:00:00+00:00,1069,6,10.0,7.629400233243394,October 2022 pilot
22,TimeXer imputation adaptation,2022-10-11T02:00:00+00:00,32,3,8.0,9.028416180154066,October 2022 pilot
22,TimeXer imputation adaptation,2022-10-11T03:00:00+00:00,32,3,6.0,8.352125659084846,October 2022 pilot
22,TimeXer imputation adaptation,2022-10-11T04:00:00+00:00,32,3,8.0,7.460537974260933,October 2022 pilot
22,TimeXer imputation adaptation,2022-10-10T09:00:00+00:00,59,6,8.8,9.581270244735691,October 2022 pilot
22,TimeXer imputation adaptation,2022-10-10T10:00:00+00:00,59,6,7.5,6.044595501270958,October 2022 pilot
22,TimeXer imputation adaptation,2022-10-10T11:00:00+00:00,59,6,18.6,8.805427793749141,October 2022 pilot
22,TimeXer imputation adaptation,2022-10-10T12:00:00+00:00,59,6,12.2,7.674415026726304,October 2022 pilot
22,TimeXer imputation adaptation,2022-10-10T13:00:00+00:00,59,6,10.3,8.301689508602854,October 2022 pilot
22,TimeXer imputation adaptation,2022-10-10T14:00:00+00:00,59,6,8.1,8.435365552901285,October 2022 pilot
22,TimeXer imputation adaptation,2022-10-10T20:00:00+00:00,1069,3,-2.0,11.517704512731964,October 2022 pilot
22,TimeXer imputation adaptation,2022-10-10T21:00:00+00:00,1069,3,11.0,10.089449251894026,October 2022 pilot
22,TimeXer imputation adaptation,2022-10-10T22:00:00+00:00,1069,3,9.0,7.980121165107388,October 2022 pilot
22,TimeXer imputation adaptation,2022-10-11T12:00:00+00:00,32,6,9.0,5.286439949144025,October 2022 pilot
22,TimeXer imputation adaptation,2022-10-11T13:00:00+00:00,32,6,3.0,5.330359372240585,October 2022 pilot
22,TimeXer imputation adaptation,2022-10-11T14:00:00+00:00,32,6,14.0,8.270060542624243,October 2022 pilot
22,TimeXer imputation adaptation,2022-10-11T15:00:00+00:00,32,6,8.0,8.047809578527241,October 2022 pilot
22,TimeXer imputation adaptation,2022-10-11T16:00:00+00:00,32,6,7.0,8.915433591071126,October 2022 pilot
22,TimeXer imputation adaptation,2022-10-11T17:00:00+00:00,32,6,6.0,9.078901776917236,October 2022 pilot
22,TimeXer imputation adaptation,2022-10-12T00:00:00+00:00,59,3,0.5,4.483841924099037,October 2022 pilot
22,TimeXer imputation adaptation,2022-10-12T01:00:00+00:00,59,3,6.1,4.321169074218718,October 2022 pilot
22,TimeXer imputation adaptation,2022-10-12T02:00:00+00:00,59,3,1.8,4.728072843780219,October 2022 pilot
22,TimeXer imputation adaptation,2022-10-12T02:00:00+00:00,1069,3,2.0,4.345914043189017,October 2022 pilot
22,TimeXer imputation adaptation,2022-10-12T03:00:00+00:00,1069,3,1.0,3.939274368212456,October 2022 pilot
22,TimeXer imputation adaptation,2022-10-12T04:00:00+00:00,1069,3,2.0,5.530793132753194,October 2022 pilot
22,TimeXer imputation adaptation,2022-10-12T19:00:00+00:00,32,3,7.0,9.032372113862612,October 2022 pilot
22,TimeXer imputation adaptation,2022-10-12T20:00:00+00:00,32,3,4.0,7.492970838676286,October 2022 pilot
22,TimeXer imputation adaptation,2022-10-12T21:00:00+00:00,32,3,8.0,6.0436368994718,October 2022 pilot
22,TimeXer imputation adaptation,2022-10-12T12:00:00+00:00,59,1,11.1,4.032871498660711,October 2022 pilot
22,TimeXer imputation adaptation,2022-10-12T07:00:00+00:00,1069,6,7.0,4.822235847427672,October 2022 pilot
22,TimeXer imputation adaptation,2022-10-12T08:00:00+00:00,1069,6,5.0,6.322872701220659,October 2022 pilot
22,TimeXer imputation adaptation,2022-10-12T09:00:00+00:00,1069,6,6.0,7.824726958233114,October 2022 pilot
22,TimeXer imputation adaptation,2022-10-12T10:00:00+00:00,1069,6,9.0,7.254358841134535,October 2022 pilot
22,TimeXer imputation adaptation,2022-10-12T11:00:00+00:00,1069,6,8.0,9.803598109976836,October 2022 pilot
22,TimeXer imputation adaptation,2022-10-12T12:00:00+00:00,1069,6,9.0,9.695903713680451,October 2022 pilot
22,TimeXer imputation adaptation,2022-10-13T13:00:00+00:00,32,6,4.0,2.8721131743300354,October 2022 pilot
22,TimeXer imputation adaptation,2022-10-13T14:00:00+00:00,32,6,12.0,5.90517451257143,October 2022 pilot
22,TimeXer imputation adaptation,2022-10-13T15:00:00+00:00,32,6,6.0,6.095385375139461,October 2022 pilot
22,TimeXer imputation adaptation,2022-10-13T16:00:00+00:00,32,6,12.0,7.421051205805247,October 2022 pilot
22,TimeXer imputation adaptation,2022-10-13T17:00:00+00:00,32,6,16.0,7.730682425855729,October 2022 pilot
22,TimeXer imputation adaptation,2022-10-13T18:00:00+00:00,32,6,11.0,6.61389716431162,October 2022 pilot
22,TimeXer imputation adaptation,2022-10-13T20:00:00+00:00,59,6,8.8,6.843105735037844,October 2022 pilot
22,TimeXer imputation adaptation,2022-10-13T21:00:00+00:00,59,6,8.3,6.046928915880986,October 2022 pilot
22,TimeXer imputation adaptation,2022-10-13T22:00:00+00:00,59,6,10.3,7.010395313065277,October 2022 pilot
22,TimeXer imputation adaptation,2022-10-13T23:00:00+00:00,59,6,6.3,5.370418699938716,October 2022 pilot
22,TimeXer imputation adaptation,2022-10-14T00:00:00+00:00,59,6,4.4,4.379391473932304,October 2022 pilot
22,TimeXer imputation adaptation,2022-10-14T01:00:00+00:00,59,6,5.5,5.491094849297957,October 2022 pilot
22,TimeXer imputation adaptation,2022-10-13T12:00:00+00:00,1069,3,6.0,8.493375501275679,October 2022 pilot
22,TimeXer imputation adaptation,2022-10-13T13:00:00+00:00,1069,3,12.0,9.294266030581298,October 2022 pilot
22,TimeXer imputation adaptation,2022-10-13T14:00:00+00:00,1069,3,16.0,11.27218539343757,October 2022 pilot
22,TimeXer imputation adaptation,2022-10-14T09:00:00+00:00,32,1,7.0,6.7104109655293,October 2022 pilot
22,TimeXer imputation adaptation,2022-10-14T07:00:00+00:00,59,1,3.2,3.915985885991021,October 2022 pilot
22,TimeXer imputation adaptation,2022-10-14T19:00:00+00:00,1069,3,13.0,9.672640472020914,October 2022 pilot
22,TimeXer imputation adaptation,2022-10-14T20:00:00+00:00,1069,3,6.0,7.412182212724782,October 2022 pilot
22,TimeXer imputation adaptation,2022-10-14T21:00:00+00:00,1069,3,12.0,7.007543938969501,October 2022 pilot
22,TimeXer imputation adaptation,2022-10-15T20:00:00+00:00,32,3,6.0,6.1418865302594,October 2022 pilot
22,TimeXer imputation adaptation,2022-10-15T21:00:00+00:00,32,3,6.0,5.016309648333767,October 2022 pilot
22,TimeXer imputation adaptation,2022-10-15T22:00:00+00:00,32,3,3.0,5.654960130739745,October 2022 pilot
22,TimeXer imputation adaptation,2022-10-15T16:00:00+00:00,59,1,4.5,4.455069811351873,October 2022 pilot
22,TimeXer imputation adaptation,2022-10-15T16:00:00+00:00,1069,6,12.0,7.948878713766593,October 2022 pilot
22,TimeXer imputation adaptation,2022-10-15T17:00:00+00:00,1069,6,10.0,7.373911081277017,October 2022 pilot
22,TimeXer imputation adaptation,2022-10-15T18:00:00+00:00,1069,6,9.0,6.5205850690634914,October 2022 pilot
22,TimeXer imputation adaptation,2022-10-15T19:00:00+00:00,1069,6,9.0,6.083697900888759,October 2022 pilot
22,TimeXer imputation adaptation,2022-10-15T20:00:00+00:00,1069,6,9.0,5.599654794304318,October 2022 pilot
22,TimeXer imputation adaptation,2022-10-15T21:00:00+00:00,1069,6,4.0,4.2794972625821215,October 2022 pilot
22,TimeXer imputation adaptation,2022-10-16T10:00:00+00:00,32,6,7.0,5.372498521821711,October 2022 pilot
22,TimeXer imputation adaptation,2022-10-16T11:00:00+00:00,32,6,5.0,7.270201641403337,October 2022 pilot
22,TimeXer imputation adaptation,2022-10-16T12:00:00+00:00,32,6,5.0,5.918633061693393,October 2022 pilot
22,TimeXer imputation adaptation,2022-10-16T13:00:00+00:00,32,6,1.0,5.462954110127361,October 2022 pilot
22,TimeXer imputation adaptation,2022-10-16T14:00:00+00:00,32,6,1.0,8.399814222258414,October 2022 pilot
22,TimeXer imputation adaptation,2022-10-16T15:00:00+00:00,32,6,6.0,8.384660618790122,October 2022 pilot
22,TimeXer imputation adaptation,2022-10-16T19:00:00+00:00,59,6,5.3,6.121260239282472,October 2022 pilot
22,TimeXer imputation adaptation,2022-10-16T20:00:00+00:00,59,6,1.2,5.765083329826366,October 2022 pilot
22,TimeXer imputation adaptation,2022-10-16T21:00:00+00:00,59,6,3.8,4.685878215446273,October 2022 pilot
22,TimeXer imputation adaptation,2022-10-16T22:00:00+00:00,59,6,3.6,5.936717985316457,October 2022 pilot
22,TimeXer imputation adaptation,2022-10-16T23:00:00+00:00,59,6,7.8,4.125617919092328,October 2022 pilot
22,TimeXer imputation adaptation,2022-10-17T00:00:00+00:00,59,6,-0.1,3.420538471173544,October 2022 pilot
22,TimeXer imputation adaptation,2022-10-16T07:00:00+00:00,1069,6,9.0,4.009286941248122,October 2022 pilot
22,TimeXer imputation adaptation,2022-10-16T08:00:00+00:00,1069,6,3.0,4.694514896159393,October 2022 pilot
22,TimeXer imputation adaptation,2022-10-16T09:00:00+00:00,1069,6,5.0,6.744465359931608,October 2022 pilot
22,TimeXer imputation adaptation,2022-10-16T10:00:00+00:00,1069,6,3.0,4.158408156657367,October 2022 pilot
22,TimeXer imputation adaptation,2022-10-16T11:00:00+00:00,1069,6,5.0,7.096723258322928,October 2022 pilot
22,TimeXer imputation adaptation,2022-10-16T12:00:00+00:00,1069,6,5.0,6.371742715960725,October 2022 pilot
22,TimeXer imputation adaptation,2022-10-17T22:00:00+00:00,32,3,9.0,4.401603341571343,October 2022 pilot
22,TimeXer imputation adaptation,2022-10-17T23:00:00+00:00,32,3,7.0,2.147440806465543,October 2022 pilot
22,TimeXer imputation adaptation,2022-10-18T00:00:00+00:00,32,3,2.0,2.1340828851447355,October 2022 pilot
22,TimeXer imputation adaptation,2022-10-17T10:00:00+00:00,59,3,-0.7,1.918243130704938,October 2022 pilot
22,TimeXer imputation adaptation,2022-10-17T11:00:00+00:00,59,3,2.5,3.701441661761121,October 2022 pilot
22,TimeXer imputation adaptation,2022-10-17T12:00:00+00:00,59,3,3.1,2.194616650903323,October 2022 pilot
22,TimeXer imputation adaptation,2022-10-17T14:00:00+00:00,1069,1,9.0,5.0711853357739445,October 2022 pilot
22,TimeXer imputation adaptation,2022-10-18T21:00:00+00:00,32,6,4.0,3.5790075447079923,October 2022 pilot
22,TimeXer imputation adaptation,2022-10-18T22:00:00+00:00,32,6,6.0,4.817516911457242,October 2022 pilot
22,TimeXer imputation adaptation,2022-10-18T23:00:00+00:00,32,6,2.0,2.438795606951893,October 2022 pilot
22,TimeXer imputation adaptation,2022-10-19T00:00:00+00:00,32,6,1.0,2.207661933349195,October 2022 pilot
22,TimeXer imputation adaptation,2022-10-19T01:00:00+00:00,32,6,1.0,2.629102065931021,October 2022 pilot
22,TimeXer imputation adaptation,2022-10-19T02:00:00+00:00,32,6,1.0,5.7122861119276696,October 2022 pilot
22,TimeXer imputation adaptation,2022-10-18T14:00:00+00:00,59,6,3.5,1.2749865018098472,October 2022 pilot
22,TimeXer imputation adaptation,2022-10-18T15:00:00+00:00,59,6,0.0,2.632224567743369,October 2022 pilot
22,TimeXer imputation adaptation,2022-10-18T16:00:00+00:00,59,6,4.4,1.8748586495132715,October 2022 pilot
22,TimeXer imputation adaptation,2022-10-18T17:00:00+00:00,59,6,1.4,2.8270853567544254,October 2022 pilot
22,TimeXer imputation adaptation,2022-10-18T18:00:00+00:00,59,6,3.6,0.4523806046838494,October 2022 pilot
22,TimeXer imputation adaptation,2022-10-18T19:00:00+00:00,59,6,-0.7,1.93841652774736,October 2022 pilot
22,TimeXer imputation adaptation,2022-10-18T12:00:00+00:00,1069,6,3.0,4.49862057354153,October 2022 pilot
22,TimeXer imputation adaptation,2022-10-18T13:00:00+00:00,1069,6,5.0,4.774826031484608,October 2022 pilot
22,TimeXer imputation adaptation,2022-10-18T14:00:00+00:00,1069,6,5.0,6.548202108929957,October 2022 pilot
22,TimeXer imputation adaptation,2022-10-18T15:00:00+00:00,1069,6,2.0,6.612962640866872,October 2022 pilot
22,TimeXer imputation adaptation,2022-10-18T16:00:00+00:00,1069,6,6.0,5.768825081204786,October 2022 pilot
22,TimeXer imputation adaptation,2022-10-18T17:00:00+00:00,1069,6,7.0,5.099294414478866,October 2022 pilot
22,TimeXer imputation adaptation,2022-10-19T15:00:00+00:00,32,6,9.0,4.74252697762409,October 2022 pilot
22,TimeXer imputation adaptation,2022-10-19T16:00:00+00:00,32,6,6.0,6.164473488434879,October 2022 pilot
22,TimeXer imputation adaptation,2022-10-19T17:00:00+00:00,32,6,7.0,6.8587654845657,October 2022 pilot
22,TimeXer imputation adaptation,2022-10-19T18:00:00+00:00,32,6,5.0,5.519105681019306,October 2022 pilot
22,TimeXer imputation adaptation,2022-10-19T19:00:00+00:00,32,6,8.0,6.750409048999604,October 2022 pilot
22,TimeXer imputation adaptation,2022-10-19T20:00:00+00:00,32,6,5.0,4.678937335096778,October 2022 pilot
22,TimeXer imputation adaptation,2022-10-20T00:00:00+00:00,59,3,2.7,2.3193675605293995,October 2022 pilot
22,TimeXer imputation adaptation,2022-10-20T01:00:00+00:00,59,3,8.0,2.637633197640331,October 2022 pilot
22,TimeXer imputation adaptation,2022-10-20T02:00:00+00:00,59,3,6.6,4.118625485695671,October 2022 pilot
22,TimeXer imputation adaptation,2022-10-19T09:00:00+00:00,1069,6,7.0,7.120466046434358,October 2022 pilot
22,TimeXer imputation adaptation,2022-10-19T10:00:00+00:00,1069,6,7.0,4.794262573054086,October 2022 pilot
22,TimeXer imputation adaptation,2022-10-19T11:00:00+00:00,1069,6,6.0,7.858944511731647,October 2022 pilot
22,TimeXer imputation adaptation,2022-10-19T12:00:00+00:00,1069,6,12.0,7.955255674126234,October 2022 pilot
22,TimeXer imputation adaptation,2022-10-19T13:00:00+00:00,1069,6,14.0,8.578009606821631,October 2022 pilot
22,TimeXer imputation adaptation,2022-10-19T14:00:00+00:00,1069,6,9.0,10.149745468300958,October 2022 pilot
22,TimeXer imputation adaptation,2022-10-20T09:00:00+00:00,32,6,4.0,6.422855283819052,October 2022 pilot
22,TimeXer imputation adaptation,2022-10-20T10:00:00+00:00,32,6,7.0,4.7013756576243,October 2022 pilot
22,TimeXer imputation adaptation,2022-10-20T11:00:00+00:00,32,6,5.0,7.03073525212063,October 2022 pilot
22,TimeXer imputation adaptation,2022-10-20T12:00:00+00:00,32,6,5.0,6.250189088023628,October 2022 pilot
22,TimeXer imputation adaptation,2022-10-20T13:00:00+00:00,32,6,2.0,5.424041758703268,October 2022 pilot
22,TimeXer imputation adaptation,2022-10-20T14:00:00+00:00,32,6,15.0,8.22709582579114,October 2022 pilot
22,TimeXer imputation adaptation,2022-10-20T18:00:00+00:00,59,3,5.8,3.799893508559812,October 2022 pilot
22,TimeXer imputation adaptation,2022-10-20T19:00:00+00:00,59,3,4.9,4.435353991409075,October 2022 pilot
22,TimeXer imputation adaptation,2022-10-20T20:00:00+00:00,59,3,1.3,3.822174579636468,October 2022 pilot
22,TimeXer imputation adaptation,2022-10-20T23:00:00+00:00,1069,3,0.0,1.7105604721107586,October 2022 pilot
22,TimeXer imputation adaptation,2022-10-21T00:00:00+00:00,1069,3,1.0,0.2582334905636099,October 2022 pilot
22,TimeXer imputation adaptation,2022-10-21T01:00:00+00:00,1069,3,6.0,2.0842964098238985,October 2022 pilot
22,TimeXer imputation adaptation,2022-10-21T14:00:00+00:00,32,3,10.0,5.473860067360027,October 2022 pilot
22,TimeXer imputation adaptation,2022-10-21T15:00:00+00:00,32,3,5.0,5.37340291418459,October 2022 pilot
22,TimeXer imputation adaptation,2022-10-21T16:00:00+00:00,32,3,8.0,6.493189714360023,October 2022 pilot
22,TimeXer imputation adaptation,2022-10-22T01:00:00+00:00,59,3,4.5,2.3278378803285857,October 2022 pilot
22,TimeXer imputation adaptation,2022-10-22T02:00:00+00:00,59,3,1.6,3.4601587044515734,October 2022 pilot
22,TimeXer imputation adaptation,2022-10-22T03:00:00+00:00,59,3,0.9,2.709296400784813,October 2022 pilot
22,TimeXer imputation adaptation,2022-10-21T20:00:00+00:00,1069,3,2.0,6.161934292594169,October 2022 pilot
22,TimeXer imputation adaptation,2022-10-21T21:00:00+00:00,1069,3,3.0,4.854159939796514,October 2022 pilot
22,TimeXer imputation adaptation,2022-10-21T22:00:00+00:00,1069,3,0.0,3.5810600193123774,October 2022 pilot
22,TimeXer imputation adaptation,2022-10-22T07:00:00+00:00,32,1,6.0,4.207858346770251,October 2022 pilot
22,TimeXer imputation adaptation,2022-10-22T07:00:00+00:00,59,1,2.0,2.3658765960874364,October 2022 pilot
22,TimeXer imputation adaptation,2022-10-22T12:00:00+00:00,1069,1,1.0,5.315735892129581,October 2022 pilot
22,TimeXer imputation adaptation,2022-10-24T00:00:00+00:00,32,3,3.0,3.680618563336672,October 2022 pilot
22,TimeXer imputation adaptation,2022-10-24T01:00:00+00:00,32,3,4.0,3.24555929643354,October 2022 pilot
22,TimeXer imputation adaptation,2022-10-24T02:00:00+00:00,32,3,6.0,5.969573160691777,October 2022 pilot
22,TimeXer imputation adaptation,2022-10-23T20:00:00+00:00,59,3,2.2,3.6725857297284303,October 2022 pilot
22,TimeXer imputation adaptation,2022-10-23T21:00:00+00:00,59,3,3.2,3.4791399626557595,October 2022 pilot
22,TimeXer imputation adaptation,2022-10-23T22:00:00+00:00,59,3,10.4,4.746475939412649,October 2022 pilot
22,TimeXer imputation adaptation,2022-10-23T17:00:00+00:00,1069,6,6.0,7.186128448084999,October 2022 pilot
22,TimeXer imputation adaptation,2022-10-23T18:00:00+00:00,1069,6,1.0,6.672123561272465,October 2022 pilot
22,TimeXer imputation adaptation,2022-10-23T19:00:00+00:00,1069,6,6.0,6.764072563620729,October 2022 pilot
22,TimeXer imputation adaptation,2022-10-23T20:00:00+00:00,1069,6,-1.0,6.099263817525104,October 2022 pilot
22,TimeXer imputation adaptation,2022-10-23T21:00:00+00:00,1069,6,10.0,4.389734111406486,October 2022 pilot
22,TimeXer imputation adaptation,2022-10-23T22:00:00+00:00,1069,6,3.0,4.013487606974615,October 2022 pilot
22,TimeXer imputation adaptation,2022-10-24T07:00:00+00:00,32,1,7.0,8.626448732532912,October 2022 pilot
22,TimeXer imputation adaptation,2022-10-24T10:00:00+00:00,59,3,6.8,6.937846482969858,October 2022 pilot
22,TimeXer imputation adaptation,2022-10-24T11:00:00+00:00,59,3,4.1,8.53041071723846,October 2022 pilot
22,TimeXer imputation adaptation,2022-10-24T12:00:00+00:00,59,3,5.1,7.841527441263874,October 2022 pilot
22,TimeXer imputation adaptation,2022-10-24T12:00:00+00:00,1069,3,8.0,11.313406440779843,October 2022 pilot
22,TimeXer imputation adaptation,2022-10-24T13:00:00+00:00,1069,3,4.0,14.3493670730659,October 2022 pilot
22,TimeXer imputation adaptation,2022-10-24T14:00:00+00:00,1069,3,6.0,15.537216126790115,October 2022 pilot
22,TimeXer imputation adaptation,2022-10-26T02:00:00+00:00,32,1,8.0,3.345842866651985,October 2022 pilot
22,TimeXer imputation adaptation,2022-10-25T09:00:00+00:00,59,6,1.4,3.1013512029185755,October 2022 pilot
22,TimeXer imputation adaptation,2022-10-25T10:00:00+00:00,59,6,0.2,1.4417925949584944,October 2022 pilot
22,TimeXer imputation adaptation,2022-10-25T11:00:00+00:00,59,6,3.2,3.48702011848549,October 2022 pilot
22,TimeXer imputation adaptation,2022-10-25T12:00:00+00:00,59,6,-0.5,2.2203087859041477,October 2022 pilot
22,TimeXer imputation adaptation,2022-10-25T13:00:00+00:00,59,6,-2.2,0.5868351205966063,October 2022 pilot
22,TimeXer imputation adaptation,2022-10-25T14:00:00+00:00,59,6,-0.6,0.9684810914550104,October 2022 pilot
22,TimeXer imputation adaptation,2022-10-25T22:00:00+00:00,1069,3,2.0,1.9459597508394813,October 2022 pilot
22,TimeXer imputation adaptation,2022-10-25T23:00:00+00:00,1069,3,-4.0,-1.7087588623630072,October 2022 pilot
22,TimeXer imputation adaptation,2022-10-26T00:00:00+00:00,1069,3,-5.0,-1.598219778379887,October 2022 pilot
22,TimeXer imputation adaptation,2022-10-26T16:00:00+00:00,32,6,7.0,5.913120544961377,October 2022 pilot
22,TimeXer imputation adaptation,2022-10-26T17:00:00+00:00,32,6,8.0,5.790661961628431,October 2022 pilot
22,TimeXer imputation adaptation,2022-10-26T18:00:00+00:00,32,6,7.0,4.187409100445557,October 2022 pilot
22,TimeXer imputation adaptation,2022-10-26T19:00:00+00:00,32,6,8.0,5.4865236568528655,October 2022 pilot
22,TimeXer imputation adaptation,2022-10-26T20:00:00+00:00,32,6,5.0,3.737659851703829,October 2022 pilot
22,TimeXer imputation adaptation,2022-10-26T21:00:00+00:00,32,6,7.0,3.2383455409382487,October 2022 pilot
22,TimeXer imputation adaptation,2022-10-26T12:00:00+00:00,59,6,3.1,2.656310420436108,October 2022 pilot
22,TimeXer imputation adaptation,2022-10-26T13:00:00+00:00,59,6,2.2,1.8799544810765187,October 2022 pilot
22,TimeXer imputation adaptation,2022-10-26T14:00:00+00:00,59,6,3.4,2.536710586902375,October 2022 pilot
22,TimeXer imputation adaptation,2022-10-26T15:00:00+00:00,59,6,5.8,3.084689833939706,October 2022 pilot
22,TimeXer imputation adaptation,2022-10-26T16:00:00+00:00,59,6,3.5,3.222876213042147,October 2022 pilot
22,TimeXer imputation adaptation,2022-10-26T17:00:00+00:00,59,6,1.5,3.6464280166961824,October 2022 pilot
22,TimeXer imputation adaptation,2022-10-26T23:00:00+00:00,1069,6,-5.0,-0.1148214105917997,October 2022 pilot
22,TimeXer imputation adaptation,2022-10-27T00:00:00+00:00,1069,6,-2.0,-0.610504802080559,October 2022 pilot
22,TimeXer imputation adaptation,2022-10-27T01:00:00+00:00,1069,6,0.0,1.3132953257983777,October 2022 pilot
22,TimeXer imputation adaptation,2022-10-27T02:00:00+00:00,1069,6,3.0,4.578911156875949,October 2022 pilot
22,TimeXer imputation adaptation,2022-10-27T03:00:00+00:00,1069,6,2.0,3.380839301141978,October 2022 pilot
22,TimeXer imputation adaptation,2022-10-27T04:00:00+00:00,1069,6,0.0,4.80979222147138,October 2022 pilot
22,TimeXer imputation adaptation,2022-10-27T08:00:00+00:00,32,6,2.0,4.577562791800812,October 2022 pilot
22,TimeXer imputation adaptation,2022-10-27T09:00:00+00:00,32,6,4.0,5.733585872813375,October 2022 pilot
22,TimeXer imputation adaptation,2022-10-27T10:00:00+00:00,32,6,4.0,4.418317200060667,October 2022 pilot
22,TimeXer imputation adaptation,2022-10-27T11:00:00+00:00,32,6,7.0,6.659844447242703,October 2022 pilot
22,TimeXer imputation adaptation,2022-10-27T12:00:00+00:00,32,6,3.0,5.667493323373587,October 2022 pilot
22,TimeXer imputation adaptation,2022-10-27T13:00:00+00:00,32,6,4.0,4.307929760041261,October 2022 pilot
22,TimeXer imputation adaptation,2022-10-27T14:00:00+00:00,59,6,3.4,2.729175287337635,October 2022 pilot
22,TimeXer imputation adaptation,2022-10-27T15:00:00+00:00,59,6,3.3,3.663658975819878,October 2022 pilot
22,TimeXer imputation adaptation,2022-10-27T16:00:00+00:00,59,6,2.7,3.1795926959898635,October 2022 pilot
22,TimeXer imputation adaptation,2022-10-27T17:00:00+00:00,59,6,4.2,3.993244407441137,October 2022 pilot
22,TimeXer imputation adaptation,2022-10-27T18:00:00+00:00,59,6,0.4,2.1938798031841964,October 2022 pilot
22,TimeXer imputation adaptation,2022-10-27T19:00:00+00:00,59,6,3.8,3.466596787573499,October 2022 pilot
22,TimeXer imputation adaptation,2022-10-28T04:00:00+00:00,1069,1,1.0,4.1655296229580765,October 2022 pilot
22,TimeXer imputation adaptation,2022-10-28T21:00:00+00:00,32,6,8.0,3.798472586201771,October 2022 pilot
22,TimeXer imputation adaptation,2022-10-28T22:00:00+00:00,32,6,3.0,5.191012508896314,October 2022 pilot
22,TimeXer imputation adaptation,2022-10-28T23:00:00+00:00,32,6,1.0,2.6226254090791894,October 2022 pilot
22,TimeXer imputation adaptation,2022-10-29T00:00:00+00:00,32,6,5.0,2.717000450239823,October 2022 pilot
22,TimeXer imputation adaptation,2022-10-29T01:00:00+00:00,32,6,3.0,1.6729006410617924,October 2022 pilot
22,TimeXer imputation adaptation,2022-10-29T02:00:00+00:00,32,6,1.0,4.982086971725996,October 2022 pilot
22,TimeXer imputation adaptation,2022-10-28T14:00:00+00:00,59,1,2.2,3.157912456791731,October 2022 pilot
22,TimeXer imputation adaptation,2022-10-28T22:00:00+00:00,1069,1,-1.0,3.98394069487444,October 2022 pilot
22,TimeXer imputation adaptation,2022-10-29T19:00:00+00:00,32,6,4.0,6.889906644404354,October 2022 pilot
22,TimeXer imputation adaptation,2022-10-29T20:00:00+00:00,32,6,2.0,6.4794204769019945,October 2022 pilot
22,TimeXer imputation adaptation,2022-10-29T21:00:00+00:00,32,6,8.0,5.315627462151507,October 2022 pilot
22,TimeXer imputation adaptation,2022-10-29T22:00:00+00:00,32,6,4.0,5.876180079157415,October 2022 pilot
22,TimeXer imputation adaptation,2022-10-29T23:00:00+00:00,32,6,0.0,4.079466077429205,October 2022 pilot
22,TimeXer imputation adaptation,2022-10-30T00:00:00+00:00,32,6,0.0,3.857343204137424,October 2022 pilot
22,TimeXer imputation adaptation,2022-10-29T16:00:00+00:00,59,6,2.4,2.4472350235900464,October 2022 pilot
22,TimeXer imputation adaptation,2022-10-29T17:00:00+00:00,59,6,4.8,3.1426859215823715,October 2022 pilot
22,TimeXer imputation adaptation,2022-10-29T18:00:00+00:00,59,6,3.5,1.279342437679949,October 2022 pilot
22,TimeXer imputation adaptation,2022-10-29T19:00:00+00:00,59,6,5.3,2.8518112839911822,October 2022 pilot
22,TimeXer imputation adaptation,2022-10-29T20:00:00+00:00,59,6,3.3,2.583601000209556,October 2022 pilot
22,TimeXer imputation adaptation,2022-10-29T21:00:00+00:00,59,6,3.3,2.207714176260314,October 2022 pilot
22,TimeXer imputation adaptation,2022-10-29T09:00:00+00:00,1069,6,5.0,5.3736239995366,October 2022 pilot
22,TimeXer imputation adaptation,2022-10-29T10:00:00+00:00,1069,6,0.0,3.7327856958296737,October 2022 pilot
22,TimeXer imputation adaptation,2022-10-29T11:00:00+00:00,1069,6,5.0,6.531162896639732,October 2022 pilot
22,TimeXer imputation adaptation,2022-10-29T12:00:00+00:00,1069,6,6.0,6.517263706158872,October 2022 pilot
22,TimeXer imputation adaptation,2022-10-29T13:00:00+00:00,1069,6,-2.0,7.492824396293889,October 2022 pilot
22,TimeXer imputation adaptation,2022-10-29T14:00:00+00:00,1069,6,12.0,9.117575729950776,October 2022 pilot
22,TimeXer imputation adaptation,2022-10-31T00:00:00+00:00,32,1,1.0,2.871938752808034,October 2022 pilot
22,TimeXer imputation adaptation,2022-10-30T07:00:00+00:00,59,6,4.0,3.3950265476366006,October 2022 pilot
22,TimeXer imputation adaptation,2022-10-30T08:00:00+00:00,59,6,2.7,3.722436106804947,October 2022 pilot
22,TimeXer imputation adaptation,2022-10-30T09:00:00+00:00,59,6,13.3,5.4391564195199535,October 2022 pilot
22,TimeXer imputation adaptation,2022-10-30T10:00:00+00:00,59,6,7.8,3.4846929903218777,October 2022 pilot
22,TimeXer imputation adaptation,2022-10-30T11:00:00+00:00,59,6,8.8,5.617929430162867,October 2022 pilot
22,TimeXer imputation adaptation,2022-10-30T12:00:00+00:00,59,6,9.5,4.32148149155568,October 2022 pilot
22,TimeXer imputation adaptation,2022-10-30T20:00:00+00:00,1069,3,1.0,4.996030332257102,October 2022 pilot
22,TimeXer imputation adaptation,2022-10-30T21:00:00+00:00,1069,3,5.0,3.94578088671015,October 2022 pilot
22,TimeXer imputation adaptation,2022-10-30T22:00:00+00:00,1069,3,-1.0,3.2653649185064824,October 2022 pilot
22,TimeXer imputation adaptation,2022-10-31T12:00:00+00:00,32,3,6.0,5.986021403714302,October 2022 pilot
22,TimeXer imputation adaptation,2022-10-31T13:00:00+00:00,32,3,4.0,4.919897732764756,October 2022 pilot
22,TimeXer imputation adaptation,2022-10-31T14:00:00+00:00,32,3,4.0,8.327784632550486,October 2022 pilot
22,TimeXer imputation adaptation,2022-10-31T22:00:00+00:00,59,6,2.6,5.481083397635344,October 2022 pilot
22,TimeXer imputation adaptation,2022-10-31T23:00:00+00:00,59,6,4.3,4.094706509580481,October 2022 pilot
22,TimeXer imputation adaptation,2022-11-01T00:00:00+00:00,59,6,0.4,3.370368437821769,October 2022 pilot
22,TimeXer imputation adaptation,2022-11-01T01:00:00+00:00,59,6,2.3,3.527199654996032,October 2022 pilot
22,TimeXer imputation adaptation,2022-11-01T02:00:00+00:00,59,6,4.3,4.870801275666304,October 2022 pilot
22,TimeXer imputation adaptation,2022-11-01T03:00:00+00:00,59,6,0.5,3.8816249318830143,October 2022 pilot
22,TimeXer imputation adaptation,2022-11-01T03:00:00+00:00,1069,1,2.0,2.901573323476831,October 2022 pilot
33,TimeXer imputation adaptation,2022-10-01T14:00:00+00:00,32,6,13.0,9.14224781630925,October 2022 pilot
33,TimeXer imputation adaptation,2022-10-01T15:00:00+00:00,32,6,10.0,8.656259194521919,October 2022 pilot
33,TimeXer imputation adaptation,2022-10-01T16:00:00+00:00,32,6,17.0,9.731973481076224,October 2022 pilot
33,TimeXer imputation adaptation,2022-10-01T17:00:00+00:00,32,6,8.0,9.649119799044694,October 2022 pilot
33,TimeXer imputation adaptation,2022-10-01T18:00:00+00:00,32,6,12.0,9.146178747022802,October 2022 pilot
33,TimeXer imputation adaptation,2022-10-01T19:00:00+00:00,32,6,13.0,9.61741611931552,October 2022 pilot
33,TimeXer imputation adaptation,2022-10-01T18:00:00+00:00,59,3,5.8,10.608655990822903,October 2022 pilot
33,TimeXer imputation adaptation,2022-10-01T19:00:00+00:00,59,3,9.8,9.868297196124471,October 2022 pilot
33,TimeXer imputation adaptation,2022-10-01T20:00:00+00:00,59,3,5.3,9.003903194199331,October 2022 pilot
33,TimeXer imputation adaptation,2022-10-02T12:00:00+00:00,32,6,6.0,5.513333209134307,October 2022 pilot
33,TimeXer imputation adaptation,2022-10-02T13:00:00+00:00,32,6,4.0,4.7367723252455445,October 2022 pilot
33,TimeXer imputation adaptation,2022-10-02T14:00:00+00:00,32,6,11.0,7.753854597587299,October 2022 pilot
33,TimeXer imputation adaptation,2022-10-02T15:00:00+00:00,32,6,11.0,7.546384809273689,October 2022 pilot
33,TimeXer imputation adaptation,2022-10-02T16:00:00+00:00,32,6,12.0,8.86515994161414,October 2022 pilot
33,TimeXer imputation adaptation,2022-10-02T17:00:00+00:00,32,6,8.0,9.29120694071759,October 2022 pilot
33,TimeXer imputation adaptation,2022-10-02T18:00:00+00:00,59,1,4.6,8.505822901324446,October 2022 pilot
33,TimeXer imputation adaptation,2022-10-03T14:00:00+00:00,32,1,11.0,10.457824032779238,October 2022 pilot
33,TimeXer imputation adaptation,2022-10-03T19:00:00+00:00,59,6,7.6,9.539081140854655,October 2022 pilot
33,TimeXer imputation adaptation,2022-10-03T20:00:00+00:00,59,6,6.6,8.888037224088231,October 2022 pilot
33,TimeXer imputation adaptation,2022-10-03T21:00:00+00:00,59,6,10.9,9.163045632922795,October 2022 pilot
33,TimeXer imputation adaptation,2022-10-03T22:00:00+00:00,59,6,2.9,9.305103034278728,October 2022 pilot
33,TimeXer imputation adaptation,2022-10-03T23:00:00+00:00,59,6,5.9,8.50348339076638,October 2022 pilot
33,TimeXer imputation adaptation,2022-10-04T00:00:00+00:00,59,6,8.1,6.567598315706835,October 2022 pilot
33,TimeXer imputation adaptation,2022-10-04T14:00:00+00:00,32,3,7.0,13.149129878478336,October 2022 pilot
33,TimeXer imputation adaptation,2022-10-04T15:00:00+00:00,32,3,22.0,12.134882564360424,October 2022 pilot
33,TimeXer imputation adaptation,2022-10-04T16:00:00+00:00,32,3,18.0,12.499687902963508,October 2022 pilot
33,TimeXer imputation adaptation,2022-10-04T21:00:00+00:00,59,1,5.1,9.2272252026076,October 2022 pilot
33,TimeXer imputation adaptation,2022-10-04T21:00:00+00:00,1069,3,4.0,8.727969524796423,October 2022 pilot
33,TimeXer imputation adaptation,2022-10-04T22:00:00+00:00,1069,3,8.0,7.378925867776145,October 2022 pilot
33,TimeXer imputation adaptation,2022-10-04T23:00:00+00:00,1069,3,0.0,4.164506456200635,October 2022 pilot
33,TimeXer imputation adaptation,2022-10-05T18:00:00+00:00,32,1,11.0,10.84136417154484,October 2022 pilot
33,TimeXer imputation adaptation,2022-10-05T08:00:00+00:00,59,1,6.6,8.13261257956076,October 2022 pilot
33,TimeXer imputation adaptation,2022-10-06T02:00:00+00:00,1069,1,1.0,4.878678464815416,October 2022 pilot
33,TimeXer imputation adaptation,2022-10-06T09:00:00+00:00,32,3,9.0,7.729194497066777,October 2022 pilot
33,TimeXer imputation adaptation,2022-10-06T10:00:00+00:00,32,3,7.0,7.651016339067034,October 2022 pilot
33,TimeXer imputation adaptation,2022-10-06T11:00:00+00:00,32,3,6.0,9.371735648849622,October 2022 pilot
33,TimeXer imputation adaptation,2022-10-07T03:00:00+00:00,59,1,11.1,6.572661572047753,October 2022 pilot
33,TimeXer imputation adaptation,2022-10-06T09:00:00+00:00,1069,6,12.0,7.409067578668751,October 2022 pilot
33,TimeXer imputation adaptation,2022-10-06T10:00:00+00:00,1069,6,13.0,7.494223442843769,October 2022 pilot
33,TimeXer imputation adaptation,2022-10-06T11:00:00+00:00,1069,6,12.0,9.524984089681103,October 2022 pilot
33,TimeXer imputation adaptation,2022-10-06T12:00:00+00:00,1069,6,11.0,9.775774996104625,October 2022 pilot
33,TimeXer imputation adaptation,2022-10-06T13:00:00+00:00,1069,6,21.0,12.343056142376325,October 2022 pilot
33,TimeXer imputation adaptation,2022-10-06T14:00:00+00:00,1069,6,20.0,14.832076919620016,October 2022 pilot
33,TimeXer imputation adaptation,2022-10-07T10:00:00+00:00,32,6,5.0,5.16830039489315,October 2022 pilot
33,TimeXer imputation adaptation,2022-10-07T11:00:00+00:00,32,6,3.0,7.1770463978698285,October 2022 pilot
33,TimeXer imputation adaptation,2022-10-07T12:00:00+00:00,32,6,9.0,6.63451768753953,October 2022 pilot
33,TimeXer imputation adaptation,2022-10-07T13:00:00+00:00,32,6,11.0,6.436296851999569,October 2022 pilot
33,TimeXer imputation adaptation,2022-10-07T14:00:00+00:00,32,6,7.0,8.998924477689343,October 2022 pilot
33,TimeXer imputation adaptation,2022-10-07T15:00:00+00:00,32,6,7.0,9.543598709007076,October 2022 pilot
33,TimeXer imputation adaptation,2022-10-07T09:00:00+00:00,59,1,5.9,7.151234667803813,October 2022 pilot
33,TimeXer imputation adaptation,2022-10-07T21:00:00+00:00,1069,3,7.0,9.54899737825962,October 2022 pilot
33,TimeXer imputation adaptation,2022-10-07T22:00:00+00:00,1069,3,7.0,8.065120672960276,October 2022 pilot
33,TimeXer imputation adaptation,2022-10-07T23:00:00+00:00,1069,3,5.0,5.40908545220352,October 2022 pilot
33,TimeXer imputation adaptation,2022-10-08T09:00:00+00:00,32,3,11.0,9.179861020892185,October 2022 pilot
33,TimeXer imputation adaptation,2022-10-08T10:00:00+00:00,32,3,10.0,8.383208748296584,October 2022 pilot
33,TimeXer imputation adaptation,2022-10-08T11:00:00+00:00,32,3,9.0,9.92271704206662,October 2022 pilot
33,TimeXer imputation adaptation,2022-10-09T00:00:00+00:00,59,3,7.5,7.753037468925391,October 2022 pilot
33,TimeXer imputation adaptation,2022-10-09T01:00:00+00:00,59,3,7.7,8.247392423179978,October 2022 pilot
33,TimeXer imputation adaptation,2022-10-09T02:00:00+00:00,59,3,5.9,9.419653136856253,October 2022 pilot
33,TimeXer imputation adaptation,2022-10-08T21:00:00+00:00,1069,1,5.0,9.583384384937164,October 2022 pilot
33,TimeXer imputation adaptation,2022-10-09T17:00:00+00:00,32,6,16.0,14.633587008290306,October 2022 pilot
33,TimeXer imputation adaptation,2022-10-09T18:00:00+00:00,32,6,13.0,15.208401519697397,October 2022 pilot
33,TimeXer imputation adaptation,2022-10-09T19:00:00+00:00,32,6,17.0,13.856149195042727,October 2022 pilot
33,TimeXer imputation adaptation,2022-10-09T20:00:00+00:00,32,6,7.0,10.777138896740231,October 2022 pilot
33,TimeXer imputation adaptation,2022-10-09T21:00:00+00:00,32,6,16.0,10.325899517976405,October 2022 pilot
33,TimeXer imputation adaptation,2022-10-09T22:00:00+00:00,32,6,12.0,9.778063948982698,October 2022 pilot
33,TimeXer imputation adaptation,2022-10-09T12:00:00+00:00,59,1,12.0,12.534535900666253,October 2022 pilot
33,TimeXer imputation adaptation,2022-10-09T18:00:00+00:00,1069,6,10.0,14.820817249525623,October 2022 pilot
33,TimeXer imputation adaptation,2022-10-09T19:00:00+00:00,1069,6,12.0,12.982970785895766,October 2022 pilot
33,TimeXer imputation adaptation,2022-10-09T20:00:00+00:00,1069,6,3.0,11.352422581893943,October 2022 pilot
33,TimeXer imputation adaptation,2022-10-09T21:00:00+00:00,1069,6,12.0,10.157532053441036,October 2022 pilot
33,TimeXer imputation adaptation,2022-10-09T22:00:00+00:00,1069,6,7.0,7.976466537567713,October 2022 pilot
33,TimeXer imputation adaptation,2022-10-09T23:00:00+00:00,1069,6,6.0,4.925631704178652,October 2022 pilot
33,TimeXer imputation adaptation,2022-10-10T09:00:00+00:00,32,3,12.0,9.714188565428358,October 2022 pilot
33,TimeXer imputation adaptation,2022-10-10T10:00:00+00:00,32,3,7.0,9.126098940995162,October 2022 pilot
33,TimeXer imputation adaptation,2022-10-10T11:00:00+00:00,32,3,9.0,10.769493909188744,October 2022 pilot
33,TimeXer imputation adaptation,2022-10-10T14:00:00+00:00,59,1,8.1,11.13484603359092,October 2022 pilot
33,TimeXer imputation adaptation,2022-10-10T12:00:00+00:00,1069,1,18.0,11.635898407325946,October 2022 pilot
33,TimeXer imputation adaptation,2022-10-11T11:00:00+00:00,32,1,8.0,6.372399246472472,October 2022 pilot
33,TimeXer imputation adaptation,2022-10-11T15:00:00+00:00,59,6,8.0,6.039069905371013,October 2022 pilot
33,TimeXer imputation adaptation,2022-10-11T16:00:00+00:00,59,6,7.8,5.310654215869823,October 2022 pilot
33,TimeXer imputation adaptation,2022-10-11T17:00:00+00:00,59,6,11.2,5.781769654092517,October 2022 pilot
33,TimeXer imputation adaptation,2022-10-11T18:00:00+00:00,59,6,3.1,4.8443050470195566,October 2022 pilot
33,TimeXer imputation adaptation,2022-10-11T19:00:00+00:00,59,6,11.6,5.425070207590505,October 2022 pilot
33,TimeXer imputation adaptation,2022-10-11T20:00:00+00:00,59,6,11.6,5.038615295723405,October 2022 pilot
33,TimeXer imputation adaptation,2022-10-11T18:00:00+00:00,1069,6,7.0,8.807721323587835,October 2022 pilot
33,TimeXer imputation adaptation,2022-10-11T19:00:00+00:00,1069,6,7.0,8.287305071980088,October 2022 pilot
33,TimeXer imputation adaptation,2022-10-11T20:00:00+00:00,1069,6,5.0,7.753397345120643,October 2022 pilot
33,TimeXer imputation adaptation,2022-10-11T21:00:00+00:00,1069,6,7.0,5.273495506341876,October 2022 pilot
33,TimeXer imputation adaptation,2022-10-11T22:00:00+00:00,1069,6,5.0,4.888170663701405,October 2022 pilot
33,TimeXer imputation adaptation,2022-10-11T23:00:00+00:00,1069,6,-3.0,1.2436023160705698,October 2022 pilot
33,TimeXer imputation adaptation,2022-10-12T18:00:00+00:00,32,6,9.0,8.843936070861806,October 2022 pilot
33,TimeXer imputation adaptation,2022-10-12T19:00:00+00:00,32,6,7.0,9.734586973749344,October 2022 pilot
33,TimeXer imputation adaptation,2022-10-12T20:00:00+00:00,32,6,4.0,8.240904475804623,October 2022 pilot
33,TimeXer imputation adaptation,2022-10-12T21:00:00+00:00,32,6,8.0,6.319254979346291,October 2022 pilot
33,TimeXer imputation adaptation,2022-10-12T22:00:00+00:00,32,6,7.0,6.653492946218557,October 2022 pilot
33,TimeXer imputation adaptation,2022-10-12T23:00:00+00:00,32,6,2.0,5.126665222882807,October 2022 pilot
33,TimeXer imputation adaptation,2022-10-12T13:00:00+00:00,59,1,2.3,7.177104537789628,October 2022 pilot
33,TimeXer imputation adaptation,2022-10-12T11:00:00+00:00,1069,1,8.0,9.076437444669471,October 2022 pilot
33,TimeXer imputation adaptation,2022-10-14T02:00:00+00:00,32,3,10.0,6.581860417042687,October 2022 pilot
33,TimeXer imputation adaptation,2022-10-14T03:00:00+00:00,32,3,7.0,5.759988301782643,October 2022 pilot
33,TimeXer imputation adaptation,2022-10-14T04:00:00+00:00,32,3,9.0,7.140735904029346,October 2022 pilot
33,TimeXer imputation adaptation,2022-10-13T20:00:00+00:00,59,6,8.8,6.829738844976912,October 2022 pilot
33,TimeXer imputation adaptation,2022-10-13T21:00:00+00:00,59,6,8.3,6.039144771232857,October 2022 pilot
33,TimeXer imputation adaptation,2022-10-13T22:00:00+00:00,59,6,10.3,7.007059495999706,October 2022 pilot
33,TimeXer imputation adaptation,2022-10-13T23:00:00+00:00,59,6,6.3,5.358055545821961,October 2022 pilot
33,TimeXer imputation adaptation,2022-10-14T00:00:00+00:00,59,6,4.4,4.372065668377305,October 2022 pilot
33,TimeXer imputation adaptation,2022-10-14T01:00:00+00:00,59,6,5.5,5.473695108612953,October 2022 pilot
33,TimeXer imputation adaptation,2022-10-13T13:00:00+00:00,1069,6,12.0,8.061596711754236,October 2022 pilot
33,TimeXer imputation adaptation,2022-10-13T14:00:00+00:00,1069,6,16.0,9.55282861187706,October 2022 pilot
33,TimeXer imputation adaptation,2022-10-13T15:00:00+00:00,1069,6,12.0,9.32434555658999,October 2022 pilot
33,TimeXer imputation adaptation,2022-10-13T16:00:00+00:00,1069,6,13.0,9.14378475695765,October 2022 pilot
33,TimeXer imputation adaptation,2022-10-13T17:00:00+00:00,1069,6,14.0,8.580413484529322,October 2022 pilot
33,TimeXer imputation adaptation,2022-10-13T18:00:00+00:00,1069,6,9.0,8.44169646259761,October 2022 pilot
33,TimeXer imputation adaptation,2022-10-14T11:00:00+00:00,32,6,7.0,7.313853667082451,October 2022 pilot
33,TimeXer imputation adaptation,2022-10-14T12:00:00+00:00,32,6,7.0,6.422981697494253,October 2022 pilot
33,TimeXer imputation adaptation,2022-10-14T13:00:00+00:00,32,6,5.0,6.160874786696077,October 2022 pilot
33,TimeXer imputation adaptation,2022-10-14T14:00:00+00:00,32,6,6.0,9.007144930478688,October 2022 pilot
33,TimeXer imputation adaptation,2022-10-14T15:00:00+00:00,32,6,9.0,8.477876763107455,October 2022 pilot
33,TimeXer imputation adaptation,2022-10-14T16:00:00+00:00,32,6,11.0,9.914486736138407,October 2022 pilot
33,TimeXer imputation adaptation,2022-10-14T07:00:00+00:00,59,6,3.2,4.2718997171896,October 2022 pilot
33,TimeXer imputation adaptation,2022-10-14T08:00:00+00:00,59,6,6.3,5.259088972410788,October 2022 pilot
33,TimeXer imputation adaptation,2022-10-14T09:00:00+00:00,59,6,7.0,5.952934159590155,October 2022 pilot
33,TimeXer imputation adaptation,2022-10-14T10:00:00+00:00,59,6,4.2,4.131291341732202,October 2022 pilot
33,TimeXer imputation adaptation,2022-10-14T11:00:00+00:00,59,6,6.6,6.591109625296966,October 2022 pilot
33,TimeXer imputation adaptation,2022-10-14T12:00:00+00:00,59,6,5.7,5.058659153870013,October 2022 pilot
33,TimeXer imputation adaptation,2022-10-14T20:00:00+00:00,1069,3,6.0,8.55748078738841,October 2022 pilot
33,TimeXer imputation adaptation,2022-10-14T21:00:00+00:00,1069,3,12.0,7.729036486109559,October 2022 pilot
33,TimeXer imputation adaptation,2022-10-14T22:00:00+00:00,1069,3,0.0,5.980762852009828,October 2022 pilot
33,TimeXer imputation adaptation,2022-10-15T08:00:00+00:00,32,6,5.0,5.445751368237426,October 2022 pilot
33,TimeXer imputation adaptation,2022-10-15T09:00:00+00:00,32,6,5.0,5.741611778520487,October 2022 pilot
33,TimeXer imputation adaptation,2022-10-15T10:00:00+00:00,32,6,3.0,4.387581276762913,October 2022 pilot
33,TimeXer imputation adaptation,2022-10-15T11:00:00+00:00,32,6,2.0,6.48042214280599,October 2022 pilot
33,TimeXer imputation adaptation,2022-10-15T12:00:00+00:00,32,6,4.0,5.242113402735294,October 2022 pilot
33,TimeXer imputation adaptation,2022-10-15T13:00:00+00:00,32,6,8.0,5.333744239901932,October 2022 pilot
33,TimeXer imputation adaptation,2022-10-15T07:00:00+00:00,59,6,5.8,3.690776419671402,October 2022 pilot
33,TimeXer imputation adaptation,2022-10-15T08:00:00+00:00,59,6,6.5,4.431710138469194,October 2022 pilot
33,TimeXer imputation adaptation,2022-10-15T09:00:00+00:00,59,6,6.1,5.516694592586326,October 2022 pilot
33,TimeXer imputation adaptation,2022-10-15T10:00:00+00:00,59,6,1.9,4.101196408260732,October 2022 pilot
33,TimeXer imputation adaptation,2022-10-15T11:00:00+00:00,59,6,3.4,6.191601478945341,October 2022 pilot
33,TimeXer imputation adaptation,2022-10-15T12:00:00+00:00,59,6,4.4,4.506516564820914,October 2022 pilot
33,TimeXer imputation adaptation,2022-10-15T08:00:00+00:00,1069,1,3.0,4.3367039304512005,October 2022 pilot
33,TimeXer imputation adaptation,2022-10-16T15:00:00+00:00,32,6,6.0,6.3434813321155845,October 2022 pilot
33,TimeXer imputation adaptation,2022-10-16T16:00:00+00:00,32,6,10.0,7.387264583002482,October 2022 pilot
33,TimeXer imputation adaptation,2022-10-16T17:00:00+00:00,32,6,12.0,6.991495021777773,October 2022 pilot
33,TimeXer imputation adaptation,2022-10-16T18:00:00+00:00,32,6,7.0,6.047673541786878,October 2022 pilot
33,TimeXer imputation adaptation,2022-10-16T19:00:00+00:00,32,6,2.0,6.826428740664574,October 2022 pilot
33,TimeXer imputation adaptation,2022-10-16T20:00:00+00:00,32,6,8.0,4.863323105825455,October 2022 pilot
33,TimeXer imputation adaptation,2022-10-16T16:00:00+00:00,59,3,9.6,4.189653567253916,October 2022 pilot
33,TimeXer imputation adaptation,2022-10-16T17:00:00+00:00,59,3,4.7,4.127506900990689,October 2022 pilot
33,TimeXer imputation adaptation,2022-10-16T18:00:00+00:00,59,3,8.4,2.661790677722519,October 2022 pilot
33,TimeXer imputation adaptation,2022-10-16T11:00:00+00:00,1069,3,5.0,6.324055851122134,October 2022 pilot
33,TimeXer imputation adaptation,2022-10-16T12:00:00+00:00,1069,3,5.0,5.405248274627956,October 2022 pilot
33,TimeXer imputation adaptation,2022-10-16T13:00:00+00:00,1069,3,2.0,7.982140095967875,October 2022 pilot
33,TimeXer imputation adaptation,2022-10-17T14:00:00+00:00,32,6,4.0,3.7942009360427456,October 2022 pilot
33,TimeXer imputation adaptation,2022-10-17T15:00:00+00:00,32,6,6.0,3.5160313124852207,October 2022 pilot
33,TimeXer imputation adaptation,2022-10-17T16:00:00+00:00,32,6,0.0,6.293374557095514,October 2022 pilot
33,TimeXer imputation adaptation,2022-10-17T17:00:00+00:00,32,6,4.0,5.841083408168363,October 2022 pilot
33,TimeXer imputation adaptation,2022-10-17T18:00:00+00:00,32,6,5.0,4.31413346398246,October 2022 pilot
33,TimeXer imputation adaptation,2022-10-17T19:00:00+00:00,32,6,10.0,5.590828984857469,October 2022 pilot
33,TimeXer imputation adaptation,2022-10-17T16:00:00+00:00,59,6,1.6,2.600391908084238,October 2022 pilot
33,TimeXer imputation adaptation,2022-10-17T17:00:00+00:00,59,6,4.5,3.5324204534940646,October 2022 pilot
33,TimeXer imputation adaptation,2022-10-17T18:00:00+00:00,59,6,6.6,1.2821313339074605,October 2022 pilot
33,TimeXer imputation adaptation,2022-10-17T19:00:00+00:00,59,6,3.6,2.965385272889078,October 2022 pilot
33,TimeXer imputation adaptation,2022-10-17T20:00:00+00:00,59,6,2.8,2.981367324658432,October 2022 pilot
33,TimeXer imputation adaptation,2022-10-17T21:00:00+00:00,59,6,3.9,2.518858222075528,October 2022 pilot
33,TimeXer imputation adaptation,2022-10-17T16:00:00+00:00,1069,1,5.0,5.377270567472042,October 2022 pilot
33,TimeXer imputation adaptation,2022-10-18T23:00:00+00:00,32,1,2.0,0.9999555750984684,October 2022 pilot
33,TimeXer imputation adaptation,2022-10-19T04:00:00+00:00,59,1,0.7,4.2806733104036905,October 2022 pilot
33,TimeXer imputation adaptation,2022-10-18T19:00:00+00:00,1069,1,-2.0,3.5459193388939507,October 2022 pilot
33,TimeXer imputation adaptation,2022-10-19T15:00:00+00:00,32,6,9.0,4.765267602837581,October 2022 pilot
33,TimeXer imputation adaptation,2022-10-19T16:00:00+00:00,32,6,6.0,6.194469797394143,October 2022 pilot
33,TimeXer imputation adaptation,2022-10-19T17:00:00+00:00,32,6,7.0,6.86332853606557,October 2022 pilot
33,TimeXer imputation adaptation,2022-10-19T18:00:00+00:00,32,6,5.0,5.539653458732632,October 2022 pilot
33,TimeXer imputation adaptation,2022-10-19T19:00:00+00:00,32,6,8.0,6.746537813632674,October 2022 pilot
33,TimeXer imputation adaptation,2022-10-19T20:00:00+00:00,32,6,5.0,4.67849834631424,October 2022 pilot
33,TimeXer imputation adaptation,2022-10-19T21:00:00+00:00,59,3,3.9,3.511020627905692,October 2022 pilot
33,TimeXer imputation adaptation,2022-10-19T22:00:00+00:00,59,3,4.9,4.71989665347388,October 2022 pilot
33,TimeXer imputation adaptation,2022-10-19T23:00:00+00:00,59,3,4.2,3.058065780882531,October 2022 pilot
33,TimeXer imputation adaptation,2022-10-19T23:00:00+00:00,1069,1,2.0,0.4041082973876069,October 2022 pilot
33,TimeXer imputation adaptation,2022-10-20T07:00:00+00:00,32,3,5.0,5.141272606067954,October 2022 pilot
33,TimeXer imputation adaptation,2022-10-20T08:00:00+00:00,32,3,5.0,5.599964731354818,October 2022 pilot
33,TimeXer imputation adaptation,2022-10-20T09:00:00+00:00,32,3,4.0,6.669337003151648,October 2022 pilot
33,TimeXer imputation adaptation,2022-10-20T17:00:00+00:00,59,1,5.1,4.835050254907194,October 2022 pilot
33,TimeXer imputation adaptation,2022-10-20T19:00:00+00:00,1069,6,7.0,9.769436621100253,October 2022 pilot
33,TimeXer imputation adaptation,2022-10-20T20:00:00+00:00,1069,6,6.0,9.042711073676443,October 2022 pilot
33,TimeXer imputation adaptation,2022-10-20T21:00:00+00:00,1069,6,5.0,7.254200469911347,October 2022 pilot
33,TimeXer imputation adaptation,2022-10-20T22:00:00+00:00,1069,6,5.0,5.975595436755528,October 2022 pilot
33,TimeXer imputation adaptation,2022-10-20T23:00:00+00:00,1069,6,0.0,2.133601844682678,October 2022 pilot
33,TimeXer imputation adaptation,2022-10-21T00:00:00+00:00,1069,6,1.0,0.9717083434121944,October 2022 pilot
33,TimeXer imputation adaptation,2022-10-21T17:00:00+00:00,32,3,11.0,6.46526382240952,October 2022 pilot
33,TimeXer imputation adaptation,2022-10-21T18:00:00+00:00,32,3,6.0,5.05771840779151,October 2022 pilot
33,TimeXer imputation adaptation,2022-10-21T19:00:00+00:00,32,3,6.0,5.987089945177816,October 2022 pilot
33,TimeXer imputation adaptation,2022-10-21T23:00:00+00:00,59,6,1.1,4.073126472528227,October 2022 pilot
33,TimeXer imputation adaptation,2022-10-22T00:00:00+00:00,59,6,-2.9,3.155947275542891,October 2022 pilot
33,TimeXer imputation adaptation,2022-10-22T01:00:00+00:00,59,6,4.5,3.452541817377746,October 2022 pilot
33,TimeXer imputation adaptation,2022-10-22T02:00:00+00:00,59,6,1.6,4.37300939733298,October 2022 pilot
33,TimeXer imputation adaptation,2022-10-22T03:00:00+00:00,59,6,0.9,3.940885166750117,October 2022 pilot
33,TimeXer imputation adaptation,2022-10-22T04:00:00+00:00,59,6,4.8,5.319212355420435,October 2022 pilot
33,TimeXer imputation adaptation,2022-10-21T16:00:00+00:00,1069,6,12.0,8.735569630843548,October 2022 pilot
33,TimeXer imputation adaptation,2022-10-21T17:00:00+00:00,1069,6,8.0,8.621128489470786,October 2022 pilot
33,TimeXer imputation adaptation,2022-10-21T18:00:00+00:00,1069,6,8.0,6.555391275906228,October 2022 pilot
33,TimeXer imputation adaptation,2022-10-21T19:00:00+00:00,1069,6,3.0,6.435492976506971,October 2022 pilot
33,TimeXer imputation adaptation,2022-10-21T20:00:00+00:00,1069,6,2.0,5.878360341480624,October 2022 pilot
33,TimeXer imputation adaptation,2022-10-21T21:00:00+00:00,1069,6,3.0,4.38922474441893,October 2022 pilot
33,TimeXer imputation adaptation,2022-10-22T17:00:00+00:00,32,3,11.0,7.6300276857999,October 2022 pilot
33,TimeXer imputation adaptation,2022-10-22T18:00:00+00:00,32,3,9.0,6.6108116643587085,October 2022 pilot
33,TimeXer imputation adaptation,2022-10-22T19:00:00+00:00,32,3,7.0,7.026464650167866,October 2022 pilot
33,TimeXer imputation adaptation,2022-10-23T01:00:00+00:00,59,3,3.0,2.364926390186969,October 2022 pilot
33,TimeXer imputation adaptation,2022-10-23T02:00:00+00:00,59,3,1.1,3.567586072743124,October 2022 pilot
33,TimeXer imputation adaptation,2022-10-23T03:00:00+00:00,59,3,2.4,3.1772762357353184,October 2022 pilot
33,TimeXer imputation adaptation,2022-10-22T22:00:00+00:00,1069,6,7.0,4.481374632402714,October 2022 pilot
33,TimeXer imputation adaptation,2022-10-22T23:00:00+00:00,1069,6,-2.0,1.4005663323594213,October 2022 pilot
33,TimeXer imputation adaptation,2022-10-23T00:00:00+00:00,1069,6,-2.0,0.4056492937170493,October 2022 pilot
33,TimeXer imputation adaptation,2022-10-23T01:00:00+00:00,1069,6,1.0,1.0463660693478296,October 2022 pilot
33,TimeXer imputation adaptation,2022-10-23T02:00:00+00:00,1069,6,0.0,4.505225822191084,October 2022 pilot
33,TimeXer imputation adaptation,2022-10-23T03:00:00+00:00,1069,6,2.0,3.4785668382355475,October 2022 pilot
33,TimeXer imputation adaptation,2022-10-23T07:00:00+00:00,32,6,5.0,4.568874839018601,October 2022 pilot
33,TimeXer imputation adaptation,2022-10-23T08:00:00+00:00,32,6,3.0,5.128061014341325,October 2022 pilot
33,TimeXer imputation adaptation,2022-10-23T09:00:00+00:00,32,6,4.0,5.277711325958848,October 2022 pilot
33,TimeXer imputation adaptation,2022-10-23T10:00:00+00:00,32,6,3.0,3.7887607455428096,October 2022 pilot
33,TimeXer imputation adaptation,2022-10-23T11:00:00+00:00,32,6,2.0,5.836957877962265,October 2022 pilot
33,TimeXer imputation adaptation,2022-10-23T12:00:00+00:00,32,6,1.0,5.101011422825881,October 2022 pilot
33,TimeXer imputation adaptation,2022-10-23T22:00:00+00:00,59,3,10.4,4.782587764096276,October 2022 pilot
33,TimeXer imputation adaptation,2022-10-23T23:00:00+00:00,59,3,5.2,3.0831288902451552,October 2022 pilot
33,TimeXer imputation adaptation,2022-10-24T00:00:00+00:00,59,3,2.9,2.6076468482432924,October 2022 pilot
33,TimeXer imputation adaptation,2022-10-23T20:00:00+00:00,1069,3,-1.0,5.314562010772973,October 2022 pilot
33,TimeXer imputation adaptation,2022-10-23T21:00:00+00:00,1069,3,10.0,3.916818295916903,October 2022 pilot
33,TimeXer imputation adaptation,2022-10-23T22:00:00+00:00,1069,3,3.0,3.573316754545055,October 2022 pilot
33,TimeXer imputation adaptation,2022-10-24T15:00:00+00:00,32,6,16.0,9.465472908910122,October 2022 pilot
33,TimeXer imputation adaptation,2022-10-24T16:00:00+00:00,32,6,18.0,11.516943170203394,October 2022 pilot
33,TimeXer imputation adaptation,2022-10-24T17:00:00+00:00,32,6,10.0,10.954188900764718,October 2022 pilot
33,TimeXer imputation adaptation,2022-10-24T18:00:00+00:00,32,6,17.0,10.498254606153257,October 2022 pilot
33,TimeXer imputation adaptation,2022-10-24T19:00:00+00:00,32,6,19.0,10.89330593644722,October 2022 pilot
33,TimeXer imputation adaptation,2022-10-24T20:00:00+00:00,32,6,23.0,8.311494459032277,October 2022 pilot
33,TimeXer imputation adaptation,2022-10-24T19:00:00+00:00,59,3,17.9,9.01374805503196,October 2022 pilot
33,TimeXer imputation adaptation,2022-10-24T20:00:00+00:00,59,3,18.6,9.775371135724102,October 2022 pilot
33,TimeXer imputation adaptation,2022-10-24T21:00:00+00:00,59,3,11.8,8.217622003692359,October 2022 pilot
33,TimeXer imputation adaptation,2022-10-24T11:00:00+00:00,1069,6,8.0,10.425514901655005,October 2022 pilot
33,TimeXer imputation adaptation,2022-10-24T12:00:00+00:00,1069,6,8.0,10.383109293980514,October 2022 pilot
33,TimeXer imputation adaptation,2022-10-24T13:00:00+00:00,1069,6,4.0,13.369662134434025,October 2022 pilot
33,TimeXer imputation adaptation,2022-10-24T14:00:00+00:00,1069,6,6.0,14.29086280891523,October 2022 pilot
33,TimeXer imputation adaptation,2022-10-24T15:00:00+00:00,1069,6,13.0,14.210159170863845,October 2022 pilot
33,TimeXer imputation adaptation,2022-10-24T16:00:00+00:00,1069,6,13.0,14.254319354379966,October 2022 pilot
33,TimeXer imputation adaptation,2022-10-25T12:00:00+00:00,32,1,-2.0,2.2873046451382466,October 2022 pilot
33,TimeXer imputation adaptation,2022-10-26T01:00:00+00:00,59,3,0.5,0.8182975056164885,October 2022 pilot
33,TimeXer imputation adaptation,2022-10-26T02:00:00+00:00,59,3,1.0,2.202678161187192,October 2022 pilot
33,TimeXer imputation adaptation,2022-10-26T03:00:00+00:00,59,3,3.9,0.6567396427320462,October 2022 pilot
33,TimeXer imputation adaptation,2022-10-25T22:00:00+00:00,1069,1,2.0,1.3416111333518872,October 2022 pilot
33,TimeXer imputation adaptation,2022-10-26T21:00:00+00:00,32,3,7.0,3.2694210830648998,October 2022 pilot
33,TimeXer imputation adaptation,2022-10-26T22:00:00+00:00,32,3,2.0,4.376090001153529,October 2022 pilot
33,TimeXer imputation adaptation,2022-10-26T23:00:00+00:00,32,3,0.0,2.361909677631981,October 2022 pilot
33,TimeXer imputation adaptation,2022-10-26T08:00:00+00:00,59,1,2.3,1.612657827507129,October 2022 pilot
33,TimeXer imputation adaptation,2022-10-26T11:00:00+00:00,1069,3,10.0,5.262925335389657,October 2022 pilot
33,TimeXer imputation adaptation,2022-10-26T12:00:00+00:00,1069,3,17.0,4.968150952272836,October 2022 pilot
33,TimeXer imputation adaptation,2022-10-26T13:00:00+00:00,1069,3,15.0,5.808516214173439,October 2022 pilot
33,TimeXer imputation adaptation,2022-10-27T15:00:00+00:00,32,1,4.0,5.44256524048336,October 2022 pilot
33,TimeXer imputation adaptation,2022-10-27T20:00:00+00:00,59,1,5.1,2.163818778423689,October 2022 pilot
33,TimeXer imputation adaptation,2022-10-27T12:00:00+00:00,1069,1,10.0,5.040552794983519,October 2022 pilot
33,TimeXer imputation adaptation,2022-10-28T19:00:00+00:00,32,3,3.0,5.345770100704952,October 2022 pilot
33,TimeXer imputation adaptation,2022-10-28T20:00:00+00:00,32,3,3.0,5.085094620378205,October 2022 pilot
33,TimeXer imputation adaptation,2022-10-28T21:00:00+00:00,32,3,8.0,2.846832116419888,October 2022 pilot
33,TimeXer imputation adaptation,2022-10-28T19:00:00+00:00,59,3,1.6,3.24709655758848,October 2022 pilot
33,TimeXer imputation adaptation,2022-10-28T20:00:00+00:00,59,3,-1.0,2.950135877874575,October 2022 pilot
33,TimeXer imputation adaptation,2022-10-28T21:00:00+00:00,59,3,0.1,2.7145495840067984,October 2022 pilot
33,TimeXer imputation adaptation,2022-10-28T20:00:00+00:00,1069,1,1.0,6.094675283344873,October 2022 pilot
33,TimeXer imputation adaptation,2022-10-29T11:00:00+00:00,32,3,2.0,3.840872529500891,October 2022 pilot
33,TimeXer imputation adaptation,2022-10-29T12:00:00+00:00,32,3,0.0,2.878717293063331,October 2022 pilot
33,TimeXer imputation adaptation,2022-10-29T13:00:00+00:00,32,3,-1.0,1.6360247447635716,October 2022 pilot
33,TimeXer imputation adaptation,2022-10-29T12:00:00+00:00,59,3,0.1,2.3460255222975386,October 2022 pilot
33,TimeXer imputation adaptation,2022-10-29T13:00:00+00:00,59,3,-0.2,1.4735589611827091,October 2022 pilot
33,TimeXer imputation adaptation,2022-10-29T14:00:00+00:00,59,3,3.7,1.8804208211014477,October 2022 pilot
33,TimeXer imputation adaptation,2022-10-29T20:00:00+00:00,1069,1,6.0,4.234489208700637,October 2022 pilot
33,TimeXer imputation adaptation,2022-10-30T18:00:00+00:00,32,3,10.0,6.234991145430453,October 2022 pilot
33,TimeXer imputation adaptation,2022-10-30T19:00:00+00:00,32,3,6.0,7.212071371550556,October 2022 pilot
33,TimeXer imputation adaptation,2022-10-30T20:00:00+00:00,32,3,5.0,4.626585721545943,October 2022 pilot
33,TimeXer imputation adaptation,2022-10-30T22:00:00+00:00,59,6,2.7,5.870628383662722,October 2022 pilot
33,TimeXer imputation adaptation,2022-10-30T23:00:00+00:00,59,6,5.6,4.044928140890166,October 2022 pilot
33,TimeXer imputation adaptation,2022-10-31T00:00:00+00:00,59,6,1.0,3.1435321153694344,October 2022 pilot
33,TimeXer imputation adaptation,2022-10-31T01:00:00+00:00,59,6,4.0,2.823298249035645,October 2022 pilot
33,TimeXer imputation adaptation,2022-10-31T02:00:00+00:00,59,6,8.0,4.778746745337032,October 2022 pilot
33,TimeXer imputation adaptation,2022-10-31T03:00:00+00:00,59,6,6.6,4.412141192774444,October 2022 pilot
33,TimeXer imputation adaptation,2022-10-30T11:00:00+00:00,1069,3,1.0,7.194552950900158,October 2022 pilot
33,TimeXer imputation adaptation,2022-10-30T12:00:00+00:00,1069,3,7.0,6.7566164222542255,October 2022 pilot
33,TimeXer imputation adaptation,2022-10-30T13:00:00+00:00,1069,3,5.0,8.08905034314487,October 2022 pilot
33,TimeXer imputation adaptation,2022-10-31T09:00:00+00:00,32,6,5.0,5.580434552280672,October 2022 pilot
33,TimeXer imputation adaptation,2022-10-31T10:00:00+00:00,32,6,5.0,5.040853607600456,October 2022 pilot
33,TimeXer imputation adaptation,2022-10-31T11:00:00+00:00,32,6,4.0,6.900436924512709,October 2022 pilot
33,TimeXer imputation adaptation,2022-10-31T12:00:00+00:00,32,6,6.0,6.734285120994551,October 2022 pilot
33,TimeXer imputation adaptation,2022-10-31T13:00:00+00:00,32,6,4.0,5.970772937579297,October 2022 pilot
33,TimeXer imputation adaptation,2022-10-31T14:00:00+00:00,32,6,4.0,9.315386753128848,October 2022 pilot
33,TimeXer imputation adaptation,2022-10-31T08:00:00+00:00,59,6,4.1,3.116679464260823,October 2022 pilot
33,TimeXer imputation adaptation,2022-10-31T09:00:00+00:00,59,6,1.3,4.502396465940543,October 2022 pilot
33,TimeXer imputation adaptation,2022-10-31T10:00:00+00:00,59,6,1.8,3.2057492660318543,October 2022 pilot
33,TimeXer imputation adaptation,2022-10-31T11:00:00+00:00,59,6,2.6,5.209451763017235,October 2022 pilot
33,TimeXer imputation adaptation,2022-10-31T12:00:00+00:00,59,6,5.6,3.543798921504261,October 2022 pilot
33,TimeXer imputation adaptation,2022-10-31T13:00:00+00:00,59,6,3.3,3.381569361345351,October 2022 pilot
33,TimeXer imputation adaptation,2022-10-31T16:00:00+00:00,1069,3,6.0,10.066661023159,October 2022 pilot
33,TimeXer imputation adaptation,2022-10-31T17:00:00+00:00,1069,3,3.0,9.57392512968348,October 2022 pilot
33,TimeXer imputation adaptation,2022-10-31T18:00:00+00:00,1069,3,11.0,7.589289597874387,October 2022 pilot
11,TimeXer imputation adaptation,2022-11-01T09:00:00+00:00,32,1,2.0,4.7261129061257074,November-December 2022
11,TimeXer imputation adaptation,2022-11-01T15:00:00+00:00,59,6,2.5,4.992159599710703,November-December 2022
11,TimeXer imputation adaptation,2022-11-01T16:00:00+00:00,59,6,5.9,3.8850154219825535,November-December 2022
11,TimeXer imputation adaptation,2022-11-01T17:00:00+00:00,59,6,5.5,4.246323786198255,November-December 2022
11,TimeXer imputation adaptation,2022-11-01T18:00:00+00:00,59,6,2.3,2.801747548733326,November-December 2022
11,TimeXer imputation adaptation,2022-11-01T19:00:00+00:00,59,6,5.1,3.750571192982111,November-December 2022
11,TimeXer imputation adaptation,2022-11-01T20:00:00+00:00,59,6,-0.2,3.187448468027441,November-December 2022
11,TimeXer imputation adaptation,2022-11-01T19:00:00+00:00,1069,3,-3.0,6.051967440511627,November-December 2022
11,TimeXer imputation adaptation,2022-11-01T20:00:00+00:00,1069,3,2.0,5.16056030202014,November-December 2022
11,TimeXer imputation adaptation,2022-11-01T21:00:00+00:00,1069,3,3.0,3.792142666108247,November-December 2022
11,TimeXer imputation adaptation,2022-11-02T07:00:00+00:00,32,6,4.0,6.538733647521476,November-December 2022
11,TimeXer imputation adaptation,2022-11-02T08:00:00+00:00,32,6,3.0,6.89445984276536,November-December 2022
11,TimeXer imputation adaptation,2022-11-02T09:00:00+00:00,32,6,2.0,6.988130070035404,November-December 2022
11,TimeXer imputation adaptation,2022-11-02T10:00:00+00:00,32,6,5.0,6.677082199221788,November-December 2022
11,TimeXer imputation adaptation,2022-11-02T11:00:00+00:00,32,6,8.0,8.220783003578065,November-December 2022
11,TimeXer imputation adaptation,2022-11-02T12:00:00+00:00,32,6,10.0,7.993157781155007,November-December 2022
11,TimeXer imputation adaptation,2022-11-02T09:00:00+00:00,59,3,3.1,4.957812361485783,November-December 2022
11,TimeXer imputation adaptation,2022-11-02T10:00:00+00:00,59,3,3.9,3.605195405162028,November-December 2022
11,TimeXer imputation adaptation,2022-11-02T11:00:00+00:00,59,3,6.4,5.385218709283772,November-December 2022
11,TimeXer imputation adaptation,2022-11-03T01:00:00+00:00,1069,3,11.0,4.860270328746132,November-December 2022
11,TimeXer imputation adaptation,2022-11-03T02:00:00+00:00,1069,3,9.0,8.533904430104403,November-December 2022
11,TimeXer imputation adaptation,2022-11-03T03:00:00+00:00,1069,3,12.0,6.621589036768079,November-December 2022
11,TimeXer imputation adaptation,2022-11-03T08:00:00+00:00,32,3,17.0,12.428842786331677,November-December 2022
11,TimeXer imputation adaptation,2022-11-03T09:00:00+00:00,32,3,17.0,13.969470354748305,November-December 2022
11,TimeXer imputation adaptation,2022-11-03T10:00:00+00:00,32,3,12.0,12.921849411094865,November-December 2022
11,TimeXer imputation adaptation,2022-11-03T08:00:00+00:00,59,3,13.9,8.702322166869166,November-December 2022
11,TimeXer imputation adaptation,2022-11-03T09:00:00+00:00,59,3,13.7,11.28242855460086,November-December 2022
11,TimeXer imputation adaptation,2022-11-03T10:00:00+00:00,59,3,12.4,8.542854452168347,November-December 2022
11,TimeXer imputation adaptation,2022-11-03T23:00:00+00:00,1069,6,2.0,4.928981678678301,November-December 2022
11,TimeXer imputation adaptation,2022-11-04T00:00:00+00:00,1069,6,1.0,2.7703750559620133,November-December 2022
11,TimeXer imputation adaptation,2022-11-04T01:00:00+00:00,1069,6,1.0,4.09403690360493,November-December 2022
11,TimeXer imputation adaptation,2022-11-04T02:00:00+00:00,1069,6,0.0,6.825551224713768,November-December 2022
11,TimeXer imputation adaptation,2022-11-04T03:00:00+00:00,1069,6,0.0,5.373435807777748,November-December 2022
11,TimeXer imputation adaptation,2022-11-04T04:00:00+00:00,1069,6,2.0,4.878144919015159,November-December 2022
11,TimeXer imputation adaptation,2022-11-04T17:00:00+00:00,32,6,8.0,8.149868495691686,November-December 2022
11,TimeXer imputation adaptation,2022-11-04T18:00:00+00:00,32,6,9.0,6.69836854306734,November-December 2022
11,TimeXer imputation adaptation,2022-11-04T19:00:00+00:00,32,6,12.0,7.537325057730335,November-December 2022
11,TimeXer imputation adaptation,2022-11-04T20:00:00+00:00,32,6,10.0,5.72375097273925,November-December 2022
11,TimeXer imputation adaptation,2022-11-04T21:00:00+00:00,32,6,5.0,3.7155242511447817,November-December 2022
11,TimeXer imputation adaptation,2022-11-04T22:00:00+00:00,32,6,8.0,4.848838153131712,November-December 2022
11,TimeXer imputation adaptation,2022-11-04T13:00:00+00:00,59,6,4.3,4.741167511661567,November-December 2022
11,TimeXer imputation adaptation,2022-11-04T14:00:00+00:00,59,6,-0.3,4.856498276584744,November-December 2022
11,TimeXer imputation adaptation,2022-11-04T15:00:00+00:00,59,6,3.1,5.431665832869545,November-December 2022
11,TimeXer imputation adaptation,2022-11-04T16:00:00+00:00,59,6,4.0,5.398797624037411,November-December 2022
11,TimeXer imputation adaptation,2022-11-04T17:00:00+00:00,59,6,3.3,5.985521954812528,November-December 2022
11,TimeXer imputation adaptation,2022-11-04T18:00:00+00:00,59,6,4.3,4.566394585922021,November-December 2022
11,TimeXer imputation adaptation,2022-11-04T18:00:00+00:00,1069,1,5.0,6.714661749436598,November-December 2022
11,TimeXer imputation adaptation,2022-11-05T20:00:00+00:00,32,3,1.0,3.6882650183769297,November-December 2022
11,TimeXer imputation adaptation,2022-11-05T21:00:00+00:00,32,3,3.0,3.070529395517239,November-December 2022
11,TimeXer imputation adaptation,2022-11-05T22:00:00+00:00,32,3,3.0,4.159242540337292,November-December 2022
11,TimeXer imputation adaptation,2022-11-05T11:00:00+00:00,59,6,3.5,4.052234896607546,November-December 2022
11,TimeXer imputation adaptation,2022-11-05T12:00:00+00:00,59,6,0.1,2.664911422121364,November-December 2022
11,TimeXer imputation adaptation,2022-11-05T13:00:00+00:00,59,6,0.3,1.7547559002663808,November-December 2022
11,TimeXer imputation adaptation,2022-11-05T14:00:00+00:00,59,6,0.0,2.423109166238307,November-December 2022
11,TimeXer imputation adaptation,2022-11-05T15:00:00+00:00,59,6,7.1,2.9310003159856706,November-December 2022
11,TimeXer imputation adaptation,2022-11-05T16:00:00+00:00,59,6,3.2,2.890056118993076,November-December 2022
11,TimeXer imputation adaptation,2022-11-05T09:00:00+00:00,1069,6,-5.0,4.514968271788523,November-December 2022
11,TimeXer imputation adaptation,2022-11-05T10:00:00+00:00,1069,6,2.0,2.6024797984512835,November-December 2022
11,TimeXer imputation adaptation,2022-11-05T11:00:00+00:00,1069,6,3.0,5.439734918162835,November-December 2022
11,TimeXer imputation adaptation,2022-11-05T12:00:00+00:00,1069,6,6.0,5.0475388599331055,November-December 2022
11,TimeXer imputation adaptation,2022-11-05T13:00:00+00:00,1069,6,-1.0,6.01093861473032,November-December 2022
11,TimeXer imputation adaptation,2022-11-05T14:00:00+00:00,1069,6,12.0,7.463226305706831,November-December 2022
11,TimeXer imputation adaptation,2022-11-06T22:00:00+00:00,32,3,1.0,9.2028565698686,November-December 2022
11,TimeXer imputation adaptation,2022-11-06T23:00:00+00:00,32,3,-5.0,7.323143919182825,November-December 2022
11,TimeXer imputation adaptation,2022-11-07T00:00:00+00:00,32,3,3.0,6.462955462579277,November-December 2022
11,TimeXer imputation adaptation,2022-11-06T21:00:00+00:00,59,1,6.7,4.680569597196815,November-December 2022
11,TimeXer imputation adaptation,2022-11-06T17:00:00+00:00,1069,3,13.0,10.38535731909134,November-December 2022
11,TimeXer imputation adaptation,2022-11-06T18:00:00+00:00,1069,3,13.0,9.990577956214672,November-December 2022
11,TimeXer imputation adaptation,2022-11-06T19:00:00+00:00,1069,3,13.0,8.776835056381634,November-December 2022
11,TimeXer imputation adaptation,2022-11-07T20:00:00+00:00,32,6,-4.0,7.451788177309262,November-December 2022
11,TimeXer imputation adaptation,2022-11-07T21:00:00+00:00,32,6,4.0,5.171907482282047,November-December 2022
11,TimeXer imputation adaptation,2022-11-07T22:00:00+00:00,32,6,7.0,6.553624046397371,November-December 2022
11,TimeXer imputation adaptation,2022-11-07T23:00:00+00:00,32,6,3.0,4.811587837556695,November-December 2022
11,TimeXer imputation adaptation,2022-11-08T00:00:00+00:00,32,6,2.0,3.791831989890557,November-December 2022
11,TimeXer imputation adaptation,2022-11-08T01:00:00+00:00,32,6,4.0,3.40234202274042,November-December 2022
11,TimeXer imputation adaptation,2022-11-07T16:00:00+00:00,59,6,3.6,4.305621358747092,November-December 2022
11,TimeXer imputation adaptation,2022-11-07T17:00:00+00:00,59,6,1.5,5.114603193004292,November-December 2022
11,TimeXer imputation adaptation,2022-11-07T18:00:00+00:00,59,6,7.0,3.757197488499718,November-December 2022
11,TimeXer imputation adaptation,2022-11-07T19:00:00+00:00,59,6,2.1,4.697289639675553,November-December 2022
11,TimeXer imputation adaptation,2022-11-07T20:00:00+00:00,59,6,7.6,4.396097610029579,November-December 2022
11,TimeXer imputation adaptation,2022-11-07T21:00:00+00:00,59,6,3.0,3.6766753488686095,November-December 2022
11,TimeXer imputation adaptation,2022-11-07T23:00:00+00:00,1069,6,-1.0,2.93973998230472,November-December 2022
11,TimeXer imputation adaptation,2022-11-08T00:00:00+00:00,1069,6,-2.0,1.271535292422988,November-December 2022
11,TimeXer imputation adaptation,2022-11-08T01:00:00+00:00,1069,6,0.0,3.196449257606994,November-December 2022
11,TimeXer imputation adaptation,2022-11-08T02:00:00+00:00,1069,6,2.0,5.832488096535204,November-December 2022
11,TimeXer imputation adaptation,2022-11-08T03:00:00+00:00,1069,6,-1.0,4.415033209095402,November-December 2022
11,TimeXer imputation adaptation,2022-11-08T04:00:00+00:00,1069,6,1.0,5.261219117173428,November-December 2022
11,TimeXer imputation adaptation,2022-11-08T11:00:00+00:00,32,1,0.0,4.352447079989681,November-December 2022
11,TimeXer imputation adaptation,2022-11-08T19:00:00+00:00,59,1,1.1,3.646642898864532,November-December 2022
11,TimeXer imputation adaptation,2022-11-08T19:00:00+00:00,1069,6,5.0,7.2965810928127155,November-December 2022
11,TimeXer imputation adaptation,2022-11-08T20:00:00+00:00,1069,6,7.0,7.566424903644197,November-December 2022
11,TimeXer imputation adaptation,2022-11-08T21:00:00+00:00,1069,6,7.0,5.722188987268137,November-December 2022
11,TimeXer imputation adaptation,2022-11-08T22:00:00+00:00,1069,6,1.0,4.899587496078351,November-December 2022
11,TimeXer imputation adaptation,2022-11-08T23:00:00+00:00,1069,6,1.0,1.5437580969340896,November-December 2022
11,TimeXer imputation adaptation,2022-11-09T00:00:00+00:00,1069,6,-1.0,0.942200520392552,November-December 2022
11,TimeXer imputation adaptation,2022-11-09T13:00:00+00:00,32,6,9.0,3.903925909704548,November-December 2022
11,TimeXer imputation adaptation,2022-11-09T14:00:00+00:00,32,6,7.0,6.759655695719476,November-December 2022
11,TimeXer imputation adaptation,2022-11-09T15:00:00+00:00,32,6,6.0,6.9286231908987,November-December 2022
11,TimeXer imputation adaptation,2022-11-09T16:00:00+00:00,32,6,4.0,7.85788361842123,November-December 2022
11,TimeXer imputation adaptation,2022-11-09T17:00:00+00:00,32,6,14.0,7.665773301285773,November-December 2022
11,TimeXer imputation adaptation,2022-11-09T18:00:00+00:00,32,6,6.0,6.4134392469672346,November-December 2022
11,TimeXer imputation adaptation,2022-11-09T17:00:00+00:00,59,6,6.5,5.606783751168383,November-December 2022
11,TimeXer imputation adaptation,2022-11-09T18:00:00+00:00,59,6,-0.5,4.7467674019282295,November-December 2022
11,TimeXer imputation adaptation,2022-11-09T19:00:00+00:00,59,6,6.7,5.737090545936221,November-December 2022
11,TimeXer imputation adaptation,2022-11-09T20:00:00+00:00,59,6,7.6,4.73449416304504,November-December 2022
11,TimeXer imputation adaptation,2022-11-09T21:00:00+00:00,59,6,-0.3,4.578553716277869,November-December 2022
11,TimeXer imputation adaptation,2022-11-09T22:00:00+00:00,59,6,7.2,5.926993805205147,November-December 2022
11,TimeXer imputation adaptation,2022-11-09T11:00:00+00:00,1069,6,2.0,6.85610216201133,November-December 2022
11,TimeXer imputation adaptation,2022-11-09T12:00:00+00:00,1069,6,4.0,6.211353972342959,November-December 2022
11,TimeXer imputation adaptation,2022-11-09T13:00:00+00:00,1069,6,6.0,8.561274644591219,November-December 2022
11,TimeXer imputation adaptation,2022-11-09T14:00:00+00:00,1069,6,11.0,9.87644993046638,November-December 2022
11,TimeXer imputation adaptation,2022-11-09T15:00:00+00:00,1069,6,12.0,9.681773968145986,November-December 2022
11,TimeXer imputation adaptation,2022-11-09T16:00:00+00:00,1069,6,14.0,8.706457735881877,November-December 2022
11,TimeXer imputation adaptation,2022-11-10T23:00:00+00:00,32,3,2.0,4.271335621586274,November-December 2022
11,TimeXer imputation adaptation,2022-11-11T00:00:00+00:00,32,3,7.0,3.6419036939723455,November-December 2022
11,TimeXer imputation adaptation,2022-11-11T01:00:00+00:00,32,3,5.0,2.94213586832868,November-December 2022
11,TimeXer imputation adaptation,2022-11-10T21:00:00+00:00,59,6,5.2,3.817140469547108,November-December 2022
11,TimeXer imputation adaptation,2022-11-10T22:00:00+00:00,59,6,6.7,5.203636990582222,November-December 2022
11,TimeXer imputation adaptation,2022-11-10T23:00:00+00:00,59,6,2.9,3.30870716142109,November-December 2022
11,TimeXer imputation adaptation,2022-11-11T00:00:00+00:00,59,6,-1.0,2.670683141923355,November-December 2022
11,TimeXer imputation adaptation,2022-11-11T01:00:00+00:00,59,6,6.4,2.543442418520395,November-December 2022
11,TimeXer imputation adaptation,2022-11-11T02:00:00+00:00,59,6,3.3,4.155593600580298,November-December 2022
11,TimeXer imputation adaptation,2022-11-10T09:00:00+00:00,1069,6,7.0,7.009540302938136,November-December 2022
11,TimeXer imputation adaptation,2022-11-10T10:00:00+00:00,1069,6,6.0,5.08089796483572,November-December 2022
11,TimeXer imputation adaptation,2022-11-10T11:00:00+00:00,1069,6,3.0,7.7052926905476,November-December 2022
11,TimeXer imputation adaptation,2022-11-10T12:00:00+00:00,1069,6,5.0,7.295497076043311,November-December 2022
11,TimeXer imputation adaptation,2022-11-10T13:00:00+00:00,1069,6,3.0,9.375926746635413,November-December 2022
11,TimeXer imputation adaptation,2022-11-10T14:00:00+00:00,1069,6,8.0,10.624989300473384,November-December 2022
11,TimeXer imputation adaptation,2022-11-11T09:00:00+00:00,32,6,6.0,6.005453051399817,November-December 2022
11,TimeXer imputation adaptation,2022-11-11T10:00:00+00:00,32,6,6.0,4.37483970072418,November-December 2022
11,TimeXer imputation adaptation,2022-11-11T11:00:00+00:00,32,6,11.0,6.725957331883974,November-December 2022
11,TimeXer imputation adaptation,2022-11-11T12:00:00+00:00,32,6,9.0,6.371016452771602,November-December 2022
11,TimeXer imputation adaptation,2022-11-11T13:00:00+00:00,32,6,2.0,5.337193257786516,November-December 2022
11,TimeXer imputation adaptation,2022-11-11T14:00:00+00:00,32,6,5.0,7.9742265471389855,November-December 2022
11,TimeXer imputation adaptation,2022-11-11T09:00:00+00:00,59,6,4.3,4.716318712972163,November-December 2022
11,TimeXer imputation adaptation,2022-11-11T10:00:00+00:00,59,6,4.4,3.23081732835226,November-December 2022
11,TimeXer imputation adaptation,2022-11-11T11:00:00+00:00,59,6,3.7,5.318610761548408,November-December 2022
11,TimeXer imputation adaptation,2022-11-11T12:00:00+00:00,59,6,4.8,4.147008981755395,November-December 2022
11,TimeXer imputation adaptation,2022-11-11T13:00:00+00:00,59,6,5.6,4.058147204211171,November-December 2022
11,TimeXer imputation adaptation,2022-11-11T14:00:00+00:00,59,6,3.3,4.32770850247678,November-December 2022
11,TimeXer imputation adaptation,2022-11-11T08:00:00+00:00,1069,1,2.0,2.255750788564136,November-December 2022
11,TimeXer imputation adaptation,2022-11-12T22:00:00+00:00,32,6,3.0,3.975045027453276,November-December 2022
11,TimeXer imputation adaptation,2022-11-12T23:00:00+00:00,32,6,0.0,1.957227847484988,November-December 2022
11,TimeXer imputation adaptation,2022-11-13T00:00:00+00:00,32,6,6.0,1.5544969388328846,November-December 2022
11,TimeXer imputation adaptation,2022-11-13T01:00:00+00:00,32,6,2.0,2.495496018642638,November-December 2022
11,TimeXer imputation adaptation,2022-11-13T02:00:00+00:00,32,6,6.0,5.228830952265352,November-December 2022
11,TimeXer imputation adaptation,2022-11-13T03:00:00+00:00,32,6,4.0,4.333122768625398,November-December 2022
11,TimeXer imputation adaptation,2022-11-12T16:00:00+00:00,59,1,-1.8,-0.0767362551360433,November-December 2022
11,TimeXer imputation adaptation,2022-11-12T10:00:00+00:00,1069,1,1.0,1.173895605015565,November-December 2022
11,TimeXer imputation adaptation,2022-11-13T18:00:00+00:00,32,6,9.0,3.602276046595043,November-December 2022
11,TimeXer imputation adaptation,2022-11-13T19:00:00+00:00,32,6,4.0,5.716407030026215,November-December 2022
11,TimeXer imputation adaptation,2022-11-13T20:00:00+00:00,32,6,2.0,3.696280022738917,November-December 2022
11,TimeXer imputation adaptation,2022-11-13T21:00:00+00:00,32,6,3.0,2.6301561421481185,November-December 2022
11,TimeXer imputation adaptation,2022-11-13T22:00:00+00:00,32,6,4.0,4.099295624211788,November-December 2022
11,TimeXer imputation adaptation,2022-11-13T23:00:00+00:00,32,6,1.0,2.073477695486676,November-December 2022
11,TimeXer imputation adaptation,2022-11-13T11:00:00+00:00,59,1,5.7,3.489621183314072,November-December 2022
11,TimeXer imputation adaptation,2022-11-14T02:00:00+00:00,1069,3,4.0,4.252499200320787,November-December 2022
11,TimeXer imputation adaptation,2022-11-14T03:00:00+00:00,1069,3,4.0,1.8170334857580848,November-December 2022
11,TimeXer imputation adaptation,2022-11-14T04:00:00+00:00,1069,3,3.0,4.940062425558711,November-December 2022
11,TimeXer imputation adaptation,2022-11-14T10:00:00+00:00,32,6,7.0,3.4651098715583,November-December 2022
11,TimeXer imputation adaptation,2022-11-14T11:00:00+00:00,32,6,3.0,5.567039943740694,November-December 2022
11,TimeXer imputation adaptation,2022-11-14T12:00:00+00:00,32,6,3.0,4.757562028964146,November-December 2022
11,TimeXer imputation adaptation,2022-11-14T13:00:00+00:00,32,6,5.0,3.259309666178852,November-December 2022
11,TimeXer imputation adaptation,2022-11-14T14:00:00+00:00,32,6,4.0,5.987016570739474,November-December 2022
11,TimeXer imputation adaptation,2022-11-14T15:00:00+00:00,32,6,8.0,6.294208300356333,November-December 2022
11,TimeXer imputation adaptation,2022-11-14T07:00:00+00:00,59,3,1.7,2.6398761255216643,November-December 2022
11,TimeXer imputation adaptation,2022-11-14T08:00:00+00:00,59,3,3.1,2.1180096338997974,November-December 2022
11,TimeXer imputation adaptation,2022-11-14T09:00:00+00:00,59,3,1.5,3.2646532689354704,November-December 2022
11,TimeXer imputation adaptation,2022-11-14T11:00:00+00:00,1069,1,7.0,5.393527595171408,November-December 2022
11,TimeXer imputation adaptation,2022-11-15T12:00:00+00:00,32,3,1.0,4.142272500237529,November-December 2022
11,TimeXer imputation adaptation,2022-11-15T13:00:00+00:00,32,3,3.0,1.195451074357151,November-December 2022
11,TimeXer imputation adaptation,2022-11-15T14:00:00+00:00,32,3,8.0,4.601210744354717,November-December 2022
11,TimeXer imputation adaptation,2022-11-15T11:00:00+00:00,59,6,2.4,4.282360745020036,November-December 2022
11,TimeXer imputation adaptation,2022-11-15T12:00:00+00:00,59,6,3.8,3.1477794671651047,November-December 2022
11,TimeXer imputation adaptation,2022-11-15T13:00:00+00:00,59,6,1.8,1.0868011568974572,November-December 2022
11,TimeXer imputation adaptation,2022-11-15T14:00:00+00:00,59,6,3.0,1.950971513728944,November-December 2022
11,TimeXer imputation adaptation,2022-11-15T15:00:00+00:00,59,6,4.2,3.5292966611212,November-December 2022
11,TimeXer imputation adaptation,2022-11-15T16:00:00+00:00,59,6,0.3,2.194398339764202,November-December 2022
11,TimeXer imputation adaptation,2022-11-16T01:00:00+00:00,1069,3,5.0,2.8030204829097523,November-December 2022
11,TimeXer imputation adaptation,2022-11-16T02:00:00+00:00,1069,3,4.0,5.754423374399968,November-December 2022
11,TimeXer imputation adaptation,2022-11-16T03:00:00+00:00,1069,3,9.0,3.848237108593104,November-December 2022
11,TimeXer imputation adaptation,2022-11-16T20:00:00+00:00,32,3,8.0,2.800709363760541,November-December 2022
11,TimeXer imputation adaptation,2022-11-16T21:00:00+00:00,32,3,2.0,2.301540124741625,November-December 2022
11,TimeXer imputation adaptation,2022-11-16T22:00:00+00:00,32,3,0.0,3.332694167301078,November-December 2022
11,TimeXer imputation adaptation,2022-11-16T12:00:00+00:00,59,6,7.2,4.639914957736039,November-December 2022
11,TimeXer imputation adaptation,2022-11-16T13:00:00+00:00,59,6,9.0,2.9668997349798376,November-December 2022
11,TimeXer imputation adaptation,2022-11-16T14:00:00+00:00,59,6,8.1,3.760876774137571,November-December 2022
11,TimeXer imputation adaptation,2022-11-16T15:00:00+00:00,59,6,7.7,4.301689472262403,November-December 2022
11,TimeXer imputation adaptation,2022-11-16T16:00:00+00:00,59,6,2.8,2.9713631119341137,November-December 2022
11,TimeXer imputation adaptation,2022-11-16T17:00:00+00:00,59,6,0.5,3.3703429110393586,November-December 2022
11,TimeXer imputation adaptation,2022-11-16T07:00:00+00:00,1069,6,9.0,4.6608596008011975,November-December 2022
11,TimeXer imputation adaptation,2022-11-16T08:00:00+00:00,1069,6,8.0,5.545116258416735,November-December 2022
11,TimeXer imputation adaptation,2022-11-16T09:00:00+00:00,1069,6,11.0,7.354965873330624,November-December 2022
11,TimeXer imputation adaptation,2022-11-16T10:00:00+00:00,1069,6,7.0,5.922410108418747,November-December 2022
11,TimeXer imputation adaptation,2022-11-16T11:00:00+00:00,1069,6,7.0,8.585004083983137,November-December 2022
11,TimeXer imputation adaptation,2022-11-16T12:00:00+00:00,1069,6,10.0,8.258268987670737,November-December 2022
11,TimeXer imputation adaptation,2022-11-17T10:00:00+00:00,32,1,4.0,3.424235278011687,November-December 2022
11,TimeXer imputation adaptation,2022-11-18T04:00:00+00:00,59,1,2.8,3.809018380779608,November-December 2022
11,TimeXer imputation adaptation,2022-11-17T17:00:00+00:00,1069,1,5.0,4.62150656823014,November-December 2022
11,TimeXer imputation adaptation,2022-11-18T18:00:00+00:00,32,6,6.0,6.24813984478136,November-December 2022
11,TimeXer imputation adaptation,2022-11-18T19:00:00+00:00,32,6,0.0,7.479128017138664,November-December 2022
11,TimeXer imputation adaptation,2022-11-18T20:00:00+00:00,32,6,2.0,5.802552813464901,November-December 2022
11,TimeXer imputation adaptation,2022-11-18T21:00:00+00:00,32,6,1.0,4.519347093137676,November-December 2022
11,TimeXer imputation adaptation,2022-11-18T22:00:00+00:00,32,6,-1.0,5.577492446944406,November-December 2022
11,TimeXer imputation adaptation,2022-11-18T23:00:00+00:00,32,6,5.0,3.721190434914812,November-December 2022
11,TimeXer imputation adaptation,2022-11-18T07:00:00+00:00,59,6,4.4,3.689815545861869,November-December 2022
11,TimeXer imputation adaptation,2022-11-18T08:00:00+00:00,59,6,3.1,3.0314310599162875,November-December 2022
11,TimeXer imputation adaptation,2022-11-18T09:00:00+00:00,59,6,1.5,4.711874385855507,November-December 2022
11,TimeXer imputation adaptation,2022-11-18T10:00:00+00:00,59,6,3.0,3.315860756444009,November-December 2022
11,TimeXer imputation adaptation,2022-11-18T11:00:00+00:00,59,6,3.4,5.04687435282339,November-December 2022
11,TimeXer imputation adaptation,2022-11-18T12:00:00+00:00,59,6,5.3,3.8785807678314,November-December 2022
11,TimeXer imputation adaptation,2022-11-18T07:00:00+00:00,1069,3,7.0,4.213428656878112,November-December 2022
11,TimeXer imputation adaptation,2022-11-18T08:00:00+00:00,1069,3,5.0,4.598396056070827,November-December 2022
11,TimeXer imputation adaptation,2022-11-18T09:00:00+00:00,1069,3,6.0,6.365165272945776,November-December 2022
11,TimeXer imputation adaptation,2022-11-20T01:00:00+00:00,32,1,9.0,3.0467284048490777,November-December 2022
11,TimeXer imputation adaptation,2022-11-19T19:00:00+00:00,59,1,2.0,2.5950808133558887,November-December 2022
11,TimeXer imputation adaptation,2022-11-19T13:00:00+00:00,1069,1,7.0,4.830280138413115,November-December 2022
11,TimeXer imputation adaptation,2022-11-20T12:00:00+00:00,32,6,4.0,4.229764599799167,November-December 2022
11,TimeXer imputation adaptation,2022-11-20T13:00:00+00:00,32,6,4.0,1.3953674883465714,November-December 2022
11,TimeXer imputation adaptation,2022-11-20T14:00:00+00:00,32,6,5.0,4.505564857921999,November-December 2022
11,TimeXer imputation adaptation,2022-11-20T15:00:00+00:00,32,6,3.0,4.210565653903823,November-December 2022
11,TimeXer imputation adaptation,2022-11-20T16:00:00+00:00,32,6,0.0,5.7368525028083655,November-December 2022
11,TimeXer imputation adaptation,2022-11-20T17:00:00+00:00,32,6,4.0,4.962481741083489,November-December 2022
11,TimeXer imputation adaptation,2022-11-20T08:00:00+00:00,59,1,0.0,2.260591191537835,November-December 2022
11,TimeXer imputation adaptation,2022-11-20T09:00:00+00:00,1069,6,3.0,5.610746018670231,November-December 2022
11,TimeXer imputation adaptation,2022-11-20T10:00:00+00:00,1069,6,4.0,3.5693155640233405,November-December 2022
11,TimeXer imputation adaptation,2022-11-20T11:00:00+00:00,1069,6,3.0,6.476006793577757,November-December 2022
11,TimeXer imputation adaptation,2022-11-20T12:00:00+00:00,1069,6,1.0,6.000931205643706,November-December 2022
11,TimeXer imputation adaptation,2022-11-20T13:00:00+00:00,1069,6,4.0,5.799632716897183,November-December 2022
11,TimeXer imputation adaptation,2022-11-20T14:00:00+00:00,1069,6,3.0,7.35884113253619,November-December 2022
11,TimeXer imputation adaptation,2022-11-21T07:00:00+00:00,32,3,4.0,4.516726158200096,November-December 2022
11,TimeXer imputation adaptation,2022-11-21T08:00:00+00:00,32,3,6.0,4.508768595541268,November-December 2022
11,TimeXer imputation adaptation,2022-11-21T09:00:00+00:00,32,3,7.0,4.587434798376612,November-December 2022
11,TimeXer imputation adaptation,2022-11-22T01:00:00+00:00,59,1,9.3,4.325268980271212,November-December 2022
11,TimeXer imputation adaptation,2022-11-21T19:00:00+00:00,1069,1,6.0,8.681529631850333,November-December 2022
11,TimeXer imputation adaptation,2022-11-22T09:00:00+00:00,32,3,16.0,9.31319453455244,November-December 2022
11,TimeXer imputation adaptation,2022-11-22T10:00:00+00:00,32,3,13.0,7.600224980537232,November-December 2022
11,TimeXer imputation adaptation,2022-11-22T11:00:00+00:00,32,3,10.0,9.434523832868985,November-December 2022
11,TimeXer imputation adaptation,2022-11-22T21:00:00+00:00,59,3,3.1,4.602140463224973,November-December 2022
11,TimeXer imputation adaptation,2022-11-22T22:00:00+00:00,59,3,3.2,5.422774892655717,November-December 2022
11,TimeXer imputation adaptation,2022-11-22T23:00:00+00:00,59,3,3.3,4.109720829598757,November-December 2022
11,TimeXer imputation adaptation,2022-11-22T10:00:00+00:00,1069,6,11.0,6.176083330806267,November-December 2022
11,TimeXer imputation adaptation,2022-11-22T11:00:00+00:00,1069,6,10.0,8.77682908723725,November-December 2022
11,TimeXer imputation adaptation,2022-11-22T12:00:00+00:00,1069,6,10.0,8.868316349821724,November-December 2022
11,TimeXer imputation adaptation,2022-11-22T13:00:00+00:00,1069,6,13.0,9.28227998865536,November-December 2022
11,TimeXer imputation adaptation,2022-11-22T14:00:00+00:00,1069,6,13.0,10.796886554466251,November-December 2022
11,TimeXer imputation adaptation,2022-11-22T15:00:00+00:00,1069,6,16.0,10.201811922080024,November-December 2022
11,TimeXer imputation adaptation,2022-11-23T08:00:00+00:00,32,6,13.0,9.0768978685958,November-December 2022
11,TimeXer imputation adaptation,2022-11-23T09:00:00+00:00,32,6,11.0,10.07153864181338,November-December 2022
11,TimeXer imputation adaptation,2022-11-23T10:00:00+00:00,32,6,12.0,10.584232257307512,November-December 2022
11,TimeXer imputation adaptation,2022-11-23T11:00:00+00:00,32,6,8.0,10.349575981740635,November-December 2022
11,TimeXer imputation adaptation,2022-11-23T12:00:00+00:00,32,6,8.0,10.382639971146356,November-December 2022
11,TimeXer imputation adaptation,2022-11-23T13:00:00+00:00,32,6,7.0,11.845241581112491,November-December 2022
11,TimeXer imputation adaptation,2022-11-23T20:00:00+00:00,59,1,7.8,8.926693345084333,November-December 2022
11,TimeXer imputation adaptation,2022-11-23T22:00:00+00:00,1069,6,4.0,9.230566444796668,November-December 2022
11,TimeXer imputation adaptation,2022-11-23T23:00:00+00:00,1069,6,12.0,6.612166351968603,November-December 2022
11,TimeXer imputation adaptation,2022-11-24T00:00:00+00:00,1069,6,13.0,4.80168143875101,November-December 2022
11,TimeXer imputation adaptation,2022-11-24T01:00:00+00:00,1069,6,22.0,7.401539102354251,November-December 2022
11,TimeXer imputation adaptation,2022-11-24T02:00:00+00:00,1069,6,8.0,10.604599509213193,November-December 2022
11,TimeXer imputation adaptation,2022-11-24T03:00:00+00:00,1069,6,15.0,8.14050769233399,November-December 2022
11,TimeXer imputation adaptation,2022-11-24T07:00:00+00:00,32,6,14.0,7.578220091299059,November-December 2022
11,TimeXer imputation adaptation,2022-11-24T08:00:00+00:00,32,6,16.0,7.826824533132893,November-December 2022
11,TimeXer imputation adaptation,2022-11-24T09:00:00+00:00,32,6,11.0,9.122725603602696,November-December 2022
11,TimeXer imputation adaptation,2022-11-24T10:00:00+00:00,32,6,10.0,6.6488154305948735,November-December 2022
11,TimeXer imputation adaptation,2022-11-24T11:00:00+00:00,32,6,1.0,8.353395875433174,November-December 2022
11,TimeXer imputation adaptation,2022-11-24T12:00:00+00:00,32,6,7.0,7.300204763703304,November-December 2022
11,TimeXer imputation adaptation,2022-11-24T23:00:00+00:00,59,3,6.2,2.746996791427539,November-December 2022
11,TimeXer imputation adaptation,2022-11-25T00:00:00+00:00,59,3,0.4,1.5857339300058202,November-December 2022
11,TimeXer imputation adaptation,2022-11-25T01:00:00+00:00,59,3,2.7,1.518199588667014,November-December 2022
11,TimeXer imputation adaptation,2022-11-24T10:00:00+00:00,1069,3,5.0,4.498593573867347,November-December 2022
11,TimeXer imputation adaptation,2022-11-24T11:00:00+00:00,1069,3,5.0,7.4274930428871375,November-December 2022
11,TimeXer imputation adaptation,2022-11-24T12:00:00+00:00,1069,3,4.0,6.944845255285619,November-December 2022
11,TimeXer imputation adaptation,2022-11-25T08:00:00+00:00,32,6,0.0,3.703505937426848,November-December 2022
11,TimeXer imputation adaptation,2022-11-25T09:00:00+00:00,32,6,0.0,3.917158884838922,November-December 2022
11,TimeXer imputation adaptation,2022-11-25T10:00:00+00:00,32,6,1.0,2.546772172568629,November-December 2022
11,TimeXer imputation adaptation,2022-11-25T11:00:00+00:00,32,6,1.0,4.608198506579916,November-December 2022
11,TimeXer imputation adaptation,2022-11-25T12:00:00+00:00,32,6,2.0,4.026385331602503,November-December 2022
11,TimeXer imputation adaptation,2022-11-25T13:00:00+00:00,32,6,-4.0,1.7894444060993535,November-December 2022
11,TimeXer imputation adaptation,2022-11-25T07:00:00+00:00,59,6,-2.9,3.132305665063442,November-December 2022
11,TimeXer imputation adaptation,2022-11-25T08:00:00+00:00,59,6,0.8,2.907253169405809,November-December 2022
11,TimeXer imputation adaptation,2022-11-25T09:00:00+00:00,59,6,3.9,4.158767303527727,November-December 2022
11,TimeXer imputation adaptation,2022-11-25T10:00:00+00:00,59,6,-0.3,2.4482111372696758,November-December 2022
11,TimeXer imputation adaptation,2022-11-25T11:00:00+00:00,59,6,1.8,4.275661679122722,November-December 2022
11,TimeXer imputation adaptation,2022-11-25T12:00:00+00:00,59,6,2.0,2.846401892100716,November-December 2022
11,TimeXer imputation adaptation,2022-11-25T12:00:00+00:00,1069,3,-1.0,3.7552732005817377,November-December 2022
11,TimeXer imputation adaptation,2022-11-25T13:00:00+00:00,1069,3,0.0,3.5049330275249764,November-December 2022
11,TimeXer imputation adaptation,2022-11-25T14:00:00+00:00,1069,3,0.0,4.844106792455873,November-December 2022
11,TimeXer imputation adaptation,2022-11-26T19:00:00+00:00,32,6,8.0,5.878763697952066,November-December 2022
11,TimeXer imputation adaptation,2022-11-26T20:00:00+00:00,32,6,1.0,5.165537323186438,November-December 2022
11,TimeXer imputation adaptation,2022-11-26T21:00:00+00:00,32,6,-1.0,4.696809671146897,November-December 2022
11,TimeXer imputation adaptation,2022-11-26T22:00:00+00:00,32,6,1.0,5.983330238957166,November-December 2022
11,TimeXer imputation adaptation,2022-11-26T23:00:00+00:00,32,6,3.0,3.916531638211724,November-December 2022
11,TimeXer imputation adaptation,2022-11-27T00:00:00+00:00,32,6,-3.0,3.5367635745006627,November-December 2022
11,TimeXer imputation adaptation,2022-11-26T16:00:00+00:00,59,3,-1.1,0.871478556302419,November-December 2022
11,TimeXer imputation adaptation,2022-11-26T17:00:00+00:00,59,3,-2.1,0.9440812974383012,November-December 2022
11,TimeXer imputation adaptation,2022-11-26T18:00:00+00:00,59,3,0.9,-0.5808810638171327,November-December 2022
11,TimeXer imputation adaptation,2022-11-27T01:00:00+00:00,1069,1,-3.0,1.7865915546077815,November-December 2022
11,TimeXer imputation adaptation,2022-11-27T10:00:00+00:00,32,6,2.0,3.980675572210397,November-December 2022
11,TimeXer imputation adaptation,2022-11-27T11:00:00+00:00,32,6,4.0,6.094314527622172,November-December 2022
11,TimeXer imputation adaptation,2022-11-27T12:00:00+00:00,32,6,4.0,5.489551295820114,November-December 2022
11,TimeXer imputation adaptation,2022-11-27T13:00:00+00:00,32,6,-2.0,3.420062159241292,November-December 2022
11,TimeXer imputation adaptation,2022-11-27T14:00:00+00:00,32,6,-2.0,6.282958321828468,November-December 2022
11,TimeXer imputation adaptation,2022-11-27T15:00:00+00:00,32,6,5.0,6.126276642605248,November-December 2022
11,TimeXer imputation adaptation,2022-11-27T13:00:00+00:00,59,1,-3.0,0.7354215680490999,November-December 2022
11,TimeXer imputation adaptation,2022-11-27T12:00:00+00:00,1069,3,8.0,9.46198014848688,November-December 2022
11,TimeXer imputation adaptation,2022-11-27T13:00:00+00:00,1069,3,4.0,9.755116114808086,November-December 2022
11,TimeXer imputation adaptation,2022-11-27T14:00:00+00:00,1069,3,21.0,11.621014937678073,November-December 2022
11,TimeXer imputation adaptation,2022-11-29T02:00:00+00:00,32,3,8.0,5.886383738194521,November-December 2022
11,TimeXer imputation adaptation,2022-11-29T03:00:00+00:00,32,3,5.0,4.915298622969473,November-December 2022
11,TimeXer imputation adaptation,2022-11-29T04:00:00+00:00,32,3,1.0,7.07596702945725,November-December 2022
11,TimeXer imputation adaptation,2022-11-29T01:00:00+00:00,59,3,2.1,2.693626004358917,November-December 2022
11,TimeXer imputation adaptation,2022-11-29T02:00:00+00:00,59,3,1.8,3.920436690052468,November-December 2022
11,TimeXer imputation adaptation,2022-11-29T03:00:00+00:00,59,3,2.2,3.1093483247512905,November-December 2022
11,TimeXer imputation adaptation,2022-11-28T13:00:00+00:00,1069,3,7.0,9.045437436298526,November-December 2022
11,TimeXer imputation adaptation,2022-11-28T14:00:00+00:00,1069,3,24.0,10.968530938376292,November-December 2022
11,TimeXer imputation adaptation,2022-11-28T15:00:00+00:00,1069,3,13.0,9.950702862779387,November-December 2022
11,TimeXer imputation adaptation,2022-11-29T14:00:00+00:00,32,6,13.0,9.501195149396354,November-December 2022
11,TimeXer imputation adaptation,2022-11-29T15:00:00+00:00,32,6,12.0,9.708566668372898,November-December 2022
11,TimeXer imputation adaptation,2022-11-29T16:00:00+00:00,32,6,11.0,10.3161927087075,November-December 2022
11,TimeXer imputation adaptation,2022-11-29T17:00:00+00:00,32,6,15.0,11.14955442244691,November-December 2022
11,TimeXer imputation adaptation,2022-11-29T18:00:00+00:00,32,6,6.0,11.255202712314423,November-December 2022
11,TimeXer imputation adaptation,2022-11-29T19:00:00+00:00,32,6,11.0,10.513960928783517,November-December 2022
11,TimeXer imputation adaptation,2022-11-29T12:00:00+00:00,59,6,8.9,7.062684736101422,November-December 2022
11,TimeXer imputation adaptation,2022-11-29T13:00:00+00:00,59,6,11.5,7.149470605215642,November-December 2022
11,TimeXer imputation adaptation,2022-11-29T14:00:00+00:00,59,6,9.2,7.615354624655832,November-December 2022
11,TimeXer imputation adaptation,2022-11-29T15:00:00+00:00,59,6,13.7,7.947619034941537,November-December 2022
11,TimeXer imputation adaptation,2022-11-29T16:00:00+00:00,59,6,11.4,8.30828980109211,November-December 2022
11,TimeXer imputation adaptation,2022-11-29T17:00:00+00:00,59,6,7.9,8.782178609924657,November-December 2022
11,TimeXer imputation adaptation,2022-11-29T19:00:00+00:00,1069,6,11.0,13.624618445815514,November-December 2022
11,TimeXer imputation adaptation,2022-11-29T20:00:00+00:00,1069,6,9.0,13.975916042362414,November-December 2022
11,TimeXer imputation adaptation,2022-11-29T21:00:00+00:00,1069,6,12.0,12.852380212540156,November-December 2022
11,TimeXer imputation adaptation,2022-11-29T22:00:00+00:00,1069,6,9.0,10.76788789694406,November-December 2022
11,TimeXer imputation adaptation,2022-11-29T23:00:00+00:00,1069,6,7.0,7.226498199730112,November-December 2022
11,TimeXer imputation adaptation,2022-11-30T00:00:00+00:00,1069,6,9.0,5.578157008952127,November-December 2022
11,TimeXer imputation adaptation,2022-11-30T16:00:00+00:00,32,6,3.0,5.269495485277055,November-December 2022
11,TimeXer imputation adaptation,2022-11-30T17:00:00+00:00,32,6,4.0,5.012744069912845,November-December 2022
11,TimeXer imputation adaptation,2022-11-30T18:00:00+00:00,32,6,4.0,2.393497163697007,November-December 2022
11,TimeXer imputation adaptation,2022-11-30T19:00:00+00:00,32,6,0.0,4.317436152272864,November-December 2022
11,TimeXer imputation adaptation,2022-11-30T20:00:00+00:00,32,6,5.0,3.2424385767502235,November-December 2022
11,TimeXer imputation adaptation,2022-11-30T21:00:00+00:00,32,6,1.0,2.1451003715236823,November-December 2022
11,TimeXer imputation adaptation,2022-11-30T08:00:00+00:00,59,1,3.2,2.340773863062563,November-December 2022
11,TimeXer imputation adaptation,2022-11-30T15:00:00+00:00,1069,3,8.0,5.131357938000947,November-December 2022
11,TimeXer imputation adaptation,2022-11-30T16:00:00+00:00,1069,3,6.0,3.249165516977385,November-December 2022
11,TimeXer imputation adaptation,2022-11-30T17:00:00+00:00,1069,3,4.0,3.710473084489477,November-December 2022
11,TimeXer imputation adaptation,2022-12-01T11:00:00+00:00,32,6,3.0,5.083614972418723,November-December 2022
11,TimeXer imputation adaptation,2022-12-01T12:00:00+00:00,32,6,6.0,4.501261342292608,November-December 2022
11,TimeXer imputation adaptation,2022-12-01T13:00:00+00:00,32,6,2.0,2.3780357020495577,November-December 2022
11,TimeXer imputation adaptation,2022-12-01T14:00:00+00:00,32,6,1.0,5.421453947083568,November-December 2022
11,TimeXer imputation adaptation,2022-12-01T15:00:00+00:00,32,6,4.0,5.769950244455725,November-December 2022
11,TimeXer imputation adaptation,2022-12-01T16:00:00+00:00,32,6,4.0,7.104046588445767,November-December 2022
11,TimeXer imputation adaptation,2022-12-02T01:00:00+00:00,59,1,5.5,3.132013059557605,November-December 2022
11,TimeXer imputation adaptation,2022-12-01T23:00:00+00:00,1069,1,8.0,2.3519929405974738,November-December 2022
11,TimeXer imputation adaptation,2022-12-02T19:00:00+00:00,32,1,5.0,7.46419810088669,November-December 2022
11,TimeXer imputation adaptation,2022-12-02T21:00:00+00:00,59,1,4.9,5.538867651083679,November-December 2022
11,TimeXer imputation adaptation,2022-12-02T18:00:00+00:00,1069,6,10.0,12.019286728559216,November-December 2022
11,TimeXer imputation adaptation,2022-12-02T19:00:00+00:00,1069,6,9.0,10.890780137825953,November-December 2022
11,TimeXer imputation adaptation,2022-12-02T20:00:00+00:00,1069,6,7.0,11.100238774368773,November-December 2022
11,TimeXer imputation adaptation,2022-12-02T21:00:00+00:00,1069,6,8.0,9.45343716948949,November-December 2022
11,TimeXer imputation adaptation,2022-12-02T22:00:00+00:00,1069,6,6.0,7.745472336277856,November-December 2022
11,TimeXer imputation adaptation,2022-12-02T23:00:00+00:00,1069,6,5.0,4.9512072462927765,November-December 2022
11,TimeXer imputation adaptation,2022-12-03T20:00:00+00:00,32,6,7.0,5.928067337334169,November-December 2022
11,TimeXer imputation adaptation,2022-12-03T21:00:00+00:00,32,6,4.0,4.004727713098941,November-December 2022
11,TimeXer imputation adaptation,2022-12-03T22:00:00+00:00,32,6,5.0,5.844822150263772,November-December 2022
11,TimeXer imputation adaptation,2022-12-03T23:00:00+00:00,32,6,6.0,3.4208541838928817,November-December 2022
11,TimeXer imputation adaptation,2022-12-04T00:00:00+00:00,32,6,3.0,3.230200558999769,November-December 2022
11,TimeXer imputation adaptation,2022-12-04T01:00:00+00:00,32,6,3.0,2.981647374452149,November-December 2022
11,TimeXer imputation adaptation,2022-12-04T01:00:00+00:00,59,3,5.2,2.699839299396931,November-December 2022
11,TimeXer imputation adaptation,2022-12-04T02:00:00+00:00,59,3,4.7,4.002192497167823,November-December 2022
11,TimeXer imputation adaptation,2022-12-04T03:00:00+00:00,59,3,6.3,3.1773105254430334,November-December 2022
11,TimeXer imputation adaptation,2022-12-03T09:00:00+00:00,1069,3,4.0,4.916117341381021,November-December 2022
11,TimeXer imputation adaptation,2022-12-03T10:00:00+00:00,1069,3,3.0,2.051704982224524,November-December 2022
11,TimeXer imputation adaptation,2022-12-03T11:00:00+00:00,1069,3,1.0,5.028922383094386,November-December 2022
11,TimeXer imputation adaptation,2022-12-04T19:00:00+00:00,32,3,5.0,7.76215135979252,November-December 2022
11,TimeXer imputation adaptation,2022-12-04T20:00:00+00:00,32,3,7.0,7.6197119735133825,November-December 2022
11,TimeXer imputation adaptation,2022-12-04T21:00:00+00:00,32,3,4.0,7.007000088805723,November-December 2022
11,TimeXer imputation adaptation,2022-12-04T10:00:00+00:00,59,1,3.4,2.9439004850249217,November-December 2022
11,TimeXer imputation adaptation,2022-12-04T15:00:00+00:00,1069,3,8.0,7.991530542350418,November-December 2022
11,TimeXer imputation adaptation,2022-12-04T16:00:00+00:00,1069,3,5.0,8.967026352671356,November-December 2022
11,TimeXer imputation adaptation,2022-12-04T17:00:00+00:00,1069,3,6.0,9.190956411595614,November-December 2022
11,TimeXer imputation adaptation,2022-12-05T22:00:00+00:00,32,3,5.0,6.722060729925502,November-December 2022
11,TimeXer imputation adaptation,2022-12-05T23:00:00+00:00,32,3,4.0,5.1116897096584335,November-December 2022
11,TimeXer imputation adaptation,2022-12-06T00:00:00+00:00,32,3,9.0,2.9765560269962164,November-December 2022
11,TimeXer imputation adaptation,2022-12-05T23:00:00+00:00,59,6,6.9,9.490780658566871,November-December 2022
11,TimeXer imputation adaptation,2022-12-06T00:00:00+00:00,59,6,4.4,7.361788665421315,November-December 2022
11,TimeXer imputation adaptation,2022-12-06T01:00:00+00:00,59,6,3.5,6.882332398670654,November-December 2022
11,TimeXer imputation adaptation,2022-12-06T02:00:00+00:00,59,6,6.6,7.277930946847605,November-December 2022
11,TimeXer imputation adaptation,2022-12-06T03:00:00+00:00,59,6,4.2,7.076664840435329,November-December 2022
11,TimeXer imputation adaptation,2022-12-06T04:00:00+00:00,59,6,4.5,6.654555776233415,November-December 2022
11,TimeXer imputation adaptation,2022-12-05T23:00:00+00:00,1069,1,6.0,4.233596607531778,November-December 2022
11,TimeXer imputation adaptation,2022-12-06T07:00:00+00:00,32,3,4.0,5.888295876057716,November-December 2022
11,TimeXer imputation adaptation,2022-12-06T08:00:00+00:00,32,3,6.0,6.57159910666117,November-December 2022
11,TimeXer imputation adaptation,2022-12-06T09:00:00+00:00,32,3,5.0,6.429224394708399,November-December 2022
11,TimeXer imputation adaptation,2022-12-06T14:00:00+00:00,59,1,4.0,4.535700344559038,November-December 2022
11,TimeXer imputation adaptation,2022-12-06T09:00:00+00:00,1069,3,11.0,8.473828543128203,November-December 2022
11,TimeXer imputation adaptation,2022-12-06T10:00:00+00:00,1069,3,10.0,6.7903674254126924,November-December 2022
11,TimeXer imputation adaptation,2022-12-06T11:00:00+00:00,1069,3,9.0,9.279298589931816,November-December 2022
11,TimeXer imputation adaptation,2022-12-08T02:00:00+00:00,32,3,9.0,12.572925864850305,November-December 2022
11,TimeXer imputation adaptation,2022-12-08T03:00:00+00:00,32,3,5.0,12.519113471052703,November-December 2022
11,TimeXer imputation adaptation,2022-12-08T04:00:00+00:00,32,3,6.0,9.996508142397886,November-December 2022
11,TimeXer imputation adaptation,2022-12-07T10:00:00+00:00,59,1,12.3,8.335644605920375,November-December 2022
11,TimeXer imputation adaptation,2022-12-07T11:00:00+00:00,1069,6,9.0,8.815150969005423,November-December 2022
11,TimeXer imputation adaptation,2022-12-07T12:00:00+00:00,1069,6,12.0,8.270543966408443,November-December 2022
11,TimeXer imputation adaptation,2022-12-07T13:00:00+00:00,1069,6,12.0,12.701968251512916,November-December 2022
11,TimeXer imputation adaptation,2022-12-07T14:00:00+00:00,1069,6,12.0,13.59197624270947,November-December 2022
11,TimeXer imputation adaptation,2022-12-07T15:00:00+00:00,1069,6,17.0,13.723141465846927,November-December 2022
11,TimeXer imputation adaptation,2022-12-07T16:00:00+00:00,1069,6,15.0,13.834067007853044,November-December 2022
11,TimeXer imputation adaptation,2022-12-08T08:00:00+00:00,32,6,10.0,8.527563469468017,November-December 2022
11,TimeXer imputation adaptation,2022-12-08T09:00:00+00:00,32,6,11.0,8.420683170370424,November-December 2022
11,TimeXer imputation adaptation,2022-12-08T10:00:00+00:00,32,6,12.0,8.393493748139624,November-December 2022
11,TimeXer imputation adaptation,2022-12-08T11:00:00+00:00,32,6,14.0,9.25548218453633,November-December 2022
11,TimeXer imputation adaptation,2022-12-08T12:00:00+00:00,32,6,14.0,8.292281467173021,November-December 2022
11,TimeXer imputation adaptation,2022-12-08T13:00:00+00:00,32,6,12.0,9.865336973435571,November-December 2022
11,TimeXer imputation adaptation,2022-12-08T08:00:00+00:00,59,6,6.7,7.278272129439372,November-December 2022
11,TimeXer imputation adaptation,2022-12-08T09:00:00+00:00,59,6,8.7,8.456661366376254,November-December 2022
11,TimeXer imputation adaptation,2022-12-08T10:00:00+00:00,59,6,6.9,7.512134413002574,November-December 2022
11,TimeXer imputation adaptation,2022-12-08T11:00:00+00:00,59,6,9.1,8.778718683166993,November-December 2022
11,TimeXer imputation adaptation,2022-12-08T12:00:00+00:00,59,6,5.7,7.731892958785716,November-December 2022
11,TimeXer imputation adaptation,2022-12-08T13:00:00+00:00,59,6,10.8,10.002840103283784,November-December 2022
11,TimeXer imputation adaptation,2022-12-09T00:00:00+00:00,1069,3,14.0,7.454492717069319,November-December 2022
11,TimeXer imputation adaptation,2022-12-09T01:00:00+00:00,1069,3,13.0,9.299294518407622,November-December 2022
11,TimeXer imputation adaptation,2022-12-09T02:00:00+00:00,1069,3,11.0,12.131947906337013,November-December 2022
11,TimeXer imputation adaptation,2022-12-09T19:00:00+00:00,32,3,18.0,21.293250610692606,November-December 2022
11,TimeXer imputation adaptation,2022-12-09T20:00:00+00:00,32,3,19.0,19.23378861521636,November-December 2022
11,TimeXer imputation adaptation,2022-12-09T21:00:00+00:00,32,3,17.0,18.244797621340812,November-December 2022
11,TimeXer imputation adaptation,2022-12-09T10:00:00+00:00,59,1,13.3,9.370129273996536,November-December 2022
11,TimeXer imputation adaptation,2022-12-09T17:00:00+00:00,1069,1,17.0,19.539756632213816,November-December 2022
11,TimeXer imputation adaptation,2022-12-10T08:00:00+00:00,32,3,7.0,4.448690443991757,November-December 2022
11,TimeXer imputation adaptation,2022-12-10T09:00:00+00:00,32,3,5.0,4.917909914409442,November-December 2022
11,TimeXer imputation adaptation,2022-12-10T10:00:00+00:00,32,3,6.0,3.201651613247116,November-December 2022
11,TimeXer imputation adaptation,2022-12-10T20:00:00+00:00,59,1,2.2,3.873762682900646,November-December 2022
11,TimeXer imputation adaptation,2022-12-10T11:00:00+00:00,1069,3,3.0,5.922897512984767,November-December 2022
11,TimeXer imputation adaptation,2022-12-10T12:00:00+00:00,1069,3,7.0,5.083946913117248,November-December 2022
11,TimeXer imputation adaptation,2022-12-10T13:00:00+00:00,1069,3,5.0,7.200991970212396,November-December 2022
11,TimeXer imputation adaptation,2022-12-11T07:00:00+00:00,32,1,8.0,3.9086554163588287,November-December 2022
11,TimeXer imputation adaptation,2022-12-11T09:00:00+00:00,59,3,-1.2,4.547614494003098,November-December 2022
11,TimeXer imputation adaptation,2022-12-11T10:00:00+00:00,59,3,1.6,2.6650161962282723,November-December 2022
11,TimeXer imputation adaptation,2022-12-11T11:00:00+00:00,59,3,4.4,4.731016996184331,November-December 2022
11,TimeXer imputation adaptation,2022-12-11T16:00:00+00:00,1069,6,5.0,6.441169758748828,November-December 2022
11,TimeXer imputation adaptation,2022-12-11T17:00:00+00:00,1069,6,5.0,6.275019808534859,November-December 2022
11,TimeXer imputation adaptation,2022-12-11T18:00:00+00:00,1069,6,7.0,4.718588531024606,November-December 2022
11,TimeXer imputation adaptation,2022-12-11T19:00:00+00:00,1069,6,6.0,5.327760821645943,November-December 2022
11,TimeXer imputation adaptation,2022-12-11T20:00:00+00:00,1069,6,5.0,4.84983878298673,November-December 2022
11,TimeXer imputation adaptation,2022-12-11T21:00:00+00:00,1069,6,3.0,3.976023342655674,November-December 2022
11,TimeXer imputation adaptation,2022-12-12T21:00:00+00:00,32,1,9.0,8.351054811567556,November-December 2022
11,TimeXer imputation adaptation,2022-12-12T14:00:00+00:00,59,1,10.0,8.735869026166498,November-December 2022
11,TimeXer imputation adaptation,2022-12-12T19:00:00+00:00,1069,3,15.0,9.456815176300111,November-December 2022
11,TimeXer imputation adaptation,2022-12-12T20:00:00+00:00,1069,3,14.0,8.546692201161465,November-December 2022
11,TimeXer imputation adaptation,2022-12-12T21:00:00+00:00,1069,3,11.0,7.016086716476786,November-December 2022
11,TimeXer imputation adaptation,2022-12-13T14:00:00+00:00,32,1,9.0,10.59414241859125,November-December 2022
11,TimeXer imputation adaptation,2022-12-13T09:00:00+00:00,59,1,8.5,7.415104636582186,November-December 2022
11,TimeXer imputation adaptation,2022-12-13T13:00:00+00:00,1069,1,8.0,10.865741365353776,November-December 2022
11,TimeXer imputation adaptation,2022-12-14T13:00:00+00:00,32,6,0.0,0.4532916910644609,November-December 2022
11,TimeXer imputation adaptation,2022-12-14T14:00:00+00:00,32,6,2.0,2.9517479197514955,November-December 2022
11,TimeXer imputation adaptation,2022-12-14T15:00:00+00:00,32,6,1.0,2.954969267235967,November-December 2022
11,TimeXer imputation adaptation,2022-12-14T16:00:00+00:00,32,6,6.0,4.756154078312987,November-December 2022
11,TimeXer imputation adaptation,2022-12-14T17:00:00+00:00,32,6,4.0,4.07149132418768,November-December 2022
11,TimeXer imputation adaptation,2022-12-14T18:00:00+00:00,32,6,1.0,2.454073422862235,November-December 2022
11,TimeXer imputation adaptation,2022-12-15T03:00:00+00:00,59,1,2.7,0.3695778184929201,November-December 2022
11,TimeXer imputation adaptation,2022-12-14T09:00:00+00:00,1069,3,3.0,3.4242527623258674,November-December 2022
11,TimeXer imputation adaptation,2022-12-14T10:00:00+00:00,1069,3,3.0,1.6953866552203731,November-December 2022
11,TimeXer imputation adaptation,2022-12-14T11:00:00+00:00,1069,3,1.0,4.625295388180302,November-December 2022
11,TimeXer imputation adaptation,2022-12-15T08:00:00+00:00,32,1,5.0,2.628125556977314,November-December 2022
11,TimeXer imputation adaptation,2022-12-15T16:00:00+00:00,59,6,4.4,1.7002078332328665,November-December 2022
11,TimeXer imputation adaptation,2022-12-15T17:00:00+00:00,59,6,6.9,2.9670285118821464,November-December 2022
11,TimeXer imputation adaptation,2022-12-15T18:00:00+00:00,59,6,2.2,1.1709541955788652,November-December 2022
11,TimeXer imputation adaptation,2022-12-15T19:00:00+00:00,59,6,6.1,2.5521969618968656,November-December 2022
11,TimeXer imputation adaptation,2022-12-15T20:00:00+00:00,59,6,3.2,2.928971889275933,November-December 2022
11,TimeXer imputation adaptation,2022-12-15T21:00:00+00:00,59,6,1.5,2.599857369640631,November-December 2022
11,TimeXer imputation adaptation,2022-12-15T23:00:00+00:00,1069,6,-4.0,1.0312115955076049,November-December 2022
11,TimeXer imputation adaptation,2022-12-16T00:00:00+00:00,1069,6,1.0,-0.6838939463098459,November-December 2022
11,TimeXer imputation adaptation,2022-12-16T01:00:00+00:00,1069,6,3.0,2.3599187554006846,November-December 2022
11,TimeXer imputation adaptation,2022-12-16T02:00:00+00:00,1069,6,6.0,4.794216633309954,November-December 2022
11,TimeXer imputation adaptation,2022-12-16T03:00:00+00:00,1069,6,7.0,3.980562108779763,November-December 2022
11,TimeXer imputation adaptation,2022-12-16T04:00:00+00:00,1069,6,10.0,4.970786442857186,November-December 2022
11,TimeXer imputation adaptation,2022-12-17T01:00:00+00:00,32,3,3.0,1.659668923774933,November-December 2022
11,TimeXer imputation adaptation,2022-12-17T02:00:00+00:00,32,3,3.0,4.490208216900752,November-December 2022
11,TimeXer imputation adaptation,2022-12-17T03:00:00+00:00,32,3,3.0,3.665930677910601,November-December 2022
11,TimeXer imputation adaptation,2022-12-16T21:00:00+00:00,59,3,7.3,1.4631585118359034,November-December 2022
11,TimeXer imputation adaptation,2022-12-16T22:00:00+00:00,59,3,-1.5,2.824183304491453,November-December 2022
11,TimeXer imputation adaptation,2022-12-16T23:00:00+00:00,59,3,-2.4,1.2634784949038371,November-December 2022
11,TimeXer imputation adaptation,2022-12-16T08:00:00+00:00,1069,6,7.0,4.4575967850128695,November-December 2022
11,TimeXer imputation adaptation,2022-12-16T09:00:00+00:00,1069,6,10.0,6.196178946511937,November-December 2022
11,TimeXer imputation adaptation,2022-12-16T10:00:00+00:00,1069,6,9.0,4.945258855388252,November-December 2022
11,TimeXer imputation adaptation,2022-12-16T11:00:00+00:00,1069,6,10.0,7.556293578142492,November-December 2022
11,TimeXer imputation adaptation,2022-12-16T12:00:00+00:00,1069,6,12.0,6.425862353918271,November-December 2022
11,TimeXer imputation adaptation,2022-12-16T13:00:00+00:00,1069,6,7.0,7.652530692923184,November-December 2022
11,TimeXer imputation adaptation,2022-12-17T20:00:00+00:00,32,6,-1.0,7.814683055179171,November-December 2022
11,TimeXer imputation adaptation,2022-12-17T21:00:00+00:00,32,6,0.0,8.628013547251184,November-December 2022
11,TimeXer imputation adaptation,2022-12-17T22:00:00+00:00,32,6,4.0,8.52844191872591,November-December 2022
11,TimeXer imputation adaptation,2022-12-17T23:00:00+00:00,32,6,1.0,7.821586751262154,November-December 2022
11,TimeXer imputation adaptation,2022-12-18T00:00:00+00:00,32,6,3.0,6.965492797959349,November-December 2022
11,TimeXer imputation adaptation,2022-12-18T01:00:00+00:00,32,6,16.0,7.787352334744249,November-December 2022
11,TimeXer imputation adaptation,2022-12-17T18:00:00+00:00,59,6,-0.8,2.771601561697035,November-December 2022
11,TimeXer imputation adaptation,2022-12-17T19:00:00+00:00,59,6,0.8,4.303876774617888,November-December 2022
11,TimeXer imputation adaptation,2022-12-17T20:00:00+00:00,59,6,0.8,4.718208837860782,November-December 2022
11,TimeXer imputation adaptation,2022-12-17T21:00:00+00:00,59,6,2.7,4.701741396228881,November-December 2022
11,TimeXer imputation adaptation,2022-12-17T22:00:00+00:00,59,6,3.0,5.846015612461425,November-December 2022
11,TimeXer imputation adaptation,2022-12-17T23:00:00+00:00,59,6,-2.0,4.799606698527264,November-December 2022
11,TimeXer imputation adaptation,2022-12-17T09:00:00+00:00,1069,3,2.0,4.267600480773072,November-December 2022
11,TimeXer imputation adaptation,2022-12-17T10:00:00+00:00,1069,3,2.0,2.395102957681972,November-December 2022
11,TimeXer imputation adaptation,2022-12-17T11:00:00+00:00,1069,3,4.0,5.226778010402468,November-December 2022
11,TimeXer imputation adaptation,2022-12-18T14:00:00+00:00,32,6,7.0,8.974918248235076,November-December 2022
11,TimeXer imputation adaptation,2022-12-18T15:00:00+00:00,32,6,9.0,7.9922175401379665,November-December 2022
11,TimeXer imputation adaptation,2022-12-18T16:00:00+00:00,32,6,8.0,8.22235227317295,November-December 2022
11,TimeXer imputation adaptation,2022-12-18T17:00:00+00:00,32,6,5.0,7.009194194153405,November-December 2022
11,TimeXer imputation adaptation,2022-12-18T18:00:00+00:00,32,6,6.0,5.774777863216131,November-December 2022
11,TimeXer imputation adaptation,2022-12-18T19:00:00+00:00,32,6,9.0,6.550190541965465,November-December 2022
11,TimeXer imputation adaptation,2022-12-18T07:00:00+00:00,59,6,9.0,3.719786655388811,November-December 2022
11,TimeXer imputation adaptation,2022-12-18T08:00:00+00:00,59,6,6.5,3.277510766338453,November-December 2022
11,TimeXer imputation adaptation,2022-12-18T09:00:00+00:00,59,6,7.5,5.052248693012636,November-December 2022
11,TimeXer imputation adaptation,2022-12-18T10:00:00+00:00,59,6,4.7,3.4288941109502598,November-December 2022
11,TimeXer imputation adaptation,2022-12-18T11:00:00+00:00,59,6,7.7,5.239911691377496,November-December 2022
11,TimeXer imputation adaptation,2022-12-18T12:00:00+00:00,59,6,4.8,3.883288744700712,November-December 2022
11,TimeXer imputation adaptation,2022-12-18T23:00:00+00:00,1069,3,1.0,0.7716842795850916,November-December 2022
11,TimeXer imputation adaptation,2022-12-19T00:00:00+00:00,1069,3,-1.0,-1.2727608700253352,November-December 2022
11,TimeXer imputation adaptation,2022-12-19T01:00:00+00:00,1069,3,3.0,1.5889926256945357,November-December 2022
11,TimeXer imputation adaptation,2022-12-19T21:00:00+00:00,32,3,8.0,3.028188571051298,November-December 2022
11,TimeXer imputation adaptation,2022-12-19T22:00:00+00:00,32,3,7.0,4.229162510122257,November-December 2022
11,TimeXer imputation adaptation,2022-12-19T23:00:00+00:00,32,3,7.0,2.3247402835803914,November-December 2022
11,TimeXer imputation adaptation,2022-12-19T23:00:00+00:00,59,3,2.9,0.8741409616081368,November-December 2022
11,TimeXer imputation adaptation,2022-12-20T00:00:00+00:00,59,3,2.5,0.1611680229732881,November-December 2022
11,TimeXer imputation adaptation,2022-12-20T01:00:00+00:00,59,3,-0.2,1.4085205295688246,November-December 2022
11,TimeXer imputation adaptation,2022-12-19T19:00:00+00:00,1069,6,8.0,5.770357211969571,November-December 2022
11,TimeXer imputation adaptation,2022-12-19T20:00:00+00:00,1069,6,4.0,5.976209175617908,November-December 2022
11,TimeXer imputation adaptation,2022-12-19T21:00:00+00:00,1069,6,5.0,4.135006289805014,November-December 2022
11,TimeXer imputation adaptation,2022-12-19T22:00:00+00:00,1069,6,5.0,3.5936898221264637,November-December 2022
11,TimeXer imputation adaptation,2022-12-19T23:00:00+00:00,1069,6,6.0,0.298847448216998,November-December 2022
11,TimeXer imputation adaptation,2022-12-20T00:00:00+00:00,1069,6,9.0,-0.1843596759183245,November-December 2022
11,TimeXer imputation adaptation,2022-12-20T12:00:00+00:00,32,3,0.0,3.166867517365402,November-December 2022
11,TimeXer imputation adaptation,2022-12-20T13:00:00+00:00,32,3,0.0,0.3220260787179381,November-December 2022
11,TimeXer imputation adaptation,2022-12-20T14:00:00+00:00,32,3,-2.0,2.9840356075995587,November-December 2022
11,TimeXer imputation adaptation,2022-12-21T00:00:00+00:00,59,1,6.2,1.255181909623742,November-December 2022
11,TimeXer imputation adaptation,2022-12-20T11:00:00+00:00,1069,3,3.0,4.7863016989724585,November-December 2022
11,TimeXer imputation adaptation,2022-12-20T12:00:00+00:00,1069,3,5.0,4.6264309864168,November-December 2022
11,TimeXer imputation adaptation,2022-12-20T13:00:00+00:00,1069,3,2.0,5.171851807551255,November-December 2022
11,TimeXer imputation adaptation,2022-12-21T10:00:00+00:00,32,1,13.0,16.356603304865192,November-December 2022
11,TimeXer imputation adaptation,2022-12-21T15:00:00+00:00,59,1,10.5,9.223280171734952,November-December 2022
11,TimeXer imputation adaptation,2022-12-21T17:00:00+00:00,1069,1,21.0,20.26912663653168,November-December 2022
11,TimeXer imputation adaptation,2022-12-22T12:00:00+00:00,32,3,15.0,13.777485088619908,November-December 2022
11,TimeXer imputation adaptation,2022-12-22T13:00:00+00:00,32,3,16.0,10.359405955245329,November-December 2022
11,TimeXer imputation adaptation,2022-12-22T14:00:00+00:00,32,3,11.0,14.28758879608182,November-December 2022
11,TimeXer imputation adaptation,2022-12-22T19:00:00+00:00,59,3,10.1,5.078248673389393,November-December 2022
11,TimeXer imputation adaptation,2022-12-22T20:00:00+00:00,59,3,15.9,3.477698270944707,November-December 2022
11,TimeXer imputation adaptation,2022-12-22T21:00:00+00:00,59,3,3.2,4.093667150439955,November-December 2022
11,TimeXer imputation adaptation,2022-12-22T12:00:00+00:00,1069,6,15.0,15.302546645224735,November-December 2022
11,TimeXer imputation adaptation,2022-12-22T13:00:00+00:00,1069,6,16.0,15.200804619262469,November-December 2022
11,TimeXer imputation adaptation,2022-12-22T14:00:00+00:00,1069,6,17.0,17.442096333730944,November-December 2022
11,TimeXer imputation adaptation,2022-12-22T15:00:00+00:00,1069,6,16.0,15.402536916206856,November-December 2022
11,TimeXer imputation adaptation,2022-12-22T16:00:00+00:00,1069,6,22.0,11.2218964853722,November-December 2022
11,TimeXer imputation adaptation,2022-12-22T17:00:00+00:00,1069,6,17.0,9.736830535095676,November-December 2022
11,TimeXer imputation adaptation,2022-12-23T12:00:00+00:00,32,1,1.0,2.9005543644789524,November-December 2022
11,TimeXer imputation adaptation,2022-12-23T17:00:00+00:00,59,6,3.0,0.5704895979254712,November-December 2022
11,TimeXer imputation adaptation,2022-12-23T18:00:00+00:00,59,6,2.6,-1.8522085530504613,November-December 2022
11,TimeXer imputation adaptation,2022-12-23T19:00:00+00:00,59,6,1.4,1.057008734847387,November-December 2022
11,TimeXer imputation adaptation,2022-12-23T20:00:00+00:00,59,6,3.2,-0.1724715950901778,November-December 2022
11,TimeXer imputation adaptation,2022-12-23T21:00:00+00:00,59,6,-0.9,-0.6737970278035643,November-December 2022
11,TimeXer imputation adaptation,2022-12-23T22:00:00+00:00,59,6,2.3,1.7829953795537,November-December 2022
11,TimeXer imputation adaptation,2022-12-23T14:00:00+00:00,1069,1,6.0,2.3801818093843057,November-December 2022
11,TimeXer imputation adaptation,2022-12-24T19:00:00+00:00,32,6,1.0,14.430702074166817,November-December 2022
11,TimeXer imputation adaptation,2022-12-24T20:00:00+00:00,32,6,3.0,13.677265249342195,November-December 2022
11,TimeXer imputation adaptation,2022-12-24T21:00:00+00:00,32,6,5.0,16.66312984278817,November-December 2022
11,TimeXer imputation adaptation,2022-12-24T22:00:00+00:00,32,6,6.0,16.743816568014203,November-December 2022
11,TimeXer imputation adaptation,2022-12-24T23:00:00+00:00,32,6,9.0,24.17502790303648,November-December 2022
11,TimeXer imputation adaptation,2022-12-25T00:00:00+00:00,32,6,12.0,17.26457801746593,November-December 2022
11,TimeXer imputation adaptation,2022-12-24T12:00:00+00:00,59,3,0.7,1.7571367489720808,November-December 2022
11,TimeXer imputation adaptation,2022-12-24T13:00:00+00:00,59,3,-1.1,-1.8703638102954605,November-December 2022
11,TimeXer imputation adaptation,2022-12-24T14:00:00+00:00,59,3,3.0,-1.3671996872550292,November-December 2022
11,TimeXer imputation adaptation,2022-12-25T00:00:00+00:00,1069,1,-2.0,7.427404991710887,November-December 2022
11,TimeXer imputation adaptation,2022-12-25T15:00:00+00:00,32,3,12.0,17.176710660062483,November-December 2022
11,TimeXer imputation adaptation,2022-12-25T16:00:00+00:00,32,3,11.0,15.377187465552035,November-December 2022
11,TimeXer imputation adaptation,2022-12-25T17:00:00+00:00,32,3,8.0,14.756297580408642,November-December 2022
11,TimeXer imputation adaptation,2022-12-25T16:00:00+00:00,59,6,12.6,11.292119968991464,November-December 2022
11,TimeXer imputation adaptation,2022-12-25T17:00:00+00:00,59,6,10.6,10.580789697854554,November-December 2022
11,TimeXer imputation adaptation,2022-12-25T18:00:00+00:00,59,6,3.5,7.9469997247205235,November-December 2022
11,TimeXer imputation adaptation,2022-12-25T19:00:00+00:00,59,6,6.2,8.379022610167251,November-December 2022
11,TimeXer imputation adaptation,2022-12-25T20:00:00+00:00,59,6,2.4,4.479619527590649,November-December 2022
11,TimeXer imputation adaptation,2022-12-25T21:00:00+00:00,59,6,3.2,5.933674773756724,November-December 2022
11,TimeXer imputation adaptation,2022-12-25T20:00:00+00:00,1069,3,3.0,9.101632623836302,November-December 2022
11,TimeXer imputation adaptation,2022-12-25T21:00:00+00:00,1069,3,1.0,9.485637907773643,November-December 2022
11,TimeXer imputation adaptation,2022-12-25T22:00:00+00:00,1069,3,4.0,7.640813237308329,November-December 2022
11,TimeXer imputation adaptation,2022-12-26T15:00:00+00:00,32,6,7.0,13.586600439066643,November-December 2022
11,TimeXer imputation adaptation,2022-12-26T16:00:00+00:00,32,6,0.0,11.766395925365089,November-December 2022
11,TimeXer imputation adaptation,2022-12-26T17:00:00+00:00,32,6,8.0,10.72381025013256,November-December 2022
11,TimeXer imputation adaptation,2022-12-26T18:00:00+00:00,32,6,7.0,10.653759673847349,November-December 2022
11,TimeXer imputation adaptation,2022-12-26T19:00:00+00:00,32,6,7.0,11.483834946493412,November-December 2022
11,TimeXer imputation adaptation,2022-12-26T20:00:00+00:00,32,6,4.0,7.403313983542304,November-December 2022
11,TimeXer imputation adaptation,2022-12-26T12:00:00+00:00,59,3,3.8,3.4509393450371846,November-December 2022
11,TimeXer imputation adaptation,2022-12-26T13:00:00+00:00,59,3,1.8,1.3677687359361892,November-December 2022
11,TimeXer imputation adaptation,2022-12-26T14:00:00+00:00,59,3,8.5,1.8349503826904323,November-December 2022
11,TimeXer imputation adaptation,2022-12-27T04:00:00+00:00,1069,1,8.0,6.949693107232061,November-December 2022
11,TimeXer imputation adaptation,2022-12-27T09:00:00+00:00,32,1,3.0,4.473406728367923,November-December 2022
11,TimeXer imputation adaptation,2022-12-27T13:00:00+00:00,59,3,2.0,0.6686412192832778,November-December 2022
11,TimeXer imputation adaptation,2022-12-27T14:00:00+00:00,59,3,9.7,1.3271704839947676,November-December 2022
11,TimeXer imputation adaptation,2022-12-27T15:00:00+00:00,59,3,0.9,2.2929652475821163,November-December 2022
11,TimeXer imputation adaptation,2022-12-27T19:00:00+00:00,1069,1,5.0,4.029636635977253,November-December 2022
11,TimeXer imputation adaptation,2022-12-28T07:00:00+00:00,32,6,2.0,4.874426964400393,November-December 2022
11,TimeXer imputation adaptation,2022-12-28T08:00:00+00:00,32,6,4.0,5.823143357993716,November-December 2022
11,TimeXer imputation adaptation,2022-12-28T09:00:00+00:00,32,6,6.0,6.3275754310130345,November-December 2022
11,TimeXer imputation adaptation,2022-12-28T10:00:00+00:00,32,6,5.0,5.379513537409721,November-December 2022
11,TimeXer imputation adaptation,2022-12-28T11:00:00+00:00,32,6,4.0,7.373001640395037,November-December 2022
11,TimeXer imputation adaptation,2022-12-28T12:00:00+00:00,32,6,4.0,7.408180281113779,November-December 2022
11,TimeXer imputation adaptation,2022-12-28T10:00:00+00:00,59,3,1.2,2.8161042683569733,November-December 2022
11,TimeXer imputation adaptation,2022-12-28T11:00:00+00:00,59,3,3.4,4.816537813206827,November-December 2022
11,TimeXer imputation adaptation,2022-12-28T12:00:00+00:00,59,3,3.3,3.616103723179773,November-December 2022
11,TimeXer imputation adaptation,2022-12-28T22:00:00+00:00,1069,3,4.0,5.990729560095064,November-December 2022
11,TimeXer imputation adaptation,2022-12-28T23:00:00+00:00,1069,3,1.0,0.7392153579700675,November-December 2022
11,TimeXer imputation adaptation,2022-12-29T00:00:00+00:00,1069,3,1.0,-0.2947407916584694,November-December 2022
11,TimeXer imputation adaptation,2022-12-29T20:00:00+00:00,32,6,13.0,9.461564881503396,November-December 2022
11,TimeXer imputation adaptation,2022-12-29T21:00:00+00:00,32,6,11.0,7.543271846316712,November-December 2022
11,TimeXer imputation adaptation,2022-12-29T22:00:00+00:00,32,6,9.0,7.975802420433322,November-December 2022
11,TimeXer imputation adaptation,2022-12-29T23:00:00+00:00,32,6,11.0,6.592526544682602,November-December 2022
11,TimeXer imputation adaptation,2022-12-30T00:00:00+00:00,32,6,4.0,5.200114712793279,November-December 2022
11,TimeXer imputation adaptation,2022-12-30T01:00:00+00:00,32,6,2.0,4.968250229784693,November-December 2022
11,TimeXer imputation adaptation,2022-12-29T21:00:00+00:00,59,1,13.5,8.141629343952065,November-December 2022
11,TimeXer imputation adaptation,2022-12-30T01:00:00+00:00,1069,3,10.0,6.353914871396251,November-December 2022
11,TimeXer imputation adaptation,2022-12-30T02:00:00+00:00,1069,3,10.0,9.113708731839548,November-December 2022
11,TimeXer imputation adaptation,2022-12-30T03:00:00+00:00,1069,3,9.0,5.60610771643386,November-December 2022
11,TimeXer imputation adaptation,2022-12-30T19:00:00+00:00,32,6,5.0,6.014382301263547,November-December 2022
11,TimeXer imputation adaptation,2022-12-30T20:00:00+00:00,32,6,-1.0,5.22640330656249,November-December 2022
11,TimeXer imputation adaptation,2022-12-30T21:00:00+00:00,32,6,-1.0,4.179834761996127,November-December 2022
11,TimeXer imputation adaptation,2022-12-30T22:00:00+00:00,32,6,1.0,5.456892123672787,November-December 2022
11,TimeXer imputation adaptation,2022-12-30T23:00:00+00:00,32,6,4.0,3.620774790707351,November-December 2022
11,TimeXer imputation adaptation,2022-12-31T00:00:00+00:00,32,6,2.0,2.875469111498552,November-December 2022
11,TimeXer imputation adaptation,2022-12-30T13:00:00+00:00,59,1,4.3,1.1580597414908995,November-December 2022
11,TimeXer imputation adaptation,2022-12-30T19:00:00+00:00,1069,3,3.0,7.190065363262952,November-December 2022
11,TimeXer imputation adaptation,2022-12-30T20:00:00+00:00,1069,3,4.0,5.813623585376199,November-December 2022
11,TimeXer imputation adaptation,2022-12-30T21:00:00+00:00,1069,3,1.0,5.4369886080202745,November-December 2022
11,TimeXer imputation adaptation,2022-12-31T12:00:00+00:00,32,6,3.0,12.717690696721752,November-December 2022
11,TimeXer imputation adaptation,2022-12-31T13:00:00+00:00,32,6,1.0,15.776304578295164,November-December 2022
11,TimeXer imputation adaptation,2022-12-31T14:00:00+00:00,32,6,0.0,19.758530732768776,November-December 2022
11,TimeXer imputation adaptation,2022-12-31T15:00:00+00:00,32,6,10.0,13.826687051994597,November-December 2022
11,TimeXer imputation adaptation,2022-12-31T16:00:00+00:00,32,6,6.0,17.321926639909115,November-December 2022
11,TimeXer imputation adaptation,2022-12-31T17:00:00+00:00,32,6,4.0,20.011555145947717,November-December 2022
11,TimeXer imputation adaptation,2022-12-31T21:00:00+00:00,59,3,3.5,6.335932097424424,November-December 2022
11,TimeXer imputation adaptation,2022-12-31T22:00:00+00:00,59,3,0.4,6.472542197713029,November-December 2022
11,TimeXer imputation adaptation,2022-12-31T23:00:00+00:00,59,3,-0.7,6.102020474781788,November-December 2022
11,TimeXer imputation adaptation,2022-12-31T15:00:00+00:00,1069,1,19.0,16.87986156624459,November-December 2022
22,TimeXer imputation adaptation,2022-11-01T18:00:00+00:00,32,6,2.0,6.979568111645889,November-December 2022
22,TimeXer imputation adaptation,2022-11-01T19:00:00+00:00,32,6,8.0,8.054453004995361,November-December 2022
22,TimeXer imputation adaptation,2022-11-01T20:00:00+00:00,32,6,11.0,6.254931382794306,November-December 2022
22,TimeXer imputation adaptation,2022-11-01T21:00:00+00:00,32,6,2.0,4.472496885332482,November-December 2022
22,TimeXer imputation adaptation,2022-11-01T22:00:00+00:00,32,6,3.0,5.536444689723305,November-December 2022
22,TimeXer imputation adaptation,2022-11-01T23:00:00+00:00,32,6,2.0,3.979454202273879,November-December 2022
22,TimeXer imputation adaptation,2022-11-01T10:00:00+00:00,59,3,8.5,3.054711866471221,November-December 2022
22,TimeXer imputation adaptation,2022-11-01T11:00:00+00:00,59,3,3.6,4.875436101159157,November-December 2022
22,TimeXer imputation adaptation,2022-11-01T12:00:00+00:00,59,3,2.6,2.9045138027561084,November-December 2022
22,TimeXer imputation adaptation,2022-11-01T08:00:00+00:00,1069,6,6.0,4.105686658544224,November-December 2022
22,TimeXer imputation adaptation,2022-11-01T09:00:00+00:00,1069,6,9.0,6.061188433715159,November-December 2022
22,TimeXer imputation adaptation,2022-11-01T10:00:00+00:00,1069,6,7.0,4.1141746307427205,November-December 2022
22,TimeXer imputation adaptation,2022-11-01T11:00:00+00:00,1069,6,11.0,7.02292287278763,November-December 2022
22,TimeXer imputation adaptation,2022-11-01T12:00:00+00:00,1069,6,8.0,6.097768760939792,November-December 2022
22,TimeXer imputation adaptation,2022-11-01T13:00:00+00:00,1069,6,5.0,7.778702588257786,November-December 2022
22,TimeXer imputation adaptation,2022-11-02T21:00:00+00:00,32,1,15.0,11.424145679467117,November-December 2022
22,TimeXer imputation adaptation,2022-11-02T17:00:00+00:00,59,1,7.5,9.153076662398073,November-December 2022
22,TimeXer imputation adaptation,2022-11-03T04:00:00+00:00,1069,1,14.0,8.538930500049458,November-December 2022
22,TimeXer imputation adaptation,2022-11-04T01:00:00+00:00,32,1,3.0,4.112817904274481,November-December 2022
22,TimeXer imputation adaptation,2022-11-04T01:00:00+00:00,59,1,4.5,3.5541719390848945,November-December 2022
22,TimeXer imputation adaptation,2022-11-03T07:00:00+00:00,1069,1,17.0,7.542824367547489,November-December 2022
22,TimeXer imputation adaptation,2022-11-04T19:00:00+00:00,32,1,12.0,7.265749804587868,November-December 2022
22,TimeXer imputation adaptation,2022-11-04T20:00:00+00:00,59,1,2.7,4.575987512652131,November-December 2022
22,TimeXer imputation adaptation,2022-11-04T08:00:00+00:00,1069,3,2.0,4.798689310679328,November-December 2022
22,TimeXer imputation adaptation,2022-11-04T09:00:00+00:00,1069,3,8.0,6.108231134685387,November-December 2022
22,TimeXer imputation adaptation,2022-11-04T10:00:00+00:00,1069,3,6.0,2.81896721584613,November-December 2022
22,TimeXer imputation adaptation,2022-11-05T16:00:00+00:00,32,3,7.0,4.396171117438998,November-December 2022
22,TimeXer imputation adaptation,2022-11-05T17:00:00+00:00,32,3,7.0,4.305741105366142,November-December 2022
22,TimeXer imputation adaptation,2022-11-05T18:00:00+00:00,32,3,3.0,3.3562217857761025,November-December 2022
22,TimeXer imputation adaptation,2022-11-05T12:00:00+00:00,59,6,0.1,2.643864018528955,November-December 2022
22,TimeXer imputation adaptation,2022-11-05T13:00:00+00:00,59,6,0.3,1.5740373297073758,November-December 2022
22,TimeXer imputation adaptation,2022-11-05T14:00:00+00:00,59,6,0.0,2.44939679916312,November-December 2022
22,TimeXer imputation adaptation,2022-11-05T15:00:00+00:00,59,6,7.1,3.0024120612735743,November-December 2022
22,TimeXer imputation adaptation,2022-11-05T16:00:00+00:00,59,6,3.2,2.887208168268944,November-December 2022
22,TimeXer imputation adaptation,2022-11-05T17:00:00+00:00,59,6,3.8,3.067745765370563,November-December 2022
22,TimeXer imputation adaptation,2022-11-05T11:00:00+00:00,1069,1,3.0,4.22613824977411,November-December 2022
22,TimeXer imputation adaptation,2022-11-06T22:00:00+00:00,32,3,1.0,9.212521660528276,November-December 2022
22,TimeXer imputation adaptation,2022-11-06T23:00:00+00:00,32,3,-5.0,7.320764281326764,November-December 2022
22,TimeXer imputation adaptation,2022-11-07T00:00:00+00:00,32,3,3.0,6.513505419206934,November-December 2022
22,TimeXer imputation adaptation,2022-11-06T15:00:00+00:00,59,3,6.0,4.843862709790029,November-December 2022
22,TimeXer imputation adaptation,2022-11-06T16:00:00+00:00,59,3,10.2,4.07527377022471,November-December 2022
22,TimeXer imputation adaptation,2022-11-06T17:00:00+00:00,59,3,7.9,5.321992679221018,November-December 2022
22,TimeXer imputation adaptation,2022-11-06T09:00:00+00:00,1069,3,6.0,7.983983125965969,November-December 2022
22,TimeXer imputation adaptation,2022-11-06T10:00:00+00:00,1069,3,15.0,6.517097879801767,November-December 2022
22,TimeXer imputation adaptation,2022-11-06T11:00:00+00:00,1069,3,15.0,9.15444212275317,November-December 2022
22,TimeXer imputation adaptation,2022-11-07T14:00:00+00:00,32,3,3.0,7.019191146915639,November-December 2022
22,TimeXer imputation adaptation,2022-11-07T15:00:00+00:00,32,3,9.0,6.2851314630509085,November-December 2022
22,TimeXer imputation adaptation,2022-11-07T16:00:00+00:00,32,3,12.0,7.679474929439901,November-December 2022
22,TimeXer imputation adaptation,2022-11-08T01:00:00+00:00,59,3,-0.7,2.2314792296875376,November-December 2022
22,TimeXer imputation adaptation,2022-11-08T02:00:00+00:00,59,3,3.5,3.257349180195357,November-December 2022
22,TimeXer imputation adaptation,2022-11-08T03:00:00+00:00,59,3,3.6,2.836793915998886,November-December 2022
22,TimeXer imputation adaptation,2022-11-07T15:00:00+00:00,1069,1,9.0,9.438866563603453,November-December 2022
22,TimeXer imputation adaptation,2022-11-08T10:00:00+00:00,32,3,4.0,2.559347712735458,November-December 2022
22,TimeXer imputation adaptation,2022-11-08T11:00:00+00:00,32,3,0.0,4.712100484814888,November-December 2022
22,TimeXer imputation adaptation,2022-11-08T12:00:00+00:00,32,3,7.0,3.621088833303455,November-December 2022
22,TimeXer imputation adaptation,2022-11-08T08:00:00+00:00,59,3,4.0,3.026568017368752,November-December 2022
22,TimeXer imputation adaptation,2022-11-08T09:00:00+00:00,59,3,0.8,4.010350018633296,November-December 2022
22,TimeXer imputation adaptation,2022-11-08T10:00:00+00:00,59,3,2.6,2.3234796584779707,November-December 2022
22,TimeXer imputation adaptation,2022-11-08T19:00:00+00:00,1069,1,5.0,5.52035634825104,November-December 2022
22,TimeXer imputation adaptation,2022-11-09T20:00:00+00:00,32,3,9.0,5.681395054103136,November-December 2022
22,TimeXer imputation adaptation,2022-11-09T21:00:00+00:00,32,3,0.0,4.342390169829259,November-December 2022
22,TimeXer imputation adaptation,2022-11-09T22:00:00+00:00,32,3,10.0,5.331623928275097,November-December 2022
22,TimeXer imputation adaptation,2022-11-09T14:00:00+00:00,59,6,7.4,4.625045035486919,November-December 2022
22,TimeXer imputation adaptation,2022-11-09T15:00:00+00:00,59,6,7.9,5.5810083683771605,November-December 2022
22,TimeXer imputation adaptation,2022-11-09T16:00:00+00:00,59,6,9.2,4.73871446407129,November-December 2022
22,TimeXer imputation adaptation,2022-11-09T17:00:00+00:00,59,6,6.5,5.024122560259153,November-December 2022
22,TimeXer imputation adaptation,2022-11-09T18:00:00+00:00,59,6,-0.5,4.140562897701669,November-December 2022
22,TimeXer imputation adaptation,2022-11-09T19:00:00+00:00,59,6,6.7,5.228467882424264,November-December 2022
22,TimeXer imputation adaptation,2022-11-09T21:00:00+00:00,1069,6,5.0,6.862800096109568,November-December 2022
22,TimeXer imputation adaptation,2022-11-09T22:00:00+00:00,1069,6,1.0,6.330900671507529,November-December 2022
22,TimeXer imputation adaptation,2022-11-09T23:00:00+00:00,1069,6,1.0,2.358459967034423,November-December 2022
22,TimeXer imputation adaptation,2022-11-10T00:00:00+00:00,1069,6,3.0,1.4986412383954535,November-December 2022
22,TimeXer imputation adaptation,2022-11-10T01:00:00+00:00,1069,6,4.0,2.684261811549111,November-December 2022
22,TimeXer imputation adaptation,2022-11-10T02:00:00+00:00,1069,6,2.0,6.048925745873909,November-December 2022
22,TimeXer imputation adaptation,2022-11-10T18:00:00+00:00,32,1,4.0,7.653126273451875,November-December 2022
22,TimeXer imputation adaptation,2022-11-10T20:00:00+00:00,59,6,1.0,4.510050500197729,November-December 2022
22,TimeXer imputation adaptation,2022-11-10T21:00:00+00:00,59,6,5.2,3.6032828014650176,November-December 2022
22,TimeXer imputation adaptation,2022-11-10T22:00:00+00:00,59,6,6.7,5.272090105589424,November-December 2022
22,TimeXer imputation adaptation,2022-11-10T23:00:00+00:00,59,6,2.9,3.343708952066621,November-December 2022
22,TimeXer imputation adaptation,2022-11-11T00:00:00+00:00,59,6,-1.0,2.774485326115893,November-December 2022
22,TimeXer imputation adaptation,2022-11-11T01:00:00+00:00,59,6,6.4,2.856564599474029,November-December 2022
22,TimeXer imputation adaptation,2022-11-10T19:00:00+00:00,1069,1,4.0,6.019728217617256,November-December 2022
22,TimeXer imputation adaptation,2022-11-11T09:00:00+00:00,32,6,6.0,6.003506532371228,November-December 2022
22,TimeXer imputation adaptation,2022-11-11T10:00:00+00:00,32,6,6.0,4.360790801835441,November-December 2022
22,TimeXer imputation adaptation,2022-11-11T11:00:00+00:00,32,6,11.0,6.732765641197112,November-December 2022
22,TimeXer imputation adaptation,2022-11-11T12:00:00+00:00,32,6,9.0,6.363866008934537,November-December 2022
22,TimeXer imputation adaptation,2022-11-11T13:00:00+00:00,32,6,2.0,5.374289277399763,November-December 2022
22,TimeXer imputation adaptation,2022-11-11T14:00:00+00:00,32,6,5.0,8.01249865417823,November-December 2022
22,TimeXer imputation adaptation,2022-11-11T10:00:00+00:00,59,6,4.4,3.2186547690256395,November-December 2022
22,TimeXer imputation adaptation,2022-11-11T11:00:00+00:00,59,6,3.7,5.304399201687421,November-December 2022
22,TimeXer imputation adaptation,2022-11-11T12:00:00+00:00,59,6,4.8,4.043857921012696,November-December 2022
22,TimeXer imputation adaptation,2022-11-11T13:00:00+00:00,59,6,5.6,4.0741464008343815,November-December 2022
22,TimeXer imputation adaptation,2022-11-11T14:00:00+00:00,59,6,3.3,4.254085071041239,November-December 2022
22,TimeXer imputation adaptation,2022-11-11T15:00:00+00:00,59,6,4.6,5.05361018490731,November-December 2022
22,TimeXer imputation adaptation,2022-11-11T08:00:00+00:00,1069,3,2.0,2.6800683994664274,November-December 2022
22,TimeXer imputation adaptation,2022-11-11T09:00:00+00:00,1069,3,5.0,5.176980133725023,November-December 2022
22,TimeXer imputation adaptation,2022-11-11T10:00:00+00:00,1069,3,1.0,3.2319171579573,November-December 2022
22,TimeXer imputation adaptation,2022-11-12T22:00:00+00:00,32,1,3.0,2.8841138781827667,November-December 2022
22,TimeXer imputation adaptation,2022-11-13T01:00:00+00:00,59,1,-1.0,0.97952390132635,November-December 2022
22,TimeXer imputation adaptation,2022-11-12T21:00:00+00:00,1069,3,4.0,1.7734052361213737,November-December 2022
22,TimeXer imputation adaptation,2022-11-12T22:00:00+00:00,1069,3,1.0,1.8702317094616383,November-December 2022
22,TimeXer imputation adaptation,2022-11-12T23:00:00+00:00,1069,3,-3.0,-1.830627332017141,November-December 2022
22,TimeXer imputation adaptation,2022-11-13T14:00:00+00:00,32,6,5.0,3.8824485826780553,November-December 2022
22,TimeXer imputation adaptation,2022-11-13T15:00:00+00:00,32,6,3.0,3.902922147388028,November-December 2022
22,TimeXer imputation adaptation,2022-11-13T16:00:00+00:00,32,6,4.0,5.069930849309172,November-December 2022
22,TimeXer imputation adaptation,2022-11-13T17:00:00+00:00,32,6,2.0,5.043056517880737,November-December 2022
22,TimeXer imputation adaptation,2022-11-13T18:00:00+00:00,32,6,9.0,2.9540024017798707,November-December 2022
22,TimeXer imputation adaptation,2022-11-13T19:00:00+00:00,32,6,4.0,4.52974655710453,November-December 2022
22,TimeXer imputation adaptation,2022-11-13T08:00:00+00:00,59,1,2.6,2.3842703572994326,November-December 2022
22,TimeXer imputation adaptation,2022-11-13T09:00:00+00:00,1069,1,3.0,5.176498975352283,November-December 2022
22,TimeXer imputation adaptation,2022-11-14T19:00:00+00:00,32,1,2.0,7.2155377896590895,November-December 2022
22,TimeXer imputation adaptation,2022-11-14T20:00:00+00:00,59,3,4.1,3.824610291874512,November-December 2022
22,TimeXer imputation adaptation,2022-11-14T21:00:00+00:00,59,3,2.5,4.025324714989324,November-December 2022
22,TimeXer imputation adaptation,2022-11-14T22:00:00+00:00,59,3,6.0,5.017613802239659,November-December 2022
22,TimeXer imputation adaptation,2022-11-14T07:00:00+00:00,1069,6,2.0,4.080055505160889,November-December 2022
22,TimeXer imputation adaptation,2022-11-14T08:00:00+00:00,1069,6,0.0,4.693731905608109,November-December 2022
22,TimeXer imputation adaptation,2022-11-14T09:00:00+00:00,1069,6,5.0,6.623436701038605,November-December 2022
22,TimeXer imputation adaptation,2022-11-14T10:00:00+00:00,1069,6,5.0,4.401278688510533,November-December 2022
22,TimeXer imputation adaptation,2022-11-14T11:00:00+00:00,1069,6,7.0,7.376909858522191,November-December 2022
22,TimeXer imputation adaptation,2022-11-14T12:00:00+00:00,1069,6,4.0,7.104567469633276,November-December 2022
22,TimeXer imputation adaptation,2022-11-16T02:00:00+00:00,32,3,6.0,7.183717392162641,November-December 2022
22,TimeXer imputation adaptation,2022-11-16T03:00:00+00:00,32,3,8.0,6.1011656037508,November-December 2022
22,TimeXer imputation adaptation,2022-11-16T04:00:00+00:00,32,3,11.0,7.378231980001315,November-December 2022
22,TimeXer imputation adaptation,2022-11-15T22:00:00+00:00,59,3,3.2,3.345129688956292,November-December 2022
22,TimeXer imputation adaptation,2022-11-15T23:00:00+00:00,59,3,2.1,1.3938418676894058,November-December 2022
22,TimeXer imputation adaptation,2022-11-16T00:00:00+00:00,59,3,3.1,0.6689932602824884,November-December 2022
22,TimeXer imputation adaptation,2022-11-15T22:00:00+00:00,1069,1,5.0,3.638617682945824,November-December 2022
22,TimeXer imputation adaptation,2022-11-16T23:00:00+00:00,32,6,-1.0,3.2761673385673253,November-December 2022
22,TimeXer imputation adaptation,2022-11-17T00:00:00+00:00,32,6,2.0,2.1304443515679763,November-December 2022
22,TimeXer imputation adaptation,2022-11-17T01:00:00+00:00,32,6,1.0,2.361757478082734,November-December 2022
22,TimeXer imputation adaptation,2022-11-17T02:00:00+00:00,32,6,1.0,5.311557486877296,November-December 2022
22,TimeXer imputation adaptation,2022-11-17T03:00:00+00:00,32,6,1.0,4.787895860339784,November-December 2022
22,TimeXer imputation adaptation,2022-11-17T04:00:00+00:00,32,6,2.0,5.932919064838602,November-December 2022
22,TimeXer imputation adaptation,2022-11-16T20:00:00+00:00,59,1,5.2,1.2802225401779754,November-December 2022
22,TimeXer imputation adaptation,2022-11-16T15:00:00+00:00,1069,6,8.0,9.178246012739194,November-December 2022
22,TimeXer imputation adaptation,2022-11-16T16:00:00+00:00,1069,6,12.0,6.83948708639389,November-December 2022
22,TimeXer imputation adaptation,2022-11-16T17:00:00+00:00,1069,6,15.0,6.275098591166241,November-December 2022
22,TimeXer imputation adaptation,2022-11-16T18:00:00+00:00,1069,6,7.0,4.385111928378581,November-December 2022
22,TimeXer imputation adaptation,2022-11-16T19:00:00+00:00,1069,6,7.0,5.539051003250824,November-December 2022
22,TimeXer imputation adaptation,2022-11-16T20:00:00+00:00,1069,6,7.0,3.525593822977521,November-December 2022
22,TimeXer imputation adaptation,2022-11-17T11:00:00+00:00,32,1,6.0,5.226599111492238,November-December 2022
22,TimeXer imputation adaptation,2022-11-17T20:00:00+00:00,59,3,0.1,1.7418481112920814,November-December 2022
22,TimeXer imputation adaptation,2022-11-17T21:00:00+00:00,59,3,3.9,1.827919849618537,November-December 2022
22,TimeXer imputation adaptation,2022-11-17T22:00:00+00:00,59,3,4.6,3.0981855009029475,November-December 2022
22,TimeXer imputation adaptation,2022-11-17T18:00:00+00:00,1069,6,6.0,6.309018846013612,November-December 2022
22,TimeXer imputation adaptation,2022-11-17T19:00:00+00:00,1069,6,2.0,6.7126996387859545,November-December 2022
22,TimeXer imputation adaptation,2022-11-17T20:00:00+00:00,1069,6,-1.0,5.7412793688357855,November-December 2022
22,TimeXer imputation adaptation,2022-11-17T21:00:00+00:00,1069,6,-2.0,4.36301974721417,November-December 2022
22,TimeXer imputation adaptation,2022-11-17T22:00:00+00:00,1069,6,-4.0,3.817187886263808,November-December 2022
22,TimeXer imputation adaptation,2022-11-17T23:00:00+00:00,1069,6,1.0,0.1014048756258816,November-December 2022
22,TimeXer imputation adaptation,2022-11-19T02:00:00+00:00,32,3,3.0,4.936504674215352,November-December 2022
22,TimeXer imputation adaptation,2022-11-19T03:00:00+00:00,32,3,7.0,4.479755923338293,November-December 2022
22,TimeXer imputation adaptation,2022-11-19T04:00:00+00:00,32,3,8.0,5.7956956577399525,November-December 2022
22,TimeXer imputation adaptation,2022-11-19T01:00:00+00:00,59,3,4.0,2.856722332129519,November-December 2022
22,TimeXer imputation adaptation,2022-11-19T02:00:00+00:00,59,3,-0.3,4.140191044871334,November-December 2022
22,TimeXer imputation adaptation,2022-11-19T03:00:00+00:00,59,3,1.6,3.200331873209588,November-December 2022
22,TimeXer imputation adaptation,2022-11-18T16:00:00+00:00,1069,3,7.0,6.891327266784101,November-December 2022
22,TimeXer imputation adaptation,2022-11-18T17:00:00+00:00,1069,3,5.0,5.808489617479468,November-December 2022
22,TimeXer imputation adaptation,2022-11-18T18:00:00+00:00,1069,3,3.0,5.147379625256695,November-December 2022
22,TimeXer imputation adaptation,2022-11-19T21:00:00+00:00,32,6,6.0,4.9277236407170735,November-December 2022
22,TimeXer imputation adaptation,2022-11-19T22:00:00+00:00,32,6,9.0,5.553960216361829,November-December 2022
22,TimeXer imputation adaptation,2022-11-19T23:00:00+00:00,32,6,6.0,3.657579408979754,November-December 2022
22,TimeXer imputation adaptation,2022-11-20T00:00:00+00:00,32,6,7.0,2.787470099388596,November-December 2022
22,TimeXer imputation adaptation,2022-11-20T01:00:00+00:00,32,6,9.0,3.436078331642608,November-December 2022
22,TimeXer imputation adaptation,2022-11-20T02:00:00+00:00,32,6,10.0,6.300057710580965,November-December 2022
22,TimeXer imputation adaptation,2022-11-20T04:00:00+00:00,59,1,5.7,5.15380394885794,November-December 2022
22,TimeXer imputation adaptation,2022-11-19T16:00:00+00:00,1069,1,7.0,6.254427116738088,November-December 2022
22,TimeXer imputation adaptation,2022-11-20T19:00:00+00:00,32,3,2.0,4.659978218794186,November-December 2022
22,TimeXer imputation adaptation,2022-11-20T20:00:00+00:00,32,3,-2.0,3.414521340940201,November-December 2022
22,TimeXer imputation adaptation,2022-11-20T21:00:00+00:00,32,3,0.0,2.721628071245433,November-December 2022
22,TimeXer imputation adaptation,2022-11-20T17:00:00+00:00,59,6,2.7,3.309792621168656,November-December 2022
22,TimeXer imputation adaptation,2022-11-20T18:00:00+00:00,59,6,4.6,1.457149812053924,November-December 2022
22,TimeXer imputation adaptation,2022-11-20T19:00:00+00:00,59,6,2.0,3.2173113744767043,November-December 2022
22,TimeXer imputation adaptation,2022-11-20T20:00:00+00:00,59,6,1.7,2.6773905897492227,November-December 2022
22,TimeXer imputation adaptation,2022-11-20T21:00:00+00:00,59,6,2.1,2.3303692227514805,November-December 2022
22,TimeXer imputation adaptation,2022-11-20T22:00:00+00:00,59,6,4.7,4.064219911447552,November-December 2022
22,TimeXer imputation adaptation,2022-11-20T16:00:00+00:00,1069,3,8.0,4.736832654147739,November-December 2022
22,TimeXer imputation adaptation,2022-11-20T17:00:00+00:00,1069,3,10.0,3.911747192933193,November-December 2022
22,TimeXer imputation adaptation,2022-11-20T18:00:00+00:00,1069,3,6.0,3.1806556571510525,November-December 2022
22,TimeXer imputation adaptation,2022-11-21T14:00:00+00:00,32,6,2.0,5.558349265622201,November-December 2022
22,TimeXer imputation adaptation,2022-11-21T15:00:00+00:00,32,6,6.0,6.183154201154276,November-December 2022
22,TimeXer imputation adaptation,2022-11-21T16:00:00+00:00,32,6,9.0,7.952394716754674,November-December 2022
22,TimeXer imputation adaptation,2022-11-21T17:00:00+00:00,32,6,4.0,8.608466911338725,November-December 2022
22,TimeXer imputation adaptation,2022-11-21T18:00:00+00:00,32,6,7.0,8.44498342168119,November-December 2022
22,TimeXer imputation adaptation,2022-11-21T19:00:00+00:00,32,6,7.0,8.314324511119132,November-December 2022
22,TimeXer imputation adaptation,2022-11-21T10:00:00+00:00,59,6,0.9,3.283957231388932,November-December 2022
22,TimeXer imputation adaptation,2022-11-21T11:00:00+00:00,59,6,3.9,4.902229507272772,November-December 2022
22,TimeXer imputation adaptation,2022-11-21T12:00:00+00:00,59,6,5.3,3.8206300188022695,November-December 2022
22,TimeXer imputation adaptation,2022-11-21T13:00:00+00:00,59,6,1.7,2.9358740264422734,November-December 2022
22,TimeXer imputation adaptation,2022-11-21T14:00:00+00:00,59,6,3.0,3.265374495787749,November-December 2022
22,TimeXer imputation adaptation,2022-11-21T15:00:00+00:00,59,6,7.6,4.245149935204134,November-December 2022
22,TimeXer imputation adaptation,2022-11-21T10:00:00+00:00,1069,1,5.0,4.381887280724763,November-December 2022
22,TimeXer imputation adaptation,2022-11-22T13:00:00+00:00,32,1,8.0,7.587944720074417,November-December 2022
22,TimeXer imputation adaptation,2022-11-22T20:00:00+00:00,59,1,1.5,3.33637971754085,November-December 2022
22,TimeXer imputation adaptation,2022-11-22T18:00:00+00:00,1069,6,9.0,10.245940270159425,November-December 2022
22,TimeXer imputation adaptation,2022-11-22T19:00:00+00:00,1069,6,7.0,9.304053865825075,November-December 2022
22,TimeXer imputation adaptation,2022-11-22T20:00:00+00:00,1069,6,7.0,8.106357638020912,November-December 2022
22,TimeXer imputation adaptation,2022-11-22T21:00:00+00:00,1069,6,11.0,6.728933898103362,November-December 2022
22,TimeXer imputation adaptation,2022-11-22T22:00:00+00:00,1069,6,7.0,5.287115431536045,November-December 2022
22,TimeXer imputation adaptation,2022-11-22T23:00:00+00:00,1069,6,8.0,2.317190360576641,November-December 2022
22,TimeXer imputation adaptation,2022-11-23T20:00:00+00:00,32,6,11.0,15.42312279893173,November-December 2022
22,TimeXer imputation adaptation,2022-11-23T21:00:00+00:00,32,6,17.0,15.338778672416222,November-December 2022
22,TimeXer imputation adaptation,2022-11-23T22:00:00+00:00,32,6,14.0,14.354619490126122,November-December 2022
22,TimeXer imputation adaptation,2022-11-23T23:00:00+00:00,32,6,11.0,15.670311638208693,November-December 2022
22,TimeXer imputation adaptation,2022-11-24T00:00:00+00:00,32,6,18.0,13.286289344995003,November-December 2022
22,TimeXer imputation adaptation,2022-11-24T01:00:00+00:00,32,6,23.0,13.280764459429095,November-December 2022
22,TimeXer imputation adaptation,2022-11-23T12:00:00+00:00,59,3,7.9,6.350855359218879,November-December 2022
22,TimeXer imputation adaptation,2022-11-23T13:00:00+00:00,59,3,10.7,6.233895833179225,November-December 2022
22,TimeXer imputation adaptation,2022-11-23T14:00:00+00:00,59,3,7.0,6.904455641842631,November-December 2022
22,TimeXer imputation adaptation,2022-11-23T18:00:00+00:00,1069,1,17.0,15.197689985206436,November-December 2022
22,TimeXer imputation adaptation,2022-11-24T16:00:00+00:00,32,1,7.0,8.699163272622762,November-December 2022
22,TimeXer imputation adaptation,2022-11-24T10:00:00+00:00,59,1,8.9,4.516526682994893,November-December 2022
22,TimeXer imputation adaptation,2022-11-24T23:00:00+00:00,1069,6,-2.0,2.046338091765445,November-December 2022
22,TimeXer imputation adaptation,2022-11-25T00:00:00+00:00,1069,6,-6.0,0.8045521516096752,November-December 2022
22,TimeXer imputation adaptation,2022-11-25T01:00:00+00:00,1069,6,-4.0,3.22752709153132,November-December 2022
22,TimeXer imputation adaptation,2022-11-25T02:00:00+00:00,1069,6,-1.0,6.256590516004462,November-December 2022
22,TimeXer imputation adaptation,2022-11-25T03:00:00+00:00,1069,6,2.0,3.343630526277239,November-December 2022
22,TimeXer imputation adaptation,2022-11-25T04:00:00+00:00,1069,6,2.0,4.651915052022874,November-December 2022
22,TimeXer imputation adaptation,2022-11-25T14:00:00+00:00,32,1,2.0,1.7724869444747346,November-December 2022
22,TimeXer imputation adaptation,2022-11-25T18:00:00+00:00,59,6,3.2,1.4362894778669393,November-December 2022
22,TimeXer imputation adaptation,2022-11-25T19:00:00+00:00,59,6,4.2,3.109927820811679,November-December 2022
22,TimeXer imputation adaptation,2022-11-25T20:00:00+00:00,59,6,0.6,3.040037776552831,November-December 2022
22,TimeXer imputation adaptation,2022-11-25T21:00:00+00:00,59,6,2.1,2.3252394824772704,November-December 2022
22,TimeXer imputation adaptation,2022-11-25T22:00:00+00:00,59,6,1.7,3.6050224326364417,November-December 2022
22,TimeXer imputation adaptation,2022-11-25T23:00:00+00:00,59,6,5.7,2.115749942161359,November-December 2022
22,TimeXer imputation adaptation,2022-11-25T20:00:00+00:00,1069,3,5.0,3.8531691834037862,November-December 2022
22,TimeXer imputation adaptation,2022-11-25T21:00:00+00:00,1069,3,4.0,2.413508272889774,November-December 2022
22,TimeXer imputation adaptation,2022-11-25T22:00:00+00:00,1069,3,2.0,2.268799287818151,November-December 2022
22,TimeXer imputation adaptation,2022-11-26T22:00:00+00:00,32,3,1.0,5.388323082118328,November-December 2022
22,TimeXer imputation adaptation,2022-11-26T23:00:00+00:00,32,3,3.0,3.157756508535836,November-December 2022
22,TimeXer imputation adaptation,2022-11-27T00:00:00+00:00,32,3,-3.0,2.520122157280269,November-December 2022
22,TimeXer imputation adaptation,2022-11-26T21:00:00+00:00,59,6,0.3,1.5880591531856707,November-December 2022
22,TimeXer imputation adaptation,2022-11-26T22:00:00+00:00,59,6,2.1,3.457274559035964,November-December 2022
22,TimeXer imputation adaptation,2022-11-26T23:00:00+00:00,59,6,3.1,1.341033812824067,November-December 2022
22,TimeXer imputation adaptation,2022-11-27T00:00:00+00:00,59,6,2.7,1.060142052139062,November-December 2022
22,TimeXer imputation adaptation,2022-11-27T01:00:00+00:00,59,6,-1.9,1.9926175067394445,November-December 2022
22,TimeXer imputation adaptation,2022-11-27T02:00:00+00:00,59,6,2.1,3.370661424324359,November-December 2022
22,TimeXer imputation adaptation,2022-11-27T03:00:00+00:00,1069,1,8.0,2.5356914700892244,November-December 2022
22,TimeXer imputation adaptation,2022-11-27T13:00:00+00:00,32,3,-2.0,2.0916992938633028,November-December 2022
22,TimeXer imputation adaptation,2022-11-27T14:00:00+00:00,32,3,-2.0,5.075627221419548,November-December 2022
22,TimeXer imputation adaptation,2022-11-27T15:00:00+00:00,32,3,5.0,5.132452160014223,November-December 2022
22,TimeXer imputation adaptation,2022-11-27T18:00:00+00:00,59,6,-0.6,2.527211194874977,November-December 2022
22,TimeXer imputation adaptation,2022-11-27T19:00:00+00:00,59,6,3.5,3.801094791320105,November-December 2022
22,TimeXer imputation adaptation,2022-11-27T20:00:00+00:00,59,6,4.3,3.689526750323555,November-December 2022
22,TimeXer imputation adaptation,2022-11-27T21:00:00+00:00,59,6,2.9,3.066899571583499,November-December 2022
22,TimeXer imputation adaptation,2022-11-27T22:00:00+00:00,59,6,0.2,4.7890772817797735,November-December 2022
22,TimeXer imputation adaptation,2022-11-27T23:00:00+00:00,59,6,1.4,3.3878485688215294,November-December 2022
22,TimeXer imputation adaptation,2022-11-27T12:00:00+00:00,1069,6,8.0,8.059714592675611,November-December 2022
22,TimeXer imputation adaptation,2022-11-27T13:00:00+00:00,1069,6,4.0,8.655727967464934,November-December 2022
22,TimeXer imputation adaptation,2022-11-27T14:00:00+00:00,1069,6,21.0,10.064398289270448,November-December 2022
22,TimeXer imputation adaptation,2022-11-27T15:00:00+00:00,1069,6,18.0,9.94869158854292,November-December 2022
22,TimeXer imputation adaptation,2022-11-27T16:00:00+00:00,1069,6,12.0,7.934212248962705,November-December 2022
22,TimeXer imputation adaptation,2022-11-27T17:00:00+00:00,1069,6,10.0,7.308188937809994,November-December 2022
22,TimeXer imputation adaptation,2022-11-28T12:00:00+00:00,32,3,6.0,5.0286122355899625,November-December 2022
22,TimeXer imputation adaptation,2022-11-28T13:00:00+00:00,32,3,4.0,3.235879321244944,November-December 2022
22,TimeXer imputation adaptation,2022-11-28T14:00:00+00:00,32,3,2.0,6.225765672477074,November-December 2022
22,TimeXer imputation adaptation,2022-11-28T20:00:00+00:00,59,6,4.6,3.862041698810049,November-December 2022
22,TimeXer imputation adaptation,2022-11-28T21:00:00+00:00,59,6,4.4,3.862061510641173,November-December 2022
22,TimeXer imputation adaptation,2022-11-28T22:00:00+00:00,59,6,6.2,5.193950719647776,November-December 2022
22,TimeXer imputation adaptation,2022-11-28T23:00:00+00:00,59,6,0.6,3.833604101211485,November-December 2022
22,TimeXer imputation adaptation,2022-11-29T00:00:00+00:00,59,6,-0.5,2.772599773188303,November-December 2022
22,TimeXer imputation adaptation,2022-11-29T01:00:00+00:00,59,6,2.1,3.359407161255442,November-December 2022
22,TimeXer imputation adaptation,2022-11-28T19:00:00+00:00,1069,6,8.0,9.54560942287502,November-December 2022
22,TimeXer imputation adaptation,2022-11-28T20:00:00+00:00,1069,6,4.0,8.886221365096734,November-December 2022
22,TimeXer imputation adaptation,2022-11-28T21:00:00+00:00,1069,6,6.0,7.456312877940399,November-December 2022
22,TimeXer imputation adaptation,2022-11-28T22:00:00+00:00,1069,6,3.0,5.717930292391163,November-December 2022
22,TimeXer imputation adaptation,2022-11-28T23:00:00+00:00,1069,6,1.0,2.001430782936879,November-December 2022
22,TimeXer imputation adaptation,2022-11-29T00:00:00+00:00,1069,6,0.0,1.361760949896028,November-December 2022
22,TimeXer imputation adaptation,2022-11-29T21:00:00+00:00,32,3,11.0,10.16481138926886,November-December 2022
22,TimeXer imputation adaptation,2022-11-29T22:00:00+00:00,32,3,8.0,9.842857666043203,November-December 2022
22,TimeXer imputation adaptation,2022-11-29T23:00:00+00:00,32,3,-2.0,9.03346245474073,November-December 2022
22,TimeXer imputation adaptation,2022-11-29T09:00:00+00:00,59,1,13.3,7.952218618234794,November-December 2022
22,TimeXer imputation adaptation,2022-11-29T23:00:00+00:00,1069,6,7.0,5.724471064206849,November-December 2022
22,TimeXer imputation adaptation,2022-11-30T00:00:00+00:00,1069,6,9.0,4.361500511816158,November-December 2022
22,TimeXer imputation adaptation,2022-11-30T01:00:00+00:00,1069,6,10.0,5.779915499610276,November-December 2022
22,TimeXer imputation adaptation,2022-11-30T02:00:00+00:00,1069,6,12.0,9.736849727028256,November-December 2022
22,TimeXer imputation adaptation,2022-11-30T03:00:00+00:00,1069,6,13.0,8.346106382919288,November-December 2022
22,TimeXer imputation adaptation,2022-11-30T04:00:00+00:00,1069,6,17.0,9.068637510809884,November-December 2022
22,TimeXer imputation adaptation,2022-11-30T22:00:00+00:00,32,1,2.0,2.6003283847557883,November-December 2022
22,TimeXer imputation adaptation,2022-11-30T14:00:00+00:00,59,6,0.4,0.6151256534487466,November-December 2022
22,TimeXer imputation adaptation,2022-11-30T15:00:00+00:00,59,6,-2.3,1.965180406612664,November-December 2022
22,TimeXer imputation adaptation,2022-11-30T16:00:00+00:00,59,6,-0.7,0.8954181062422384,November-December 2022
22,TimeXer imputation adaptation,2022-11-30T17:00:00+00:00,59,6,1.9,1.2338921920968104,November-December 2022
22,TimeXer imputation adaptation,2022-11-30T18:00:00+00:00,59,6,-0.7,-1.0770272266784993,November-December 2022
22,TimeXer imputation adaptation,2022-11-30T19:00:00+00:00,59,6,-0.8,0.5849933822955418,November-December 2022
22,TimeXer imputation adaptation,2022-12-01T01:00:00+00:00,1069,3,-1.0,1.383101169985455,November-December 2022
22,TimeXer imputation adaptation,2022-12-01T02:00:00+00:00,1069,3,1.0,4.002544679326598,November-December 2022
22,TimeXer imputation adaptation,2022-12-01T03:00:00+00:00,1069,3,3.0,1.4687207636390562,November-December 2022
22,TimeXer imputation adaptation,2022-12-01T08:00:00+00:00,32,6,4.0,4.203748120375578,November-December 2022
22,TimeXer imputation adaptation,2022-12-01T09:00:00+00:00,32,6,0.0,4.061433994744753,November-December 2022
22,TimeXer imputation adaptation,2022-12-01T10:00:00+00:00,32,6,3.0,3.4573300846815123,November-December 2022
22,TimeXer imputation adaptation,2022-12-01T11:00:00+00:00,32,6,3.0,5.133280242961226,November-December 2022
22,TimeXer imputation adaptation,2022-12-01T12:00:00+00:00,32,6,6.0,4.458575867607711,November-December 2022
22,TimeXer imputation adaptation,2022-12-01T13:00:00+00:00,32,6,2.0,2.3854846750300487,November-December 2022
22,TimeXer imputation adaptation,2022-12-01T12:00:00+00:00,59,6,-0.6,3.379193846594185,November-December 2022
22,TimeXer imputation adaptation,2022-12-01T13:00:00+00:00,59,6,0.6,1.645855979526834,November-December 2022
22,TimeXer imputation adaptation,2022-12-01T14:00:00+00:00,59,6,1.6,2.492833857906617,November-December 2022
22,TimeXer imputation adaptation,2022-12-01T15:00:00+00:00,59,6,3.9,3.252516998384765,November-December 2022
22,TimeXer imputation adaptation,2022-12-01T16:00:00+00:00,59,6,7.4,3.3382827963190493,November-December 2022
22,TimeXer imputation adaptation,2022-12-01T17:00:00+00:00,59,6,2.3,4.001716632224086,November-December 2022
22,TimeXer imputation adaptation,2022-12-01T10:00:00+00:00,1069,1,6.0,2.78102904679826,November-December 2022
22,TimeXer imputation adaptation,2022-12-02T13:00:00+00:00,32,3,8.0,4.236387166962674,November-December 2022
22,TimeXer imputation adaptation,2022-12-02T14:00:00+00:00,32,3,8.0,7.3918018486283055,November-December 2022
22,TimeXer imputation adaptation,2022-12-02T15:00:00+00:00,32,3,5.0,7.16846242714881,November-December 2022
22,TimeXer imputation adaptation,2022-12-02T20:00:00+00:00,59,6,3.1,6.197679424887067,November-December 2022
22,TimeXer imputation adaptation,2022-12-02T21:00:00+00:00,59,6,4.9,6.369190065934255,November-December 2022
22,TimeXer imputation adaptation,2022-12-02T22:00:00+00:00,59,6,1.4,6.925115857485421,November-December 2022
22,TimeXer imputation adaptation,2022-12-02T23:00:00+00:00,59,6,8.1,5.8635125073182905,November-December 2022
22,TimeXer imputation adaptation,2022-12-03T00:00:00+00:00,59,6,4.7,4.517960754770899,November-December 2022
22,TimeXer imputation adaptation,2022-12-03T01:00:00+00:00,59,6,8.7,4.700165784159362,November-December 2022
22,TimeXer imputation adaptation,2022-12-02T09:00:00+00:00,1069,6,5.0,8.812727244522307,November-December 2022
22,TimeXer imputation adaptation,2022-12-02T10:00:00+00:00,1069,6,9.0,7.4233803275918415,November-December 2022
22,TimeXer imputation adaptation,2022-12-02T11:00:00+00:00,1069,6,7.0,9.6397137145129,November-December 2022
22,TimeXer imputation adaptation,2022-12-02T12:00:00+00:00,1069,6,10.0,9.352688691239104,November-December 2022
22,TimeXer imputation adaptation,2022-12-02T13:00:00+00:00,1069,6,8.0,11.5298561795249,November-December 2022
22,TimeXer imputation adaptation,2022-12-02T14:00:00+00:00,1069,6,6.0,13.65390100289683,November-December 2022
22,TimeXer imputation adaptation,2022-12-03T22:00:00+00:00,32,3,5.0,5.107246153672436,November-December 2022
22,TimeXer imputation adaptation,2022-12-03T23:00:00+00:00,32,3,6.0,2.7318983962008048,November-December 2022
22,TimeXer imputation adaptation,2022-12-04T00:00:00+00:00,32,3,3.0,2.564631091578595,November-December 2022
22,TimeXer imputation adaptation,2022-12-03T20:00:00+00:00,59,1,6.2,2.9465221236781334,November-December 2022
22,TimeXer imputation adaptation,2022-12-03T14:00:00+00:00,1069,1,3.0,6.156962725722742,November-December 2022
22,TimeXer imputation adaptation,2022-12-05T01:00:00+00:00,32,1,9.0,4.947828236822812,November-December 2022
22,TimeXer imputation adaptation,2022-12-04T07:00:00+00:00,59,3,2.6,4.497353402427502,November-December 2022
22,TimeXer imputation adaptation,2022-12-04T08:00:00+00:00,59,3,9.0,3.8648473588946657,November-December 2022
22,TimeXer imputation adaptation,2022-12-04T09:00:00+00:00,59,3,1.7,5.224280728115472,November-December 2022
22,TimeXer imputation adaptation,2022-12-04T11:00:00+00:00,1069,3,5.0,5.371339101736407,November-December 2022
22,TimeXer imputation adaptation,2022-12-04T12:00:00+00:00,1069,3,4.0,4.704077213602213,November-December 2022
22,TimeXer imputation adaptation,2022-12-04T13:00:00+00:00,1069,3,9.0,6.526071846135543,November-December 2022
22,TimeXer imputation adaptation,2022-12-05T17:00:00+00:00,32,3,8.0,9.680400108264632,November-December 2022
22,TimeXer imputation adaptation,2022-12-05T18:00:00+00:00,32,3,8.0,9.957310574049895,November-December 2022
22,TimeXer imputation adaptation,2022-12-05T19:00:00+00:00,32,3,1.0,9.657671065730336,November-December 2022
22,TimeXer imputation adaptation,2022-12-05T10:00:00+00:00,59,6,22.5,8.834667199013115,November-December 2022
22,TimeXer imputation adaptation,2022-12-05T11:00:00+00:00,59,6,25.6,10.573728685042466,November-December 2022
22,TimeXer imputation adaptation,2022-12-05T12:00:00+00:00,59,6,24.5,9.937306756888542,November-December 2022
22,TimeXer imputation adaptation,2022-12-05T13:00:00+00:00,59,6,22.3,9.16099006019445,November-December 2022
22,TimeXer imputation adaptation,2022-12-05T14:00:00+00:00,59,6,21.3,10.80401512358609,November-December 2022
22,TimeXer imputation adaptation,2022-12-05T15:00:00+00:00,59,6,19.7,10.041830358431737,November-December 2022
22,TimeXer imputation adaptation,2022-12-05T13:00:00+00:00,1069,6,12.0,15.05662152336708,November-December 2022
22,TimeXer imputation adaptation,2022-12-05T14:00:00+00:00,1069,6,26.0,16.8960476694267,November-December 2022
22,TimeXer imputation adaptation,2022-12-05T15:00:00+00:00,1069,6,20.0,14.689606892604456,November-December 2022
22,TimeXer imputation adaptation,2022-12-05T16:00:00+00:00,1069,6,19.0,13.101256358487902,November-December 2022
22,TimeXer imputation adaptation,2022-12-05T17:00:00+00:00,1069,6,13.0,10.743079931388122,November-December 2022
22,TimeXer imputation adaptation,2022-12-05T18:00:00+00:00,1069,6,6.0,11.7396420359996,November-December 2022
22,TimeXer imputation adaptation,2022-12-07T02:00:00+00:00,32,3,4.0,8.4223888116,November-December 2022
22,TimeXer imputation adaptation,2022-12-07T03:00:00+00:00,32,3,8.0,7.151769113502223,November-December 2022
22,TimeXer imputation adaptation,2022-12-07T04:00:00+00:00,32,3,5.0,7.270810334779697,November-December 2022
22,TimeXer imputation adaptation,2022-12-06T16:00:00+00:00,59,6,9.8,4.7990195825318285,November-December 2022
22,TimeXer imputation adaptation,2022-12-06T17:00:00+00:00,59,6,6.6,5.963447383975669,November-December 2022
22,TimeXer imputation adaptation,2022-12-06T18:00:00+00:00,59,6,4.2,5.404370844531406,November-December 2022
22,TimeXer imputation adaptation,2022-12-06T19:00:00+00:00,59,6,8.4,5.584246459775743,November-December 2022
22,TimeXer imputation adaptation,2022-12-06T20:00:00+00:00,59,6,8.2,5.892007444928089,November-December 2022
22,TimeXer imputation adaptation,2022-12-06T21:00:00+00:00,59,6,8.0,4.8328454267011,November-December 2022
22,TimeXer imputation adaptation,2022-12-06T22:00:00+00:00,1069,1,3.0,5.992555261944054,November-December 2022
22,TimeXer imputation adaptation,2022-12-07T14:00:00+00:00,32,6,16.0,11.706412322020412,November-December 2022
22,TimeXer imputation adaptation,2022-12-07T15:00:00+00:00,32,6,15.0,10.62862211537447,November-December 2022
22,TimeXer imputation adaptation,2022-12-07T16:00:00+00:00,32,6,14.0,14.094154489616791,November-December 2022
22,TimeXer imputation adaptation,2022-12-07T17:00:00+00:00,32,6,13.0,13.615918768215629,November-December 2022
22,TimeXer imputation adaptation,2022-12-07T18:00:00+00:00,32,6,13.0,15.20067959380627,November-December 2022
22,TimeXer imputation adaptation,2022-12-07T19:00:00+00:00,32,6,13.0,13.33943843386999,November-December 2022
22,TimeXer imputation adaptation,2022-12-07T11:00:00+00:00,59,1,10.9,10.268287208118686,November-December 2022
22,TimeXer imputation adaptation,2022-12-07T09:00:00+00:00,1069,3,7.0,9.354976208410672,November-December 2022
22,TimeXer imputation adaptation,2022-12-07T10:00:00+00:00,1069,3,10.0,8.53733751927271,November-December 2022
22,TimeXer imputation adaptation,2022-12-07T11:00:00+00:00,1069,3,9.0,10.686766972883484,November-December 2022
22,TimeXer imputation adaptation,2022-12-08T10:00:00+00:00,32,6,12.0,8.473599138172736,November-December 2022
22,TimeXer imputation adaptation,2022-12-08T11:00:00+00:00,32,6,14.0,9.386946903662324,November-December 2022
22,TimeXer imputation adaptation,2022-12-08T12:00:00+00:00,32,6,14.0,8.488893096459513,November-December 2022
22,TimeXer imputation adaptation,2022-12-08T13:00:00+00:00,32,6,12.0,9.877476617028336,November-December 2022
22,TimeXer imputation adaptation,2022-12-08T14:00:00+00:00,32,6,8.0,12.784501267451033,November-December 2022
22,TimeXer imputation adaptation,2022-12-08T15:00:00+00:00,32,6,12.0,12.78250674057564,November-December 2022
22,TimeXer imputation adaptation,2022-12-08T19:00:00+00:00,59,6,10.9,10.92055822017538,November-December 2022
22,TimeXer imputation adaptation,2022-12-08T20:00:00+00:00,59,6,7.8,10.49217880667178,November-December 2022
22,TimeXer imputation adaptation,2022-12-08T21:00:00+00:00,59,6,13.1,9.984105921473525,November-December 2022
22,TimeXer imputation adaptation,2022-12-08T22:00:00+00:00,59,6,10.3,11.366030671978308,November-December 2022
22,TimeXer imputation adaptation,2022-12-08T23:00:00+00:00,59,6,10.1,9.378091725124785,November-December 2022
22,TimeXer imputation adaptation,2022-12-09T00:00:00+00:00,59,6,15.3,7.898508315435196,November-December 2022
22,TimeXer imputation adaptation,2022-12-08T23:00:00+00:00,1069,6,13.0,9.064809098053924,November-December 2022
22,TimeXer imputation adaptation,2022-12-09T00:00:00+00:00,1069,6,14.0,6.738562304300897,November-December 2022
22,TimeXer imputation adaptation,2022-12-09T01:00:00+00:00,1069,6,13.0,8.57154444416816,November-December 2022
22,TimeXer imputation adaptation,2022-12-09T02:00:00+00:00,1069,6,11.0,11.234400155380031,November-December 2022
22,TimeXer imputation adaptation,2022-12-09T03:00:00+00:00,1069,6,9.0,9.217311720419328,November-December 2022
22,TimeXer imputation adaptation,2022-12-09T04:00:00+00:00,1069,6,11.0,9.236480783873308,November-December 2022
22,TimeXer imputation adaptation,2022-12-09T11:00:00+00:00,32,6,11.0,12.274712441150236,November-December 2022
22,TimeXer imputation adaptation,2022-12-09T12:00:00+00:00,32,6,9.0,12.17566952786353,November-December 2022
22,TimeXer imputation adaptation,2022-12-09T13:00:00+00:00,32,6,14.0,12.372591426203584,November-December 2022
22,TimeXer imputation adaptation,2022-12-09T14:00:00+00:00,32,6,14.0,16.086825201358977,November-December 2022
22,TimeXer imputation adaptation,2022-12-09T15:00:00+00:00,32,6,17.0,16.142682016650042,November-December 2022
22,TimeXer imputation adaptation,2022-12-09T16:00:00+00:00,32,6,19.0,18.857599966248884,November-December 2022
22,TimeXer imputation adaptation,2022-12-09T14:00:00+00:00,59,3,10.6,11.083167634096425,November-December 2022
22,TimeXer imputation adaptation,2022-12-09T15:00:00+00:00,59,3,10.1,12.658912290484729,November-December 2022
22,TimeXer imputation adaptation,2022-12-09T16:00:00+00:00,59,3,9.1,11.840182273320815,November-December 2022
22,TimeXer imputation adaptation,2022-12-09T13:00:00+00:00,1069,6,14.0,14.164059443588933,November-December 2022
22,TimeXer imputation adaptation,2022-12-09T14:00:00+00:00,1069,6,16.0,15.684352261676654,November-December 2022
22,TimeXer imputation adaptation,2022-12-09T15:00:00+00:00,1069,6,11.0,16.011369091529538,November-December 2022
22,TimeXer imputation adaptation,2022-12-09T16:00:00+00:00,1069,6,16.0,15.844170989785006,November-December 2022
22,TimeXer imputation adaptation,2022-12-09T17:00:00+00:00,1069,6,17.0,16.03500871670678,November-December 2022
22,TimeXer imputation adaptation,2022-12-09T18:00:00+00:00,1069,6,18.0,17.545521205057163,November-December 2022
22,TimeXer imputation adaptation,2022-12-10T19:00:00+00:00,32,1,8.0,6.6055597317034325,November-December 2022
22,TimeXer imputation adaptation,2022-12-10T07:00:00+00:00,59,3,4.1,3.116642126579089,November-December 2022
22,TimeXer imputation adaptation,2022-12-10T08:00:00+00:00,59,3,0.6,3.0070552686949794,November-December 2022
22,TimeXer imputation adaptation,2022-12-10T09:00:00+00:00,59,3,4.4,4.054640129105399,November-December 2022
22,TimeXer imputation adaptation,2022-12-10T20:00:00+00:00,1069,6,7.0,7.894609570150515,November-December 2022
22,TimeXer imputation adaptation,2022-12-10T21:00:00+00:00,1069,6,0.0,5.9300544415441045,November-December 2022
22,TimeXer imputation adaptation,2022-12-10T22:00:00+00:00,1069,6,3.0,5.296926387769469,November-December 2022
22,TimeXer imputation adaptation,2022-12-10T23:00:00+00:00,1069,6,3.0,1.859075605281646,November-December 2022
22,TimeXer imputation adaptation,2022-12-11T00:00:00+00:00,1069,6,8.0,1.2361431523524775,November-December 2022
22,TimeXer imputation adaptation,2022-12-11T01:00:00+00:00,1069,6,12.0,2.4721898483335805,November-December 2022
22,TimeXer imputation adaptation,2022-12-11T19:00:00+00:00,32,6,5.0,6.340241116918397,November-December 2022
22,TimeXer imputation adaptation,2022-12-11T20:00:00+00:00,32,6,4.0,5.299975226964368,November-December 2022
22,TimeXer imputation adaptation,2022-12-11T21:00:00+00:00,32,6,3.0,4.190018714755508,November-December 2022
22,TimeXer imputation adaptation,2022-12-11T22:00:00+00:00,32,6,3.0,5.872085366215419,November-December 2022
22,TimeXer imputation adaptation,2022-12-11T23:00:00+00:00,32,6,7.0,3.5331489400266776,November-December 2022
22,TimeXer imputation adaptation,2022-12-12T00:00:00+00:00,32,6,3.0,2.8831231136238955,November-December 2022
22,TimeXer imputation adaptation,2022-12-11T08:00:00+00:00,59,3,4.4,3.0628903427580747,November-December 2022
22,TimeXer imputation adaptation,2022-12-11T09:00:00+00:00,59,3,-1.2,4.631197371044551,November-December 2022
22,TimeXer imputation adaptation,2022-12-11T10:00:00+00:00,59,3,1.6,2.8511232038563614,November-December 2022
22,TimeXer imputation adaptation,2022-12-11T21:00:00+00:00,1069,3,3.0,3.8201107017390816,November-December 2022
22,TimeXer imputation adaptation,2022-12-11T22:00:00+00:00,1069,3,3.0,3.4778922493612043,November-December 2022
22,TimeXer imputation adaptation,2022-12-11T23:00:00+00:00,1069,3,-3.0,-0.0280928153956701,November-December 2022
22,TimeXer imputation adaptation,2022-12-12T12:00:00+00:00,32,6,10.0,6.824993746291854,November-December 2022
22,TimeXer imputation adaptation,2022-12-12T13:00:00+00:00,32,6,10.0,5.82229934231153,November-December 2022
22,TimeXer imputation adaptation,2022-12-12T14:00:00+00:00,32,6,10.0,8.702700968757114,November-December 2022
22,TimeXer imputation adaptation,2022-12-12T15:00:00+00:00,32,6,8.0,8.821125451675167,November-December 2022
22,TimeXer imputation adaptation,2022-12-12T16:00:00+00:00,32,6,11.0,10.662589239295558,November-December 2022
22,TimeXer imputation adaptation,2022-12-12T17:00:00+00:00,32,6,7.0,11.537267260700402,November-December 2022
22,TimeXer imputation adaptation,2022-12-12T14:00:00+00:00,59,6,10.0,7.448306979566168,November-December 2022
22,TimeXer imputation adaptation,2022-12-12T15:00:00+00:00,59,6,11.0,8.12533935155759,November-December 2022
22,TimeXer imputation adaptation,2022-12-12T16:00:00+00:00,59,6,11.6,7.333528469435584,November-December 2022
22,TimeXer imputation adaptation,2022-12-12T17:00:00+00:00,59,6,10.0,8.270660228220736,November-December 2022
22,TimeXer imputation adaptation,2022-12-12T18:00:00+00:00,59,6,9.9,7.472921012819207,November-December 2022
22,TimeXer imputation adaptation,2022-12-12T19:00:00+00:00,59,6,6.2,8.129342103438224,November-December 2022
22,TimeXer imputation adaptation,2022-12-12T11:00:00+00:00,1069,3,9.0,8.092282848912815,November-December 2022
22,TimeXer imputation adaptation,2022-12-12T12:00:00+00:00,1069,3,9.0,8.669691433289556,November-December 2022
22,TimeXer imputation adaptation,2022-12-12T13:00:00+00:00,1069,3,7.0,10.606462990457024,November-December 2022
22,TimeXer imputation adaptation,2022-12-13T20:00:00+00:00,32,3,17.0,7.019621330765576,November-December 2022
22,TimeXer imputation adaptation,2022-12-13T21:00:00+00:00,32,3,16.0,5.7622570394161805,November-December 2022
22,TimeXer imputation adaptation,2022-12-13T22:00:00+00:00,32,3,0.0,5.851795237601301,November-December 2022
22,TimeXer imputation adaptation,2022-12-13T20:00:00+00:00,59,6,13.8,6.23714183026042,November-December 2022
22,TimeXer imputation adaptation,2022-12-13T21:00:00+00:00,59,6,14.1,5.138915167269576,November-December 2022
22,TimeXer imputation adaptation,2022-12-13T22:00:00+00:00,59,6,18.6,6.730240685846963,November-December 2022
22,TimeXer imputation adaptation,2022-12-13T23:00:00+00:00,59,6,12.8,5.057630272140178,November-December 2022
22,TimeXer imputation adaptation,2022-12-14T00:00:00+00:00,59,6,-0.5,4.03024833602049,November-December 2022
22,TimeXer imputation adaptation,2022-12-14T01:00:00+00:00,59,6,0.4,5.118216756702358,November-December 2022
22,TimeXer imputation adaptation,2022-12-13T07:00:00+00:00,1069,6,7.0,6.3109190992017625,November-December 2022
22,TimeXer imputation adaptation,2022-12-13T08:00:00+00:00,1069,6,8.0,7.200774159407986,November-December 2022
22,TimeXer imputation adaptation,2022-12-13T09:00:00+00:00,1069,6,6.0,9.371772826613473,November-December 2022
22,TimeXer imputation adaptation,2022-12-13T10:00:00+00:00,1069,6,8.0,7.116565802455668,November-December 2022
22,TimeXer imputation adaptation,2022-12-13T11:00:00+00:00,1069,6,9.0,9.682809929525147,November-December 2022
22,TimeXer imputation adaptation,2022-12-13T12:00:00+00:00,1069,6,7.0,9.826244439304824,November-December 2022
22,TimeXer imputation adaptation,2022-12-14T10:00:00+00:00,32,1,1.0,0.920766526979623,November-December 2022
22,TimeXer imputation adaptation,2022-12-14T21:00:00+00:00,59,3,-2.3,0.6278349431150501,November-December 2022
22,TimeXer imputation adaptation,2022-12-14T22:00:00+00:00,59,3,-2.3,2.062667188637545,November-December 2022
22,TimeXer imputation adaptation,2022-12-14T23:00:00+00:00,59,3,-4.1,0.1725087723049982,November-December 2022
22,TimeXer imputation adaptation,2022-12-14T09:00:00+00:00,1069,3,3.0,3.386682917191468,November-December 2022
22,TimeXer imputation adaptation,2022-12-14T10:00:00+00:00,1069,3,3.0,1.6646505485155476,November-December 2022
22,TimeXer imputation adaptation,2022-12-14T11:00:00+00:00,1069,3,1.0,4.627502510799642,November-December 2022
22,TimeXer imputation adaptation,2022-12-15T16:00:00+00:00,32,3,4.0,5.329249112167842,November-December 2022
22,TimeXer imputation adaptation,2022-12-15T17:00:00+00:00,32,3,6.0,5.117983140055664,November-December 2022
22,TimeXer imputation adaptation,2022-12-15T18:00:00+00:00,32,3,3.0,4.085534353121351,November-December 2022
22,TimeXer imputation adaptation,2022-12-15T21:00:00+00:00,59,1,1.5,2.0732017488411936,November-December 2022
22,TimeXer imputation adaptation,2022-12-15T10:00:00+00:00,1069,3,4.0,5.221272091770362,November-December 2022
22,TimeXer imputation adaptation,2022-12-15T11:00:00+00:00,1069,3,2.0,7.967618502550085,November-December 2022
22,TimeXer imputation adaptation,2022-12-15T12:00:00+00:00,1069,3,11.0,8.222343100309864,November-December 2022
22,TimeXer imputation adaptation,2022-12-16T16:00:00+00:00,32,3,2.0,6.758117767491825,November-December 2022
22,TimeXer imputation adaptation,2022-12-16T17:00:00+00:00,32,3,6.0,5.954432030878005,November-December 2022
22,TimeXer imputation adaptation,2022-12-16T18:00:00+00:00,32,3,1.0,4.560366758430955,November-December 2022
22,TimeXer imputation adaptation,2022-12-16T14:00:00+00:00,59,6,0.9,1.5744964307940084,November-December 2022
22,TimeXer imputation adaptation,2022-12-16T15:00:00+00:00,59,6,4.0,2.2081824212690044,November-December 2022
22,TimeXer imputation adaptation,2022-12-16T16:00:00+00:00,59,6,3.7,1.9082156771787249,November-December 2022
22,TimeXer imputation adaptation,2022-12-16T17:00:00+00:00,59,6,0.9,2.6666045716889952,November-December 2022
22,TimeXer imputation adaptation,2022-12-16T18:00:00+00:00,59,6,3.2,0.8920371410615093,November-December 2022
22,TimeXer imputation adaptation,2022-12-16T19:00:00+00:00,59,6,3.7,1.529410418106158,November-December 2022
22,TimeXer imputation adaptation,2022-12-16T10:00:00+00:00,1069,1,9.0,4.931352411263581,November-December 2022
22,TimeXer imputation adaptation,2022-12-17T20:00:00+00:00,32,6,-1.0,7.797344256116425,November-December 2022
22,TimeXer imputation adaptation,2022-12-17T21:00:00+00:00,32,6,0.0,8.61219443762713,November-December 2022
22,TimeXer imputation adaptation,2022-12-17T22:00:00+00:00,32,6,4.0,8.522952724583224,November-December 2022
22,TimeXer imputation adaptation,2022-12-17T23:00:00+00:00,32,6,1.0,7.82259449676247,November-December 2022
22,TimeXer imputation adaptation,2022-12-18T00:00:00+00:00,32,6,3.0,6.926803504827815,November-December 2022
22,TimeXer imputation adaptation,2022-12-18T01:00:00+00:00,32,6,16.0,7.785035589263909,November-December 2022
22,TimeXer imputation adaptation,2022-12-17T08:00:00+00:00,59,6,4.4,2.053775105433461,November-December 2022
22,TimeXer imputation adaptation,2022-12-17T09:00:00+00:00,59,6,0.6,3.193534129153404,November-December 2022
22,TimeXer imputation adaptation,2022-12-17T10:00:00+00:00,59,6,1.5,2.2736765249987503,November-December 2022
22,TimeXer imputation adaptation,2022-12-17T11:00:00+00:00,59,6,-0.8,3.790418119327815,November-December 2022
22,TimeXer imputation adaptation,2022-12-17T12:00:00+00:00,59,6,1.1,1.9867539667201264,November-December 2022
22,TimeXer imputation adaptation,2022-12-17T13:00:00+00:00,59,6,-0.9,0.1701374485181084,November-December 2022
22,TimeXer imputation adaptation,2022-12-18T01:00:00+00:00,1069,1,14.0,5.598092037043445,November-December 2022
22,TimeXer imputation adaptation,2022-12-18T12:00:00+00:00,32,6,12.0,8.946972230724342,November-December 2022
22,TimeXer imputation adaptation,2022-12-18T13:00:00+00:00,32,6,8.0,4.99022021375434,November-December 2022
22,TimeXer imputation adaptation,2022-12-18T14:00:00+00:00,32,6,7.0,8.56106566150158,November-December 2022
22,TimeXer imputation adaptation,2022-12-18T15:00:00+00:00,32,6,9.0,7.824228021401217,November-December 2022
22,TimeXer imputation adaptation,2022-12-18T16:00:00+00:00,32,6,8.0,7.844271297440628,November-December 2022
22,TimeXer imputation adaptation,2022-12-18T17:00:00+00:00,32,6,5.0,6.589407711770557,November-December 2022
22,TimeXer imputation adaptation,2022-12-18T13:00:00+00:00,59,6,4.9,2.260906275852064,November-December 2022
22,TimeXer imputation adaptation,2022-12-18T14:00:00+00:00,59,6,6.4,3.159659707898202,November-December 2022
22,TimeXer imputation adaptation,2022-12-18T15:00:00+00:00,59,6,4.5,3.935912397137892,November-December 2022
22,TimeXer imputation adaptation,2022-12-18T16:00:00+00:00,59,6,2.9,2.4621182807255,November-December 2022
22,TimeXer imputation adaptation,2022-12-18T17:00:00+00:00,59,6,-0.6,2.630897175058034,November-December 2022
22,TimeXer imputation adaptation,2022-12-18T18:00:00+00:00,59,6,4.7,0.8879147562006242,November-December 2022
22,TimeXer imputation adaptation,2022-12-18T10:00:00+00:00,1069,6,10.0,8.802601762233671,November-December 2022
22,TimeXer imputation adaptation,2022-12-18T11:00:00+00:00,1069,6,10.0,11.115263085600628,November-December 2022
22,TimeXer imputation adaptation,2022-12-18T12:00:00+00:00,1069,6,6.0,10.419533264883016,November-December 2022
22,TimeXer imputation adaptation,2022-12-18T13:00:00+00:00,1069,6,6.0,8.492814502448502,November-December 2022
22,TimeXer imputation adaptation,2022-12-18T14:00:00+00:00,1069,6,8.0,10.816349894219805,November-December 2022
22,TimeXer imputation adaptation,2022-12-18T15:00:00+00:00,1069,6,8.0,10.391648746901051,November-December 2022
22,TimeXer imputation adaptation,2022-12-20T01:00:00+00:00,32,1,7.0,1.8958650143407327,November-December 2022
22,TimeXer imputation adaptation,2022-12-19T23:00:00+00:00,59,6,2.9,2.0432794068985567,November-December 2022
22,TimeXer imputation adaptation,2022-12-20T00:00:00+00:00,59,6,2.5,1.0961812969413565,November-December 2022
22,TimeXer imputation adaptation,2022-12-20T01:00:00+00:00,59,6,-0.2,2.5361829064003114,November-December 2022
22,TimeXer imputation adaptation,2022-12-20T02:00:00+00:00,59,6,1.2,3.798688796828748,November-December 2022
22,TimeXer imputation adaptation,2022-12-20T03:00:00+00:00,59,6,0.5,2.8656517530153387,November-December 2022
22,TimeXer imputation adaptation,2022-12-20T04:00:00+00:00,59,6,2.5,4.583353132367756,November-December 2022
22,TimeXer imputation adaptation,2022-12-19T10:00:00+00:00,1069,6,4.0,3.251172358431523,November-December 2022
22,TimeXer imputation adaptation,2022-12-19T11:00:00+00:00,1069,6,9.0,5.994940300326849,November-December 2022
22,TimeXer imputation adaptation,2022-12-19T12:00:00+00:00,1069,6,8.0,5.775786362871354,November-December 2022
22,TimeXer imputation adaptation,2022-12-19T13:00:00+00:00,1069,6,7.0,6.085788360736819,November-December 2022
22,TimeXer imputation adaptation,2022-12-19T14:00:00+00:00,1069,6,4.0,7.559941959488886,November-December 2022
22,TimeXer imputation adaptation,2022-12-19T15:00:00+00:00,1069,6,8.0,7.296647383057536,November-December 2022
22,TimeXer imputation adaptation,2022-12-20T17:00:00+00:00,32,6,2.0,5.46983830957387,November-December 2022
22,TimeXer imputation adaptation,2022-12-20T18:00:00+00:00,32,6,3.0,4.585592890332973,November-December 2022
22,TimeXer imputation adaptation,2022-12-20T19:00:00+00:00,32,6,2.0,6.137348845351072,November-December 2022
22,TimeXer imputation adaptation,2022-12-20T20:00:00+00:00,32,6,6.0,4.75025728916531,November-December 2022
22,TimeXer imputation adaptation,2022-12-20T21:00:00+00:00,32,6,2.0,3.454275611633957,November-December 2022
22,TimeXer imputation adaptation,2022-12-20T22:00:00+00:00,32,6,3.0,5.21556066098805,November-December 2022
22,TimeXer imputation adaptation,2022-12-20T07:00:00+00:00,59,3,1.2,2.9198333011730515,November-December 2022
22,TimeXer imputation adaptation,2022-12-20T08:00:00+00:00,59,3,-1.2,2.189240405730315,November-December 2022
22,TimeXer imputation adaptation,2022-12-20T09:00:00+00:00,59,3,2.6,3.495130396353665,November-December 2022
22,TimeXer imputation adaptation,2022-12-20T15:00:00+00:00,1069,1,4.0,5.307890673368704,November-December 2022
22,TimeXer imputation adaptation,2022-12-21T11:00:00+00:00,32,1,13.0,15.23086541845771,November-December 2022
22,TimeXer imputation adaptation,2022-12-21T19:00:00+00:00,59,3,11.7,9.713335911010953,November-December 2022
22,TimeXer imputation adaptation,2022-12-21T20:00:00+00:00,59,3,11.9,9.114828398425407,November-December 2022
22,TimeXer imputation adaptation,2022-12-21T21:00:00+00:00,59,3,8.2,9.260457072839891,November-December 2022
22,TimeXer imputation adaptation,2022-12-21T11:00:00+00:00,1069,3,13.0,13.13609641566842,November-December 2022
22,TimeXer imputation adaptation,2022-12-21T12:00:00+00:00,1069,3,12.0,15.039247837501163,November-December 2022
22,TimeXer imputation adaptation,2022-12-21T13:00:00+00:00,1069,3,10.0,16.722370451838867,November-December 2022
22,TimeXer imputation adaptation,2022-12-22T19:00:00+00:00,32,3,16.0,10.55398112940595,November-December 2022
22,TimeXer imputation adaptation,2022-12-22T20:00:00+00:00,32,3,4.0,7.605066854902802,November-December 2022
22,TimeXer imputation adaptation,2022-12-22T21:00:00+00:00,32,3,-2.0,6.574057779269388,November-December 2022
22,TimeXer imputation adaptation,2022-12-22T23:00:00+00:00,59,6,1.2,6.376623693570181,November-December 2022
22,TimeXer imputation adaptation,2022-12-23T00:00:00+00:00,59,6,3.5,3.701859996195247,November-December 2022
22,TimeXer imputation adaptation,2022-12-23T01:00:00+00:00,59,6,1.6,5.631172686777649,November-December 2022
22,TimeXer imputation adaptation,2022-12-23T02:00:00+00:00,59,6,2.4,5.746793771226148,November-December 2022
22,TimeXer imputation adaptation,2022-12-23T03:00:00+00:00,59,6,2.5,4.430718594421094,November-December 2022
22,TimeXer imputation adaptation,2022-12-23T04:00:00+00:00,59,6,2.9,5.358715622695481,November-December 2022
22,TimeXer imputation adaptation,2022-12-22T10:00:00+00:00,1069,3,14.0,16.522014332317347,November-December 2022
22,TimeXer imputation adaptation,2022-12-22T11:00:00+00:00,1069,3,19.0,16.954612783589333,November-December 2022
22,TimeXer imputation adaptation,2022-12-22T12:00:00+00:00,1069,3,15.0,18.85328387142868,November-December 2022
22,TimeXer imputation adaptation,2022-12-23T09:00:00+00:00,32,6,2.0,4.346541066626899,November-December 2022
22,TimeXer imputation adaptation,2022-12-23T10:00:00+00:00,32,6,4.0,2.908681317269725,November-December 2022
22,TimeXer imputation adaptation,2022-12-23T11:00:00+00:00,32,6,4.0,4.589255323012506,November-December 2022
22,TimeXer imputation adaptation,2022-12-23T12:00:00+00:00,32,6,1.0,4.807729599947414,November-December 2022
22,TimeXer imputation adaptation,2022-12-23T13:00:00+00:00,32,6,-3.0,0.1251125660279815,November-December 2022
22,TimeXer imputation adaptation,2022-12-23T14:00:00+00:00,32,6,-2.0,2.375494850070397,November-December 2022
22,TimeXer imputation adaptation,2022-12-24T01:00:00+00:00,59,1,0.4,1.3460503970628164,November-December 2022
22,TimeXer imputation adaptation,2022-12-23T07:00:00+00:00,1069,6,0.0,3.4553854015589804,November-December 2022
22,TimeXer imputation adaptation,2022-12-23T08:00:00+00:00,1069,6,2.0,3.314860963005384,November-December 2022
22,TimeXer imputation adaptation,2022-12-23T09:00:00+00:00,1069,6,-3.0,5.592786399576541,November-December 2022
22,TimeXer imputation adaptation,2022-12-23T10:00:00+00:00,1069,6,3.0,3.18637596125577,November-December 2022
22,TimeXer imputation adaptation,2022-12-23T11:00:00+00:00,1069,6,1.0,6.0850801230148015,November-December 2022
22,TimeXer imputation adaptation,2022-12-23T12:00:00+00:00,1069,6,3.0,5.940961503953282,November-December 2022
22,TimeXer imputation adaptation,2022-12-24T21:00:00+00:00,32,3,5.0,14.52303479024651,November-December 2022
22,TimeXer imputation adaptation,2022-12-24T22:00:00+00:00,32,3,6.0,15.171304242236634,November-December 2022
22,TimeXer imputation adaptation,2022-12-24T23:00:00+00:00,32,3,9.0,20.2231175507908,November-December 2022
22,TimeXer imputation adaptation,2022-12-24T22:00:00+00:00,59,6,2.4,3.886913928799725,November-December 2022
22,TimeXer imputation adaptation,2022-12-24T23:00:00+00:00,59,6,-1.6,1.6535597338602068,November-December 2022
22,TimeXer imputation adaptation,2022-12-25T00:00:00+00:00,59,6,-1.6,1.0402334478395527,November-December 2022
22,TimeXer imputation adaptation,2022-12-25T01:00:00+00:00,59,6,5.4,4.308606849298839,November-December 2022
22,TimeXer imputation adaptation,2022-12-25T02:00:00+00:00,59,6,2.4,5.711532902788991,November-December 2022
22,TimeXer imputation adaptation,2022-12-25T03:00:00+00:00,59,6,8.9,4.466092237896959,November-December 2022
22,TimeXer imputation adaptation,2022-12-24T09:00:00+00:00,1069,1,4.0,1.9090741661045056,November-December 2022
22,TimeXer imputation adaptation,2022-12-25T18:00:00+00:00,32,1,6.0,16.901102852609363,November-December 2022
22,TimeXer imputation adaptation,2022-12-25T23:00:00+00:00,59,6,1.5,5.8560070617945374,November-December 2022
22,TimeXer imputation adaptation,2022-12-26T00:00:00+00:00,59,6,-1.1,3.4591361091681527,November-December 2022
22,TimeXer imputation adaptation,2022-12-26T01:00:00+00:00,59,6,6.6,5.7849673598353455,November-December 2022
22,TimeXer imputation adaptation,2022-12-26T02:00:00+00:00,59,6,3.8,6.574675901877652,November-December 2022
22,TimeXer imputation adaptation,2022-12-26T03:00:00+00:00,59,6,2.0,5.48011052242811,November-December 2022
22,TimeXer imputation adaptation,2022-12-26T04:00:00+00:00,59,6,5.9,6.324276930522801,November-December 2022
22,TimeXer imputation adaptation,2022-12-25T10:00:00+00:00,1069,1,19.0,19.80335888403678,November-December 2022
22,TimeXer imputation adaptation,2022-12-26T23:00:00+00:00,32,3,2.0,8.485231711986241,November-December 2022
22,TimeXer imputation adaptation,2022-12-27T00:00:00+00:00,32,3,1.0,6.061215528127297,November-December 2022
22,TimeXer imputation adaptation,2022-12-27T01:00:00+00:00,32,3,6.0,7.961826162238543,November-December 2022
22,TimeXer imputation adaptation,2022-12-26T20:00:00+00:00,59,3,0.4,1.417177537776683,November-December 2022
22,TimeXer imputation adaptation,2022-12-26T21:00:00+00:00,59,3,4.0,1.7325205488000126,November-December 2022
22,TimeXer imputation adaptation,2022-12-26T22:00:00+00:00,59,3,4.8,3.2319427927588267,November-December 2022
22,TimeXer imputation adaptation,2022-12-26T08:00:00+00:00,1069,6,28.0,8.529028369543143,November-December 2022
22,TimeXer imputation adaptation,2022-12-26T09:00:00+00:00,1069,6,25.0,11.62964173655949,November-December 2022
22,TimeXer imputation adaptation,2022-12-26T10:00:00+00:00,1069,6,17.0,11.167872152234713,November-December 2022
22,TimeXer imputation adaptation,2022-12-26T11:00:00+00:00,1069,6,18.0,12.838998045670872,November-December 2022
22,TimeXer imputation adaptation,2022-12-26T12:00:00+00:00,1069,6,21.0,13.414370774018234,November-December 2022
22,TimeXer imputation adaptation,2022-12-26T13:00:00+00:00,1069,6,8.0,12.076205668557158,November-December 2022
22,TimeXer imputation adaptation,2022-12-27T10:00:00+00:00,32,1,3.0,3.900270185545092,November-December 2022
22,TimeXer imputation adaptation,2022-12-28T01:00:00+00:00,59,3,5.9,1.684868141988047,November-December 2022
22,TimeXer imputation adaptation,2022-12-28T02:00:00+00:00,59,3,4.3,2.9323913351286546,November-December 2022
22,TimeXer imputation adaptation,2022-12-28T03:00:00+00:00,59,3,3.1,1.9627138336376757,November-December 2022
22,TimeXer imputation adaptation,2022-12-27T08:00:00+00:00,1069,3,-1.0,3.670880278692472,November-December 2022
22,TimeXer imputation adaptation,2022-12-27T09:00:00+00:00,1069,3,1.0,6.340879468999115,November-December 2022
22,TimeXer imputation adaptation,2022-12-27T10:00:00+00:00,1069,3,5.0,4.677281850387351,November-December 2022
22,TimeXer imputation adaptation,2022-12-28T13:00:00+00:00,32,6,4.0,3.070713041254347,November-December 2022
22,TimeXer imputation adaptation,2022-12-28T14:00:00+00:00,32,6,3.0,5.9471547540832335,November-December 2022
22,TimeXer imputation adaptation,2022-12-28T15:00:00+00:00,32,6,21.0,5.8818676463351895,November-December 2022
22,TimeXer imputation adaptation,2022-12-28T16:00:00+00:00,32,6,9.0,7.823935991136616,November-December 2022
22,TimeXer imputation adaptation,2022-12-28T17:00:00+00:00,32,6,8.0,7.714426843144166,November-December 2022
22,TimeXer imputation adaptation,2022-12-28T18:00:00+00:00,32,6,7.0,6.586292023477299,November-December 2022
22,TimeXer imputation adaptation,2022-12-28T07:00:00+00:00,59,6,2.5,3.692910001484799,November-December 2022
22,TimeXer imputation adaptation,2022-12-28T08:00:00+00:00,59,6,2.3,3.774236425260208,November-December 2022
22,TimeXer imputation adaptation,2022-12-28T09:00:00+00:00,59,6,2.5,5.2340310065043205,November-December 2022
22,TimeXer imputation adaptation,2022-12-28T10:00:00+00:00,59,6,1.2,3.996634135547172,November-December 2022
22,TimeXer imputation adaptation,2022-12-28T11:00:00+00:00,59,6,3.4,5.871238168964926,November-December 2022
22,TimeXer imputation adaptation,2022-12-28T12:00:00+00:00,59,6,3.3,4.814813231407124,November-December 2022
22,TimeXer imputation adaptation,2022-12-28T12:00:00+00:00,1069,1,17.0,11.11971641991984,November-December 2022
22,TimeXer imputation adaptation,2022-12-29T11:00:00+00:00,32,1,9.0,9.418398149118444,November-December 2022
22,TimeXer imputation adaptation,2022-12-29T22:00:00+00:00,59,3,10.1,8.892224664144587,November-December 2022
22,TimeXer imputation adaptation,2022-12-29T23:00:00+00:00,59,3,10.8,7.912028413815184,November-December 2022
22,TimeXer imputation adaptation,2022-12-30T00:00:00+00:00,59,3,8.3,6.560822288465538,November-December 2022
22,TimeXer imputation adaptation,2022-12-29T08:00:00+00:00,1069,1,10.0,8.484105848211588,November-December 2022
22,TimeXer imputation adaptation,2022-12-30T09:00:00+00:00,32,3,2.0,3.6686325343716097,November-December 2022
22,TimeXer imputation adaptation,2022-12-30T10:00:00+00:00,32,3,7.0,2.3292882409100875,November-December 2022
22,TimeXer imputation adaptation,2022-12-30T11:00:00+00:00,32,3,2.0,4.269819496048873,November-December 2022
22,TimeXer imputation adaptation,2022-12-30T16:00:00+00:00,59,6,8.2,2.88634444863127,November-December 2022
22,TimeXer imputation adaptation,2022-12-30T17:00:00+00:00,59,6,2.7,4.127265349049672,November-December 2022
22,TimeXer imputation adaptation,2022-12-30T18:00:00+00:00,59,6,2.9,2.8239550874367696,November-December 2022
22,TimeXer imputation adaptation,2022-12-30T19:00:00+00:00,59,6,1.3,3.839542316594272,November-December 2022
22,TimeXer imputation adaptation,2022-12-30T20:00:00+00:00,59,6,1.3,3.8553502528477823,November-December 2022
22,TimeXer imputation adaptation,2022-12-30T21:00:00+00:00,59,6,2.4,3.941254352603185,November-December 2022
22,TimeXer imputation adaptation,2022-12-30T10:00:00+00:00,1069,6,6.0,4.493998793493836,November-December 2022
22,TimeXer imputation adaptation,2022-12-30T11:00:00+00:00,1069,6,9.0,6.7863551529351565,November-December 2022
22,TimeXer imputation adaptation,2022-12-30T12:00:00+00:00,1069,6,9.0,6.7759262265471305,November-December 2022
22,TimeXer imputation adaptation,2022-12-30T13:00:00+00:00,1069,6,8.0,6.113857342910679,November-December 2022
22,TimeXer imputation adaptation,2022-12-30T14:00:00+00:00,1069,6,6.0,8.08930925793087,November-December 2022
22,TimeXer imputation adaptation,2022-12-30T15:00:00+00:00,1069,6,13.0,8.127824796877016,November-December 2022
22,TimeXer imputation adaptation,2022-12-31T17:00:00+00:00,32,3,4.0,18.70845111650712,November-December 2022
22,TimeXer imputation adaptation,2022-12-31T18:00:00+00:00,32,3,4.0,19.84144971805043,November-December 2022
22,TimeXer imputation adaptation,2022-12-31T19:00:00+00:00,32,3,4.0,16.363092120909666,November-December 2022
22,TimeXer imputation adaptation,2022-12-31T07:00:00+00:00,59,6,10.5,4.8550030548299805,November-December 2022
22,TimeXer imputation adaptation,2022-12-31T08:00:00+00:00,59,6,9.9,4.731538199741603,November-December 2022
22,TimeXer imputation adaptation,2022-12-31T09:00:00+00:00,59,6,7.7,6.382951859129042,November-December 2022
22,TimeXer imputation adaptation,2022-12-31T10:00:00+00:00,59,6,10.8,4.397926965936192,November-December 2022
22,TimeXer imputation adaptation,2022-12-31T11:00:00+00:00,59,6,7.0,6.387316081678508,November-December 2022
22,TimeXer imputation adaptation,2022-12-31T12:00:00+00:00,59,6,4.2,4.43834653040074,November-December 2022
22,TimeXer imputation adaptation,2022-12-31T10:00:00+00:00,1069,3,13.0,13.959271347699415,November-December 2022
22,TimeXer imputation adaptation,2022-12-31T11:00:00+00:00,1069,3,12.0,14.571493795542915,November-December 2022
22,TimeXer imputation adaptation,2022-12-31T12:00:00+00:00,1069,3,13.0,14.750140162120909,November-December 2022
33,TimeXer imputation adaptation,2022-11-01T18:00:00+00:00,32,6,2.0,6.942594103241542,November-December 2022
33,TimeXer imputation adaptation,2022-11-01T19:00:00+00:00,32,6,8.0,8.017142941663408,November-December 2022
33,TimeXer imputation adaptation,2022-11-01T20:00:00+00:00,32,6,11.0,6.230468135409794,November-December 2022
33,TimeXer imputation adaptation,2022-11-01T21:00:00+00:00,32,6,2.0,4.447128616661332,November-December 2022
33,TimeXer imputation adaptation,2022-11-01T22:00:00+00:00,32,6,3.0,5.500389748569505,November-December 2022
33,TimeXer imputation adaptation,2022-11-01T23:00:00+00:00,32,6,2.0,3.9619810231683408,November-December 2022
33,TimeXer imputation adaptation,2022-11-01T18:00:00+00:00,59,3,2.3,2.370762117443362,November-December 2022
33,TimeXer imputation adaptation,2022-11-01T19:00:00+00:00,59,3,5.1,3.3711776749238505,November-December 2022
33,TimeXer imputation adaptation,2022-11-01T20:00:00+00:00,59,3,-0.2,2.9907889933483407,November-December 2022
33,TimeXer imputation adaptation,2022-11-01T22:00:00+00:00,1069,6,1.0,4.336687408262521,November-December 2022
33,TimeXer imputation adaptation,2022-11-01T23:00:00+00:00,1069,6,0.0,0.8572418142860965,November-December 2022
33,TimeXer imputation adaptation,2022-11-02T00:00:00+00:00,1069,6,-1.0,0.0383118758048759,November-December 2022
33,TimeXer imputation adaptation,2022-11-02T01:00:00+00:00,1069,6,3.0,0.7273757993510745,November-December 2022
33,TimeXer imputation adaptation,2022-11-02T02:00:00+00:00,1069,6,3.0,4.629999376191177,November-December 2022
33,TimeXer imputation adaptation,2022-11-02T03:00:00+00:00,1069,6,-1.0,3.396029237240831,November-December 2022
33,TimeXer imputation adaptation,2022-11-02T12:00:00+00:00,32,1,10.0,5.921456300439544,November-December 2022
33,TimeXer imputation adaptation,2022-11-02T18:00:00+00:00,59,3,10.4,8.46021235135774,November-December 2022
33,TimeXer imputation adaptation,2022-11-02T19:00:00+00:00,59,3,8.9,8.773842305733124,November-December 2022
33,TimeXer imputation adaptation,2022-11-02T20:00:00+00:00,59,3,5.3,9.460162616554369,November-December 2022
33,TimeXer imputation adaptation,2022-11-02T14:00:00+00:00,1069,1,11.0,9.588099857884073,November-December 2022
33,TimeXer imputation adaptation,2022-11-03T19:00:00+00:00,32,6,10.0,14.470971643058986,November-December 2022
33,TimeXer imputation adaptation,2022-11-03T20:00:00+00:00,32,6,12.0,10.571115004144469,November-December 2022
33,TimeXer imputation adaptation,2022-11-03T21:00:00+00:00,32,6,10.0,9.17276146746914,November-December 2022
33,TimeXer imputation adaptation,2022-11-03T22:00:00+00:00,32,6,2.0,8.342351764615172,November-December 2022
33,TimeXer imputation adaptation,2022-11-03T23:00:00+00:00,32,6,3.0,7.646340919855875,November-December 2022
33,TimeXer imputation adaptation,2022-11-04T00:00:00+00:00,32,6,2.0,5.475567385719621,November-December 2022
33,TimeXer imputation adaptation,2022-11-03T19:00:00+00:00,59,6,8.4,9.456212442225564,November-December 2022
33,TimeXer imputation adaptation,2022-11-03T20:00:00+00:00,59,6,1.4,8.00743266759149,November-December 2022
33,TimeXer imputation adaptation,2022-11-03T21:00:00+00:00,59,6,3.0,6.697238937653116,November-December 2022
33,TimeXer imputation adaptation,2022-11-03T22:00:00+00:00,59,6,2.7,7.072317000746216,November-December 2022
33,TimeXer imputation adaptation,2022-11-03T23:00:00+00:00,59,6,5.8,6.936482038350354,November-December 2022
33,TimeXer imputation adaptation,2022-11-04T00:00:00+00:00,59,6,0.1,4.998611398715715,November-December 2022
33,TimeXer imputation adaptation,2022-11-03T09:00:00+00:00,1069,3,14.0,12.192075374780304,November-December 2022
33,TimeXer imputation adaptation,2022-11-03T10:00:00+00:00,1069,3,13.0,10.15659089315667,November-December 2022
33,TimeXer imputation adaptation,2022-11-03T11:00:00+00:00,1069,3,13.0,12.067954044252808,November-December 2022
33,TimeXer imputation adaptation,2022-11-04T15:00:00+00:00,32,6,8.0,7.275954721472489,November-December 2022
33,TimeXer imputation adaptation,2022-11-04T16:00:00+00:00,32,6,4.0,8.311248759484457,November-December 2022
33,TimeXer imputation adaptation,2022-11-04T17:00:00+00:00,32,6,8.0,8.280149056203467,November-December 2022
33,TimeXer imputation adaptation,2022-11-04T18:00:00+00:00,32,6,9.0,6.487426047407624,November-December 2022
33,TimeXer imputation adaptation,2022-11-04T19:00:00+00:00,32,6,12.0,7.575595382818935,November-December 2022
33,TimeXer imputation adaptation,2022-11-04T20:00:00+00:00,32,6,10.0,5.606821677438514,November-December 2022
33,TimeXer imputation adaptation,2022-11-04T11:00:00+00:00,59,3,6.1,4.217092953361211,November-December 2022
33,TimeXer imputation adaptation,2022-11-04T12:00:00+00:00,59,3,5.8,2.6925279717185218,November-December 2022
33,TimeXer imputation adaptation,2022-11-04T13:00:00+00:00,59,3,4.3,3.659752235120847,November-December 2022
33,TimeXer imputation adaptation,2022-11-04T07:00:00+00:00,1069,3,6.0,3.6316429014421647,November-December 2022
33,TimeXer imputation adaptation,2022-11-04T08:00:00+00:00,1069,3,2.0,4.847911328634291,November-December 2022
33,TimeXer imputation adaptation,2022-11-04T09:00:00+00:00,1069,3,8.0,6.077483744534635,November-December 2022
33,TimeXer imputation adaptation,2022-11-05T09:00:00+00:00,32,1,2.0,2.2549209415965814,November-December 2022
33,TimeXer imputation adaptation,2022-11-05T12:00:00+00:00,59,6,0.1,2.649086722010749,November-December 2022
33,TimeXer imputation adaptation,2022-11-05T13:00:00+00:00,59,6,0.3,1.5677718381142842,November-December 2022
33,TimeXer imputation adaptation,2022-11-05T14:00:00+00:00,59,6,0.0,2.441826774689837,November-December 2022
33,TimeXer imputation adaptation,2022-11-05T15:00:00+00:00,59,6,7.1,2.997329945593413,November-December 2022
33,TimeXer imputation adaptation,2022-11-05T16:00:00+00:00,59,6,3.2,2.901520311272562,November-December 2022
33,TimeXer imputation adaptation,2022-11-05T17:00:00+00:00,59,6,3.8,3.079192050802685,November-December 2022
33,TimeXer imputation adaptation,2022-11-05T07:00:00+00:00,1069,1,1.0,2.338403641899391,November-December 2022
33,TimeXer imputation adaptation,2022-11-06T20:00:00+00:00,32,6,12.0,10.863197050135414,November-December 2022
33,TimeXer imputation adaptation,2022-11-06T21:00:00+00:00,32,6,6.0,9.317053925188608,November-December 2022
33,TimeXer imputation adaptation,2022-11-06T22:00:00+00:00,32,6,1.0,9.250341781027334,November-December 2022
33,TimeXer imputation adaptation,2022-11-06T23:00:00+00:00,32,6,-5.0,7.293498130397583,November-December 2022
33,TimeXer imputation adaptation,2022-11-07T00:00:00+00:00,32,6,3.0,6.576429241116605,November-December 2022
33,TimeXer imputation adaptation,2022-11-07T01:00:00+00:00,32,6,9.0,6.28299689581891,November-December 2022
33,TimeXer imputation adaptation,2022-11-07T00:00:00+00:00,59,1,4.2,3.548252773539728,November-December 2022
33,TimeXer imputation adaptation,2022-11-06T07:00:00+00:00,1069,3,6.0,6.167671924847989,November-December 2022
33,TimeXer imputation adaptation,2022-11-06T08:00:00+00:00,1069,3,9.0,7.179089592727683,November-December 2022
33,TimeXer imputation adaptation,2022-11-06T09:00:00+00:00,1069,3,6.0,9.530298592712668,November-December 2022
33,TimeXer imputation adaptation,2022-11-07T18:00:00+00:00,32,1,6.0,6.210417417105923,November-December 2022
33,TimeXer imputation adaptation,2022-11-07T14:00:00+00:00,59,6,5.4,4.104132369234667,November-December 2022
33,TimeXer imputation adaptation,2022-11-07T15:00:00+00:00,59,6,5.6,4.8358873047722,November-December 2022
33,TimeXer imputation adaptation,2022-11-07T16:00:00+00:00,59,6,3.6,4.289045333040759,November-December 2022
33,TimeXer imputation adaptation,2022-11-07T17:00:00+00:00,59,6,1.5,4.960562396044551,November-December 2022
33,TimeXer imputation adaptation,2022-11-07T18:00:00+00:00,59,6,7.0,3.506202923971691,November-December 2022
33,TimeXer imputation adaptation,2022-11-07T19:00:00+00:00,59,6,2.1,4.480601165723188,November-December 2022
33,TimeXer imputation adaptation,2022-11-07T15:00:00+00:00,1069,1,9.0,9.446914682900909,November-December 2022
33,TimeXer imputation adaptation,2022-11-08T08:00:00+00:00,32,6,1.0,4.0900869225586,November-December 2022
33,TimeXer imputation adaptation,2022-11-08T09:00:00+00:00,32,6,2.0,4.555476247294827,November-December 2022
33,TimeXer imputation adaptation,2022-11-08T10:00:00+00:00,32,6,4.0,3.5648160897676187,November-December 2022
33,TimeXer imputation adaptation,2022-11-08T11:00:00+00:00,32,6,0.0,5.642648948192201,November-December 2022
33,TimeXer imputation adaptation,2022-11-08T12:00:00+00:00,32,6,7.0,4.800158615758022,November-December 2022
33,TimeXer imputation adaptation,2022-11-08T13:00:00+00:00,32,6,8.0,3.924825046156906,November-December 2022
33,TimeXer imputation adaptation,2022-11-09T01:00:00+00:00,59,3,5.2,2.9711192740125822,November-December 2022
33,TimeXer imputation adaptation,2022-11-09T02:00:00+00:00,59,3,3.2,4.599824574465557,November-December 2022
33,TimeXer imputation adaptation,2022-11-09T03:00:00+00:00,59,3,5.2,3.797188812614579,November-December 2022
33,TimeXer imputation adaptation,2022-11-08T11:00:00+00:00,1069,3,3.0,6.027415871115367,November-December 2022
33,TimeXer imputation adaptation,2022-11-08T12:00:00+00:00,1069,3,4.0,5.705899318171625,November-December 2022
33,TimeXer imputation adaptation,2022-11-08T13:00:00+00:00,1069,3,5.0,7.327963982757279,November-December 2022
33,TimeXer imputation adaptation,2022-11-10T03:00:00+00:00,32,1,4.0,3.9802550318580714,November-December 2022
33,TimeXer imputation adaptation,2022-11-09T15:00:00+00:00,59,3,7.9,5.225222552087386,November-December 2022
33,TimeXer imputation adaptation,2022-11-09T16:00:00+00:00,59,3,9.2,4.241844788377131,November-December 2022
33,TimeXer imputation adaptation,2022-11-09T17:00:00+00:00,59,3,6.5,4.313699251891315,November-December 2022
33,TimeXer imputation adaptation,2022-11-09T11:00:00+00:00,1069,1,2.0,6.961297526897542,November-December 2022
33,TimeXer imputation adaptation,2022-11-10T12:00:00+00:00,32,3,6.0,5.825207485764906,November-December 2022
33,TimeXer imputation adaptation,2022-11-10T13:00:00+00:00,32,3,8.0,4.657123743501425,November-December 2022
33,TimeXer imputation adaptation,2022-11-10T14:00:00+00:00,32,3,7.0,7.314584895770844,November-December 2022
33,TimeXer imputation adaptation,2022-11-10T12:00:00+00:00,59,1,3.9,2.5086299832608026,November-December 2022
33,TimeXer imputation adaptation,2022-11-11T00:00:00+00:00,1069,1,5.0,-1.115648557018586,November-December 2022
33,TimeXer imputation adaptation,2022-11-11T13:00:00+00:00,32,3,2.0,5.030465044978726,November-December 2022
33,TimeXer imputation adaptation,2022-11-11T14:00:00+00:00,32,3,5.0,7.576732476971985,November-December 2022
33,TimeXer imputation adaptation,2022-11-11T15:00:00+00:00,32,3,10.0,6.720776677254516,November-December 2022
33,TimeXer imputation adaptation,2022-11-12T00:00:00+00:00,59,3,1.5,2.0819151445684057,November-December 2022
33,TimeXer imputation adaptation,2022-11-12T01:00:00+00:00,59,3,3.3,2.934871242989977,November-December 2022
33,TimeXer imputation adaptation,2022-11-12T02:00:00+00:00,59,3,1.6,2.7804985978589007,November-December 2022
33,TimeXer imputation adaptation,2022-11-11T10:00:00+00:00,1069,3,1.0,2.952113086723969,November-December 2022
33,TimeXer imputation adaptation,2022-11-11T11:00:00+00:00,1069,3,3.0,5.802754604597025,November-December 2022
33,TimeXer imputation adaptation,2022-11-11T12:00:00+00:00,1069,3,4.0,4.860057152214156,November-December 2022
33,TimeXer imputation adaptation,2022-11-12T13:00:00+00:00,32,1,5.0,-0.6144816469002681,November-December 2022
33,TimeXer imputation adaptation,2022-11-12T18:00:00+00:00,59,1,-1.9,-1.5038045488382874,November-December 2022
33,TimeXer imputation adaptation,2022-11-12T19:00:00+00:00,1069,6,3.0,4.774123233995448,November-December 2022
33,TimeXer imputation adaptation,2022-11-12T20:00:00+00:00,1069,6,1.0,4.438844100862603,November-December 2022
33,TimeXer imputation adaptation,2022-11-12T21:00:00+00:00,1069,6,4.0,2.849310819824785,November-December 2022
33,TimeXer imputation adaptation,2022-11-12T22:00:00+00:00,1069,6,1.0,2.6822142690935937,November-December 2022
33,TimeXer imputation adaptation,2022-11-12T23:00:00+00:00,1069,6,-3.0,-0.9444399962074712,November-December 2022
33,TimeXer imputation adaptation,2022-11-13T00:00:00+00:00,1069,6,-3.0,-0.8951474567154651,November-December 2022
33,TimeXer imputation adaptation,2022-11-13T19:00:00+00:00,32,6,4.0,5.949827470410158,November-December 2022
33,TimeXer imputation adaptation,2022-11-13T20:00:00+00:00,32,6,2.0,4.428867186446747,November-December 2022
33,TimeXer imputation adaptation,2022-11-13T21:00:00+00:00,32,6,3.0,3.2979394211947017,November-December 2022
33,TimeXer imputation adaptation,2022-11-13T22:00:00+00:00,32,6,4.0,4.456365410242342,November-December 2022
33,TimeXer imputation adaptation,2022-11-13T23:00:00+00:00,32,6,1.0,2.3104037568933524,November-December 2022
33,TimeXer imputation adaptation,2022-11-14T00:00:00+00:00,32,6,1.0,2.1134684415131453,November-December 2022
33,TimeXer imputation adaptation,2022-11-13T23:00:00+00:00,59,3,3.0,1.250443834010991,November-December 2022
33,TimeXer imputation adaptation,2022-11-14T00:00:00+00:00,59,3,1.2,0.3048838079431979,November-December 2022
33,TimeXer imputation adaptation,2022-11-14T01:00:00+00:00,59,3,3.4,1.431452724095319,November-December 2022
33,TimeXer imputation adaptation,2022-11-14T01:00:00+00:00,1069,1,0.0,0.5933228200167555,November-December 2022
33,TimeXer imputation adaptation,2022-11-14T18:00:00+00:00,32,1,4.0,6.561793137079878,November-December 2022
33,TimeXer imputation adaptation,2022-11-14T20:00:00+00:00,59,3,4.1,3.76533100716979,November-December 2022
33,TimeXer imputation adaptation,2022-11-14T21:00:00+00:00,59,3,2.5,3.985970798441216,November-December 2022
33,TimeXer imputation adaptation,2022-11-14T22:00:00+00:00,59,3,6.0,4.966729209478773,November-December 2022
33,TimeXer imputation adaptation,2022-11-14T23:00:00+00:00,1069,1,3.0,0.6038164247287554,November-December 2022
33,TimeXer imputation adaptation,2022-11-15T10:00:00+00:00,32,1,2.0,2.863622703607591,November-December 2022
33,TimeXer imputation adaptation,2022-11-16T04:00:00+00:00,59,1,2.9,4.833572749501417,November-December 2022
33,TimeXer imputation adaptation,2022-11-15T17:00:00+00:00,1069,3,12.0,5.7411042739338125,November-December 2022
33,TimeXer imputation adaptation,2022-11-15T18:00:00+00:00,1069,3,8.0,4.525445757292055,November-December 2022
33,TimeXer imputation adaptation,2022-11-15T19:00:00+00:00,1069,3,7.0,4.696114324619528,November-December 2022
33,TimeXer imputation adaptation,2022-11-16T19:00:00+00:00,32,3,3.0,4.582467977824608,November-December 2022
33,TimeXer imputation adaptation,2022-11-16T20:00:00+00:00,32,3,8.0,2.5598999077942954,November-December 2022
33,TimeXer imputation adaptation,2022-11-16T21:00:00+00:00,32,3,2.0,1.979579378534014,November-December 2022
33,TimeXer imputation adaptation,2022-11-16T21:00:00+00:00,59,1,6.3,2.069565515836361,November-December 2022
33,TimeXer imputation adaptation,2022-11-16T21:00:00+00:00,1069,3,4.0,4.570846313899711,November-December 2022
33,TimeXer imputation adaptation,2022-11-16T22:00:00+00:00,1069,3,-1.0,4.106464410352755,November-December 2022
33,TimeXer imputation adaptation,2022-11-16T23:00:00+00:00,1069,3,0.0,0.7092964951345166,November-December 2022
33,TimeXer imputation adaptation,2022-11-17T08:00:00+00:00,32,3,6.0,4.480164304497979,November-December 2022
33,TimeXer imputation adaptation,2022-11-17T09:00:00+00:00,32,3,6.0,5.125145323802863,November-December 2022
33,TimeXer imputation adaptation,2022-11-17T10:00:00+00:00,32,3,4.0,3.8454481594759047,November-December 2022
33,TimeXer imputation adaptation,2022-11-17T08:00:00+00:00,59,3,4.7,2.4191113673154536,November-December 2022
33,TimeXer imputation adaptation,2022-11-17T09:00:00+00:00,59,3,3.6,3.600683641620198,November-December 2022
33,TimeXer imputation adaptation,2022-11-17T10:00:00+00:00,59,3,4.1,2.217639522656887,November-December 2022
33,TimeXer imputation adaptation,2022-11-17T12:00:00+00:00,1069,6,6.0,5.523471385287283,November-December 2022
33,TimeXer imputation adaptation,2022-11-17T13:00:00+00:00,1069,6,9.0,5.799636142228983,November-December 2022
33,TimeXer imputation adaptation,2022-11-17T14:00:00+00:00,1069,6,13.0,7.680652666994878,November-December 2022
33,TimeXer imputation adaptation,2022-11-17T15:00:00+00:00,1069,6,6.0,7.1110405407734,November-December 2022
33,TimeXer imputation adaptation,2022-11-17T16:00:00+00:00,1069,6,10.0,5.90521413682618,November-December 2022
33,TimeXer imputation adaptation,2022-11-17T17:00:00+00:00,1069,6,5.0,4.8934690475245,November-December 2022
33,TimeXer imputation adaptation,2022-11-18T09:00:00+00:00,32,6,4.0,5.771583349811968,November-December 2022
33,TimeXer imputation adaptation,2022-11-18T10:00:00+00:00,32,6,6.0,4.6140445625445095,November-December 2022
33,TimeXer imputation adaptation,2022-11-18T11:00:00+00:00,32,6,6.0,6.528790153278605,November-December 2022
33,TimeXer imputation adaptation,2022-11-18T12:00:00+00:00,32,6,9.0,5.665101526324887,November-December 2022
33,TimeXer imputation adaptation,2022-11-18T13:00:00+00:00,32,6,8.0,3.013880136292081,November-December 2022
33,TimeXer imputation adaptation,2022-11-18T14:00:00+00:00,32,6,8.0,5.9578296866557485,November-December 2022
33,TimeXer imputation adaptation,2022-11-18T21:00:00+00:00,59,3,4.6,2.0710201614369943,November-December 2022
33,TimeXer imputation adaptation,2022-11-18T22:00:00+00:00,59,3,4.7,3.8005217722045073,November-December 2022
33,TimeXer imputation adaptation,2022-11-18T23:00:00+00:00,59,3,5.7,1.7593130024217452,November-December 2022
33,TimeXer imputation adaptation,2022-11-18T16:00:00+00:00,1069,3,7.0,6.859534344474159,November-December 2022
33,TimeXer imputation adaptation,2022-11-18T17:00:00+00:00,1069,3,5.0,5.786053895684605,November-December 2022
33,TimeXer imputation adaptation,2022-11-18T18:00:00+00:00,1069,3,3.0,5.133471166230967,November-December 2022
33,TimeXer imputation adaptation,2022-11-19T10:00:00+00:00,32,6,6.0,4.100441942579944,November-December 2022
33,TimeXer imputation adaptation,2022-11-19T11:00:00+00:00,32,6,3.0,6.140273131180884,November-December 2022
33,TimeXer imputation adaptation,2022-11-19T12:00:00+00:00,32,6,6.0,5.652046117331301,November-December 2022
33,TimeXer imputation adaptation,2022-11-19T13:00:00+00:00,32,6,9.0,2.9352126756092227,November-December 2022
33,TimeXer imputation adaptation,2022-11-19T14:00:00+00:00,32,6,8.0,5.843029298273196,November-December 2022
33,TimeXer imputation adaptation,2022-11-19T15:00:00+00:00,32,6,10.0,5.774443695059796,November-December 2022
33,TimeXer imputation adaptation,2022-11-19T13:00:00+00:00,59,6,3.7,0.9471071736458008,November-December 2022
33,TimeXer imputation adaptation,2022-11-19T14:00:00+00:00,59,6,9.7,1.926343121660799,November-December 2022
33,TimeXer imputation adaptation,2022-11-19T15:00:00+00:00,59,6,3.0,3.0198982882213725,November-December 2022
33,TimeXer imputation adaptation,2022-11-19T16:00:00+00:00,59,6,3.9,2.70680353903391,November-December 2022
33,TimeXer imputation adaptation,2022-11-19T17:00:00+00:00,59,6,4.7,3.063519749393027,November-December 2022
33,TimeXer imputation adaptation,2022-11-19T18:00:00+00:00,59,6,7.1,1.714551598966933,November-December 2022
33,TimeXer imputation adaptation,2022-11-19T11:00:00+00:00,1069,1,4.0,5.529568878870127,November-December 2022
33,TimeXer imputation adaptation,2022-11-20T21:00:00+00:00,32,3,0.0,2.6925168676538265,November-December 2022
33,TimeXer imputation adaptation,2022-11-20T22:00:00+00:00,32,3,5.0,3.7247832666985454,November-December 2022
33,TimeXer imputation adaptation,2022-11-20T23:00:00+00:00,32,3,4.0,1.3085382744250411,November-December 2022
33,TimeXer imputation adaptation,2022-11-20T13:00:00+00:00,59,6,2.7,1.441139185528141,November-December 2022
33,TimeXer imputation adaptation,2022-11-20T14:00:00+00:00,59,6,2.1,2.0132362889854125,November-December 2022
33,TimeXer imputation adaptation,2022-11-20T15:00:00+00:00,59,6,4.0,3.257711127110129,November-December 2022
33,TimeXer imputation adaptation,2022-11-20T16:00:00+00:00,59,6,2.9,2.5571144869799936,November-December 2022
33,TimeXer imputation adaptation,2022-11-20T17:00:00+00:00,59,6,2.7,2.975909927177163,November-December 2022
33,TimeXer imputation adaptation,2022-11-20T18:00:00+00:00,59,6,4.6,1.051046135672447,November-December 2022
33,TimeXer imputation adaptation,2022-11-21T00:00:00+00:00,1069,3,5.0,-0.9415578817335764,November-December 2022
33,TimeXer imputation adaptation,2022-11-21T01:00:00+00:00,1069,3,5.0,1.5414071103791818,November-December 2022
33,TimeXer imputation adaptation,2022-11-21T02:00:00+00:00,1069,3,4.0,4.561309384210226,November-December 2022
33,TimeXer imputation adaptation,2022-11-21T19:00:00+00:00,32,6,7.0,9.114425513342592,November-December 2022
33,TimeXer imputation adaptation,2022-11-21T20:00:00+00:00,32,6,5.0,8.32303237982032,November-December 2022
33,TimeXer imputation adaptation,2022-11-21T21:00:00+00:00,32,6,7.0,7.902889612129009,November-December 2022
33,TimeXer imputation adaptation,2022-11-21T22:00:00+00:00,32,6,3.0,8.732216151042108,November-December 2022
33,TimeXer imputation adaptation,2022-11-21T23:00:00+00:00,32,6,7.0,7.689126393418169,November-December 2022
33,TimeXer imputation adaptation,2022-11-22T00:00:00+00:00,32,6,8.0,6.113706133828478,November-December 2022
33,TimeXer imputation adaptation,2022-11-21T16:00:00+00:00,59,3,5.7,3.12382162938117,November-December 2022
33,TimeXer imputation adaptation,2022-11-21T17:00:00+00:00,59,3,6.5,4.104703483366503,November-December 2022
33,TimeXer imputation adaptation,2022-11-21T18:00:00+00:00,59,3,7.0,3.554238994513316,November-December 2022
33,TimeXer imputation adaptation,2022-11-21T21:00:00+00:00,1069,3,6.0,7.821946596262666,November-December 2022
33,TimeXer imputation adaptation,2022-11-21T22:00:00+00:00,1069,3,10.0,6.835653938620444,November-December 2022
33,TimeXer imputation adaptation,2022-11-21T23:00:00+00:00,1069,3,8.0,4.029243730270871,November-December 2022
33,TimeXer imputation adaptation,2022-11-22T23:00:00+00:00,32,6,11.0,6.599580343902307,November-December 2022
33,TimeXer imputation adaptation,2022-11-23T00:00:00+00:00,32,6,12.0,4.5441388483647085,November-December 2022
33,TimeXer imputation adaptation,2022-11-23T01:00:00+00:00,32,6,9.0,5.203423690321255,November-December 2022
33,TimeXer imputation adaptation,2022-11-23T02:00:00+00:00,32,6,13.0,7.705846750786318,November-December 2022
33,TimeXer imputation adaptation,2022-11-23T03:00:00+00:00,32,6,9.0,6.923155747035951,November-December 2022
33,TimeXer imputation adaptation,2022-11-23T04:00:00+00:00,32,6,6.0,6.308612960450404,November-December 2022
33,TimeXer imputation adaptation,2022-11-22T19:00:00+00:00,59,6,1.5,5.546036866973445,November-December 2022
33,TimeXer imputation adaptation,2022-11-22T20:00:00+00:00,59,6,1.5,5.027538386642727,November-December 2022
33,TimeXer imputation adaptation,2022-11-22T21:00:00+00:00,59,6,3.1,5.16464140147974,November-December 2022
33,TimeXer imputation adaptation,2022-11-22T22:00:00+00:00,59,6,3.2,6.107965929102869,November-December 2022
33,TimeXer imputation adaptation,2022-11-22T23:00:00+00:00,59,6,3.3,5.037157411650376,November-December 2022
33,TimeXer imputation adaptation,2022-11-23T00:00:00+00:00,59,6,5.6,3.897452298970896,November-December 2022
33,TimeXer imputation adaptation,2022-11-22T16:00:00+00:00,1069,1,11.0,11.198170219449448,November-December 2022
33,TimeXer imputation adaptation,2022-11-23T13:00:00+00:00,32,6,7.0,10.739419194401078,November-December 2022
33,TimeXer imputation adaptation,2022-11-23T14:00:00+00:00,32,6,13.0,12.287623616962168,November-December 2022
33,TimeXer imputation adaptation,2022-11-23T15:00:00+00:00,32,6,10.0,13.70562593725019,November-December 2022
33,TimeXer imputation adaptation,2022-11-23T16:00:00+00:00,32,6,11.0,16.103946183160474,November-December 2022
33,TimeXer imputation adaptation,2022-11-23T17:00:00+00:00,32,6,15.0,18.64166779914065,November-December 2022
33,TimeXer imputation adaptation,2022-11-23T18:00:00+00:00,32,6,13.0,20.03269369271032,November-December 2022
33,TimeXer imputation adaptation,2022-11-24T00:00:00+00:00,59,3,9.7,6.330625193660351,November-December 2022
33,TimeXer imputation adaptation,2022-11-24T01:00:00+00:00,59,3,7.5,6.884727058508627,November-December 2022
33,TimeXer imputation adaptation,2022-11-24T02:00:00+00:00,59,3,8.9,8.380239799541956,November-December 2022
33,TimeXer imputation adaptation,2022-11-23T19:00:00+00:00,1069,3,12.0,13.951967734343032,November-December 2022
33,TimeXer imputation adaptation,2022-11-23T20:00:00+00:00,1069,3,7.0,13.94248963976445,November-December 2022
33,TimeXer imputation adaptation,2022-11-23T21:00:00+00:00,1069,3,11.0,12.998337227327331,November-December 2022
33,TimeXer imputation adaptation,2022-11-24T20:00:00+00:00,32,3,-1.0,5.51575142098081,November-December 2022
33,TimeXer imputation adaptation,2022-11-24T21:00:00+00:00,32,3,8.0,4.37471685095027,November-December 2022
33,TimeXer imputation adaptation,2022-11-24T22:00:00+00:00,32,3,6.0,4.6896827071301015,November-December 2022
33,TimeXer imputation adaptation,2022-11-24T10:00:00+00:00,59,1,8.9,4.524325115021236,November-December 2022
33,TimeXer imputation adaptation,2022-11-24T16:00:00+00:00,1069,1,7.0,7.3511023005511955,November-December 2022
33,TimeXer imputation adaptation,2022-11-25T07:00:00+00:00,32,6,-1.0,4.016347708437302,November-December 2022
33,TimeXer imputation adaptation,2022-11-25T08:00:00+00:00,32,6,0.0,4.079695424959338,November-December 2022
33,TimeXer imputation adaptation,2022-11-25T09:00:00+00:00,32,6,0.0,4.47360337186268,November-December 2022
33,TimeXer imputation adaptation,2022-11-25T10:00:00+00:00,32,6,1.0,2.68854919731079,November-December 2022
33,TimeXer imputation adaptation,2022-11-25T11:00:00+00:00,32,6,1.0,4.746547058280228,November-December 2022
33,TimeXer imputation adaptation,2022-11-25T12:00:00+00:00,32,6,2.0,4.285871726745603,November-December 2022
33,TimeXer imputation adaptation,2022-11-25T16:00:00+00:00,59,6,4.7,2.094115422573513,November-December 2022
33,TimeXer imputation adaptation,2022-11-25T17:00:00+00:00,59,6,2.0,3.0347697344575018,November-December 2022
33,TimeXer imputation adaptation,2022-11-25T18:00:00+00:00,59,6,3.2,1.1853939724945342,November-December 2022
33,TimeXer imputation adaptation,2022-11-25T19:00:00+00:00,59,6,4.2,2.7815524348760183,November-December 2022
33,TimeXer imputation adaptation,2022-11-25T20:00:00+00:00,59,6,0.6,3.1058698244019487,November-December 2022
33,TimeXer imputation adaptation,2022-11-25T21:00:00+00:00,59,6,2.1,2.4477467022285087,November-December 2022
33,TimeXer imputation adaptation,2022-11-25T07:00:00+00:00,1069,6,0.0,3.0407280322909465,November-December 2022
33,TimeXer imputation adaptation,2022-11-25T08:00:00+00:00,1069,6,-1.0,3.6544596410271657,November-December 2022
33,TimeXer imputation adaptation,2022-11-25T09:00:00+00:00,1069,6,2.0,4.727990462343181,November-December 2022
33,TimeXer imputation adaptation,2022-11-25T10:00:00+00:00,1069,6,-3.0,2.5628656347030603,November-December 2022
33,TimeXer imputation adaptation,2022-11-25T11:00:00+00:00,1069,6,-1.0,5.21589714170705,November-December 2022
33,TimeXer imputation adaptation,2022-11-25T12:00:00+00:00,1069,6,-1.0,4.957089145462375,November-December 2022
33,TimeXer imputation adaptation,2022-11-26T21:00:00+00:00,32,1,-1.0,2.7357499252900084,November-December 2022
33,TimeXer imputation adaptation,2022-11-26T10:00:00+00:00,59,1,-3.6,0.1250175271192946,November-December 2022
33,TimeXer imputation adaptation,2022-11-26T08:00:00+00:00,1069,3,0.0,1.5859847813945978,November-December 2022
33,TimeXer imputation adaptation,2022-11-26T09:00:00+00:00,1069,3,0.0,3.19082123597075,November-December 2022
33,TimeXer imputation adaptation,2022-11-26T10:00:00+00:00,1069,3,1.0,1.3983193146991244,November-December 2022
33,TimeXer imputation adaptation,2022-11-27T10:00:00+00:00,32,3,2.0,2.5906328961145144,November-December 2022
33,TimeXer imputation adaptation,2022-11-27T11:00:00+00:00,32,3,4.0,4.6555795260362025,November-December 2022
33,TimeXer imputation adaptation,2022-11-27T12:00:00+00:00,32,3,4.0,3.92315420537523,November-December 2022
33,TimeXer imputation adaptation,2022-11-27T16:00:00+00:00,59,1,3.9,1.3987921584932392,November-December 2022
33,TimeXer imputation adaptation,2022-11-27T16:00:00+00:00,1069,3,12.0,9.117216674582172,November-December 2022
33,TimeXer imputation adaptation,2022-11-27T17:00:00+00:00,1069,3,10.0,8.346660984435605,November-December 2022
33,TimeXer imputation adaptation,2022-11-27T18:00:00+00:00,1069,3,6.0,7.049360188084419,November-December 2022
33,TimeXer imputation adaptation,2022-11-28T12:00:00+00:00,32,3,6.0,5.037788652490279,November-December 2022
33,TimeXer imputation adaptation,2022-11-28T13:00:00+00:00,32,3,4.0,3.216557525575689,November-December 2022
33,TimeXer imputation adaptation,2022-11-28T14:00:00+00:00,32,3,2.0,6.213450297104481,November-December 2022
33,TimeXer imputation adaptation,2022-11-28T19:00:00+00:00,59,3,6.5,3.6418164320052258,November-December 2022
33,TimeXer imputation adaptation,2022-11-28T20:00:00+00:00,59,3,4.6,2.460937190793084,November-December 2022
33,TimeXer imputation adaptation,2022-11-28T21:00:00+00:00,59,3,4.4,2.9805150349233296,November-December 2022
33,TimeXer imputation adaptation,2022-11-28T20:00:00+00:00,1069,1,4.0,6.224082303818799,November-December 2022
33,TimeXer imputation adaptation,2022-11-29T11:00:00+00:00,32,1,9.0,8.998854640947135,November-December 2022
33,TimeXer imputation adaptation,2022-11-29T14:00:00+00:00,59,3,9.2,8.557743805251839,November-December 2022
33,TimeXer imputation adaptation,2022-11-29T15:00:00+00:00,59,3,13.7,8.776837130705305,November-December 2022
33,TimeXer imputation adaptation,2022-11-29T16:00:00+00:00,59,3,11.4,9.048524390849265,November-December 2022
33,TimeXer imputation adaptation,2022-11-30T01:00:00+00:00,1069,3,10.0,6.988588152792552,November-December 2022
33,TimeXer imputation adaptation,2022-11-30T02:00:00+00:00,1069,3,12.0,10.91807076372096,November-December 2022
33,TimeXer imputation adaptation,2022-11-30T03:00:00+00:00,1069,3,13.0,9.39245830460398,November-December 2022
33,TimeXer imputation adaptation,2022-11-30T19:00:00+00:00,32,6,0.0,4.666046913768835,November-December 2022
33,TimeXer imputation adaptation,2022-11-30T20:00:00+00:00,32,6,5.0,4.018794641135385,November-December 2022
33,TimeXer imputation adaptation,2022-11-30T21:00:00+00:00,32,6,1.0,2.3197042814150937,November-December 2022
33,TimeXer imputation adaptation,2022-11-30T22:00:00+00:00,32,6,2.0,3.643862162552322,November-December 2022
33,TimeXer imputation adaptation,2022-11-30T23:00:00+00:00,32,6,0.0,1.2717143691574169,November-December 2022
33,TimeXer imputation adaptation,2022-12-01T00:00:00+00:00,32,6,1.0,0.9829838578686854,November-December 2022
33,TimeXer imputation adaptation,2022-12-01T00:00:00+00:00,59,1,0.6,-1.0881050882510586,November-December 2022
33,TimeXer imputation adaptation,2022-11-30T22:00:00+00:00,1069,1,1.0,1.286216667494708,November-December 2022
33,TimeXer imputation adaptation,2022-12-01T21:00:00+00:00,32,1,7.0,5.240686584371418,November-December 2022
33,TimeXer imputation adaptation,2022-12-02T00:00:00+00:00,59,3,4.9,2.290742131531907,November-December 2022
33,TimeXer imputation adaptation,2022-12-02T01:00:00+00:00,59,3,5.5,3.4535453628235477,November-December 2022
33,TimeXer imputation adaptation,2022-12-02T02:00:00+00:00,59,3,4.3,4.834580104914743,November-December 2022
33,TimeXer imputation adaptation,2022-12-01T07:00:00+00:00,1069,1,5.0,3.603400436287179,November-December 2022
33,TimeXer imputation adaptation,2022-12-02T18:00:00+00:00,32,3,7.0,7.5406342448995645,November-December 2022
33,TimeXer imputation adaptation,2022-12-02T19:00:00+00:00,32,3,5.0,8.286035834981341,November-December 2022
33,TimeXer imputation adaptation,2022-12-02T20:00:00+00:00,32,3,2.0,5.78955358832696,November-December 2022
33,TimeXer imputation adaptation,2022-12-03T00:00:00+00:00,59,3,4.7,3.930702266548927,November-December 2022
33,TimeXer imputation adaptation,2022-12-03T01:00:00+00:00,59,3,8.7,4.077927793601875,November-December 2022
33,TimeXer imputation adaptation,2022-12-03T02:00:00+00:00,59,3,3.9,5.689272786533717,November-December 2022
33,TimeXer imputation adaptation,2022-12-02T16:00:00+00:00,1069,6,13.0,10.699606123917537,November-December 2022
33,TimeXer imputation adaptation,2022-12-02T17:00:00+00:00,1069,6,12.0,11.191005231285878,November-December 2022
33,TimeXer imputation adaptation,2022-12-02T18:00:00+00:00,1069,6,10.0,10.954982945149908,November-December 2022
33,TimeXer imputation adaptation,2022-12-02T19:00:00+00:00,1069,6,9.0,9.453862011377646,November-December 2022
33,TimeXer imputation adaptation,2022-12-02T20:00:00+00:00,1069,6,7.0,9.678398454775424,November-December 2022
33,TimeXer imputation adaptation,2022-12-02T21:00:00+00:00,1069,6,8.0,8.353885714415556,November-December 2022
33,TimeXer imputation adaptation,2022-12-03T07:00:00+00:00,32,3,3.0,3.399666161794709,November-December 2022
33,TimeXer imputation adaptation,2022-12-03T08:00:00+00:00,32,3,1.0,3.5032415189584336,November-December 2022
33,TimeXer imputation adaptation,2022-12-03T09:00:00+00:00,32,3,-2.0,3.9278245931963314,November-December 2022
33,TimeXer imputation adaptation,2022-12-04T03:00:00+00:00,59,1,6.3,2.875045989939076,November-December 2022
33,TimeXer imputation adaptation,2022-12-03T19:00:00+00:00,1069,6,9.0,6.331156160961731,November-December 2022
33,TimeXer imputation adaptation,2022-12-03T20:00:00+00:00,1069,6,6.0,6.396343247452702,November-December 2022
33,TimeXer imputation adaptation,2022-12-03T21:00:00+00:00,1069,6,5.0,4.065184326409471,November-December 2022
33,TimeXer imputation adaptation,2022-12-03T22:00:00+00:00,1069,6,5.0,4.077379716555371,November-December 2022
33,TimeXer imputation adaptation,2022-12-03T23:00:00+00:00,1069,6,6.0,0.3873362609777206,November-December 2022
33,TimeXer imputation adaptation,2022-12-04T00:00:00+00:00,1069,6,2.0,-0.0819640160527193,November-December 2022
33,TimeXer imputation adaptation,2022-12-04T14:00:00+00:00,32,3,-1.0,5.109202525839889,November-December 2022
33,TimeXer imputation adaptation,2022-12-04T15:00:00+00:00,32,3,4.0,5.4836155133994895,November-December 2022
33,TimeXer imputation adaptation,2022-12-04T16:00:00+00:00,32,3,4.0,7.538023896845231,November-December 2022
33,TimeXer imputation adaptation,2022-12-04T10:00:00+00:00,59,6,3.4,3.7860816142920855,November-December 2022
33,TimeXer imputation adaptation,2022-12-04T11:00:00+00:00,59,6,7.5,5.818093503468848,November-December 2022
33,TimeXer imputation adaptation,2022-12-04T12:00:00+00:00,59,6,3.6,4.4323883126884525,November-December 2022
33,TimeXer imputation adaptation,2022-12-04T13:00:00+00:00,59,6,6.2,3.830892928321461,November-December 2022
33,TimeXer imputation adaptation,2022-12-04T14:00:00+00:00,59,6,2.6,4.311430416230818,November-December 2022
33,TimeXer imputation adaptation,2022-12-04T15:00:00+00:00,59,6,3.7,5.577435761829978,November-December 2022
33,TimeXer imputation adaptation,2022-12-04T07:00:00+00:00,1069,6,5.0,4.827774407456924,November-December 2022
33,TimeXer imputation adaptation,2022-12-04T08:00:00+00:00,1069,6,5.0,5.44097085847204,November-December 2022
33,TimeXer imputation adaptation,2022-12-04T09:00:00+00:00,1069,6,4.0,6.323274271001592,November-December 2022
33,TimeXer imputation adaptation,2022-12-04T10:00:00+00:00,1069,6,5.0,4.463657607396451,November-December 2022
33,TimeXer imputation adaptation,2022-12-04T11:00:00+00:00,1069,6,5.0,6.725688295478537,November-December 2022
33,TimeXer imputation adaptation,2022-12-04T12:00:00+00:00,1069,6,4.0,6.199060053535304,November-December 2022
33,TimeXer imputation adaptation,2022-12-06T03:00:00+00:00,32,1,4.0,5.765859724338778,November-December 2022
33,TimeXer imputation adaptation,2022-12-05T22:00:00+00:00,59,6,6.5,10.181802088315884,November-December 2022
33,TimeXer imputation adaptation,2022-12-05T23:00:00+00:00,59,6,6.9,9.157483366085431,November-December 2022
33,TimeXer imputation adaptation,2022-12-06T00:00:00+00:00,59,6,4.4,7.072295236306736,November-December 2022
33,TimeXer imputation adaptation,2022-12-06T01:00:00+00:00,59,6,3.5,6.415381445449984,November-December 2022
33,TimeXer imputation adaptation,2022-12-06T02:00:00+00:00,59,6,6.6,6.91543234877743,November-December 2022
33,TimeXer imputation adaptation,2022-12-06T03:00:00+00:00,59,6,4.2,6.678697540199567,November-December 2022
33,TimeXer imputation adaptation,2022-12-05T09:00:00+00:00,1069,3,16.0,13.67532141604838,November-December 2022
33,TimeXer imputation adaptation,2022-12-05T10:00:00+00:00,1069,3,16.0,13.039523819861508,November-December 2022
33,TimeXer imputation adaptation,2022-12-05T11:00:00+00:00,1069,3,15.0,14.644104784983458,November-December 2022
33,TimeXer imputation adaptation,2022-12-06T10:00:00+00:00,32,1,4.0,5.137805978318168,November-December 2022
33,TimeXer imputation adaptation,2022-12-06T21:00:00+00:00,59,3,8.0,4.971609587378543,November-December 2022
33,TimeXer imputation adaptation,2022-12-06T22:00:00+00:00,59,3,7.0,6.644861790114732,November-December 2022
33,TimeXer imputation adaptation,2022-12-06T23:00:00+00:00,59,3,3.9,5.081317030734785,November-December 2022
33,TimeXer imputation adaptation,2022-12-06T09:00:00+00:00,1069,3,11.0,8.47976182227479,November-December 2022
33,TimeXer imputation adaptation,2022-12-06T10:00:00+00:00,1069,3,10.0,6.796132057340694,November-December 2022
33,TimeXer imputation adaptation,2022-12-06T11:00:00+00:00,1069,3,9.0,9.28722747745914,November-December 2022
33,TimeXer imputation adaptation,2022-12-07T18:00:00+00:00,32,3,13.0,16.889695014218432,November-December 2022
33,TimeXer imputation adaptation,2022-12-07T19:00:00+00:00,32,3,13.0,14.840541498405504,November-December 2022
33,TimeXer imputation adaptation,2022-12-07T20:00:00+00:00,32,3,9.0,14.370862913645048,November-December 2022
33,TimeXer imputation adaptation,2022-12-07T14:00:00+00:00,59,1,11.0,12.29640226251198,November-December 2022
33,TimeXer imputation adaptation,2022-12-07T16:00:00+00:00,1069,6,15.0,13.416457808534496,November-December 2022
33,TimeXer imputation adaptation,2022-12-07T17:00:00+00:00,1069,6,17.0,12.699739367962144,November-December 2022
33,TimeXer imputation adaptation,2022-12-07T18:00:00+00:00,1069,6,18.0,12.767706413443353,November-December 2022
33,TimeXer imputation adaptation,2022-12-07T19:00:00+00:00,1069,6,10.0,11.01008928015574,November-December 2022
33,TimeXer imputation adaptation,2022-12-07T20:00:00+00:00,1069,6,12.0,11.200146232917394,November-December 2022
33,TimeXer imputation adaptation,2022-12-07T21:00:00+00:00,1069,6,12.0,8.39812327013232,November-December 2022
33,TimeXer imputation adaptation,2022-12-08T10:00:00+00:00,32,6,12.0,8.381563483747701,November-December 2022
33,TimeXer imputation adaptation,2022-12-08T11:00:00+00:00,32,6,14.0,9.37565536375617,November-December 2022
33,TimeXer imputation adaptation,2022-12-08T12:00:00+00:00,32,6,14.0,8.35923417467143,November-December 2022
33,TimeXer imputation adaptation,2022-12-08T13:00:00+00:00,32,6,12.0,9.86256997095538,November-December 2022
33,TimeXer imputation adaptation,2022-12-08T14:00:00+00:00,32,6,8.0,12.78972720459101,November-December 2022
33,TimeXer imputation adaptation,2022-12-08T15:00:00+00:00,32,6,12.0,12.816142421676677,November-December 2022
33,TimeXer imputation adaptation,2022-12-08T13:00:00+00:00,59,3,10.8,9.417696909031095,November-December 2022
33,TimeXer imputation adaptation,2022-12-08T14:00:00+00:00,59,3,11.2,9.613095855954905,November-December 2022
33,TimeXer imputation adaptation,2022-12-08T15:00:00+00:00,59,3,10.8,10.942212551594348,November-December 2022
33,TimeXer imputation adaptation,2022-12-08T13:00:00+00:00,1069,3,11.0,16.35284968713984,November-December 2022
33,TimeXer imputation adaptation,2022-12-08T14:00:00+00:00,1069,3,12.0,17.758010252791777,November-December 2022
33,TimeXer imputation adaptation,2022-12-08T15:00:00+00:00,1069,3,17.0,18.084640221641457,November-December 2022
33,TimeXer imputation adaptation,2022-12-09T10:00:00+00:00,32,3,8.0,15.395645119978871,November-December 2022
33,TimeXer imputation adaptation,2022-12-09T11:00:00+00:00,32,3,11.0,15.006072554175288,November-December 2022
33,TimeXer imputation adaptation,2022-12-09T12:00:00+00:00,32,3,9.0,15.947551712453048,November-December 2022
33,TimeXer imputation adaptation,2022-12-09T23:00:00+00:00,59,6,13.3,11.153809765944494,November-December 2022
33,TimeXer imputation adaptation,2022-12-10T00:00:00+00:00,59,6,13.1,9.404647960760034,November-December 2022
33,TimeXer imputation adaptation,2022-12-10T01:00:00+00:00,59,6,15.2,9.10720246267871,November-December 2022
33,TimeXer imputation adaptation,2022-12-10T02:00:00+00:00,59,6,11.8,9.853711116455884,November-December 2022
33,TimeXer imputation adaptation,2022-12-10T03:00:00+00:00,59,6,8.8,8.094233824200401,November-December 2022
33,TimeXer imputation adaptation,2022-12-10T04:00:00+00:00,59,6,4.8,8.047408275590314,November-December 2022
33,TimeXer imputation adaptation,2022-12-09T16:00:00+00:00,1069,1,16.0,19.373511981650104,November-December 2022
33,TimeXer imputation adaptation,2022-12-10T08:00:00+00:00,32,6,7.0,4.910943954874495,November-December 2022
33,TimeXer imputation adaptation,2022-12-10T09:00:00+00:00,32,6,5.0,5.370922019603618,November-December 2022
33,TimeXer imputation adaptation,2022-12-10T10:00:00+00:00,32,6,6.0,3.743825400937091,November-December 2022
33,TimeXer imputation adaptation,2022-12-10T11:00:00+00:00,32,6,6.0,5.593437550961156,November-December 2022
33,TimeXer imputation adaptation,2022-12-10T12:00:00+00:00,32,6,3.0,4.620074683528717,November-December 2022
33,TimeXer imputation adaptation,2022-12-10T13:00:00+00:00,32,6,6.0,3.4801629520460637,November-December 2022
33,TimeXer imputation adaptation,2022-12-10T15:00:00+00:00,59,6,2.8,4.152794036443719,November-December 2022
33,TimeXer imputation adaptation,2022-12-10T16:00:00+00:00,59,6,4.7,3.905540479027433,November-December 2022
33,TimeXer imputation adaptation,2022-12-10T17:00:00+00:00,59,6,6.2,5.064933598886785,November-December 2022
33,TimeXer imputation adaptation,2022-12-10T18:00:00+00:00,59,6,1.9,3.859212797923536,November-December 2022
33,TimeXer imputation adaptation,2022-12-10T19:00:00+00:00,59,6,6.6,4.945093165903918,November-December 2022
33,TimeXer imputation adaptation,2022-12-10T20:00:00+00:00,59,6,2.2,4.450635771147532,November-December 2022
33,TimeXer imputation adaptation,2022-12-10T20:00:00+00:00,1069,3,7.0,7.544143624015458,November-December 2022
33,TimeXer imputation adaptation,2022-12-10T21:00:00+00:00,1069,3,0.0,5.852305051424502,November-December 2022
33,TimeXer imputation adaptation,2022-12-10T22:00:00+00:00,1069,3,3.0,5.300071245341375,November-December 2022
33,TimeXer imputation adaptation,2022-12-12T00:00:00+00:00,32,3,3.0,2.203654431168201,November-December 2022
33,TimeXer imputation adaptation,2022-12-12T01:00:00+00:00,32,3,7.0,2.5898521920905546,November-December 2022
33,TimeXer imputation adaptation,2022-12-12T02:00:00+00:00,32,3,3.0,5.510474750657751,November-December 2022
33,TimeXer imputation adaptation,2022-12-11T14:00:00+00:00,59,1,6.2,1.30008275788993,November-December 2022
33,TimeXer imputation adaptation,2022-12-11T20:00:00+00:00,1069,6,5.0,6.375766473374293,November-December 2022
33,TimeXer imputation adaptation,2022-12-11T21:00:00+00:00,1069,6,3.0,4.783305138118449,November-December 2022
33,TimeXer imputation adaptation,2022-12-11T22:00:00+00:00,1069,6,3.0,4.742829402677665,November-December 2022
33,TimeXer imputation adaptation,2022-12-11T23:00:00+00:00,1069,6,-3.0,1.0428843203189633,November-December 2022
33,TimeXer imputation adaptation,2022-12-12T00:00:00+00:00,1069,6,1.0,0.1046867464697562,November-December 2022
33,TimeXer imputation adaptation,2022-12-12T01:00:00+00:00,1069,6,0.0,2.793428344931268,November-December 2022
33,TimeXer imputation adaptation,2022-12-12T20:00:00+00:00,32,3,13.0,9.02713569138437,November-December 2022
33,TimeXer imputation adaptation,2022-12-12T21:00:00+00:00,32,3,9.0,7.892959849388171,November-December 2022
33,TimeXer imputation adaptation,2022-12-12T22:00:00+00:00,32,3,13.0,8.151966270883888,November-December 2022
33,TimeXer imputation adaptation,2022-12-13T01:00:00+00:00,59,3,5.7,6.498325771934427,November-December 2022
33,TimeXer imputation adaptation,2022-12-13T02:00:00+00:00,59,3,3.7,7.155877684726842,November-December 2022
33,TimeXer imputation adaptation,2022-12-13T03:00:00+00:00,59,3,6.5,6.5759897691782765,November-December 2022
33,TimeXer imputation adaptation,2022-12-12T14:00:00+00:00,1069,1,12.0,11.831267848218104,November-December 2022
33,TimeXer imputation adaptation,2022-12-13T11:00:00+00:00,32,3,13.0,8.596846916000363,November-December 2022
33,TimeXer imputation adaptation,2022-12-13T12:00:00+00:00,32,3,11.0,8.710146797118819,November-December 2022
33,TimeXer imputation adaptation,2022-12-13T13:00:00+00:00,32,3,8.0,7.558606684647708,November-December 2022
33,TimeXer imputation adaptation,2022-12-13T07:00:00+00:00,59,1,4.5,6.245341547116219,November-December 2022
33,TimeXer imputation adaptation,2022-12-13T16:00:00+00:00,1069,6,11.0,8.773225109272929,November-December 2022
33,TimeXer imputation adaptation,2022-12-13T17:00:00+00:00,1069,6,10.0,8.015099746735668,November-December 2022
33,TimeXer imputation adaptation,2022-12-13T18:00:00+00:00,1069,6,18.0,7.567382183137029,November-December 2022
33,TimeXer imputation adaptation,2022-12-13T19:00:00+00:00,1069,6,16.0,7.613502663892841,November-December 2022
33,TimeXer imputation adaptation,2022-12-13T20:00:00+00:00,1069,6,15.0,6.349703526694149,November-December 2022
33,TimeXer imputation adaptation,2022-12-13T21:00:00+00:00,1069,6,14.0,4.945472837880651,November-December 2022
33,TimeXer imputation adaptation,2022-12-14T18:00:00+00:00,32,3,1.0,2.0326877970060337,November-December 2022
33,TimeXer imputation adaptation,2022-12-14T19:00:00+00:00,32,3,3.0,4.155026235468902,November-December 2022
33,TimeXer imputation adaptation,2022-12-14T20:00:00+00:00,32,3,-1.0,2.694235087358547,November-December 2022
33,TimeXer imputation adaptation,2022-12-14T14:00:00+00:00,59,3,1.0,-0.1929867462194945,November-December 2022
33,TimeXer imputation adaptation,2022-12-14T15:00:00+00:00,59,3,-2.3,0.7006876181205008,November-December 2022
33,TimeXer imputation adaptation,2022-12-14T16:00:00+00:00,59,3,2.0,0.4397604682576057,November-December 2022
33,TimeXer imputation adaptation,2022-12-15T00:00:00+00:00,1069,3,-1.0,-1.715511198789823,November-December 2022
33,TimeXer imputation adaptation,2022-12-15T01:00:00+00:00,1069,3,-4.0,0.654885300993822,November-December 2022
33,TimeXer imputation adaptation,2022-12-15T02:00:00+00:00,1069,3,2.0,3.2240997448310296,November-December 2022
33,TimeXer imputation adaptation,2022-12-15T11:00:00+00:00,32,6,4.0,5.326439500103096,November-December 2022
33,TimeXer imputation adaptation,2022-12-15T12:00:00+00:00,32,6,3.0,4.613729681383396,November-December 2022
33,TimeXer imputation adaptation,2022-12-15T13:00:00+00:00,32,6,-1.0,1.7082277077872376,November-December 2022
33,TimeXer imputation adaptation,2022-12-15T14:00:00+00:00,32,6,2.0,4.89349635200175,November-December 2022
33,TimeXer imputation adaptation,2022-12-15T15:00:00+00:00,32,6,9.0,5.087772158453935,November-December 2022
33,TimeXer imputation adaptation,2022-12-15T16:00:00+00:00,32,6,4.0,6.4916719116926025,November-December 2022
33,TimeXer imputation adaptation,2022-12-16T00:00:00+00:00,59,1,6.0,1.219274870694527,November-December 2022
33,TimeXer imputation adaptation,2022-12-16T03:00:00+00:00,1069,1,7.0,2.951619435964668,November-December 2022
33,TimeXer imputation adaptation,2022-12-16T16:00:00+00:00,32,1,2.0,6.329666602505784,November-December 2022
33,TimeXer imputation adaptation,2022-12-16T07:00:00+00:00,59,3,2.1,2.230239466255253,November-December 2022
33,TimeXer imputation adaptation,2022-12-16T08:00:00+00:00,59,3,2.3,2.3543262985419107,November-December 2022
33,TimeXer imputation adaptation,2022-12-16T09:00:00+00:00,59,3,-1.3,3.231716480687906,November-December 2022
33,TimeXer imputation adaptation,2022-12-16T19:00:00+00:00,1069,1,3.0,5.744778848993965,November-December 2022
33,TimeXer imputation adaptation,2022-12-17T20:00:00+00:00,32,3,-1.0,6.493563923995568,November-December 2022
33,TimeXer imputation adaptation,2022-12-17T21:00:00+00:00,32,3,0.0,7.725775457881287,November-December 2022
33,TimeXer imputation adaptation,2022-12-17T22:00:00+00:00,32,3,4.0,8.309924036410502,November-December 2022
33,TimeXer imputation adaptation,2022-12-18T01:00:00+00:00,59,3,7.6,3.668758617350649,November-December 2022
33,TimeXer imputation adaptation,2022-12-18T02:00:00+00:00,59,3,11.1,4.671844581068655,November-December 2022
33,TimeXer imputation adaptation,2022-12-18T03:00:00+00:00,59,3,10.7,3.971211746247041,November-December 2022
33,TimeXer imputation adaptation,2022-12-18T02:00:00+00:00,1069,1,21.0,8.667078962949798,November-December 2022
33,TimeXer imputation adaptation,2022-12-18T16:00:00+00:00,32,3,8.0,8.080992434523077,November-December 2022
33,TimeXer imputation adaptation,2022-12-18T17:00:00+00:00,32,3,5.0,6.91796356213761,November-December 2022
33,TimeXer imputation adaptation,2022-12-18T18:00:00+00:00,32,3,6.0,5.677048562017001,November-December 2022
33,TimeXer imputation adaptation,2022-12-18T20:00:00+00:00,59,3,0.9,0.8671839609094532,November-December 2022
33,TimeXer imputation adaptation,2022-12-18T21:00:00+00:00,59,3,0.9,1.8950202356563688,November-December 2022
33,TimeXer imputation adaptation,2022-12-18T22:00:00+00:00,59,3,1.8,2.848069133889185,November-December 2022
33,TimeXer imputation adaptation,2022-12-18T11:00:00+00:00,1069,1,10.0,10.697135049259549,November-December 2022
33,TimeXer imputation adaptation,2022-12-19T18:00:00+00:00,32,6,4.0,4.583734210989141,November-December 2022
33,TimeXer imputation adaptation,2022-12-19T19:00:00+00:00,32,6,4.0,6.001401734197071,November-December 2022
33,TimeXer imputation adaptation,2022-12-19T20:00:00+00:00,32,6,6.0,4.655729629172925,November-December 2022
33,TimeXer imputation adaptation,2022-12-19T21:00:00+00:00,32,6,8.0,3.415681076348511,November-December 2022
33,TimeXer imputation adaptation,2022-12-19T22:00:00+00:00,32,6,7.0,4.7015354042586335,November-December 2022
33,TimeXer imputation adaptation,2022-12-19T23:00:00+00:00,32,6,7.0,2.9446423391424457,November-December 2022
33,TimeXer imputation adaptation,2022-12-19T22:00:00+00:00,59,3,3.5,2.7930295810450847,November-December 2022
33,TimeXer imputation adaptation,2022-12-19T23:00:00+00:00,59,3,2.9,0.5857546138068219,November-December 2022
33,TimeXer imputation adaptation,2022-12-20T00:00:00+00:00,59,3,2.5,0.1292572589799165,November-December 2022
33,TimeXer imputation adaptation,2022-12-19T18:00:00+00:00,1069,1,3.0,4.8406834755577,November-December 2022
33,TimeXer imputation adaptation,2022-12-20T12:00:00+00:00,32,6,0.0,4.083190563919451,November-December 2022
33,TimeXer imputation adaptation,2022-12-20T13:00:00+00:00,32,6,0.0,1.3683480851714729,November-December 2022
33,TimeXer imputation adaptation,2022-12-20T14:00:00+00:00,32,6,-2.0,4.430881838882369,November-December 2022
33,TimeXer imputation adaptation,2022-12-20T15:00:00+00:00,32,6,1.0,4.595754621119598,November-December 2022
33,TimeXer imputation adaptation,2022-12-20T16:00:00+00:00,32,6,1.0,6.278795265838189,November-December 2022
33,TimeXer imputation adaptation,2022-12-20T17:00:00+00:00,32,6,2.0,5.964609694399812,November-December 2022
33,TimeXer imputation adaptation,2022-12-20T07:00:00+00:00,59,1,1.2,2.726392868054914,November-December 2022
33,TimeXer imputation adaptation,2022-12-20T14:00:00+00:00,1069,6,5.0,6.092809887945034,November-December 2022
33,TimeXer imputation adaptation,2022-12-20T15:00:00+00:00,1069,6,4.0,6.240882951823714,November-December 2022
33,TimeXer imputation adaptation,2022-12-20T16:00:00+00:00,1069,6,5.0,6.231562221017792,November-December 2022
33,TimeXer imputation adaptation,2022-12-20T17:00:00+00:00,1069,6,8.0,5.966921892169555,November-December 2022
33,TimeXer imputation adaptation,2022-12-20T18:00:00+00:00,1069,6,6.0,4.244462162979154,November-December 2022
33,TimeXer imputation adaptation,2022-12-20T19:00:00+00:00,1069,6,8.0,5.017117077793386,November-December 2022
33,TimeXer imputation adaptation,2022-12-21T14:00:00+00:00,32,1,15.0,19.78302102387485,November-December 2022
33,TimeXer imputation adaptation,2022-12-22T02:00:00+00:00,59,1,13.2,10.350506116786573,November-December 2022
33,TimeXer imputation adaptation,2022-12-21T10:00:00+00:00,1069,6,15.0,10.363088229614004,November-December 2022
33,TimeXer imputation adaptation,2022-12-21T11:00:00+00:00,1069,6,13.0,11.62193615044196,November-December 2022
33,TimeXer imputation adaptation,2022-12-21T12:00:00+00:00,1069,6,12.0,13.08117585454017,November-December 2022
33,TimeXer imputation adaptation,2022-12-21T13:00:00+00:00,1069,6,10.0,14.997960096933856,November-December 2022
33,TimeXer imputation adaptation,2022-12-21T14:00:00+00:00,1069,6,15.0,17.482126776037827,November-December 2022
33,TimeXer imputation adaptation,2022-12-21T15:00:00+00:00,1069,6,13.0,18.14974248079787,November-December 2022
33,TimeXer imputation adaptation,2022-12-22T07:00:00+00:00,32,6,20.0,9.317946472820726,November-December 2022
33,TimeXer imputation adaptation,2022-12-22T08:00:00+00:00,32,6,15.0,9.449794809233468,November-December 2022
33,TimeXer imputation adaptation,2022-12-22T09:00:00+00:00,32,6,15.0,11.240148793261652,November-December 2022
33,TimeXer imputation adaptation,2022-12-22T10:00:00+00:00,32,6,15.0,10.242319533825912,November-December 2022
33,TimeXer imputation adaptation,2022-12-22T11:00:00+00:00,32,6,14.0,11.192216626952789,November-December 2022
33,TimeXer imputation adaptation,2022-12-22T12:00:00+00:00,32,6,15.0,10.81264290068271,November-December 2022
33,TimeXer imputation adaptation,2022-12-22T12:00:00+00:00,59,6,6.5,9.189472424911418,November-December 2022
33,TimeXer imputation adaptation,2022-12-22T13:00:00+00:00,59,6,11.0,6.784455475971322,November-December 2022
33,TimeXer imputation adaptation,2022-12-22T14:00:00+00:00,59,6,10.1,8.045926864967825,November-December 2022
33,TimeXer imputation adaptation,2022-12-22T15:00:00+00:00,59,6,6.0,8.614725108044507,November-December 2022
33,TimeXer imputation adaptation,2022-12-22T16:00:00+00:00,59,6,7.4,5.728470494413344,November-December 2022
33,TimeXer imputation adaptation,2022-12-22T17:00:00+00:00,59,6,8.5,5.522312389700351,November-December 2022
33,TimeXer imputation adaptation,2022-12-22T13:00:00+00:00,1069,3,16.0,18.265434875727884,November-December 2022
33,TimeXer imputation adaptation,2022-12-22T14:00:00+00:00,1069,3,17.0,21.975710758793067,November-December 2022
33,TimeXer imputation adaptation,2022-12-22T15:00:00+00:00,1069,3,16.0,18.786365783438463,November-December 2022
33,TimeXer imputation adaptation,2022-12-23T11:00:00+00:00,32,6,4.0,4.497442936521285,November-December 2022
33,TimeXer imputation adaptation,2022-12-23T12:00:00+00:00,32,6,1.0,4.6711093307319365,November-December 2022
33,TimeXer imputation adaptation,2022-12-23T13:00:00+00:00,32,6,-3.0,-0.0175432748442645,November-December 2022
33,TimeXer imputation adaptation,2022-12-23T14:00:00+00:00,32,6,-2.0,2.2413558947183967,November-December 2022
33,TimeXer imputation adaptation,2022-12-23T15:00:00+00:00,32,6,2.0,2.8826002683403957,November-December 2022
33,TimeXer imputation adaptation,2022-12-23T16:00:00+00:00,32,6,4.0,3.577800430376638,November-December 2022
33,TimeXer imputation adaptation,2022-12-23T19:00:00+00:00,59,6,1.4,0.9659299372009916,November-December 2022
33,TimeXer imputation adaptation,2022-12-23T20:00:00+00:00,59,6,3.2,0.3872316840117706,November-December 2022
33,TimeXer imputation adaptation,2022-12-23T21:00:00+00:00,59,6,-0.9,-0.3902882004263759,November-December 2022
33,TimeXer imputation adaptation,2022-12-23T22:00:00+00:00,59,6,2.3,1.982521854794553,November-December 2022
33,TimeXer imputation adaptation,2022-12-23T23:00:00+00:00,59,6,0.8,-0.5623935774040483,November-December 2022
33,TimeXer imputation adaptation,2022-12-24T00:00:00+00:00,59,6,-0.5,-0.3535258237880407,November-December 2022
33,TimeXer imputation adaptation,2022-12-23T14:00:00+00:00,1069,1,6.0,2.4148792115698905,November-December 2022
33,TimeXer imputation adaptation,2022-12-24T10:00:00+00:00,32,6,6.0,10.589592784131534,November-December 2022
33,TimeXer imputation adaptation,2022-12-24T11:00:00+00:00,32,6,3.0,10.2696449084089,November-December 2022
33,TimeXer imputation adaptation,2022-12-24T12:00:00+00:00,32,6,4.0,8.515227182380496,November-December 2022
33,TimeXer imputation adaptation,2022-12-24T13:00:00+00:00,32,6,1.0,11.234742564644606,November-December 2022
33,TimeXer imputation adaptation,2022-12-24T14:00:00+00:00,32,6,3.0,10.735103100296543,November-December 2022
33,TimeXer imputation adaptation,2022-12-24T15:00:00+00:00,32,6,1.0,7.679216022493179,November-December 2022
33,TimeXer imputation adaptation,2022-12-24T11:00:00+00:00,59,1,2.1,1.7763793709484077,November-December 2022
33,TimeXer imputation adaptation,2022-12-25T00:00:00+00:00,1069,1,-2.0,7.385911630490573,November-December 2022
33,TimeXer imputation adaptation,2022-12-25T09:00:00+00:00,32,3,34.0,16.98102061372157,November-December 2022
33,TimeXer imputation adaptation,2022-12-25T10:00:00+00:00,32,3,19.0,18.379537408522207,November-December 2022
33,TimeXer imputation adaptation,2022-12-25T11:00:00+00:00,32,3,21.0,16.431380662468406,November-December 2022
33,TimeXer imputation adaptation,2022-12-25T20:00:00+00:00,59,1,2.4,4.138465510579749,November-December 2022
33,TimeXer imputation adaptation,2022-12-25T15:00:00+00:00,1069,6,19.0,20.812138441960748,November-December 2022
33,TimeXer imputation adaptation,2022-12-25T16:00:00+00:00,1069,6,10.0,15.532530272888769,November-December 2022
33,TimeXer imputation adaptation,2022-12-25T17:00:00+00:00,1069,6,10.0,13.62521203566731,November-December 2022
33,TimeXer imputation adaptation,2022-12-25T18:00:00+00:00,1069,6,7.0,12.942881105497769,November-December 2022
33,TimeXer imputation adaptation,2022-12-25T19:00:00+00:00,1069,6,4.0,13.03878757501478,November-December 2022
33,TimeXer imputation adaptation,2022-12-25T20:00:00+00:00,1069,6,3.0,8.470668070073094,November-December 2022
33,TimeXer imputation adaptation,2022-12-26T13:00:00+00:00,32,1,5.0,10.491827424636991,November-December 2022
33,TimeXer imputation adaptation,2022-12-26T23:00:00+00:00,59,3,1.9,1.9787610358516876,November-December 2022
33,TimeXer imputation adaptation,2022-12-27T00:00:00+00:00,59,3,-0.8,0.8863618134378735,November-December 2022
33,TimeXer imputation adaptation,2022-12-27T01:00:00+00:00,59,3,1.7,2.9843615781354824,November-December 2022
33,TimeXer imputation adaptation,2022-12-26T18:00:00+00:00,1069,6,12.0,13.942211986398608,November-December 2022
33,TimeXer imputation adaptation,2022-12-26T19:00:00+00:00,1069,6,7.0,13.61489896609014,November-December 2022
33,TimeXer imputation adaptation,2022-12-26T20:00:00+00:00,1069,6,5.0,9.56976576942868,November-December 2022
33,TimeXer imputation adaptation,2022-12-26T21:00:00+00:00,1069,6,1.0,8.244259279866826,November-December 2022
33,TimeXer imputation adaptation,2022-12-26T22:00:00+00:00,1069,6,4.0,6.650600186676832,November-December 2022
33,TimeXer imputation adaptation,2022-12-26T23:00:00+00:00,1069,6,3.0,4.314499720787944,November-December 2022
33,TimeXer imputation adaptation,2022-12-27T21:00:00+00:00,32,6,0.0,4.778274584701862,November-December 2022
33,TimeXer imputation adaptation,2022-12-27T22:00:00+00:00,32,6,1.0,5.445805036398042,November-December 2022
33,TimeXer imputation adaptation,2022-12-27T23:00:00+00:00,32,6,0.0,3.988261231287456,November-December 2022
33,TimeXer imputation adaptation,2022-12-28T00:00:00+00:00,32,6,2.0,3.2611800854328186,November-December 2022
33,TimeXer imputation adaptation,2022-12-28T01:00:00+00:00,32,6,12.0,3.663472424584888,November-December 2022
33,TimeXer imputation adaptation,2022-12-28T02:00:00+00:00,32,6,7.0,6.643051973283727,November-December 2022
33,TimeXer imputation adaptation,2022-12-27T13:00:00+00:00,59,1,2.0,0.5650596322103754,November-December 2022
33,TimeXer imputation adaptation,2022-12-27T21:00:00+00:00,1069,3,-2.0,3.6283707021233687,November-December 2022
33,TimeXer imputation adaptation,2022-12-27T22:00:00+00:00,1069,3,0.0,2.961856342281832,November-December 2022
33,TimeXer imputation adaptation,2022-12-27T23:00:00+00:00,1069,3,-3.0,-0.8528458179355844,November-December 2022
33,TimeXer imputation adaptation,2022-12-28T17:00:00+00:00,32,3,8.0,8.58085107880053,November-December 2022
33,TimeXer imputation adaptation,2022-12-28T18:00:00+00:00,32,3,7.0,7.0182133801144175,November-December 2022
33,TimeXer imputation adaptation,2022-12-28T19:00:00+00:00,32,3,5.0,7.817456923410381,November-December 2022
33,TimeXer imputation adaptation,2022-12-28T21:00:00+00:00,59,3,4.8,3.6186533534467817,November-December 2022
33,TimeXer imputation adaptation,2022-12-28T22:00:00+00:00,59,3,3.7,4.8997572193464975,November-December 2022
33,TimeXer imputation adaptation,2022-12-28T23:00:00+00:00,59,3,2.1,3.4715642232311907,November-December 2022
33,TimeXer imputation adaptation,2022-12-28T23:00:00+00:00,1069,1,1.0,0.3580984346998992,November-December 2022
33,TimeXer imputation adaptation,2022-12-29T14:00:00+00:00,32,1,13.0,11.661007381009304,November-December 2022
33,TimeXer imputation adaptation,2022-12-29T20:00:00+00:00,59,1,10.9,9.87371001698571,November-December 2022
33,TimeXer imputation adaptation,2022-12-30T00:00:00+00:00,1069,3,4.0,4.840891413346924,November-December 2022
33,TimeXer imputation adaptation,2022-12-30T01:00:00+00:00,1069,3,10.0,6.819691892436023,November-December 2022
33,TimeXer imputation adaptation,2022-12-30T02:00:00+00:00,1069,3,10.0,9.419633174433187,November-December 2022
33,TimeXer imputation adaptation,2022-12-30T09:00:00+00:00,32,1,2.0,3.2585859845755456,November-December 2022
33,TimeXer imputation adaptation,2022-12-31T01:00:00+00:00,59,3,7.2,2.597044851614471,November-December 2022
33,TimeXer imputation adaptation,2022-12-31T02:00:00+00:00,59,3,6.0,4.150315271572655,November-December 2022
33,TimeXer imputation adaptation,2022-12-31T03:00:00+00:00,59,3,7.2,3.7977164931166425,November-December 2022
33,TimeXer imputation adaptation,2022-12-30T11:00:00+00:00,1069,6,9.0,6.673420553083739,November-December 2022
33,TimeXer imputation adaptation,2022-12-30T12:00:00+00:00,1069,6,9.0,6.780084579351398,November-December 2022
33,TimeXer imputation adaptation,2022-12-30T13:00:00+00:00,1069,6,8.0,5.9147006939892055,November-December 2022
33,TimeXer imputation adaptation,2022-12-30T14:00:00+00:00,1069,6,6.0,8.043278037291945,November-December 2022
33,TimeXer imputation adaptation,2022-12-30T15:00:00+00:00,1069,6,13.0,8.04287918762744,November-December 2022
33,TimeXer imputation adaptation,2022-12-30T16:00:00+00:00,1069,6,7.0,7.846437718627175,November-December 2022
33,TimeXer imputation adaptation,2022-12-31T19:00:00+00:00,32,6,4.0,18.507577061276702,November-December 2022
33,TimeXer imputation adaptation,2022-12-31T20:00:00+00:00,32,6,2.0,16.481152011484628,November-December 2022
33,TimeXer imputation adaptation,2022-12-31T21:00:00+00:00,32,6,1.0,17.594636366688977,November-December 2022
33,TimeXer imputation adaptation,2022-12-31T22:00:00+00:00,32,6,2.0,19.247513408728885,November-December 2022
33,TimeXer imputation adaptation,2022-12-31T23:00:00+00:00,32,6,3.0,27.214187076386608,November-December 2022
33,TimeXer imputation adaptation,2023-01-01T00:00:00+00:00,32,6,3.0,18.299631387320133,November-December 2022
33,TimeXer imputation adaptation,2022-12-31T10:00:00+00:00,59,6,10.8,5.412690670613397,November-December 2022
33,TimeXer imputation adaptation,2022-12-31T11:00:00+00:00,59,6,7.0,7.1255714409315765,November-December 2022
33,TimeXer imputation adaptation,2022-12-31T12:00:00+00:00,59,6,4.2,5.230483736241172,November-December 2022
33,TimeXer imputation adaptation,2022-12-31T13:00:00+00:00,59,6,5.6,4.051983057754215,November-December 2022
33,TimeXer imputation adaptation,2022-12-31T14:00:00+00:00,59,6,10.3,5.250423201277624,November-December 2022
33,TimeXer imputation adaptation,2022-12-31T15:00:00+00:00,59,6,3.5,5.984937505794359,November-December 2022
33,TimeXer imputation adaptation,2022-12-31T23:00:00+00:00,1069,6,-1.0,6.472428127807984,November-December 2022
33,TimeXer imputation adaptation,2023-01-01T00:00:00+00:00,1069,6,4.0,3.714960672126683,November-December 2022
33,TimeXer imputation adaptation,2023-01-01T01:00:00+00:00,1069,6,54.0,5.819785958773124,November-December 2022
33,TimeXer imputation adaptation,2023-01-01T02:00:00+00:00,1069,6,59.0,10.459101791122269,November-December 2022
33,TimeXer imputation adaptation,2023-01-01T03:00:00+00:00,1069,6,40.0,9.391165644829982,November-December 2022
33,TimeXer imputation adaptation,2023-01-01T04:00:00+00:00,1069,6,30.0,10.663752974484868,November-December 2022
